ID,fault,strike,dip,nx,ny,nz
1425,EW1,90.0,90.0,0.0,1.0,0.0
1426,EW1,90.0,90.0,0.0,1.0,0.0
1427,EW1,90.0,90.0,0.0,1.0,0.0
1428,EW1,90.0,90.0,0.0,1.0,0.0
1429,EW1,90.0,90.0,0.0,1.0,0.0
1430,EW1,90.0,90.0,0.0,1.0,0.0
1431,EW1,90.0,90.0,0.0,1.0,0.0
1432,EW1,90.0,90.0,0.0,1.0,0.0
1433,EW1,90.0,90.0,0.0,1.0,0.0
1434,EW1,90.0,90.0,0.0,1.0,0.0
1435,EW1,90.0,90.0,0.0,1.0,0.0
1436,EW1,90.0,90.0,0.0,1.0,0.0
1437,EW1,90.0,90.0,0.0,1.0,0.0
1438,EW1,90.0,90.0,0.0,1.0,0.0
1439,EW1,90.0,90.0,0.0,1.0,0.0
1440,EW1,90.0,90.0,0.0,1.0,0.0
1441,EW1,90.0,90.0,0.0,1.0,0.0
1442,EW1,90.0,90.0,0.0,1.0,0.0
1443,EW1,90.0,90.0,0.0,1.0,0.0
1444,EW1,90.0,90.0,0.0,1.0,0.0
1445,EW1,90.0,90.0,0.0,1.0,0.0
1446,EW1,90.0,90.0,0.0,1.0,0.0
1447,EW1,90.0,90.0,0.0,1.0,0.0
1448,EW1,90.0,90.0,0.0,1.0,0.0
1449,EW1,90.0,90.0,0.0,1.0,0.0
1450,EW1,90.0,90.0,0.0,1.0,0.0
1451,EW1,90.0,90.0,0.0,1.0,0.0
1452,EW1,90.0,90.0,0.0,1.0,0.0
1453,EW1,90.0,90.0,0.0,1.0,0.0
1454,EW1,90.0,90.0,0.0,1.0,0.0
1455,EW1,90.0,90.0,0.0,1.0,0.0
1456,EW1,90.0,90.0,0.0,1.0,0.0
1457,EW1,90.0,90.0,0.0,1.0,0.0
1458,EW1,90.0,90.0,0.0,1.0,0.0
1459,EW1,90.0,90.0,0.0,1.0,0.0
1460,EW1,90.0,90.0,0.0,1.0,0.0
1461,EW1,90.0,90.0,0.0,1.0,0.0
1462,EW1,90.0,90.0,0.0,1.0,0.0
1463,EW1,90.0,90.0,0.0,1.0,0.0
1464,EW1,90.0,90.0,0.0,1.0,0.0
1465,EW1,90.0,90.0,0.0,1.0,0.0
1466,EW1,90.0,90.0,0.0,1.0,0.0
1467,EW1,90.0,90.0,0.0,1.0,0.0
1468,EW1,90.0,90.0,0.0,1.0,0.0
1469,EW1,90.0,90.0,0.0,1.0,0.0
1470,EW1,90.0,90.0,0.0,1.0,0.0
1471,EW1,90.0,90.0,0.0,1.0,0.0
1472,EW1,90.0,90.0,0.0,1.0,0.0
1473,EW1,90.0,90.0,0.0,1.0,0.0
1474,EW1,90.0,90.0,0.0,1.0,0.0
1475,EW1,90.0,90.0,0.0,1.0,0.0
1476,EW1,90.0,90.0,0.0,1.0,0.0
1477,EW1,90.0,90.0,0.0,1.0,0.0
1478,EW1,90.0,90.0,0.0,1.0,0.0
1479,EW1,90.0,90.0,0.0,1.0,0.0
1480,EW1,90.0,90.0,0.0,1.0,0.0
1481,EW1,90.0,90.0,0.0,1.0,0.0
1482,EW1,90.0,90.0,0.0,1.0,0.0
1483,EW1,90.0,90.0,0.0,1.0,0.0
1484,EW1,90.0,90.0,0.0,1.0,0.0
1485,EW1,90.0,90.0,0.0,1.0,0.0
1486,EW1,90.0,90.0,0.0,1.0,0.0
1487,EW1,90.0,90.0,0.0,1.0,0.0
1488,EW1,90.0,90.0,0.0,1.0,0.0
1489,EW1,90.0,90.0,0.0,1.0,0.0
1490,EW1,90.0,90.0,0.0,1.0,0.0
1491,EW1,90.0,90.0,0.0,1.0,0.0
1492,EW1,90.0,90.0,0.0,1.0,0.0
1493,EW1,90.0,90.0,0.0,1.0,0.0
1494,EW1,90.0,90.0,0.0,1.0,0.0
1495,EW1,90.0,90.0,0.0,1.0,0.0
1496,EW1,90.0,90.0,0.0,1.0,0.0
1497,EW1,90.0,90.0,0.0,1.0,0.0
1498,EW1,90.0,90.0,0.0,1.0,0.0
1499,EW1,90.0,90.0,0.0,1.0,0.0
1500,EW1,90.0,90.0,0.0,1.0,0.0
1501,EW1,90.0,90.0,0.0,1.0,0.0
1502,EW1,90.0,90.0,0.0,1.0,0.0
1503,EW1,90.0,90.0,0.0,1.0,0.0
1504,EW1,90.0,90.0,0.0,1.0,0.0
1505,EW1,90.0,90.0,0.0,1.0,0.0
1506,EW1,90.0,90.0,0.0,1.0,0.0
1507,EW1,90.0,90.0,0.0,1.0,0.0
1508,EW1,90.0,90.0,0.0,1.0,0.0
1509,EW1,90.0,90.0,0.0,1.0,0.0
1510,EW1,90.0,90.0,0.0,1.0,0.0
1511,EW1,90.0,90.0,0.0,1.0,0.0
1512,EW1,90.0,90.0,0.0,1.0,0.0
1513,EW1,90.0,90.0,0.0,1.0,0.0
1514,EW1,90.0,90.0,0.0,1.0,0.0
1515,EW1,90.0,90.0,0.0,1.0,0.0
1516,EW1,90.0,90.0,0.0,1.0,0.0
1517,EW1,90.0,90.0,0.0,1.0,0.0
1518,EW1,90.0,90.0,0.0,1.0,0.0
1519,EW1,90.0,90.0,0.0,1.0,0.0
9025,EW1,90.0,90.0,0.0,1.0,0.0
9026,EW1,90.0,90.0,0.0,1.0,0.0
9027,EW1,90.0,90.0,0.0,1.0,0.0
9028,EW1,90.0,90.0,0.0,1.0,0.0
9029,EW1,90.0,90.0,0.0,1.0,0.0
9030,EW1,90.0,90.0,0.0,1.0,0.0
9031,EW1,90.0,90.0,0.0,1.0,0.0
9032,EW1,90.0,90.0,0.0,1.0,0.0
9033,EW1,90.0,90.0,0.0,1.0,0.0
9034,EW1,90.0,90.0,0.0,1.0,0.0
9035,EW1,90.0,90.0,0.0,1.0,0.0
9036,EW1,90.0,90.0,0.0,1.0,0.0
9037,EW1,90.0,90.0,0.0,1.0,0.0
9038,EW1,90.0,90.0,0.0,1.0,0.0
9039,EW1,90.0,90.0,0.0,1.0,0.0
9040,EW1,90.0,90.0,0.0,1.0,0.0
9041,EW1,90.0,90.0,0.0,1.0,0.0
9042,EW1,90.0,90.0,0.0,1.0,0.0
9043,EW1,90.0,90.0,0.0,1.0,0.0
9044,EW1,90.0,90.0,0.0,1.0,0.0
9045,EW1,90.0,90.0,0.0,1.0,0.0
9046,EW1,90.0,90.0,0.0,1.0,0.0
9047,EW1,90.0,90.0,0.0,1.0,0.0
9048,EW1,90.0,90.0,0.0,1.0,0.0
9049,EW1,90.0,90.0,0.0,1.0,0.0
9050,EW1,90.0,90.0,0.0,1.0,0.0
9051,EW1,90.0,90.0,0.0,1.0,0.0
9052,EW1,90.0,90.0,0.0,1.0,0.0
9053,EW1,90.0,90.0,0.0,1.0,0.0
9054,EW1,90.0,90.0,0.0,1.0,0.0
9055,EW1,90.0,90.0,0.0,1.0,0.0
9056,EW1,90.0,90.0,0.0,1.0,0.0
9057,EW1,90.0,90.0,0.0,1.0,0.0
9058,EW1,90.0,90.0,0.0,1.0,0.0
9059,EW1,90.0,90.0,0.0,1.0,0.0
9060,EW1,90.0,90.0,0.0,1.0,0.0
9061,EW1,90.0,90.0,0.0,1.0,0.0
9062,EW1,90.0,90.0,0.0,1.0,0.0
9063,EW1,90.0,90.0,0.0,1.0,0.0
9064,EW1,90.0,90.0,0.0,1.0,0.0
9065,EW1,90.0,90.0,0.0,1.0,0.0
9066,EW1,90.0,90.0,0.0,1.0,0.0
9067,EW1,90.0,90.0,0.0,1.0,0.0
9068,EW1,90.0,90.0,0.0,1.0,0.0
9069,EW1,90.0,90.0,0.0,1.0,0.0
9070,EW1,90.0,90.0,0.0,1.0,0.0
9071,EW1,90.0,90.0,0.0,1.0,0.0
9072,EW1,90.0,90.0,0.0,1.0,0.0
9073,EW1,90.0,90.0,0.0,1.0,0.0
9074,EW1,90.0,90.0,0.0,1.0,0.0
9075,EW1,90.0,90.0,0.0,1.0,0.0
9076,EW1,90.0,90.0,0.0,1.0,0.0
9077,EW1,90.0,90.0,0.0,1.0,0.0
9078,EW1,90.0,90.0,0.0,1.0,0.0
9079,EW1,90.0,90.0,0.0,1.0,0.0
9080,EW1,90.0,90.0,0.0,1.0,0.0
9081,EW1,90.0,90.0,0.0,1.0,0.0
9082,EW1,90.0,90.0,0.0,1.0,0.0
9083,EW1,90.0,90.0,0.0,1.0,0.0
9084,EW1,90.0,90.0,0.0,1.0,0.0
9085,EW1,90.0,90.0,0.0,1.0,0.0
9086,EW1,90.0,90.0,0.0,1.0,0.0
9087,EW1,90.0,90.0,0.0,1.0,0.0
9088,EW1,90.0,90.0,0.0,1.0,0.0
9089,EW1,90.0,90.0,0.0,1.0,0.0
9090,EW1,90.0,90.0,0.0,1.0,0.0
9091,EW1,90.0,90.0,0.0,1.0,0.0
9092,EW1,90.0,90.0,0.0,1.0,0.0
9093,EW1,90.0,90.0,0.0,1.0,0.0
9094,EW1,90.0,90.0,0.0,1.0,0.0
9095,EW1,90.0,90.0,0.0,1.0,0.0
9096,EW1,90.0,90.0,0.0,1.0,0.0
9097,EW1,90.0,90.0,0.0,1.0,0.0
9098,EW1,90.0,90.0,0.0,1.0,0.0
9099,EW1,90.0,90.0,0.0,1.0,0.0
9100,EW1,90.0,90.0,0.0,1.0,0.0
9101,EW1,90.0,90.0,0.0,1.0,0.0
9102,EW1,90.0,90.0,0.0,1.0,0.0
9103,EW1,90.0,90.0,0.0,1.0,0.0
9104,EW1,90.0,90.0,0.0,1.0,0.0
9105,EW1,90.0,90.0,0.0,1.0,0.0
9106,EW1,90.0,90.0,0.0,1.0,0.0
9107,EW1,90.0,90.0,0.0,1.0,0.0
9108,EW1,90.0,90.0,0.0,1.0,0.0
9109,EW1,90.0,90.0,0.0,1.0,0.0
9110,EW1,90.0,90.0,0.0,1.0,0.0
9111,EW1,90.0,90.0,0.0,1.0,0.0
9112,EW1,90.0,90.0,0.0,1.0,0.0
9113,EW1,90.0,90.0,0.0,1.0,0.0
9114,EW1,90.0,90.0,0.0,1.0,0.0
9115,EW1,90.0,90.0,0.0,1.0,0.0
9116,EW1,90.0,90.0,0.0,1.0,0.0
9117,EW1,90.0,90.0,0.0,1.0,0.0
9118,EW1,90.0,90.0,0.0,1.0,0.0
9119,EW1,90.0,90.0,0.0,1.0,0.0
16625,EW1,90.0,90.0,0.0,1.0,0.0
16626,EW1,90.0,90.0,0.0,1.0,0.0
16627,EW1,90.0,90.0,0.0,1.0,0.0
16628,EW1,90.0,90.0,0.0,1.0,0.0
16629,EW1,90.0,90.0,0.0,1.0,0.0
16630,EW1,90.0,90.0,0.0,1.0,0.0
16631,EW1,90.0,90.0,0.0,1.0,0.0
16632,EW1,90.0,90.0,0.0,1.0,0.0
16633,EW1,90.0,90.0,0.0,1.0,0.0
16634,EW1,90.0,90.0,0.0,1.0,0.0
16635,EW1,90.0,90.0,0.0,1.0,0.0
16636,EW1,90.0,90.0,0.0,1.0,0.0
16637,EW1,90.0,90.0,0.0,1.0,0.0
16638,EW1,90.0,90.0,0.0,1.0,0.0
16639,EW1,90.0,90.0,0.0,1.0,0.0
16640,EW1,90.0,90.0,0.0,1.0,0.0
16641,EW1,90.0,90.0,0.0,1.0,0.0
16642,EW1,90.0,90.0,0.0,1.0,0.0
16643,EW1,90.0,90.0,0.0,1.0,0.0
16644,EW1,90.0,90.0,0.0,1.0,0.0
16645,EW1,90.0,90.0,0.0,1.0,0.0
16646,EW1,90.0,90.0,0.0,1.0,0.0
16647,EW1,90.0,90.0,0.0,1.0,0.0
16648,EW1,90.0,90.0,0.0,1.0,0.0
16649,EW1,90.0,90.0,0.0,1.0,0.0
16650,EW1,90.0,90.0,0.0,1.0,0.0
16651,EW1,90.0,90.0,0.0,1.0,0.0
16652,EW1,90.0,90.0,0.0,1.0,0.0
16653,EW1,90.0,90.0,0.0,1.0,0.0
16654,EW1,90.0,90.0,0.0,1.0,0.0
16655,EW1,90.0,90.0,0.0,1.0,0.0
16656,EW1,90.0,90.0,0.0,1.0,0.0
16657,EW1,90.0,90.0,0.0,1.0,0.0
16658,EW1,90.0,90.0,0.0,1.0,0.0
16659,EW1,90.0,90.0,0.0,1.0,0.0
16660,EW1,90.0,90.0,0.0,1.0,0.0
16661,EW1,90.0,90.0,0.0,1.0,0.0
16662,EW1,90.0,90.0,0.0,1.0,0.0
16663,EW1,90.0,90.0,0.0,1.0,0.0
16664,EW1,90.0,90.0,0.0,1.0,0.0
16665,EW1,90.0,90.0,0.0,1.0,0.0
16666,EW1,90.0,90.0,0.0,1.0,0.0
16667,EW1,90.0,90.0,0.0,1.0,0.0
16668,EW1,90.0,90.0,0.0,1.0,0.0
16669,EW1,90.0,90.0,0.0,1.0,0.0
16670,EW1,90.0,90.0,0.0,1.0,0.0
16671,EW1,90.0,90.0,0.0,1.0,0.0
16672,EW1,90.0,90.0,0.0,1.0,0.0
16673,EW1,90.0,90.0,0.0,1.0,0.0
16674,EW1,90.0,90.0,0.0,1.0,0.0
16675,EW1,90.0,90.0,0.0,1.0,0.0
16676,EW1,90.0,90.0,0.0,1.0,0.0
16677,EW1,90.0,90.0,0.0,1.0,0.0
16678,EW1,90.0,90.0,0.0,1.0,0.0
16679,EW1,90.0,90.0,0.0,1.0,0.0
16680,EW1,90.0,90.0,0.0,1.0,0.0
16681,EW1,90.0,90.0,0.0,1.0,0.0
16682,EW1,90.0,90.0,0.0,1.0,0.0
16683,EW1,90.0,90.0,0.0,1.0,0.0
16684,EW1,90.0,90.0,0.0,1.0,0.0
16685,EW1,90.0,90.0,0.0,1.0,0.0
16686,EW1,90.0,90.0,0.0,1.0,0.0
16687,EW1,90.0,90.0,0.0,1.0,0.0
16688,EW1,90.0,90.0,0.0,1.0,0.0
16689,EW1,90.0,90.0,0.0,1.0,0.0
16690,EW1,90.0,90.0,0.0,1.0,0.0
16691,EW1,90.0,90.0,0.0,1.0,0.0
16692,EW1,90.0,90.0,0.0,1.0,0.0
16693,EW1,90.0,90.0,0.0,1.0,0.0
16694,EW1,90.0,90.0,0.0,1.0,0.0
16695,EW1,90.0,90.0,0.0,1.0,0.0
16696,EW1,90.0,90.0,0.0,1.0,0.0
16697,EW1,90.0,90.0,0.0,1.0,0.0
16698,EW1,90.0,90.0,0.0,1.0,0.0
16699,EW1,90.0,90.0,0.0,1.0,0.0
16700,EW1,90.0,90.0,0.0,1.0,0.0
16701,EW1,90.0,90.0,0.0,1.0,0.0
16702,EW1,90.0,90.0,0.0,1.0,0.0
16703,EW1,90.0,90.0,0.0,1.0,0.0
16704,EW1,90.0,90.0,0.0,1.0,0.0
16705,EW1,90.0,90.0,0.0,1.0,0.0
16706,EW1,90.0,90.0,0.0,1.0,0.0
16707,EW1,90.0,90.0,0.0,1.0,0.0
16708,EW1,90.0,90.0,0.0,1.0,0.0
16709,EW1,90.0,90.0,0.0,1.0,0.0
16710,EW1,90.0,90.0,0.0,1.0,0.0
16711,EW1,90.0,90.0,0.0,1.0,0.0
16712,EW1,90.0,90.0,0.0,1.0,0.0
16713,EW1,90.0,90.0,0.0,1.0,0.0
16714,EW1,90.0,90.0,0.0,1.0,0.0
16715,EW1,90.0,90.0,0.0,1.0,0.0
16716,EW1,90.0,90.0,0.0,1.0,0.0
16717,EW1,90.0,90.0,0.0,1.0,0.0
16718,EW1,90.0,90.0,0.0,1.0,0.0
16719,EW1,90.0,90.0,0.0,1.0,0.0
24225,EW1,90.0,90.0,0.0,1.0,0.0
24226,EW1,90.0,90.0,0.0,1.0,0.0
24227,EW1,90.0,90.0,0.0,1.0,0.0
24228,EW1,90.0,90.0,0.0,1.0,0.0
24229,EW1,90.0,90.0,0.0,1.0,0.0
24230,EW1,90.0,90.0,0.0,1.0,0.0
24231,EW1,90.0,90.0,0.0,1.0,0.0
24232,EW1,90.0,90.0,0.0,1.0,0.0
24233,EW1,90.0,90.0,0.0,1.0,0.0
24234,EW1,90.0,90.0,0.0,1.0,0.0
24235,EW1,90.0,90.0,0.0,1.0,0.0
24236,EW1,90.0,90.0,0.0,1.0,0.0
24237,EW1,90.0,90.0,0.0,1.0,0.0
24238,EW1,90.0,90.0,0.0,1.0,0.0
24239,EW1,90.0,90.0,0.0,1.0,0.0
24240,EW1,90.0,90.0,0.0,1.0,0.0
24241,EW1,90.0,90.0,0.0,1.0,0.0
24242,EW1,90.0,90.0,0.0,1.0,0.0
24243,EW1,90.0,90.0,0.0,1.0,0.0
24244,EW1,90.0,90.0,0.0,1.0,0.0
24245,EW1,90.0,90.0,0.0,1.0,0.0
24246,EW1,90.0,90.0,0.0,1.0,0.0
24247,EW1,90.0,90.0,0.0,1.0,0.0
24248,EW1,90.0,90.0,0.0,1.0,0.0
24249,EW1,90.0,90.0,0.0,1.0,0.0
24250,EW1,90.0,90.0,0.0,1.0,0.0
24251,EW1,90.0,90.0,0.0,1.0,0.0
24252,EW1,90.0,90.0,0.0,1.0,0.0
24253,EW1,90.0,90.0,0.0,1.0,0.0
24254,EW1,90.0,90.0,0.0,1.0,0.0
24255,EW1,90.0,90.0,0.0,1.0,0.0
24256,EW1,90.0,90.0,0.0,1.0,0.0
24257,EW1,90.0,90.0,0.0,1.0,0.0
24258,EW1,90.0,90.0,0.0,1.0,0.0
24259,EW1,90.0,90.0,0.0,1.0,0.0
24260,EW1,90.0,90.0,0.0,1.0,0.0
24261,EW1,90.0,90.0,0.0,1.0,0.0
24262,EW1,90.0,90.0,0.0,1.0,0.0
24263,EW1,90.0,90.0,0.0,1.0,0.0
24264,EW1,90.0,90.0,0.0,1.0,0.0
24265,EW1,90.0,90.0,0.0,1.0,0.0
24266,EW1,90.0,90.0,0.0,1.0,0.0
24267,EW1,90.0,90.0,0.0,1.0,0.0
24268,EW1,90.0,90.0,0.0,1.0,0.0
24269,EW1,90.0,90.0,0.0,1.0,0.0
24270,EW1,90.0,90.0,0.0,1.0,0.0
24271,EW1,90.0,90.0,0.0,1.0,0.0
24272,EW1,90.0,90.0,0.0,1.0,0.0
24273,EW1,90.0,90.0,0.0,1.0,0.0
24274,EW1,90.0,90.0,0.0,1.0,0.0
24275,EW1,90.0,90.0,0.0,1.0,0.0
24276,EW1,90.0,90.0,0.0,1.0,0.0
24277,EW1,90.0,90.0,0.0,1.0,0.0
24278,EW1,90.0,90.0,0.0,1.0,0.0
24279,EW1,90.0,90.0,0.0,1.0,0.0
24280,EW1,90.0,90.0,0.0,1.0,0.0
24281,EW1,90.0,90.0,0.0,1.0,0.0
24282,EW1,90.0,90.0,0.0,1.0,0.0
24283,EW1,90.0,90.0,0.0,1.0,0.0
24284,EW1,90.0,90.0,0.0,1.0,0.0
24285,EW1,90.0,90.0,0.0,1.0,0.0
24286,EW1,90.0,90.0,0.0,1.0,0.0
24287,EW1,90.0,90.0,0.0,1.0,0.0
24288,EW1,90.0,90.0,0.0,1.0,0.0
24289,EW1,90.0,90.0,0.0,1.0,0.0
24290,EW1,90.0,90.0,0.0,1.0,0.0
24291,EW1,90.0,90.0,0.0,1.0,0.0
24292,EW1,90.0,90.0,0.0,1.0,0.0
24293,EW1,90.0,90.0,0.0,1.0,0.0
24294,EW1,90.0,90.0,0.0,1.0,0.0
24295,EW1,90.0,90.0,0.0,1.0,0.0
24296,EW1,90.0,90.0,0.0,1.0,0.0
24297,EW1,90.0,90.0,0.0,1.0,0.0
24298,EW1,90.0,90.0,0.0,1.0,0.0
24299,EW1,90.0,90.0,0.0,1.0,0.0
24300,EW1,90.0,90.0,0.0,1.0,0.0
24301,EW1,90.0,90.0,0.0,1.0,0.0
24302,EW1,90.0,90.0,0.0,1.0,0.0
24303,EW1,90.0,90.0,0.0,1.0,0.0
24304,EW1,90.0,90.0,0.0,1.0,0.0
24305,EW1,90.0,90.0,0.0,1.0,0.0
24306,EW1,90.0,90.0,0.0,1.0,0.0
24307,EW1,90.0,90.0,0.0,1.0,0.0
24308,EW1,90.0,90.0,0.0,1.0,0.0
24309,EW1,90.0,90.0,0.0,1.0,0.0
24310,EW1,90.0,90.0,0.0,1.0,0.0
24311,EW1,90.0,90.0,0.0,1.0,0.0
24312,EW1,90.0,90.0,0.0,1.0,0.0
24313,EW1,90.0,90.0,0.0,1.0,0.0
24314,EW1,90.0,90.0,0.0,1.0,0.0
24315,EW1,90.0,90.0,0.0,1.0,0.0
24316,EW1,90.0,90.0,0.0,1.0,0.0
24317,EW1,90.0,90.0,0.0,1.0,0.0
24318,EW1,90.0,90.0,0.0,1.0,0.0
24319,EW1,90.0,90.0,0.0,1.0,0.0
31825,EW1,90.0,90.0,0.0,1.0,0.0
31826,EW1,90.0,90.0,0.0,1.0,0.0
31827,EW1,90.0,90.0,0.0,1.0,0.0
31828,EW1,90.0,90.0,0.0,1.0,0.0
31829,EW1,90.0,90.0,0.0,1.0,0.0
31830,EW1,90.0,90.0,0.0,1.0,0.0
31831,EW1,90.0,90.0,0.0,1.0,0.0
31832,EW1,90.0,90.0,0.0,1.0,0.0
31833,EW1,90.0,90.0,0.0,1.0,0.0
31834,EW1,90.0,90.0,0.0,1.0,0.0
31835,EW1,90.0,90.0,0.0,1.0,0.0
31836,EW1,90.0,90.0,0.0,1.0,0.0
31837,EW1,90.0,90.0,0.0,1.0,0.0
31838,EW1,90.0,90.0,0.0,1.0,0.0
31839,EW1,90.0,90.0,0.0,1.0,0.0
31840,EW1,90.0,90.0,0.0,1.0,0.0
31841,EW1,90.0,90.0,0.0,1.0,0.0
31842,EW1,90.0,90.0,0.0,1.0,0.0
31843,EW1,90.0,90.0,0.0,1.0,0.0
31844,EW1,90.0,90.0,0.0,1.0,0.0
31845,EW1,90.0,90.0,0.0,1.0,0.0
31846,EW1,90.0,90.0,0.0,1.0,0.0
31847,EW1,90.0,90.0,0.0,1.0,0.0
31848,EW1,90.0,90.0,0.0,1.0,0.0
31849,EW1,90.0,90.0,0.0,1.0,0.0
31850,EW1,90.0,90.0,0.0,1.0,0.0
31851,EW1,90.0,90.0,0.0,1.0,0.0
31852,EW1,90.0,90.0,0.0,1.0,0.0
31853,EW1,90.0,90.0,0.0,1.0,0.0
31854,EW1,90.0,90.0,0.0,1.0,0.0
31855,EW1,90.0,90.0,0.0,1.0,0.0
31856,EW1,90.0,90.0,0.0,1.0,0.0
31857,EW1,90.0,90.0,0.0,1.0,0.0
31858,EW1,90.0,90.0,0.0,1.0,0.0
31859,EW1,90.0,90.0,0.0,1.0,0.0
31860,EW1,90.0,90.0,0.0,1.0,0.0
31861,EW1,90.0,90.0,0.0,1.0,0.0
31862,EW1,90.0,90.0,0.0,1.0,0.0
31863,EW1,90.0,90.0,0.0,1.0,0.0
31864,EW1,90.0,90.0,0.0,1.0,0.0
31865,EW1,90.0,90.0,0.0,1.0,0.0
31866,EW1,90.0,90.0,0.0,1.0,0.0
31867,EW1,90.0,90.0,0.0,1.0,0.0
31868,EW1,90.0,90.0,0.0,1.0,0.0
31869,EW1,90.0,90.0,0.0,1.0,0.0
31870,EW1,90.0,90.0,0.0,1.0,0.0
31871,EW1,90.0,90.0,0.0,1.0,0.0
31872,EW1,90.0,90.0,0.0,1.0,0.0
31873,EW1,90.0,90.0,0.0,1.0,0.0
31874,EW1,90.0,90.0,0.0,1.0,0.0
31875,EW1,90.0,90.0,0.0,1.0,0.0
31876,EW1,90.0,90.0,0.0,1.0,0.0
31877,EW1,90.0,90.0,0.0,1.0,0.0
31878,EW1,90.0,90.0,0.0,1.0,0.0
31879,EW1,90.0,90.0,0.0,1.0,0.0
31880,EW1,90.0,90.0,0.0,1.0,0.0
31881,EW1,90.0,90.0,0.0,1.0,0.0
31882,EW1,90.0,90.0,0.0,1.0,0.0
31883,EW1,90.0,90.0,0.0,1.0,0.0
31884,EW1,90.0,90.0,0.0,1.0,0.0
31885,EW1,90.0,90.0,0.0,1.0,0.0
31886,EW1,90.0,90.0,0.0,1.0,0.0
31887,EW1,90.0,90.0,0.0,1.0,0.0
31888,EW1,90.0,90.0,0.0,1.0,0.0
31889,EW1,90.0,90.0,0.0,1.0,0.0
31890,EW1,90.0,90.0,0.0,1.0,0.0
31891,EW1,90.0,90.0,0.0,1.0,0.0
31892,EW1,90.0,90.0,0.0,1.0,0.0
31893,EW1,90.0,90.0,0.0,1.0,0.0
31894,EW1,90.0,90.0,0.0,1.0,0.0
31895,EW1,90.0,90.0,0.0,1.0,0.0
31896,EW1,90.0,90.0,0.0,1.0,0.0
31897,EW1,90.0,90.0,0.0,1.0,0.0
31898,EW1,90.0,90.0,0.0,1.0,0.0
31899,EW1,90.0,90.0,0.0,1.0,0.0
31900,EW1,90.0,90.0,0.0,1.0,0.0
31901,EW1,90.0,90.0,0.0,1.0,0.0
31902,EW1,90.0,90.0,0.0,1.0,0.0
31903,EW1,90.0,90.0,0.0,1.0,0.0
31904,EW1,90.0,90.0,0.0,1.0,0.0
31905,EW1,90.0,90.0,0.0,1.0,0.0
31906,EW1,90.0,90.0,0.0,1.0,0.0
31907,EW1,90.0,90.0,0.0,1.0,0.0
31908,EW1,90.0,90.0,0.0,1.0,0.0
31909,EW1,90.0,90.0,0.0,1.0,0.0
31910,EW1,90.0,90.0,0.0,1.0,0.0
31911,EW1,90.0,90.0,0.0,1.0,0.0
31912,EW1,90.0,90.0,0.0,1.0,0.0
31913,EW1,90.0,90.0,0.0,1.0,0.0
31914,EW1,90.0,90.0,0.0,1.0,0.0
31915,EW1,90.0,90.0,0.0,1.0,0.0
31916,EW1,90.0,90.0,0.0,1.0,0.0
31917,EW1,90.0,90.0,0.0,1.0,0.0
31918,EW1,90.0,90.0,0.0,1.0,0.0
31919,EW1,90.0,90.0,0.0,1.0,0.0
39425,EW1,90.0,90.0,0.0,1.0,0.0
39426,EW1,90.0,90.0,0.0,1.0,0.0
39427,EW1,90.0,90.0,0.0,1.0,0.0
39428,EW1,90.0,90.0,0.0,1.0,0.0
39429,EW1,90.0,90.0,0.0,1.0,0.0
39430,EW1,90.0,90.0,0.0,1.0,0.0
39431,EW1,90.0,90.0,0.0,1.0,0.0
39432,EW1,90.0,90.0,0.0,1.0,0.0
39433,EW1,90.0,90.0,0.0,1.0,0.0
39434,EW1,90.0,90.0,0.0,1.0,0.0
39435,EW1,90.0,90.0,0.0,1.0,0.0
39436,EW1,90.0,90.0,0.0,1.0,0.0
39437,EW1,90.0,90.0,0.0,1.0,0.0
39438,EW1,90.0,90.0,0.0,1.0,0.0
39439,EW1,90.0,90.0,0.0,1.0,0.0
39440,EW1,90.0,90.0,0.0,1.0,0.0
39441,EW1,90.0,90.0,0.0,1.0,0.0
39442,EW1,90.0,90.0,0.0,1.0,0.0
39443,EW1,90.0,90.0,0.0,1.0,0.0
39444,EW1,90.0,90.0,0.0,1.0,0.0
39445,EW1,90.0,90.0,0.0,1.0,0.0
39446,EW1,90.0,90.0,0.0,1.0,0.0
39447,EW1,90.0,90.0,0.0,1.0,0.0
39448,EW1,90.0,90.0,0.0,1.0,0.0
39449,EW1,90.0,90.0,0.0,1.0,0.0
39450,EW1,90.0,90.0,0.0,1.0,0.0
39451,EW1,90.0,90.0,0.0,1.0,0.0
39452,EW1,90.0,90.0,0.0,1.0,0.0
39453,EW1,90.0,90.0,0.0,1.0,0.0
39454,EW1,90.0,90.0,0.0,1.0,0.0
39455,EW1,90.0,90.0,0.0,1.0,0.0
39456,EW1,90.0,90.0,0.0,1.0,0.0
39457,EW1,90.0,90.0,0.0,1.0,0.0
39458,EW1,90.0,90.0,0.0,1.0,0.0
39459,EW1,90.0,90.0,0.0,1.0,0.0
39460,EW1,90.0,90.0,0.0,1.0,0.0
39461,EW1,90.0,90.0,0.0,1.0,0.0
39462,EW1,90.0,90.0,0.0,1.0,0.0
39463,EW1,90.0,90.0,0.0,1.0,0.0
39464,EW1,90.0,90.0,0.0,1.0,0.0
39465,EW1,90.0,90.0,0.0,1.0,0.0
39466,EW1,90.0,90.0,0.0,1.0,0.0
39467,EW1,90.0,90.0,0.0,1.0,0.0
39468,EW1,90.0,90.0,0.0,1.0,0.0
39469,EW1,90.0,90.0,0.0,1.0,0.0
39470,EW1,90.0,90.0,0.0,1.0,0.0
39471,EW1,90.0,90.0,0.0,1.0,0.0
39472,EW1,90.0,90.0,0.0,1.0,0.0
39473,EW1,90.0,90.0,0.0,1.0,0.0
39474,EW1,90.0,90.0,0.0,1.0,0.0
39475,EW1,90.0,90.0,0.0,1.0,0.0
39476,EW1,90.0,90.0,0.0,1.0,0.0
39477,EW1,90.0,90.0,0.0,1.0,0.0
39478,EW1,90.0,90.0,0.0,1.0,0.0
39479,EW1,90.0,90.0,0.0,1.0,0.0
39480,EW1,90.0,90.0,0.0,1.0,0.0
39481,EW1,90.0,90.0,0.0,1.0,0.0
39482,EW1,90.0,90.0,0.0,1.0,0.0
39483,EW1,90.0,90.0,0.0,1.0,0.0
39484,EW1,90.0,90.0,0.0,1.0,0.0
39485,EW1,90.0,90.0,0.0,1.0,0.0
39486,EW1,90.0,90.0,0.0,1.0,0.0
39487,EW1,90.0,90.0,0.0,1.0,0.0
39488,EW1,90.0,90.0,0.0,1.0,0.0
39489,EW1,90.0,90.0,0.0,1.0,0.0
39490,EW1,90.0,90.0,0.0,1.0,0.0
39491,EW1,90.0,90.0,0.0,1.0,0.0
39492,EW1,90.0,90.0,0.0,1.0,0.0
39493,EW1,90.0,90.0,0.0,1.0,0.0
39494,EW1,90.0,90.0,0.0,1.0,0.0
39495,EW1,90.0,90.0,0.0,1.0,0.0
39496,EW1,90.0,90.0,0.0,1.0,0.0
39497,EW1,90.0,90.0,0.0,1.0,0.0
39498,EW1,90.0,90.0,0.0,1.0,0.0
39499,EW1,90.0,90.0,0.0,1.0,0.0
39500,EW1,90.0,90.0,0.0,1.0,0.0
39501,EW1,90.0,90.0,0.0,1.0,0.0
39502,EW1,90.0,90.0,0.0,1.0,0.0
39503,EW1,90.0,90.0,0.0,1.0,0.0
39504,EW1,90.0,90.0,0.0,1.0,0.0
39505,EW1,90.0,90.0,0.0,1.0,0.0
39506,EW1,90.0,90.0,0.0,1.0,0.0
39507,EW1,90.0,90.0,0.0,1.0,0.0
39508,EW1,90.0,90.0,0.0,1.0,0.0
39509,EW1,90.0,90.0,0.0,1.0,0.0
39510,EW1,90.0,90.0,0.0,1.0,0.0
39511,EW1,90.0,90.0,0.0,1.0,0.0
39512,EW1,90.0,90.0,0.0,1.0,0.0
39513,EW1,90.0,90.0,0.0,1.0,0.0
39514,EW1,90.0,90.0,0.0,1.0,0.0
39515,EW1,90.0,90.0,0.0,1.0,0.0
39516,EW1,90.0,90.0,0.0,1.0,0.0
39517,EW1,90.0,90.0,0.0,1.0,0.0
39518,EW1,90.0,90.0,0.0,1.0,0.0
39519,EW1,90.0,90.0,0.0,1.0,0.0
47025,EW1,90.0,90.0,0.0,1.0,0.0
47026,EW1,90.0,90.0,0.0,1.0,0.0
47027,EW1,90.0,90.0,0.0,1.0,0.0
47028,EW1,90.0,90.0,0.0,1.0,0.0
47029,EW1,90.0,90.0,0.0,1.0,0.0
47030,EW1,90.0,90.0,0.0,1.0,0.0
47031,EW1,90.0,90.0,0.0,1.0,0.0
47032,EW1,90.0,90.0,0.0,1.0,0.0
47033,EW1,90.0,90.0,0.0,1.0,0.0
47034,EW1,90.0,90.0,0.0,1.0,0.0
47035,EW1,90.0,90.0,0.0,1.0,0.0
47036,EW1,90.0,90.0,0.0,1.0,0.0
47037,EW1,90.0,90.0,0.0,1.0,0.0
47038,EW1,90.0,90.0,0.0,1.0,0.0
47039,EW1,90.0,90.0,0.0,1.0,0.0
47040,EW1,90.0,90.0,0.0,1.0,0.0
47041,EW1,90.0,90.0,0.0,1.0,0.0
47042,EW1,90.0,90.0,0.0,1.0,0.0
47043,EW1,90.0,90.0,0.0,1.0,0.0
47044,EW1,90.0,90.0,0.0,1.0,0.0
47045,EW1,90.0,90.0,0.0,1.0,0.0
47046,EW1,90.0,90.0,0.0,1.0,0.0
47047,EW1,90.0,90.0,0.0,1.0,0.0
47048,EW1,90.0,90.0,0.0,1.0,0.0
47049,EW1,90.0,90.0,0.0,1.0,0.0
47050,EW1,90.0,90.0,0.0,1.0,0.0
47051,EW1,90.0,90.0,0.0,1.0,0.0
47052,EW1,90.0,90.0,0.0,1.0,0.0
47053,EW1,90.0,90.0,0.0,1.0,0.0
47054,EW1,90.0,90.0,0.0,1.0,0.0
47055,EW1,90.0,90.0,0.0,1.0,0.0
47056,EW1,90.0,90.0,0.0,1.0,0.0
47057,EW1,90.0,90.0,0.0,1.0,0.0
47058,EW1,90.0,90.0,0.0,1.0,0.0
47059,EW1,90.0,90.0,0.0,1.0,0.0
47060,EW1,90.0,90.0,0.0,1.0,0.0
47061,EW1,90.0,90.0,0.0,1.0,0.0
47062,EW1,90.0,90.0,0.0,1.0,0.0
47063,EW1,90.0,90.0,0.0,1.0,0.0
47064,EW1,90.0,90.0,0.0,1.0,0.0
47065,EW1,90.0,90.0,0.0,1.0,0.0
47066,EW1,90.0,90.0,0.0,1.0,0.0
47067,EW1,90.0,90.0,0.0,1.0,0.0
47068,EW1,90.0,90.0,0.0,1.0,0.0
47069,EW1,90.0,90.0,0.0,1.0,0.0
47070,EW1,90.0,90.0,0.0,1.0,0.0
47071,EW1,90.0,90.0,0.0,1.0,0.0
47072,EW1,90.0,90.0,0.0,1.0,0.0
47073,EW1,90.0,90.0,0.0,1.0,0.0
47074,EW1,90.0,90.0,0.0,1.0,0.0
47075,EW1,90.0,90.0,0.0,1.0,0.0
47076,EW1,90.0,90.0,0.0,1.0,0.0
47077,EW1,90.0,90.0,0.0,1.0,0.0
47078,EW1,90.0,90.0,0.0,1.0,0.0
47079,EW1,90.0,90.0,0.0,1.0,0.0
47080,EW1,90.0,90.0,0.0,1.0,0.0
47081,EW1,90.0,90.0,0.0,1.0,0.0
47082,EW1,90.0,90.0,0.0,1.0,0.0
47083,EW1,90.0,90.0,0.0,1.0,0.0
47084,EW1,90.0,90.0,0.0,1.0,0.0
47085,EW1,90.0,90.0,0.0,1.0,0.0
47086,EW1,90.0,90.0,0.0,1.0,0.0
47087,EW1,90.0,90.0,0.0,1.0,0.0
47088,EW1,90.0,90.0,0.0,1.0,0.0
47089,EW1,90.0,90.0,0.0,1.0,0.0
47090,EW1,90.0,90.0,0.0,1.0,0.0
47091,EW1,90.0,90.0,0.0,1.0,0.0
47092,EW1,90.0,90.0,0.0,1.0,0.0
47093,EW1,90.0,90.0,0.0,1.0,0.0
47094,EW1,90.0,90.0,0.0,1.0,0.0
47095,EW1,90.0,90.0,0.0,1.0,0.0
47096,EW1,90.0,90.0,0.0,1.0,0.0
47097,EW1,90.0,90.0,0.0,1.0,0.0
47098,EW1,90.0,90.0,0.0,1.0,0.0
47099,EW1,90.0,90.0,0.0,1.0,0.0
47100,EW1,90.0,90.0,0.0,1.0,0.0
47101,EW1,90.0,90.0,0.0,1.0,0.0
47102,EW1,90.0,90.0,0.0,1.0,0.0
47103,EW1,90.0,90.0,0.0,1.0,0.0
47104,EW1,90.0,90.0,0.0,1.0,0.0
47105,EW1,90.0,90.0,0.0,1.0,0.0
47106,EW1,90.0,90.0,0.0,1.0,0.0
47107,EW1,90.0,90.0,0.0,1.0,0.0
47108,EW1,90.0,90.0,0.0,1.0,0.0
47109,EW1,90.0,90.0,0.0,1.0,0.0
47110,EW1,90.0,90.0,0.0,1.0,0.0
47111,EW1,90.0,90.0,0.0,1.0,0.0
47112,EW1,90.0,90.0,0.0,1.0,0.0
47113,EW1,90.0,90.0,0.0,1.0,0.0
47114,EW1,90.0,90.0,0.0,1.0,0.0
47115,EW1,90.0,90.0,0.0,1.0,0.0
47116,EW1,90.0,90.0,0.0,1.0,0.0
47117,EW1,90.0,90.0,0.0,1.0,0.0
47118,EW1,90.0,90.0,0.0,1.0,0.0
47119,EW1,90.0,90.0,0.0,1.0,0.0
54625,EW1,90.0,90.0,0.0,1.0,0.0
54626,EW1,90.0,90.0,0.0,1.0,0.0
54627,EW1,90.0,90.0,0.0,1.0,0.0
54628,EW1,90.0,90.0,0.0,1.0,0.0
54629,EW1,90.0,90.0,0.0,1.0,0.0
54630,EW1,90.0,90.0,0.0,1.0,0.0
54631,EW1,90.0,90.0,0.0,1.0,0.0
54632,EW1,90.0,90.0,0.0,1.0,0.0
54633,EW1,90.0,90.0,0.0,1.0,0.0
54634,EW1,90.0,90.0,0.0,1.0,0.0
54635,EW1,90.0,90.0,0.0,1.0,0.0
54636,EW1,90.0,90.0,0.0,1.0,0.0
54637,EW1,90.0,90.0,0.0,1.0,0.0
54638,EW1,90.0,90.0,0.0,1.0,0.0
54639,EW1,90.0,90.0,0.0,1.0,0.0
54640,EW1,90.0,90.0,0.0,1.0,0.0
54641,EW1,90.0,90.0,0.0,1.0,0.0
54642,EW1,90.0,90.0,0.0,1.0,0.0
54643,EW1,90.0,90.0,0.0,1.0,0.0
54644,EW1,90.0,90.0,0.0,1.0,0.0
54645,EW1,90.0,90.0,0.0,1.0,0.0
54646,EW1,90.0,90.0,0.0,1.0,0.0
54647,EW1,90.0,90.0,0.0,1.0,0.0
54648,EW1,90.0,90.0,0.0,1.0,0.0
54649,EW1,90.0,90.0,0.0,1.0,0.0
54650,EW1,90.0,90.0,0.0,1.0,0.0
54651,EW1,90.0,90.0,0.0,1.0,0.0
54652,EW1,90.0,90.0,0.0,1.0,0.0
54653,EW1,90.0,90.0,0.0,1.0,0.0
54654,EW1,90.0,90.0,0.0,1.0,0.0
54655,EW1,90.0,90.0,0.0,1.0,0.0
54656,EW1,90.0,90.0,0.0,1.0,0.0
54657,EW1,90.0,90.0,0.0,1.0,0.0
54658,EW1,90.0,90.0,0.0,1.0,0.0
54659,EW1,90.0,90.0,0.0,1.0,0.0
54660,EW1,90.0,90.0,0.0,1.0,0.0
54661,EW1,90.0,90.0,0.0,1.0,0.0
54662,EW1,90.0,90.0,0.0,1.0,0.0
54663,EW1,90.0,90.0,0.0,1.0,0.0
54664,EW1,90.0,90.0,0.0,1.0,0.0
54665,EW1,90.0,90.0,0.0,1.0,0.0
54666,EW1,90.0,90.0,0.0,1.0,0.0
54667,EW1,90.0,90.0,0.0,1.0,0.0
54668,EW1,90.0,90.0,0.0,1.0,0.0
54669,EW1,90.0,90.0,0.0,1.0,0.0
54670,EW1,90.0,90.0,0.0,1.0,0.0
54671,EW1,90.0,90.0,0.0,1.0,0.0
54672,EW1,90.0,90.0,0.0,1.0,0.0
54673,EW1,90.0,90.0,0.0,1.0,0.0
54674,EW1,90.0,90.0,0.0,1.0,0.0
54675,EW1,90.0,90.0,0.0,1.0,0.0
54676,EW1,90.0,90.0,0.0,1.0,0.0
54677,EW1,90.0,90.0,0.0,1.0,0.0
54678,EW1,90.0,90.0,0.0,1.0,0.0
54679,EW1,90.0,90.0,0.0,1.0,0.0
54680,EW1,90.0,90.0,0.0,1.0,0.0
54681,EW1,90.0,90.0,0.0,1.0,0.0
54682,EW1,90.0,90.0,0.0,1.0,0.0
54683,EW1,90.0,90.0,0.0,1.0,0.0
54684,EW1,90.0,90.0,0.0,1.0,0.0
54685,EW1,90.0,90.0,0.0,1.0,0.0
54686,EW1,90.0,90.0,0.0,1.0,0.0
54687,EW1,90.0,90.0,0.0,1.0,0.0
54688,EW1,90.0,90.0,0.0,1.0,0.0
54689,EW1,90.0,90.0,0.0,1.0,0.0
54690,EW1,90.0,90.0,0.0,1.0,0.0
54691,EW1,90.0,90.0,0.0,1.0,0.0
54692,EW1,90.0,90.0,0.0,1.0,0.0
54693,EW1,90.0,90.0,0.0,1.0,0.0
54694,EW1,90.0,90.0,0.0,1.0,0.0
54695,EW1,90.0,90.0,0.0,1.0,0.0
54696,EW1,90.0,90.0,0.0,1.0,0.0
54697,EW1,90.0,90.0,0.0,1.0,0.0
54698,EW1,90.0,90.0,0.0,1.0,0.0
54699,EW1,90.0,90.0,0.0,1.0,0.0
54700,EW1,90.0,90.0,0.0,1.0,0.0
54701,EW1,90.0,90.0,0.0,1.0,0.0
54702,EW1,90.0,90.0,0.0,1.0,0.0
54703,EW1,90.0,90.0,0.0,1.0,0.0
54704,EW1,90.0,90.0,0.0,1.0,0.0
54705,EW1,90.0,90.0,0.0,1.0,0.0
54706,EW1,90.0,90.0,0.0,1.0,0.0
54707,EW1,90.0,90.0,0.0,1.0,0.0
54708,EW1,90.0,90.0,0.0,1.0,0.0
54709,EW1,90.0,90.0,0.0,1.0,0.0
54710,EW1,90.0,90.0,0.0,1.0,0.0
54711,EW1,90.0,90.0,0.0,1.0,0.0
54712,EW1,90.0,90.0,0.0,1.0,0.0
54713,EW1,90.0,90.0,0.0,1.0,0.0
54714,EW1,90.0,90.0,0.0,1.0,0.0
54715,EW1,90.0,90.0,0.0,1.0,0.0
54716,EW1,90.0,90.0,0.0,1.0,0.0
54717,EW1,90.0,90.0,0.0,1.0,0.0
54718,EW1,90.0,90.0,0.0,1.0,0.0
54719,EW1,90.0,90.0,0.0,1.0,0.0
62225,EW1,90.0,90.0,0.0,1.0,0.0
62226,EW1,90.0,90.0,0.0,1.0,0.0
62227,EW1,90.0,90.0,0.0,1.0,0.0
62228,EW1,90.0,90.0,0.0,1.0,0.0
62229,EW1,90.0,90.0,0.0,1.0,0.0
62230,EW1,90.0,90.0,0.0,1.0,0.0
62231,EW1,90.0,90.0,0.0,1.0,0.0
62232,EW1,90.0,90.0,0.0,1.0,0.0
62233,EW1,90.0,90.0,0.0,1.0,0.0
62234,EW1,90.0,90.0,0.0,1.0,0.0
62235,EW1,90.0,90.0,0.0,1.0,0.0
62236,EW1,90.0,90.0,0.0,1.0,0.0
62237,EW1,90.0,90.0,0.0,1.0,0.0
62238,EW1,90.0,90.0,0.0,1.0,0.0
62239,EW1,90.0,90.0,0.0,1.0,0.0
62240,EW1,90.0,90.0,0.0,1.0,0.0
62241,EW1,90.0,90.0,0.0,1.0,0.0
62242,EW1,90.0,90.0,0.0,1.0,0.0
62243,EW1,90.0,90.0,0.0,1.0,0.0
62244,EW1,90.0,90.0,0.0,1.0,0.0
62245,EW1,90.0,90.0,0.0,1.0,0.0
62246,EW1,90.0,90.0,0.0,1.0,0.0
62247,EW1,90.0,90.0,0.0,1.0,0.0
62248,EW1,90.0,90.0,0.0,1.0,0.0
62249,EW1,90.0,90.0,0.0,1.0,0.0
62250,EW1,90.0,90.0,0.0,1.0,0.0
62251,EW1,90.0,90.0,0.0,1.0,0.0
62252,EW1,90.0,90.0,0.0,1.0,0.0
62253,EW1,90.0,90.0,0.0,1.0,0.0
62254,EW1,90.0,90.0,0.0,1.0,0.0
62255,EW1,90.0,90.0,0.0,1.0,0.0
62256,EW1,90.0,90.0,0.0,1.0,0.0
62257,EW1,90.0,90.0,0.0,1.0,0.0
62258,EW1,90.0,90.0,0.0,1.0,0.0
62259,EW1,90.0,90.0,0.0,1.0,0.0
62260,EW1,90.0,90.0,0.0,1.0,0.0
62261,EW1,90.0,90.0,0.0,1.0,0.0
62262,EW1,90.0,90.0,0.0,1.0,0.0
62263,EW1,90.0,90.0,0.0,1.0,0.0
62264,EW1,90.0,90.0,0.0,1.0,0.0
62265,EW1,90.0,90.0,0.0,1.0,0.0
62266,EW1,90.0,90.0,0.0,1.0,0.0
62267,EW1,90.0,90.0,0.0,1.0,0.0
62268,EW1,90.0,90.0,0.0,1.0,0.0
62269,EW1,90.0,90.0,0.0,1.0,0.0
62270,EW1,90.0,90.0,0.0,1.0,0.0
62271,EW1,90.0,90.0,0.0,1.0,0.0
62272,EW1,90.0,90.0,0.0,1.0,0.0
62273,EW1,90.0,90.0,0.0,1.0,0.0
62274,EW1,90.0,90.0,0.0,1.0,0.0
62275,EW1,90.0,90.0,0.0,1.0,0.0
62276,EW1,90.0,90.0,0.0,1.0,0.0
62277,EW1,90.0,90.0,0.0,1.0,0.0
62278,EW1,90.0,90.0,0.0,1.0,0.0
62279,EW1,90.0,90.0,0.0,1.0,0.0
62280,EW1,90.0,90.0,0.0,1.0,0.0
62281,EW1,90.0,90.0,0.0,1.0,0.0
62282,EW1,90.0,90.0,0.0,1.0,0.0
62283,EW1,90.0,90.0,0.0,1.0,0.0
62284,EW1,90.0,90.0,0.0,1.0,0.0
62285,EW1,90.0,90.0,0.0,1.0,0.0
62286,EW1,90.0,90.0,0.0,1.0,0.0
62287,EW1,90.0,90.0,0.0,1.0,0.0
62288,EW1,90.0,90.0,0.0,1.0,0.0
62289,EW1,90.0,90.0,0.0,1.0,0.0
62290,EW1,90.0,90.0,0.0,1.0,0.0
62291,EW1,90.0,90.0,0.0,1.0,0.0
62292,EW1,90.0,90.0,0.0,1.0,0.0
62293,EW1,90.0,90.0,0.0,1.0,0.0
62294,EW1,90.0,90.0,0.0,1.0,0.0
62295,EW1,90.0,90.0,0.0,1.0,0.0
62296,EW1,90.0,90.0,0.0,1.0,0.0
62297,EW1,90.0,90.0,0.0,1.0,0.0
62298,EW1,90.0,90.0,0.0,1.0,0.0
62299,EW1,90.0,90.0,0.0,1.0,0.0
62300,EW1,90.0,90.0,0.0,1.0,0.0
62301,EW1,90.0,90.0,0.0,1.0,0.0
62302,EW1,90.0,90.0,0.0,1.0,0.0
62303,EW1,90.0,90.0,0.0,1.0,0.0
62304,EW1,90.0,90.0,0.0,1.0,0.0
62305,EW1,90.0,90.0,0.0,1.0,0.0
62306,EW1,90.0,90.0,0.0,1.0,0.0
62307,EW1,90.0,90.0,0.0,1.0,0.0
62308,EW1,90.0,90.0,0.0,1.0,0.0
62309,EW1,90.0,90.0,0.0,1.0,0.0
62310,EW1,90.0,90.0,0.0,1.0,0.0
62311,EW1,90.0,90.0,0.0,1.0,0.0
62312,EW1,90.0,90.0,0.0,1.0,0.0
62313,EW1,90.0,90.0,0.0,1.0,0.0
62314,EW1,90.0,90.0,0.0,1.0,0.0
62315,EW1,90.0,90.0,0.0,1.0,0.0
62316,EW1,90.0,90.0,0.0,1.0,0.0
62317,EW1,90.0,90.0,0.0,1.0,0.0
62318,EW1,90.0,90.0,0.0,1.0,0.0
62319,EW1,90.0,90.0,0.0,1.0,0.0
69825,EW1,90.0,90.0,0.0,1.0,0.0
69826,EW1,90.0,90.0,0.0,1.0,0.0
69827,EW1,90.0,90.0,0.0,1.0,0.0
69828,EW1,90.0,90.0,0.0,1.0,0.0
69829,EW1,90.0,90.0,0.0,1.0,0.0
69830,EW1,90.0,90.0,0.0,1.0,0.0
69831,EW1,90.0,90.0,0.0,1.0,0.0
69832,EW1,90.0,90.0,0.0,1.0,0.0
69833,EW1,90.0,90.0,0.0,1.0,0.0
69834,EW1,90.0,90.0,0.0,1.0,0.0
69835,EW1,90.0,90.0,0.0,1.0,0.0
69836,EW1,90.0,90.0,0.0,1.0,0.0
69837,EW1,90.0,90.0,0.0,1.0,0.0
69838,EW1,90.0,90.0,0.0,1.0,0.0
69839,EW1,90.0,90.0,0.0,1.0,0.0
69840,EW1,90.0,90.0,0.0,1.0,0.0
69841,EW1,90.0,90.0,0.0,1.0,0.0
69842,EW1,90.0,90.0,0.0,1.0,0.0
69843,EW1,90.0,90.0,0.0,1.0,0.0
69844,EW1,90.0,90.0,0.0,1.0,0.0
69845,EW1,90.0,90.0,0.0,1.0,0.0
69846,EW1,90.0,90.0,0.0,1.0,0.0
69847,EW1,90.0,90.0,0.0,1.0,0.0
69848,EW1,90.0,90.0,0.0,1.0,0.0
69849,EW1,90.0,90.0,0.0,1.0,0.0
69850,EW1,90.0,90.0,0.0,1.0,0.0
69851,EW1,90.0,90.0,0.0,1.0,0.0
69852,EW1,90.0,90.0,0.0,1.0,0.0
69853,EW1,90.0,90.0,0.0,1.0,0.0
69854,EW1,90.0,90.0,0.0,1.0,0.0
69855,EW1,90.0,90.0,0.0,1.0,0.0
69856,EW1,90.0,90.0,0.0,1.0,0.0
69857,EW1,90.0,90.0,0.0,1.0,0.0
69858,EW1,90.0,90.0,0.0,1.0,0.0
69859,EW1,90.0,90.0,0.0,1.0,0.0
69860,EW1,90.0,90.0,0.0,1.0,0.0
69861,EW1,90.0,90.0,0.0,1.0,0.0
69862,EW1,90.0,90.0,0.0,1.0,0.0
69863,EW1,90.0,90.0,0.0,1.0,0.0
69864,EW1,90.0,90.0,0.0,1.0,0.0
69865,EW1,90.0,90.0,0.0,1.0,0.0
69866,EW1,90.0,90.0,0.0,1.0,0.0
69867,EW1,90.0,90.0,0.0,1.0,0.0
69868,EW1,90.0,90.0,0.0,1.0,0.0
69869,EW1,90.0,90.0,0.0,1.0,0.0
69870,EW1,90.0,90.0,0.0,1.0,0.0
69871,EW1,90.0,90.0,0.0,1.0,0.0
69872,EW1,90.0,90.0,0.0,1.0,0.0
69873,EW1,90.0,90.0,0.0,1.0,0.0
69874,EW1,90.0,90.0,0.0,1.0,0.0
69875,EW1,90.0,90.0,0.0,1.0,0.0
69876,EW1,90.0,90.0,0.0,1.0,0.0
69877,EW1,90.0,90.0,0.0,1.0,0.0
69878,EW1,90.0,90.0,0.0,1.0,0.0
69879,EW1,90.0,90.0,0.0,1.0,0.0
69880,EW1,90.0,90.0,0.0,1.0,0.0
69881,EW1,90.0,90.0,0.0,1.0,0.0
69882,EW1,90.0,90.0,0.0,1.0,0.0
69883,EW1,90.0,90.0,0.0,1.0,0.0
69884,EW1,90.0,90.0,0.0,1.0,0.0
69885,EW1,90.0,90.0,0.0,1.0,0.0
69886,EW1,90.0,90.0,0.0,1.0,0.0
69887,EW1,90.0,90.0,0.0,1.0,0.0
69888,EW1,90.0,90.0,0.0,1.0,0.0
69889,EW1,90.0,90.0,0.0,1.0,0.0
69890,EW1,90.0,90.0,0.0,1.0,0.0
69891,EW1,90.0,90.0,0.0,1.0,0.0
69892,EW1,90.0,90.0,0.0,1.0,0.0
69893,EW1,90.0,90.0,0.0,1.0,0.0
69894,EW1,90.0,90.0,0.0,1.0,0.0
69895,EW1,90.0,90.0,0.0,1.0,0.0
69896,EW1,90.0,90.0,0.0,1.0,0.0
69897,EW1,90.0,90.0,0.0,1.0,0.0
69898,EW1,90.0,90.0,0.0,1.0,0.0
69899,EW1,90.0,90.0,0.0,1.0,0.0
69900,EW1,90.0,90.0,0.0,1.0,0.0
69901,EW1,90.0,90.0,0.0,1.0,0.0
69902,EW1,90.0,90.0,0.0,1.0,0.0
69903,EW1,90.0,90.0,0.0,1.0,0.0
69904,EW1,90.0,90.0,0.0,1.0,0.0
69905,EW1,90.0,90.0,0.0,1.0,0.0
69906,EW1,90.0,90.0,0.0,1.0,0.0
69907,EW1,90.0,90.0,0.0,1.0,0.0
69908,EW1,90.0,90.0,0.0,1.0,0.0
69909,EW1,90.0,90.0,0.0,1.0,0.0
69910,EW1,90.0,90.0,0.0,1.0,0.0
69911,EW1,90.0,90.0,0.0,1.0,0.0
69912,EW1,90.0,90.0,0.0,1.0,0.0
69913,EW1,90.0,90.0,0.0,1.0,0.0
69914,EW1,90.0,90.0,0.0,1.0,0.0
69915,EW1,90.0,90.0,0.0,1.0,0.0
69916,EW1,90.0,90.0,0.0,1.0,0.0
69917,EW1,90.0,90.0,0.0,1.0,0.0
69918,EW1,90.0,90.0,0.0,1.0,0.0
69919,EW1,90.0,90.0,0.0,1.0,0.0
77425,EW1,90.0,90.0,0.0,1.0,0.0
77426,EW1,90.0,90.0,0.0,1.0,0.0
77427,EW1,90.0,90.0,0.0,1.0,0.0
77428,EW1,90.0,90.0,0.0,1.0,0.0
77429,EW1,90.0,90.0,0.0,1.0,0.0
77430,EW1,90.0,90.0,0.0,1.0,0.0
77431,EW1,90.0,90.0,0.0,1.0,0.0
77432,EW1,90.0,90.0,0.0,1.0,0.0
77433,EW1,90.0,90.0,0.0,1.0,0.0
77434,EW1,90.0,90.0,0.0,1.0,0.0
77435,EW1,90.0,90.0,0.0,1.0,0.0
77436,EW1,90.0,90.0,0.0,1.0,0.0
77437,EW1,90.0,90.0,0.0,1.0,0.0
77438,EW1,90.0,90.0,0.0,1.0,0.0
77439,EW1,90.0,90.0,0.0,1.0,0.0
77440,EW1,90.0,90.0,0.0,1.0,0.0
77441,EW1,90.0,90.0,0.0,1.0,0.0
77442,EW1,90.0,90.0,0.0,1.0,0.0
77443,EW1,90.0,90.0,0.0,1.0,0.0
77444,EW1,90.0,90.0,0.0,1.0,0.0
77445,EW1,90.0,90.0,0.0,1.0,0.0
77446,EW1,90.0,90.0,0.0,1.0,0.0
77447,EW1,90.0,90.0,0.0,1.0,0.0
77448,EW1,90.0,90.0,0.0,1.0,0.0
77449,EW1,90.0,90.0,0.0,1.0,0.0
77450,EW1,90.0,90.0,0.0,1.0,0.0
77451,EW1,90.0,90.0,0.0,1.0,0.0
77452,EW1,90.0,90.0,0.0,1.0,0.0
77453,EW1,90.0,90.0,0.0,1.0,0.0
77454,EW1,90.0,90.0,0.0,1.0,0.0
77455,EW1,90.0,90.0,0.0,1.0,0.0
77456,EW1,90.0,90.0,0.0,1.0,0.0
77457,EW1,90.0,90.0,0.0,1.0,0.0
77458,EW1,90.0,90.0,0.0,1.0,0.0
77459,EW1,90.0,90.0,0.0,1.0,0.0
77460,EW1,90.0,90.0,0.0,1.0,0.0
77461,EW1,90.0,90.0,0.0,1.0,0.0
77462,EW1,90.0,90.0,0.0,1.0,0.0
77463,EW1,90.0,90.0,0.0,1.0,0.0
77464,EW1,90.0,90.0,0.0,1.0,0.0
77465,EW1,90.0,90.0,0.0,1.0,0.0
77466,EW1,90.0,90.0,0.0,1.0,0.0
77467,EW1,90.0,90.0,0.0,1.0,0.0
77468,EW1,90.0,90.0,0.0,1.0,0.0
77469,EW1,90.0,90.0,0.0,1.0,0.0
77470,EW1,90.0,90.0,0.0,1.0,0.0
77471,EW1,90.0,90.0,0.0,1.0,0.0
77472,EW1,90.0,90.0,0.0,1.0,0.0
77473,EW1,90.0,90.0,0.0,1.0,0.0
77474,EW1,90.0,90.0,0.0,1.0,0.0
77475,EW1,90.0,90.0,0.0,1.0,0.0
77476,EW1,90.0,90.0,0.0,1.0,0.0
77477,EW1,90.0,90.0,0.0,1.0,0.0
77478,EW1,90.0,90.0,0.0,1.0,0.0
77479,EW1,90.0,90.0,0.0,1.0,0.0
77480,EW1,90.0,90.0,0.0,1.0,0.0
77481,EW1,90.0,90.0,0.0,1.0,0.0
77482,EW1,90.0,90.0,0.0,1.0,0.0
77483,EW1,90.0,90.0,0.0,1.0,0.0
77484,EW1,90.0,90.0,0.0,1.0,0.0
77485,EW1,90.0,90.0,0.0,1.0,0.0
77486,EW1,90.0,90.0,0.0,1.0,0.0
77487,EW1,90.0,90.0,0.0,1.0,0.0
77488,EW1,90.0,90.0,0.0,1.0,0.0
77489,EW1,90.0,90.0,0.0,1.0,0.0
77490,EW1,90.0,90.0,0.0,1.0,0.0
77491,EW1,90.0,90.0,0.0,1.0,0.0
77492,EW1,90.0,90.0,0.0,1.0,0.0
77493,EW1,90.0,90.0,0.0,1.0,0.0
77494,EW1,90.0,90.0,0.0,1.0,0.0
77495,EW1,90.0,90.0,0.0,1.0,0.0
77496,EW1,90.0,90.0,0.0,1.0,0.0
77497,EW1,90.0,90.0,0.0,1.0,0.0
77498,EW1,90.0,90.0,0.0,1.0,0.0
77499,EW1,90.0,90.0,0.0,1.0,0.0
77500,EW1,90.0,90.0,0.0,1.0,0.0
77501,EW1,90.0,90.0,0.0,1.0,0.0
77502,EW1,90.0,90.0,0.0,1.0,0.0
77503,EW1,90.0,90.0,0.0,1.0,0.0
77504,EW1,90.0,90.0,0.0,1.0,0.0
77505,EW1,90.0,90.0,0.0,1.0,0.0
77506,EW1,90.0,90.0,0.0,1.0,0.0
77507,EW1,90.0,90.0,0.0,1.0,0.0
77508,EW1,90.0,90.0,0.0,1.0,0.0
77509,EW1,90.0,90.0,0.0,1.0,0.0
77510,EW1,90.0,90.0,0.0,1.0,0.0
77511,EW1,90.0,90.0,0.0,1.0,0.0
77512,EW1,90.0,90.0,0.0,1.0,0.0
77513,EW1,90.0,90.0,0.0,1.0,0.0
77514,EW1,90.0,90.0,0.0,1.0,0.0
77515,EW1,90.0,90.0,0.0,1.0,0.0
77516,EW1,90.0,90.0,0.0,1.0,0.0
77517,EW1,90.0,90.0,0.0,1.0,0.0
77518,EW1,90.0,90.0,0.0,1.0,0.0
77519,EW1,90.0,90.0,0.0,1.0,0.0
85025,EW1,90.0,90.0,0.0,1.0,0.0
85026,EW1,90.0,90.0,0.0,1.0,0.0
85027,EW1,90.0,90.0,0.0,1.0,0.0
85028,EW1,90.0,90.0,0.0,1.0,0.0
85029,EW1,90.0,90.0,0.0,1.0,0.0
85030,EW1,90.0,90.0,0.0,1.0,0.0
85031,EW1,90.0,90.0,0.0,1.0,0.0
85032,EW1,90.0,90.0,0.0,1.0,0.0
85033,EW1,90.0,90.0,0.0,1.0,0.0
85034,EW1,90.0,90.0,0.0,1.0,0.0
85035,EW1,90.0,90.0,0.0,1.0,0.0
85036,EW1,90.0,90.0,0.0,1.0,0.0
85037,EW1,90.0,90.0,0.0,1.0,0.0
85038,EW1,90.0,90.0,0.0,1.0,0.0
85039,EW1,90.0,90.0,0.0,1.0,0.0
85040,EW1,90.0,90.0,0.0,1.0,0.0
85041,EW1,90.0,90.0,0.0,1.0,0.0
85042,EW1,90.0,90.0,0.0,1.0,0.0
85043,EW1,90.0,90.0,0.0,1.0,0.0
85044,EW1,90.0,90.0,0.0,1.0,0.0
85045,EW1,90.0,90.0,0.0,1.0,0.0
85046,EW1,90.0,90.0,0.0,1.0,0.0
85047,EW1,90.0,90.0,0.0,1.0,0.0
85048,EW1,90.0,90.0,0.0,1.0,0.0
85049,EW1,90.0,90.0,0.0,1.0,0.0
85050,EW1,90.0,90.0,0.0,1.0,0.0
85051,EW1,90.0,90.0,0.0,1.0,0.0
85052,EW1,90.0,90.0,0.0,1.0,0.0
85053,EW1,90.0,90.0,0.0,1.0,0.0
85054,EW1,90.0,90.0,0.0,1.0,0.0
85055,EW1,90.0,90.0,0.0,1.0,0.0
85056,EW1,90.0,90.0,0.0,1.0,0.0
85057,EW1,90.0,90.0,0.0,1.0,0.0
85058,EW1,90.0,90.0,0.0,1.0,0.0
85059,EW1,90.0,90.0,0.0,1.0,0.0
85060,EW1,90.0,90.0,0.0,1.0,0.0
85061,EW1,90.0,90.0,0.0,1.0,0.0
85062,EW1,90.0,90.0,0.0,1.0,0.0
85063,EW1,90.0,90.0,0.0,1.0,0.0
85064,EW1,90.0,90.0,0.0,1.0,0.0
85065,EW1,90.0,90.0,0.0,1.0,0.0
85066,EW1,90.0,90.0,0.0,1.0,0.0
85067,EW1,90.0,90.0,0.0,1.0,0.0
85068,EW1,90.0,90.0,0.0,1.0,0.0
85069,EW1,90.0,90.0,0.0,1.0,0.0
85070,EW1,90.0,90.0,0.0,1.0,0.0
85071,EW1,90.0,90.0,0.0,1.0,0.0
85072,EW1,90.0,90.0,0.0,1.0,0.0
85073,EW1,90.0,90.0,0.0,1.0,0.0
85074,EW1,90.0,90.0,0.0,1.0,0.0
85075,EW1,90.0,90.0,0.0,1.0,0.0
85076,EW1,90.0,90.0,0.0,1.0,0.0
85077,EW1,90.0,90.0,0.0,1.0,0.0
85078,EW1,90.0,90.0,0.0,1.0,0.0
85079,EW1,90.0,90.0,0.0,1.0,0.0
85080,EW1,90.0,90.0,0.0,1.0,0.0
85081,EW1,90.0,90.0,0.0,1.0,0.0
85082,EW1,90.0,90.0,0.0,1.0,0.0
85083,EW1,90.0,90.0,0.0,1.0,0.0
85084,EW1,90.0,90.0,0.0,1.0,0.0
85085,EW1,90.0,90.0,0.0,1.0,0.0
85086,EW1,90.0,90.0,0.0,1.0,0.0
85087,EW1,90.0,90.0,0.0,1.0,0.0
85088,EW1,90.0,90.0,0.0,1.0,0.0
85089,EW1,90.0,90.0,0.0,1.0,0.0
85090,EW1,90.0,90.0,0.0,1.0,0.0
85091,EW1,90.0,90.0,0.0,1.0,0.0
85092,EW1,90.0,90.0,0.0,1.0,0.0
85093,EW1,90.0,90.0,0.0,1.0,0.0
85094,EW1,90.0,90.0,0.0,1.0,0.0
85095,EW1,90.0,90.0,0.0,1.0,0.0
85096,EW1,90.0,90.0,0.0,1.0,0.0
85097,EW1,90.0,90.0,0.0,1.0,0.0
85098,EW1,90.0,90.0,0.0,1.0,0.0
85099,EW1,90.0,90.0,0.0,1.0,0.0
85100,EW1,90.0,90.0,0.0,1.0,0.0
85101,EW1,90.0,90.0,0.0,1.0,0.0
85102,EW1,90.0,90.0,0.0,1.0,0.0
85103,EW1,90.0,90.0,0.0,1.0,0.0
85104,EW1,90.0,90.0,0.0,1.0,0.0
85105,EW1,90.0,90.0,0.0,1.0,0.0
85106,EW1,90.0,90.0,0.0,1.0,0.0
85107,EW1,90.0,90.0,0.0,1.0,0.0
85108,EW1,90.0,90.0,0.0,1.0,0.0
85109,EW1,90.0,90.0,0.0,1.0,0.0
85110,EW1,90.0,90.0,0.0,1.0,0.0
85111,EW1,90.0,90.0,0.0,1.0,0.0
85112,EW1,90.0,90.0,0.0,1.0,0.0
85113,EW1,90.0,90.0,0.0,1.0,0.0
85114,EW1,90.0,90.0,0.0,1.0,0.0
85115,EW1,90.0,90.0,0.0,1.0,0.0
85116,EW1,90.0,90.0,0.0,1.0,0.0
85117,EW1,90.0,90.0,0.0,1.0,0.0
85118,EW1,90.0,90.0,0.0,1.0,0.0
85119,EW1,90.0,90.0,0.0,1.0,0.0
92625,EW1,90.0,90.0,0.0,1.0,0.0
92626,EW1,90.0,90.0,0.0,1.0,0.0
92627,EW1,90.0,90.0,0.0,1.0,0.0
92628,EW1,90.0,90.0,0.0,1.0,0.0
92629,EW1,90.0,90.0,0.0,1.0,0.0
92630,EW1,90.0,90.0,0.0,1.0,0.0
92631,EW1,90.0,90.0,0.0,1.0,0.0
92632,EW1,90.0,90.0,0.0,1.0,0.0
92633,EW1,90.0,90.0,0.0,1.0,0.0
92634,EW1,90.0,90.0,0.0,1.0,0.0
92635,EW1,90.0,90.0,0.0,1.0,0.0
92636,EW1,90.0,90.0,0.0,1.0,0.0
92637,EW1,90.0,90.0,0.0,1.0,0.0
92638,EW1,90.0,90.0,0.0,1.0,0.0
92639,EW1,90.0,90.0,0.0,1.0,0.0
92640,EW1,90.0,90.0,0.0,1.0,0.0
92641,EW1,90.0,90.0,0.0,1.0,0.0
92642,EW1,90.0,90.0,0.0,1.0,0.0
92643,EW1,90.0,90.0,0.0,1.0,0.0
92644,EW1,90.0,90.0,0.0,1.0,0.0
92645,EW1,90.0,90.0,0.0,1.0,0.0
92646,EW1,90.0,90.0,0.0,1.0,0.0
92647,EW1,90.0,90.0,0.0,1.0,0.0
92648,EW1,90.0,90.0,0.0,1.0,0.0
92649,EW1,90.0,90.0,0.0,1.0,0.0
92650,EW1,90.0,90.0,0.0,1.0,0.0
92651,EW1,90.0,90.0,0.0,1.0,0.0
92652,EW1,90.0,90.0,0.0,1.0,0.0
92653,EW1,90.0,90.0,0.0,1.0,0.0
92654,EW1,90.0,90.0,0.0,1.0,0.0
92655,EW1,90.0,90.0,0.0,1.0,0.0
92656,EW1,90.0,90.0,0.0,1.0,0.0
92657,EW1,90.0,90.0,0.0,1.0,0.0
92658,EW1,90.0,90.0,0.0,1.0,0.0
92659,EW1,90.0,90.0,0.0,1.0,0.0
92660,EW1,90.0,90.0,0.0,1.0,0.0
92661,EW1,90.0,90.0,0.0,1.0,0.0
92662,EW1,90.0,90.0,0.0,1.0,0.0
92663,EW1,90.0,90.0,0.0,1.0,0.0
92664,EW1,90.0,90.0,0.0,1.0,0.0
92665,EW1,90.0,90.0,0.0,1.0,0.0
92666,EW1,90.0,90.0,0.0,1.0,0.0
92667,EW1,90.0,90.0,0.0,1.0,0.0
92668,EW1,90.0,90.0,0.0,1.0,0.0
92669,EW1,90.0,90.0,0.0,1.0,0.0
92670,EW1,90.0,90.0,0.0,1.0,0.0
92671,EW1,90.0,90.0,0.0,1.0,0.0
92672,EW1,90.0,90.0,0.0,1.0,0.0
92673,EW1,90.0,90.0,0.0,1.0,0.0
92674,EW1,90.0,90.0,0.0,1.0,0.0
92675,EW1,90.0,90.0,0.0,1.0,0.0
92676,EW1,90.0,90.0,0.0,1.0,0.0
92677,EW1,90.0,90.0,0.0,1.0,0.0
92678,EW1,90.0,90.0,0.0,1.0,0.0
92679,EW1,90.0,90.0,0.0,1.0,0.0
92680,EW1,90.0,90.0,0.0,1.0,0.0
92681,EW1,90.0,90.0,0.0,1.0,0.0
92682,EW1,90.0,90.0,0.0,1.0,0.0
92683,EW1,90.0,90.0,0.0,1.0,0.0
92684,EW1,90.0,90.0,0.0,1.0,0.0
92685,EW1,90.0,90.0,0.0,1.0,0.0
92686,EW1,90.0,90.0,0.0,1.0,0.0
92687,EW1,90.0,90.0,0.0,1.0,0.0
92688,EW1,90.0,90.0,0.0,1.0,0.0
92689,EW1,90.0,90.0,0.0,1.0,0.0
92690,EW1,90.0,90.0,0.0,1.0,0.0
92691,EW1,90.0,90.0,0.0,1.0,0.0
92692,EW1,90.0,90.0,0.0,1.0,0.0
92693,EW1,90.0,90.0,0.0,1.0,0.0
92694,EW1,90.0,90.0,0.0,1.0,0.0
92695,EW1,90.0,90.0,0.0,1.0,0.0
92696,EW1,90.0,90.0,0.0,1.0,0.0
92697,EW1,90.0,90.0,0.0,1.0,0.0
92698,EW1,90.0,90.0,0.0,1.0,0.0
92699,EW1,90.0,90.0,0.0,1.0,0.0
92700,EW1,90.0,90.0,0.0,1.0,0.0
92701,EW1,90.0,90.0,0.0,1.0,0.0
92702,EW1,90.0,90.0,0.0,1.0,0.0
92703,EW1,90.0,90.0,0.0,1.0,0.0
92704,EW1,90.0,90.0,0.0,1.0,0.0
92705,EW1,90.0,90.0,0.0,1.0,0.0
92706,EW1,90.0,90.0,0.0,1.0,0.0
92707,EW1,90.0,90.0,0.0,1.0,0.0
92708,EW1,90.0,90.0,0.0,1.0,0.0
92709,EW1,90.0,90.0,0.0,1.0,0.0
92710,EW1,90.0,90.0,0.0,1.0,0.0
92711,EW1,90.0,90.0,0.0,1.0,0.0
92712,EW1,90.0,90.0,0.0,1.0,0.0
92713,EW1,90.0,90.0,0.0,1.0,0.0
92714,EW1,90.0,90.0,0.0,1.0,0.0
92715,EW1,90.0,90.0,0.0,1.0,0.0
92716,EW1,90.0,90.0,0.0,1.0,0.0
92717,EW1,90.0,90.0,0.0,1.0,0.0
92718,EW1,90.0,90.0,0.0,1.0,0.0
92719,EW1,90.0,90.0,0.0,1.0,0.0
100225,EW1,90.0,90.0,0.0,1.0,0.0
100226,EW1,90.0,90.0,0.0,1.0,0.0
100227,EW1,90.0,90.0,0.0,1.0,0.0
100228,EW1,90.0,90.0,0.0,1.0,0.0
100229,EW1,90.0,90.0,0.0,1.0,0.0
100230,EW1,90.0,90.0,0.0,1.0,0.0
100231,EW1,90.0,90.0,0.0,1.0,0.0
100232,EW1,90.0,90.0,0.0,1.0,0.0
100233,EW1,90.0,90.0,0.0,1.0,0.0
100234,EW1,90.0,90.0,0.0,1.0,0.0
100235,EW1,90.0,90.0,0.0,1.0,0.0
100236,EW1,90.0,90.0,0.0,1.0,0.0
100237,EW1,90.0,90.0,0.0,1.0,0.0
100238,EW1,90.0,90.0,0.0,1.0,0.0
100239,EW1,90.0,90.0,0.0,1.0,0.0
100240,EW1,90.0,90.0,0.0,1.0,0.0
100241,EW1,90.0,90.0,0.0,1.0,0.0
100242,EW1,90.0,90.0,0.0,1.0,0.0
100243,EW1,90.0,90.0,0.0,1.0,0.0
100244,EW1,90.0,90.0,0.0,1.0,0.0
100245,EW1,90.0,90.0,0.0,1.0,0.0
100246,EW1,90.0,90.0,0.0,1.0,0.0
100247,EW1,90.0,90.0,0.0,1.0,0.0
100248,EW1,90.0,90.0,0.0,1.0,0.0
100249,EW1,90.0,90.0,0.0,1.0,0.0
100250,EW1,90.0,90.0,0.0,1.0,0.0
100251,EW1,90.0,90.0,0.0,1.0,0.0
100252,EW1,90.0,90.0,0.0,1.0,0.0
100253,EW1,90.0,90.0,0.0,1.0,0.0
100254,EW1,90.0,90.0,0.0,1.0,0.0
100255,EW1,90.0,90.0,0.0,1.0,0.0
100256,EW1,90.0,90.0,0.0,1.0,0.0
100257,EW1,90.0,90.0,0.0,1.0,0.0
100258,EW1,90.0,90.0,0.0,1.0,0.0
100259,EW1,90.0,90.0,0.0,1.0,0.0
100260,EW1,90.0,90.0,0.0,1.0,0.0
100261,EW1,90.0,90.0,0.0,1.0,0.0
100262,EW1,90.0,90.0,0.0,1.0,0.0
100263,EW1,90.0,90.0,0.0,1.0,0.0
100264,EW1,90.0,90.0,0.0,1.0,0.0
100265,EW1,90.0,90.0,0.0,1.0,0.0
100266,EW1,90.0,90.0,0.0,1.0,0.0
100267,EW1,90.0,90.0,0.0,1.0,0.0
100268,EW1,90.0,90.0,0.0,1.0,0.0
100269,EW1,90.0,90.0,0.0,1.0,0.0
100270,EW1,90.0,90.0,0.0,1.0,0.0
100271,EW1,90.0,90.0,0.0,1.0,0.0
100272,EW1,90.0,90.0,0.0,1.0,0.0
100273,EW1,90.0,90.0,0.0,1.0,0.0
100274,EW1,90.0,90.0,0.0,1.0,0.0
100275,EW1,90.0,90.0,0.0,1.0,0.0
100276,EW1,90.0,90.0,0.0,1.0,0.0
100277,EW1,90.0,90.0,0.0,1.0,0.0
100278,EW1,90.0,90.0,0.0,1.0,0.0
100279,EW1,90.0,90.0,0.0,1.0,0.0
100280,EW1,90.0,90.0,0.0,1.0,0.0
100281,EW1,90.0,90.0,0.0,1.0,0.0
100282,EW1,90.0,90.0,0.0,1.0,0.0
100283,EW1,90.0,90.0,0.0,1.0,0.0
100284,EW1,90.0,90.0,0.0,1.0,0.0
100285,EW1,90.0,90.0,0.0,1.0,0.0
100286,EW1,90.0,90.0,0.0,1.0,0.0
100287,EW1,90.0,90.0,0.0,1.0,0.0
100288,EW1,90.0,90.0,0.0,1.0,0.0
100289,EW1,90.0,90.0,0.0,1.0,0.0
100290,EW1,90.0,90.0,0.0,1.0,0.0
100291,EW1,90.0,90.0,0.0,1.0,0.0
100292,EW1,90.0,90.0,0.0,1.0,0.0
100293,EW1,90.0,90.0,0.0,1.0,0.0
100294,EW1,90.0,90.0,0.0,1.0,0.0
100295,EW1,90.0,90.0,0.0,1.0,0.0
100296,EW1,90.0,90.0,0.0,1.0,0.0
100297,EW1,90.0,90.0,0.0,1.0,0.0
100298,EW1,90.0,90.0,0.0,1.0,0.0
100299,EW1,90.0,90.0,0.0,1.0,0.0
100300,EW1,90.0,90.0,0.0,1.0,0.0
100301,EW1,90.0,90.0,0.0,1.0,0.0
100302,EW1,90.0,90.0,0.0,1.0,0.0
100303,EW1,90.0,90.0,0.0,1.0,0.0
100304,EW1,90.0,90.0,0.0,1.0,0.0
100305,EW1,90.0,90.0,0.0,1.0,0.0
100306,EW1,90.0,90.0,0.0,1.0,0.0
100307,EW1,90.0,90.0,0.0,1.0,0.0
100308,EW1,90.0,90.0,0.0,1.0,0.0
100309,EW1,90.0,90.0,0.0,1.0,0.0
100310,EW1,90.0,90.0,0.0,1.0,0.0
100311,EW1,90.0,90.0,0.0,1.0,0.0
100312,EW1,90.0,90.0,0.0,1.0,0.0
100313,EW1,90.0,90.0,0.0,1.0,0.0
100314,EW1,90.0,90.0,0.0,1.0,0.0
100315,EW1,90.0,90.0,0.0,1.0,0.0
100316,EW1,90.0,90.0,0.0,1.0,0.0
100317,EW1,90.0,90.0,0.0,1.0,0.0
100318,EW1,90.0,90.0,0.0,1.0,0.0
100319,EW1,90.0,90.0,0.0,1.0,0.0
107825,EW1,90.0,90.0,0.0,1.0,0.0
107826,EW1,90.0,90.0,0.0,1.0,0.0
107827,EW1,90.0,90.0,0.0,1.0,0.0
107828,EW1,90.0,90.0,0.0,1.0,0.0
107829,EW1,90.0,90.0,0.0,1.0,0.0
107830,EW1,90.0,90.0,0.0,1.0,0.0
107831,EW1,90.0,90.0,0.0,1.0,0.0
107832,EW1,90.0,90.0,0.0,1.0,0.0
107833,EW1,90.0,90.0,0.0,1.0,0.0
107834,EW1,90.0,90.0,0.0,1.0,0.0
107835,EW1,90.0,90.0,0.0,1.0,0.0
107836,EW1,90.0,90.0,0.0,1.0,0.0
107837,EW1,90.0,90.0,0.0,1.0,0.0
107838,EW1,90.0,90.0,0.0,1.0,0.0
107839,EW1,90.0,90.0,0.0,1.0,0.0
107840,EW1,90.0,90.0,0.0,1.0,0.0
107841,EW1,90.0,90.0,0.0,1.0,0.0
107842,EW1,90.0,90.0,0.0,1.0,0.0
107843,EW1,90.0,90.0,0.0,1.0,0.0
107844,EW1,90.0,90.0,0.0,1.0,0.0
107845,EW1,90.0,90.0,0.0,1.0,0.0
107846,EW1,90.0,90.0,0.0,1.0,0.0
107847,EW1,90.0,90.0,0.0,1.0,0.0
107848,EW1,90.0,90.0,0.0,1.0,0.0
107849,EW1,90.0,90.0,0.0,1.0,0.0
107850,EW1,90.0,90.0,0.0,1.0,0.0
107851,EW1,90.0,90.0,0.0,1.0,0.0
107852,EW1,90.0,90.0,0.0,1.0,0.0
107853,EW1,90.0,90.0,0.0,1.0,0.0
107854,EW1,90.0,90.0,0.0,1.0,0.0
107855,EW1,90.0,90.0,0.0,1.0,0.0
107856,EW1,90.0,90.0,0.0,1.0,0.0
107857,EW1,90.0,90.0,0.0,1.0,0.0
107858,EW1,90.0,90.0,0.0,1.0,0.0
107859,EW1,90.0,90.0,0.0,1.0,0.0
107860,EW1,90.0,90.0,0.0,1.0,0.0
107861,EW1,90.0,90.0,0.0,1.0,0.0
107862,EW1,90.0,90.0,0.0,1.0,0.0
107863,EW1,90.0,90.0,0.0,1.0,0.0
107864,EW1,90.0,90.0,0.0,1.0,0.0
107865,EW1,90.0,90.0,0.0,1.0,0.0
107866,EW1,90.0,90.0,0.0,1.0,0.0
107867,EW1,90.0,90.0,0.0,1.0,0.0
107868,EW1,90.0,90.0,0.0,1.0,0.0
107869,EW1,90.0,90.0,0.0,1.0,0.0
107870,EW1,90.0,90.0,0.0,1.0,0.0
107871,EW1,90.0,90.0,0.0,1.0,0.0
107872,EW1,90.0,90.0,0.0,1.0,0.0
107873,EW1,90.0,90.0,0.0,1.0,0.0
107874,EW1,90.0,90.0,0.0,1.0,0.0
107875,EW1,90.0,90.0,0.0,1.0,0.0
107876,EW1,90.0,90.0,0.0,1.0,0.0
107877,EW1,90.0,90.0,0.0,1.0,0.0
107878,EW1,90.0,90.0,0.0,1.0,0.0
107879,EW1,90.0,90.0,0.0,1.0,0.0
107880,EW1,90.0,90.0,0.0,1.0,0.0
107881,EW1,90.0,90.0,0.0,1.0,0.0
107882,EW1,90.0,90.0,0.0,1.0,0.0
107883,EW1,90.0,90.0,0.0,1.0,0.0
107884,EW1,90.0,90.0,0.0,1.0,0.0
107885,EW1,90.0,90.0,0.0,1.0,0.0
107886,EW1,90.0,90.0,0.0,1.0,0.0
107887,EW1,90.0,90.0,0.0,1.0,0.0
107888,EW1,90.0,90.0,0.0,1.0,0.0
107889,EW1,90.0,90.0,0.0,1.0,0.0
107890,EW1,90.0,90.0,0.0,1.0,0.0
107891,EW1,90.0,90.0,0.0,1.0,0.0
107892,EW1,90.0,90.0,0.0,1.0,0.0
107893,EW1,90.0,90.0,0.0,1.0,0.0
107894,EW1,90.0,90.0,0.0,1.0,0.0
107895,EW1,90.0,90.0,0.0,1.0,0.0
107896,EW1,90.0,90.0,0.0,1.0,0.0
107897,EW1,90.0,90.0,0.0,1.0,0.0
107898,EW1,90.0,90.0,0.0,1.0,0.0
107899,EW1,90.0,90.0,0.0,1.0,0.0
107900,EW1,90.0,90.0,0.0,1.0,0.0
107901,EW1,90.0,90.0,0.0,1.0,0.0
107902,EW1,90.0,90.0,0.0,1.0,0.0
107903,EW1,90.0,90.0,0.0,1.0,0.0
107904,EW1,90.0,90.0,0.0,1.0,0.0
107905,EW1,90.0,90.0,0.0,1.0,0.0
107906,EW1,90.0,90.0,0.0,1.0,0.0
107907,EW1,90.0,90.0,0.0,1.0,0.0
107908,EW1,90.0,90.0,0.0,1.0,0.0
107909,EW1,90.0,90.0,0.0,1.0,0.0
107910,EW1,90.0,90.0,0.0,1.0,0.0
107911,EW1,90.0,90.0,0.0,1.0,0.0
107912,EW1,90.0,90.0,0.0,1.0,0.0
107913,EW1,90.0,90.0,0.0,1.0,0.0
107914,EW1,90.0,90.0,0.0,1.0,0.0
107915,EW1,90.0,90.0,0.0,1.0,0.0
107916,EW1,90.0,90.0,0.0,1.0,0.0
107917,EW1,90.0,90.0,0.0,1.0,0.0
107918,EW1,90.0,90.0,0.0,1.0,0.0
107919,EW1,90.0,90.0,0.0,1.0,0.0
115425,EW1,90.0,90.0,0.0,1.0,0.0
115426,EW1,90.0,90.0,0.0,1.0,0.0
115427,EW1,90.0,90.0,0.0,1.0,0.0
115428,EW1,90.0,90.0,0.0,1.0,0.0
115429,EW1,90.0,90.0,0.0,1.0,0.0
115430,EW1,90.0,90.0,0.0,1.0,0.0
115431,EW1,90.0,90.0,0.0,1.0,0.0
115432,EW1,90.0,90.0,0.0,1.0,0.0
115433,EW1,90.0,90.0,0.0,1.0,0.0
115434,EW1,90.0,90.0,0.0,1.0,0.0
115435,EW1,90.0,90.0,0.0,1.0,0.0
115436,EW1,90.0,90.0,0.0,1.0,0.0
115437,EW1,90.0,90.0,0.0,1.0,0.0
115438,EW1,90.0,90.0,0.0,1.0,0.0
115439,EW1,90.0,90.0,0.0,1.0,0.0
115440,EW1,90.0,90.0,0.0,1.0,0.0
115441,EW1,90.0,90.0,0.0,1.0,0.0
115442,EW1,90.0,90.0,0.0,1.0,0.0
115443,EW1,90.0,90.0,0.0,1.0,0.0
115444,EW1,90.0,90.0,0.0,1.0,0.0
115445,EW1,90.0,90.0,0.0,1.0,0.0
115446,EW1,90.0,90.0,0.0,1.0,0.0
115447,EW1,90.0,90.0,0.0,1.0,0.0
115448,EW1,90.0,90.0,0.0,1.0,0.0
115449,EW1,90.0,90.0,0.0,1.0,0.0
115450,EW1,90.0,90.0,0.0,1.0,0.0
115451,EW1,90.0,90.0,0.0,1.0,0.0
115452,EW1,90.0,90.0,0.0,1.0,0.0
115453,EW1,90.0,90.0,0.0,1.0,0.0
115454,EW1,90.0,90.0,0.0,1.0,0.0
115455,EW1,90.0,90.0,0.0,1.0,0.0
115456,EW1,90.0,90.0,0.0,1.0,0.0
115457,EW1,90.0,90.0,0.0,1.0,0.0
115458,EW1,90.0,90.0,0.0,1.0,0.0
115459,EW1,90.0,90.0,0.0,1.0,0.0
115460,EW1,90.0,90.0,0.0,1.0,0.0
115461,EW1,90.0,90.0,0.0,1.0,0.0
115462,EW1,90.0,90.0,0.0,1.0,0.0
115463,EW1,90.0,90.0,0.0,1.0,0.0
115464,EW1,90.0,90.0,0.0,1.0,0.0
115465,EW1,90.0,90.0,0.0,1.0,0.0
115466,EW1,90.0,90.0,0.0,1.0,0.0
115467,EW1,90.0,90.0,0.0,1.0,0.0
115468,EW1,90.0,90.0,0.0,1.0,0.0
115469,EW1,90.0,90.0,0.0,1.0,0.0
115470,EW1,90.0,90.0,0.0,1.0,0.0
115471,EW1,90.0,90.0,0.0,1.0,0.0
115472,EW1,90.0,90.0,0.0,1.0,0.0
115473,EW1,90.0,90.0,0.0,1.0,0.0
115474,EW1,90.0,90.0,0.0,1.0,0.0
115475,EW1,90.0,90.0,0.0,1.0,0.0
115476,EW1,90.0,90.0,0.0,1.0,0.0
115477,EW1,90.0,90.0,0.0,1.0,0.0
115478,EW1,90.0,90.0,0.0,1.0,0.0
115479,EW1,90.0,90.0,0.0,1.0,0.0
115480,EW1,90.0,90.0,0.0,1.0,0.0
115481,EW1,90.0,90.0,0.0,1.0,0.0
115482,EW1,90.0,90.0,0.0,1.0,0.0
115483,EW1,90.0,90.0,0.0,1.0,0.0
115484,EW1,90.0,90.0,0.0,1.0,0.0
115485,EW1,90.0,90.0,0.0,1.0,0.0
115486,EW1,90.0,90.0,0.0,1.0,0.0
115487,EW1,90.0,90.0,0.0,1.0,0.0
115488,EW1,90.0,90.0,0.0,1.0,0.0
115489,EW1,90.0,90.0,0.0,1.0,0.0
115490,EW1,90.0,90.0,0.0,1.0,0.0
115491,EW1,90.0,90.0,0.0,1.0,0.0
115492,EW1,90.0,90.0,0.0,1.0,0.0
115493,EW1,90.0,90.0,0.0,1.0,0.0
115494,EW1,90.0,90.0,0.0,1.0,0.0
115495,EW1,90.0,90.0,0.0,1.0,0.0
115496,EW1,90.0,90.0,0.0,1.0,0.0
115497,EW1,90.0,90.0,0.0,1.0,0.0
115498,EW1,90.0,90.0,0.0,1.0,0.0
115499,EW1,90.0,90.0,0.0,1.0,0.0
115500,EW1,90.0,90.0,0.0,1.0,0.0
115501,EW1,90.0,90.0,0.0,1.0,0.0
115502,EW1,90.0,90.0,0.0,1.0,0.0
115503,EW1,90.0,90.0,0.0,1.0,0.0
115504,EW1,90.0,90.0,0.0,1.0,0.0
115505,EW1,90.0,90.0,0.0,1.0,0.0
115506,EW1,90.0,90.0,0.0,1.0,0.0
115507,EW1,90.0,90.0,0.0,1.0,0.0
115508,EW1,90.0,90.0,0.0,1.0,0.0
115509,EW1,90.0,90.0,0.0,1.0,0.0
115510,EW1,90.0,90.0,0.0,1.0,0.0
115511,EW1,90.0,90.0,0.0,1.0,0.0
115512,EW1,90.0,90.0,0.0,1.0,0.0
115513,EW1,90.0,90.0,0.0,1.0,0.0
115514,EW1,90.0,90.0,0.0,1.0,0.0
115515,EW1,90.0,90.0,0.0,1.0,0.0
115516,EW1,90.0,90.0,0.0,1.0,0.0
115517,EW1,90.0,90.0,0.0,1.0,0.0
115518,EW1,90.0,90.0,0.0,1.0,0.0
115519,EW1,90.0,90.0,0.0,1.0,0.0
123025,EW1,90.0,90.0,0.0,1.0,0.0
123026,EW1,90.0,90.0,0.0,1.0,0.0
123027,EW1,90.0,90.0,0.0,1.0,0.0
123028,EW1,90.0,90.0,0.0,1.0,0.0
123029,EW1,90.0,90.0,0.0,1.0,0.0
123030,EW1,90.0,90.0,0.0,1.0,0.0
123031,EW1,90.0,90.0,0.0,1.0,0.0
123032,EW1,90.0,90.0,0.0,1.0,0.0
123033,EW1,90.0,90.0,0.0,1.0,0.0
123034,EW1,90.0,90.0,0.0,1.0,0.0
123035,EW1,90.0,90.0,0.0,1.0,0.0
123036,EW1,90.0,90.0,0.0,1.0,0.0
123037,EW1,90.0,90.0,0.0,1.0,0.0
123038,EW1,90.0,90.0,0.0,1.0,0.0
123039,EW1,90.0,90.0,0.0,1.0,0.0
123040,EW1,90.0,90.0,0.0,1.0,0.0
123041,EW1,90.0,90.0,0.0,1.0,0.0
123042,EW1,90.0,90.0,0.0,1.0,0.0
123043,EW1,90.0,90.0,0.0,1.0,0.0
123044,EW1,90.0,90.0,0.0,1.0,0.0
123045,EW1,90.0,90.0,0.0,1.0,0.0
123046,EW1,90.0,90.0,0.0,1.0,0.0
123047,EW1,90.0,90.0,0.0,1.0,0.0
123048,EW1,90.0,90.0,0.0,1.0,0.0
123049,EW1,90.0,90.0,0.0,1.0,0.0
123050,EW1,90.0,90.0,0.0,1.0,0.0
123051,EW1,90.0,90.0,0.0,1.0,0.0
123052,EW1,90.0,90.0,0.0,1.0,0.0
123053,EW1,90.0,90.0,0.0,1.0,0.0
123054,EW1,90.0,90.0,0.0,1.0,0.0
123055,EW1,90.0,90.0,0.0,1.0,0.0
123056,EW1,90.0,90.0,0.0,1.0,0.0
123057,EW1,90.0,90.0,0.0,1.0,0.0
123058,EW1,90.0,90.0,0.0,1.0,0.0
123059,EW1,90.0,90.0,0.0,1.0,0.0
123060,EW1,90.0,90.0,0.0,1.0,0.0
123061,EW1,90.0,90.0,0.0,1.0,0.0
123062,EW1,90.0,90.0,0.0,1.0,0.0
123063,EW1,90.0,90.0,0.0,1.0,0.0
123064,EW1,90.0,90.0,0.0,1.0,0.0
123065,EW1,90.0,90.0,0.0,1.0,0.0
123066,EW1,90.0,90.0,0.0,1.0,0.0
123067,EW1,90.0,90.0,0.0,1.0,0.0
123068,EW1,90.0,90.0,0.0,1.0,0.0
123069,EW1,90.0,90.0,0.0,1.0,0.0
123070,EW1,90.0,90.0,0.0,1.0,0.0
123071,EW1,90.0,90.0,0.0,1.0,0.0
123072,EW1,90.0,90.0,0.0,1.0,0.0
123073,EW1,90.0,90.0,0.0,1.0,0.0
123074,EW1,90.0,90.0,0.0,1.0,0.0
123075,EW1,90.0,90.0,0.0,1.0,0.0
123076,EW1,90.0,90.0,0.0,1.0,0.0
123077,EW1,90.0,90.0,0.0,1.0,0.0
123078,EW1,90.0,90.0,0.0,1.0,0.0
123079,EW1,90.0,90.0,0.0,1.0,0.0
123080,EW1,90.0,90.0,0.0,1.0,0.0
123081,EW1,90.0,90.0,0.0,1.0,0.0
123082,EW1,90.0,90.0,0.0,1.0,0.0
123083,EW1,90.0,90.0,0.0,1.0,0.0
123084,EW1,90.0,90.0,0.0,1.0,0.0
123085,EW1,90.0,90.0,0.0,1.0,0.0
123086,EW1,90.0,90.0,0.0,1.0,0.0
123087,EW1,90.0,90.0,0.0,1.0,0.0
123088,EW1,90.0,90.0,0.0,1.0,0.0
123089,EW1,90.0,90.0,0.0,1.0,0.0
123090,EW1,90.0,90.0,0.0,1.0,0.0
123091,EW1,90.0,90.0,0.0,1.0,0.0
123092,EW1,90.0,90.0,0.0,1.0,0.0
123093,EW1,90.0,90.0,0.0,1.0,0.0
123094,EW1,90.0,90.0,0.0,1.0,0.0
123095,EW1,90.0,90.0,0.0,1.0,0.0
123096,EW1,90.0,90.0,0.0,1.0,0.0
123097,EW1,90.0,90.0,0.0,1.0,0.0
123098,EW1,90.0,90.0,0.0,1.0,0.0
123099,EW1,90.0,90.0,0.0,1.0,0.0
123100,EW1,90.0,90.0,0.0,1.0,0.0
123101,EW1,90.0,90.0,0.0,1.0,0.0
123102,EW1,90.0,90.0,0.0,1.0,0.0
123103,EW1,90.0,90.0,0.0,1.0,0.0
123104,EW1,90.0,90.0,0.0,1.0,0.0
123105,EW1,90.0,90.0,0.0,1.0,0.0
123106,EW1,90.0,90.0,0.0,1.0,0.0
123107,EW1,90.0,90.0,0.0,1.0,0.0
123108,EW1,90.0,90.0,0.0,1.0,0.0
123109,EW1,90.0,90.0,0.0,1.0,0.0
123110,EW1,90.0,90.0,0.0,1.0,0.0
123111,EW1,90.0,90.0,0.0,1.0,0.0
123112,EW1,90.0,90.0,0.0,1.0,0.0
123113,EW1,90.0,90.0,0.0,1.0,0.0
123114,EW1,90.0,90.0,0.0,1.0,0.0
123115,EW1,90.0,90.0,0.0,1.0,0.0
123116,EW1,90.0,90.0,0.0,1.0,0.0
123117,EW1,90.0,90.0,0.0,1.0,0.0
123118,EW1,90.0,90.0,0.0,1.0,0.0
123119,EW1,90.0,90.0,0.0,1.0,0.0
130625,EW1,90.0,90.0,0.0,1.0,0.0
130626,EW1,90.0,90.0,0.0,1.0,0.0
130627,EW1,90.0,90.0,0.0,1.0,0.0
130628,EW1,90.0,90.0,0.0,1.0,0.0
130629,EW1,90.0,90.0,0.0,1.0,0.0
130630,EW1,90.0,90.0,0.0,1.0,0.0
130631,EW1,90.0,90.0,0.0,1.0,0.0
130632,EW1,90.0,90.0,0.0,1.0,0.0
130633,EW1,90.0,90.0,0.0,1.0,0.0
130634,EW1,90.0,90.0,0.0,1.0,0.0
130635,EW1,90.0,90.0,0.0,1.0,0.0
130636,EW1,90.0,90.0,0.0,1.0,0.0
130637,EW1,90.0,90.0,0.0,1.0,0.0
130638,EW1,90.0,90.0,0.0,1.0,0.0
130639,EW1,90.0,90.0,0.0,1.0,0.0
130640,EW1,90.0,90.0,0.0,1.0,0.0
130641,EW1,90.0,90.0,0.0,1.0,0.0
130642,EW1,90.0,90.0,0.0,1.0,0.0
130643,EW1,90.0,90.0,0.0,1.0,0.0
130644,EW1,90.0,90.0,0.0,1.0,0.0
130645,EW1,90.0,90.0,0.0,1.0,0.0
130646,EW1,90.0,90.0,0.0,1.0,0.0
130647,EW1,90.0,90.0,0.0,1.0,0.0
130648,EW1,90.0,90.0,0.0,1.0,0.0
130649,EW1,90.0,90.0,0.0,1.0,0.0
130650,EW1,90.0,90.0,0.0,1.0,0.0
130651,EW1,90.0,90.0,0.0,1.0,0.0
130652,EW1,90.0,90.0,0.0,1.0,0.0
130653,EW1,90.0,90.0,0.0,1.0,0.0
130654,EW1,90.0,90.0,0.0,1.0,0.0
130655,EW1,90.0,90.0,0.0,1.0,0.0
130656,EW1,90.0,90.0,0.0,1.0,0.0
130657,EW1,90.0,90.0,0.0,1.0,0.0
130658,EW1,90.0,90.0,0.0,1.0,0.0
130659,EW1,90.0,90.0,0.0,1.0,0.0
130660,EW1,90.0,90.0,0.0,1.0,0.0
130661,EW1,90.0,90.0,0.0,1.0,0.0
130662,EW1,90.0,90.0,0.0,1.0,0.0
130663,EW1,90.0,90.0,0.0,1.0,0.0
130664,EW1,90.0,90.0,0.0,1.0,0.0
130665,EW1,90.0,90.0,0.0,1.0,0.0
130666,EW1,90.0,90.0,0.0,1.0,0.0
130667,EW1,90.0,90.0,0.0,1.0,0.0
130668,EW1,90.0,90.0,0.0,1.0,0.0
130669,EW1,90.0,90.0,0.0,1.0,0.0
130670,EW1,90.0,90.0,0.0,1.0,0.0
130671,EW1,90.0,90.0,0.0,1.0,0.0
130672,EW1,90.0,90.0,0.0,1.0,0.0
130673,EW1,90.0,90.0,0.0,1.0,0.0
130674,EW1,90.0,90.0,0.0,1.0,0.0
130675,EW1,90.0,90.0,0.0,1.0,0.0
130676,EW1,90.0,90.0,0.0,1.0,0.0
130677,EW1,90.0,90.0,0.0,1.0,0.0
130678,EW1,90.0,90.0,0.0,1.0,0.0
130679,EW1,90.0,90.0,0.0,1.0,0.0
130680,EW1,90.0,90.0,0.0,1.0,0.0
130681,EW1,90.0,90.0,0.0,1.0,0.0
130682,EW1,90.0,90.0,0.0,1.0,0.0
130683,EW1,90.0,90.0,0.0,1.0,0.0
130684,EW1,90.0,90.0,0.0,1.0,0.0
130685,EW1,90.0,90.0,0.0,1.0,0.0
130686,EW1,90.0,90.0,0.0,1.0,0.0
130687,EW1,90.0,90.0,0.0,1.0,0.0
130688,EW1,90.0,90.0,0.0,1.0,0.0
130689,EW1,90.0,90.0,0.0,1.0,0.0
130690,EW1,90.0,90.0,0.0,1.0,0.0
130691,EW1,90.0,90.0,0.0,1.0,0.0
130692,EW1,90.0,90.0,0.0,1.0,0.0
130693,EW1,90.0,90.0,0.0,1.0,0.0
130694,EW1,90.0,90.0,0.0,1.0,0.0
130695,EW1,90.0,90.0,0.0,1.0,0.0
130696,EW1,90.0,90.0,0.0,1.0,0.0
130697,EW1,90.0,90.0,0.0,1.0,0.0
130698,EW1,90.0,90.0,0.0,1.0,0.0
130699,EW1,90.0,90.0,0.0,1.0,0.0
130700,EW1,90.0,90.0,0.0,1.0,0.0
130701,EW1,90.0,90.0,0.0,1.0,0.0
130702,EW1,90.0,90.0,0.0,1.0,0.0
130703,EW1,90.0,90.0,0.0,1.0,0.0
130704,EW1,90.0,90.0,0.0,1.0,0.0
130705,EW1,90.0,90.0,0.0,1.0,0.0
130706,EW1,90.0,90.0,0.0,1.0,0.0
130707,EW1,90.0,90.0,0.0,1.0,0.0
130708,EW1,90.0,90.0,0.0,1.0,0.0
130709,EW1,90.0,90.0,0.0,1.0,0.0
130710,EW1,90.0,90.0,0.0,1.0,0.0
130711,EW1,90.0,90.0,0.0,1.0,0.0
130712,EW1,90.0,90.0,0.0,1.0,0.0
130713,EW1,90.0,90.0,0.0,1.0,0.0
130714,EW1,90.0,90.0,0.0,1.0,0.0
130715,EW1,90.0,90.0,0.0,1.0,0.0
130716,EW1,90.0,90.0,0.0,1.0,0.0
130717,EW1,90.0,90.0,0.0,1.0,0.0
130718,EW1,90.0,90.0,0.0,1.0,0.0
130719,EW1,90.0,90.0,0.0,1.0,0.0
138225,EW1,90.0,90.0,0.0,1.0,0.0
138226,EW1,90.0,90.0,0.0,1.0,0.0
138227,EW1,90.0,90.0,0.0,1.0,0.0
138228,EW1,90.0,90.0,0.0,1.0,0.0
138229,EW1,90.0,90.0,0.0,1.0,0.0
138230,EW1,90.0,90.0,0.0,1.0,0.0
138231,EW1,90.0,90.0,0.0,1.0,0.0
138232,EW1,90.0,90.0,0.0,1.0,0.0
138233,EW1,90.0,90.0,0.0,1.0,0.0
138234,EW1,90.0,90.0,0.0,1.0,0.0
138235,EW1,90.0,90.0,0.0,1.0,0.0
138236,EW1,90.0,90.0,0.0,1.0,0.0
138237,EW1,90.0,90.0,0.0,1.0,0.0
138238,EW1,90.0,90.0,0.0,1.0,0.0
138239,EW1,90.0,90.0,0.0,1.0,0.0
138240,EW1,90.0,90.0,0.0,1.0,0.0
138241,EW1,90.0,90.0,0.0,1.0,0.0
138242,EW1,90.0,90.0,0.0,1.0,0.0
138243,EW1,90.0,90.0,0.0,1.0,0.0
138244,EW1,90.0,90.0,0.0,1.0,0.0
138245,EW1,90.0,90.0,0.0,1.0,0.0
138246,EW1,90.0,90.0,0.0,1.0,0.0
138247,EW1,90.0,90.0,0.0,1.0,0.0
138248,EW1,90.0,90.0,0.0,1.0,0.0
138249,EW1,90.0,90.0,0.0,1.0,0.0
138250,EW1,90.0,90.0,0.0,1.0,0.0
138251,EW1,90.0,90.0,0.0,1.0,0.0
138252,EW1,90.0,90.0,0.0,1.0,0.0
138253,EW1,90.0,90.0,0.0,1.0,0.0
138254,EW1,90.0,90.0,0.0,1.0,0.0
138255,EW1,90.0,90.0,0.0,1.0,0.0
138256,EW1,90.0,90.0,0.0,1.0,0.0
138257,EW1,90.0,90.0,0.0,1.0,0.0
138258,EW1,90.0,90.0,0.0,1.0,0.0
138259,EW1,90.0,90.0,0.0,1.0,0.0
138260,EW1,90.0,90.0,0.0,1.0,0.0
138261,EW1,90.0,90.0,0.0,1.0,0.0
138262,EW1,90.0,90.0,0.0,1.0,0.0
138263,EW1,90.0,90.0,0.0,1.0,0.0
138264,EW1,90.0,90.0,0.0,1.0,0.0
138265,EW1,90.0,90.0,0.0,1.0,0.0
138266,EW1,90.0,90.0,0.0,1.0,0.0
138267,EW1,90.0,90.0,0.0,1.0,0.0
138268,EW1,90.0,90.0,0.0,1.0,0.0
138269,EW1,90.0,90.0,0.0,1.0,0.0
138270,EW1,90.0,90.0,0.0,1.0,0.0
138271,EW1,90.0,90.0,0.0,1.0,0.0
138272,EW1,90.0,90.0,0.0,1.0,0.0
138273,EW1,90.0,90.0,0.0,1.0,0.0
138274,EW1,90.0,90.0,0.0,1.0,0.0
138275,EW1,90.0,90.0,0.0,1.0,0.0
138276,EW1,90.0,90.0,0.0,1.0,0.0
138277,EW1,90.0,90.0,0.0,1.0,0.0
138278,EW1,90.0,90.0,0.0,1.0,0.0
138279,EW1,90.0,90.0,0.0,1.0,0.0
138280,EW1,90.0,90.0,0.0,1.0,0.0
138281,EW1,90.0,90.0,0.0,1.0,0.0
138282,EW1,90.0,90.0,0.0,1.0,0.0
138283,EW1,90.0,90.0,0.0,1.0,0.0
138284,EW1,90.0,90.0,0.0,1.0,0.0
138285,EW1,90.0,90.0,0.0,1.0,0.0
138286,EW1,90.0,90.0,0.0,1.0,0.0
138287,EW1,90.0,90.0,0.0,1.0,0.0
138288,EW1,90.0,90.0,0.0,1.0,0.0
138289,EW1,90.0,90.0,0.0,1.0,0.0
138290,EW1,90.0,90.0,0.0,1.0,0.0
138291,EW1,90.0,90.0,0.0,1.0,0.0
138292,EW1,90.0,90.0,0.0,1.0,0.0
138293,EW1,90.0,90.0,0.0,1.0,0.0
138294,EW1,90.0,90.0,0.0,1.0,0.0
138295,EW1,90.0,90.0,0.0,1.0,0.0
138296,EW1,90.0,90.0,0.0,1.0,0.0
138297,EW1,90.0,90.0,0.0,1.0,0.0
138298,EW1,90.0,90.0,0.0,1.0,0.0
138299,EW1,90.0,90.0,0.0,1.0,0.0
138300,EW1,90.0,90.0,0.0,1.0,0.0
138301,EW1,90.0,90.0,0.0,1.0,0.0
138302,EW1,90.0,90.0,0.0,1.0,0.0
138303,EW1,90.0,90.0,0.0,1.0,0.0
138304,EW1,90.0,90.0,0.0,1.0,0.0
138305,EW1,90.0,90.0,0.0,1.0,0.0
138306,EW1,90.0,90.0,0.0,1.0,0.0
138307,EW1,90.0,90.0,0.0,1.0,0.0
138308,EW1,90.0,90.0,0.0,1.0,0.0
138309,EW1,90.0,90.0,0.0,1.0,0.0
138310,EW1,90.0,90.0,0.0,1.0,0.0
138311,EW1,90.0,90.0,0.0,1.0,0.0
138312,EW1,90.0,90.0,0.0,1.0,0.0
138313,EW1,90.0,90.0,0.0,1.0,0.0
138314,EW1,90.0,90.0,0.0,1.0,0.0
138315,EW1,90.0,90.0,0.0,1.0,0.0
138316,EW1,90.0,90.0,0.0,1.0,0.0
138317,EW1,90.0,90.0,0.0,1.0,0.0
138318,EW1,90.0,90.0,0.0,1.0,0.0
138319,EW1,90.0,90.0,0.0,1.0,0.0
145825,EW1,90.0,90.0,0.0,1.0,0.0
145826,EW1,90.0,90.0,0.0,1.0,0.0
145827,EW1,90.0,90.0,0.0,1.0,0.0
145828,EW1,90.0,90.0,0.0,1.0,0.0
145829,EW1,90.0,90.0,0.0,1.0,0.0
145830,EW1,90.0,90.0,0.0,1.0,0.0
145831,EW1,90.0,90.0,0.0,1.0,0.0
145832,EW1,90.0,90.0,0.0,1.0,0.0
145833,EW1,90.0,90.0,0.0,1.0,0.0
145834,EW1,90.0,90.0,0.0,1.0,0.0
145835,EW1,90.0,90.0,0.0,1.0,0.0
145836,EW1,90.0,90.0,0.0,1.0,0.0
145837,EW1,90.0,90.0,0.0,1.0,0.0
145838,EW1,90.0,90.0,0.0,1.0,0.0
145839,EW1,90.0,90.0,0.0,1.0,0.0
145840,EW1,90.0,90.0,0.0,1.0,0.0
145841,EW1,90.0,90.0,0.0,1.0,0.0
145842,EW1,90.0,90.0,0.0,1.0,0.0
145843,EW1,90.0,90.0,0.0,1.0,0.0
145844,EW1,90.0,90.0,0.0,1.0,0.0
145845,EW1,90.0,90.0,0.0,1.0,0.0
145846,EW1,90.0,90.0,0.0,1.0,0.0
145847,EW1,90.0,90.0,0.0,1.0,0.0
145848,EW1,90.0,90.0,0.0,1.0,0.0
145849,EW1,90.0,90.0,0.0,1.0,0.0
145850,EW1,90.0,90.0,0.0,1.0,0.0
145851,EW1,90.0,90.0,0.0,1.0,0.0
145852,EW1,90.0,90.0,0.0,1.0,0.0
145853,EW1,90.0,90.0,0.0,1.0,0.0
145854,EW1,90.0,90.0,0.0,1.0,0.0
145855,EW1,90.0,90.0,0.0,1.0,0.0
145856,EW1,90.0,90.0,0.0,1.0,0.0
145857,EW1,90.0,90.0,0.0,1.0,0.0
145858,EW1,90.0,90.0,0.0,1.0,0.0
145859,EW1,90.0,90.0,0.0,1.0,0.0
145860,EW1,90.0,90.0,0.0,1.0,0.0
145861,EW1,90.0,90.0,0.0,1.0,0.0
145862,EW1,90.0,90.0,0.0,1.0,0.0
145863,EW1,90.0,90.0,0.0,1.0,0.0
145864,EW1,90.0,90.0,0.0,1.0,0.0
145865,EW1,90.0,90.0,0.0,1.0,0.0
145866,EW1,90.0,90.0,0.0,1.0,0.0
145867,EW1,90.0,90.0,0.0,1.0,0.0
145868,EW1,90.0,90.0,0.0,1.0,0.0
145869,EW1,90.0,90.0,0.0,1.0,0.0
145870,EW1,90.0,90.0,0.0,1.0,0.0
145871,EW1,90.0,90.0,0.0,1.0,0.0
145872,EW1,90.0,90.0,0.0,1.0,0.0
145873,EW1,90.0,90.0,0.0,1.0,0.0
145874,EW1,90.0,90.0,0.0,1.0,0.0
145875,EW1,90.0,90.0,0.0,1.0,0.0
145876,EW1,90.0,90.0,0.0,1.0,0.0
145877,EW1,90.0,90.0,0.0,1.0,0.0
145878,EW1,90.0,90.0,0.0,1.0,0.0
145879,EW1,90.0,90.0,0.0,1.0,0.0
145880,EW1,90.0,90.0,0.0,1.0,0.0
145881,EW1,90.0,90.0,0.0,1.0,0.0
145882,EW1,90.0,90.0,0.0,1.0,0.0
145883,EW1,90.0,90.0,0.0,1.0,0.0
145884,EW1,90.0,90.0,0.0,1.0,0.0
145885,EW1,90.0,90.0,0.0,1.0,0.0
145886,EW1,90.0,90.0,0.0,1.0,0.0
145887,EW1,90.0,90.0,0.0,1.0,0.0
145888,EW1,90.0,90.0,0.0,1.0,0.0
145889,EW1,90.0,90.0,0.0,1.0,0.0
145890,EW1,90.0,90.0,0.0,1.0,0.0
145891,EW1,90.0,90.0,0.0,1.0,0.0
145892,EW1,90.0,90.0,0.0,1.0,0.0
145893,EW1,90.0,90.0,0.0,1.0,0.0
145894,EW1,90.0,90.0,0.0,1.0,0.0
145895,EW1,90.0,90.0,0.0,1.0,0.0
145896,EW1,90.0,90.0,0.0,1.0,0.0
145897,EW1,90.0,90.0,0.0,1.0,0.0
145898,EW1,90.0,90.0,0.0,1.0,0.0
145899,EW1,90.0,90.0,0.0,1.0,0.0
145900,EW1,90.0,90.0,0.0,1.0,0.0
145901,EW1,90.0,90.0,0.0,1.0,0.0
145902,EW1,90.0,90.0,0.0,1.0,0.0
145903,EW1,90.0,90.0,0.0,1.0,0.0
145904,EW1,90.0,90.0,0.0,1.0,0.0
145905,EW1,90.0,90.0,0.0,1.0,0.0
145906,EW1,90.0,90.0,0.0,1.0,0.0
145907,EW1,90.0,90.0,0.0,1.0,0.0
145908,EW1,90.0,90.0,0.0,1.0,0.0
145909,EW1,90.0,90.0,0.0,1.0,0.0
145910,EW1,90.0,90.0,0.0,1.0,0.0
145911,EW1,90.0,90.0,0.0,1.0,0.0
145912,EW1,90.0,90.0,0.0,1.0,0.0
145913,EW1,90.0,90.0,0.0,1.0,0.0
145914,EW1,90.0,90.0,0.0,1.0,0.0
145915,EW1,90.0,90.0,0.0,1.0,0.0
145916,EW1,90.0,90.0,0.0,1.0,0.0
145917,EW1,90.0,90.0,0.0,1.0,0.0
145918,EW1,90.0,90.0,0.0,1.0,0.0
145919,EW1,90.0,90.0,0.0,1.0,0.0
153425,EW1,90.0,90.0,0.0,1.0,0.0
153426,EW1,90.0,90.0,0.0,1.0,0.0
153427,EW1,90.0,90.0,0.0,1.0,0.0
153428,EW1,90.0,90.0,0.0,1.0,0.0
153429,EW1,90.0,90.0,0.0,1.0,0.0
153430,EW1,90.0,90.0,0.0,1.0,0.0
153431,EW1,90.0,90.0,0.0,1.0,0.0
153432,EW1,90.0,90.0,0.0,1.0,0.0
153433,EW1,90.0,90.0,0.0,1.0,0.0
153434,EW1,90.0,90.0,0.0,1.0,0.0
153435,EW1,90.0,90.0,0.0,1.0,0.0
153436,EW1,90.0,90.0,0.0,1.0,0.0
153437,EW1,90.0,90.0,0.0,1.0,0.0
153438,EW1,90.0,90.0,0.0,1.0,0.0
153439,EW1,90.0,90.0,0.0,1.0,0.0
153440,EW1,90.0,90.0,0.0,1.0,0.0
153441,EW1,90.0,90.0,0.0,1.0,0.0
153442,EW1,90.0,90.0,0.0,1.0,0.0
153443,EW1,90.0,90.0,0.0,1.0,0.0
153444,EW1,90.0,90.0,0.0,1.0,0.0
153445,EW1,90.0,90.0,0.0,1.0,0.0
153446,EW1,90.0,90.0,0.0,1.0,0.0
153447,EW1,90.0,90.0,0.0,1.0,0.0
153448,EW1,90.0,90.0,0.0,1.0,0.0
153449,EW1,90.0,90.0,0.0,1.0,0.0
153450,EW1,90.0,90.0,0.0,1.0,0.0
153451,EW1,90.0,90.0,0.0,1.0,0.0
153452,EW1,90.0,90.0,0.0,1.0,0.0
153453,EW1,90.0,90.0,0.0,1.0,0.0
153454,EW1,90.0,90.0,0.0,1.0,0.0
153455,EW1,90.0,90.0,0.0,1.0,0.0
153456,EW1,90.0,90.0,0.0,1.0,0.0
153457,EW1,90.0,90.0,0.0,1.0,0.0
153458,EW1,90.0,90.0,0.0,1.0,0.0
153459,EW1,90.0,90.0,0.0,1.0,0.0
153460,EW1,90.0,90.0,0.0,1.0,0.0
153461,EW1,90.0,90.0,0.0,1.0,0.0
153462,EW1,90.0,90.0,0.0,1.0,0.0
153463,EW1,90.0,90.0,0.0,1.0,0.0
153464,EW1,90.0,90.0,0.0,1.0,0.0
153465,EW1,90.0,90.0,0.0,1.0,0.0
153466,EW1,90.0,90.0,0.0,1.0,0.0
153467,EW1,90.0,90.0,0.0,1.0,0.0
153468,EW1,90.0,90.0,0.0,1.0,0.0
153469,EW1,90.0,90.0,0.0,1.0,0.0
153470,EW1,90.0,90.0,0.0,1.0,0.0
153471,EW1,90.0,90.0,0.0,1.0,0.0
153472,EW1,90.0,90.0,0.0,1.0,0.0
153473,EW1,90.0,90.0,0.0,1.0,0.0
153474,EW1,90.0,90.0,0.0,1.0,0.0
153475,EW1,90.0,90.0,0.0,1.0,0.0
153476,EW1,90.0,90.0,0.0,1.0,0.0
153477,EW1,90.0,90.0,0.0,1.0,0.0
153478,EW1,90.0,90.0,0.0,1.0,0.0
153479,EW1,90.0,90.0,0.0,1.0,0.0
153480,EW1,90.0,90.0,0.0,1.0,0.0
153481,EW1,90.0,90.0,0.0,1.0,0.0
153482,EW1,90.0,90.0,0.0,1.0,0.0
153483,EW1,90.0,90.0,0.0,1.0,0.0
153484,EW1,90.0,90.0,0.0,1.0,0.0
153485,EW1,90.0,90.0,0.0,1.0,0.0
153486,EW1,90.0,90.0,0.0,1.0,0.0
153487,EW1,90.0,90.0,0.0,1.0,0.0
153488,EW1,90.0,90.0,0.0,1.0,0.0
153489,EW1,90.0,90.0,0.0,1.0,0.0
153490,EW1,90.0,90.0,0.0,1.0,0.0
153491,EW1,90.0,90.0,0.0,1.0,0.0
153492,EW1,90.0,90.0,0.0,1.0,0.0
153493,EW1,90.0,90.0,0.0,1.0,0.0
153494,EW1,90.0,90.0,0.0,1.0,0.0
153495,EW1,90.0,90.0,0.0,1.0,0.0
153496,EW1,90.0,90.0,0.0,1.0,0.0
153497,EW1,90.0,90.0,0.0,1.0,0.0
153498,EW1,90.0,90.0,0.0,1.0,0.0
153499,EW1,90.0,90.0,0.0,1.0,0.0
153500,EW1,90.0,90.0,0.0,1.0,0.0
153501,EW1,90.0,90.0,0.0,1.0,0.0
153502,EW1,90.0,90.0,0.0,1.0,0.0
153503,EW1,90.0,90.0,0.0,1.0,0.0
153504,EW1,90.0,90.0,0.0,1.0,0.0
153505,EW1,90.0,90.0,0.0,1.0,0.0
153506,EW1,90.0,90.0,0.0,1.0,0.0
153507,EW1,90.0,90.0,0.0,1.0,0.0
153508,EW1,90.0,90.0,0.0,1.0,0.0
153509,EW1,90.0,90.0,0.0,1.0,0.0
153510,EW1,90.0,90.0,0.0,1.0,0.0
153511,EW1,90.0,90.0,0.0,1.0,0.0
153512,EW1,90.0,90.0,0.0,1.0,0.0
153513,EW1,90.0,90.0,0.0,1.0,0.0
153514,EW1,90.0,90.0,0.0,1.0,0.0
153515,EW1,90.0,90.0,0.0,1.0,0.0
153516,EW1,90.0,90.0,0.0,1.0,0.0
153517,EW1,90.0,90.0,0.0,1.0,0.0
153518,EW1,90.0,90.0,0.0,1.0,0.0
153519,EW1,90.0,90.0,0.0,1.0,0.0
161025,EW1,90.0,90.0,0.0,1.0,0.0
161026,EW1,90.0,90.0,0.0,1.0,0.0
161027,EW1,90.0,90.0,0.0,1.0,0.0
161028,EW1,90.0,90.0,0.0,1.0,0.0
161029,EW1,90.0,90.0,0.0,1.0,0.0
161030,EW1,90.0,90.0,0.0,1.0,0.0
161031,EW1,90.0,90.0,0.0,1.0,0.0
161032,EW1,90.0,90.0,0.0,1.0,0.0
161033,EW1,90.0,90.0,0.0,1.0,0.0
161034,EW1,90.0,90.0,0.0,1.0,0.0
161035,EW1,90.0,90.0,0.0,1.0,0.0
161036,EW1,90.0,90.0,0.0,1.0,0.0
161037,EW1,90.0,90.0,0.0,1.0,0.0
161038,EW1,90.0,90.0,0.0,1.0,0.0
161039,EW1,90.0,90.0,0.0,1.0,0.0
161040,EW1,90.0,90.0,0.0,1.0,0.0
161041,EW1,90.0,90.0,0.0,1.0,0.0
161042,EW1,90.0,90.0,0.0,1.0,0.0
161043,EW1,90.0,90.0,0.0,1.0,0.0
161044,EW1,90.0,90.0,0.0,1.0,0.0
161045,EW1,90.0,90.0,0.0,1.0,0.0
161046,EW1,90.0,90.0,0.0,1.0,0.0
161047,EW1,90.0,90.0,0.0,1.0,0.0
161048,EW1,90.0,90.0,0.0,1.0,0.0
161049,EW1,90.0,90.0,0.0,1.0,0.0
161050,EW1,90.0,90.0,0.0,1.0,0.0
161051,EW1,90.0,90.0,0.0,1.0,0.0
161052,EW1,90.0,90.0,0.0,1.0,0.0
161053,EW1,90.0,90.0,0.0,1.0,0.0
161054,EW1,90.0,90.0,0.0,1.0,0.0
161055,EW1,90.0,90.0,0.0,1.0,0.0
161056,EW1,90.0,90.0,0.0,1.0,0.0
161057,EW1,90.0,90.0,0.0,1.0,0.0
161058,EW1,90.0,90.0,0.0,1.0,0.0
161059,EW1,90.0,90.0,0.0,1.0,0.0
161060,EW1,90.0,90.0,0.0,1.0,0.0
161061,EW1,90.0,90.0,0.0,1.0,0.0
161062,EW1,90.0,90.0,0.0,1.0,0.0
161063,EW1,90.0,90.0,0.0,1.0,0.0
161064,EW1,90.0,90.0,0.0,1.0,0.0
161065,EW1,90.0,90.0,0.0,1.0,0.0
161066,EW1,90.0,90.0,0.0,1.0,0.0
161067,EW1,90.0,90.0,0.0,1.0,0.0
161068,EW1,90.0,90.0,0.0,1.0,0.0
161069,EW1,90.0,90.0,0.0,1.0,0.0
161070,EW1,90.0,90.0,0.0,1.0,0.0
161071,EW1,90.0,90.0,0.0,1.0,0.0
161072,EW1,90.0,90.0,0.0,1.0,0.0
161073,EW1,90.0,90.0,0.0,1.0,0.0
161074,EW1,90.0,90.0,0.0,1.0,0.0
161075,EW1,90.0,90.0,0.0,1.0,0.0
161076,EW1,90.0,90.0,0.0,1.0,0.0
161077,EW1,90.0,90.0,0.0,1.0,0.0
161078,EW1,90.0,90.0,0.0,1.0,0.0
161079,EW1,90.0,90.0,0.0,1.0,0.0
161080,EW1,90.0,90.0,0.0,1.0,0.0
161081,EW1,90.0,90.0,0.0,1.0,0.0
161082,EW1,90.0,90.0,0.0,1.0,0.0
161083,EW1,90.0,90.0,0.0,1.0,0.0
161084,EW1,90.0,90.0,0.0,1.0,0.0
161085,EW1,90.0,90.0,0.0,1.0,0.0
161086,EW1,90.0,90.0,0.0,1.0,0.0
161087,EW1,90.0,90.0,0.0,1.0,0.0
161088,EW1,90.0,90.0,0.0,1.0,0.0
161089,EW1,90.0,90.0,0.0,1.0,0.0
161090,EW1,90.0,90.0,0.0,1.0,0.0
161091,EW1,90.0,90.0,0.0,1.0,0.0
161092,EW1,90.0,90.0,0.0,1.0,0.0
161093,EW1,90.0,90.0,0.0,1.0,0.0
161094,EW1,90.0,90.0,0.0,1.0,0.0
161095,EW1,90.0,90.0,0.0,1.0,0.0
161096,EW1,90.0,90.0,0.0,1.0,0.0
161097,EW1,90.0,90.0,0.0,1.0,0.0
161098,EW1,90.0,90.0,0.0,1.0,0.0
161099,EW1,90.0,90.0,0.0,1.0,0.0
161100,EW1,90.0,90.0,0.0,1.0,0.0
161101,EW1,90.0,90.0,0.0,1.0,0.0
161102,EW1,90.0,90.0,0.0,1.0,0.0
161103,EW1,90.0,90.0,0.0,1.0,0.0
161104,EW1,90.0,90.0,0.0,1.0,0.0
161105,EW1,90.0,90.0,0.0,1.0,0.0
161106,EW1,90.0,90.0,0.0,1.0,0.0
161107,EW1,90.0,90.0,0.0,1.0,0.0
161108,EW1,90.0,90.0,0.0,1.0,0.0
161109,EW1,90.0,90.0,0.0,1.0,0.0
161110,EW1,90.0,90.0,0.0,1.0,0.0
161111,EW1,90.0,90.0,0.0,1.0,0.0
161112,EW1,90.0,90.0,0.0,1.0,0.0
161113,EW1,90.0,90.0,0.0,1.0,0.0
161114,EW1,90.0,90.0,0.0,1.0,0.0
161115,EW1,90.0,90.0,0.0,1.0,0.0
161116,EW1,90.0,90.0,0.0,1.0,0.0
161117,EW1,90.0,90.0,0.0,1.0,0.0
161118,EW1,90.0,90.0,0.0,1.0,0.0
161119,EW1,90.0,90.0,0.0,1.0,0.0
168625,EW1,90.0,90.0,0.0,1.0,0.0
168626,EW1,90.0,90.0,0.0,1.0,0.0
168627,EW1,90.0,90.0,0.0,1.0,0.0
168628,EW1,90.0,90.0,0.0,1.0,0.0
168629,EW1,90.0,90.0,0.0,1.0,0.0
168630,EW1,90.0,90.0,0.0,1.0,0.0
168631,EW1,90.0,90.0,0.0,1.0,0.0
168632,EW1,90.0,90.0,0.0,1.0,0.0
168633,EW1,90.0,90.0,0.0,1.0,0.0
168634,EW1,90.0,90.0,0.0,1.0,0.0
168635,EW1,90.0,90.0,0.0,1.0,0.0
168636,EW1,90.0,90.0,0.0,1.0,0.0
168637,EW1,90.0,90.0,0.0,1.0,0.0
168638,EW1,90.0,90.0,0.0,1.0,0.0
168639,EW1,90.0,90.0,0.0,1.0,0.0
168640,EW1,90.0,90.0,0.0,1.0,0.0
168641,EW1,90.0,90.0,0.0,1.0,0.0
168642,EW1,90.0,90.0,0.0,1.0,0.0
168643,EW1,90.0,90.0,0.0,1.0,0.0
168644,EW1,90.0,90.0,0.0,1.0,0.0
168645,EW1,90.0,90.0,0.0,1.0,0.0
168646,EW1,90.0,90.0,0.0,1.0,0.0
168647,EW1,90.0,90.0,0.0,1.0,0.0
168648,EW1,90.0,90.0,0.0,1.0,0.0
168649,EW1,90.0,90.0,0.0,1.0,0.0
168650,EW1,90.0,90.0,0.0,1.0,0.0
168651,EW1,90.0,90.0,0.0,1.0,0.0
168652,EW1,90.0,90.0,0.0,1.0,0.0
168653,EW1,90.0,90.0,0.0,1.0,0.0
168654,EW1,90.0,90.0,0.0,1.0,0.0
168655,EW1,90.0,90.0,0.0,1.0,0.0
168656,EW1,90.0,90.0,0.0,1.0,0.0
168657,EW1,90.0,90.0,0.0,1.0,0.0
168658,EW1,90.0,90.0,0.0,1.0,0.0
168659,EW1,90.0,90.0,0.0,1.0,0.0
168660,EW1,90.0,90.0,0.0,1.0,0.0
168661,EW1,90.0,90.0,0.0,1.0,0.0
168662,EW1,90.0,90.0,0.0,1.0,0.0
168663,EW1,90.0,90.0,0.0,1.0,0.0
168664,EW1,90.0,90.0,0.0,1.0,0.0
168665,EW1,90.0,90.0,0.0,1.0,0.0
168666,EW1,90.0,90.0,0.0,1.0,0.0
168667,EW1,90.0,90.0,0.0,1.0,0.0
168668,EW1,90.0,90.0,0.0,1.0,0.0
168669,EW1,90.0,90.0,0.0,1.0,0.0
168670,EW1,90.0,90.0,0.0,1.0,0.0
168671,EW1,90.0,90.0,0.0,1.0,0.0
168672,EW1,90.0,90.0,0.0,1.0,0.0
168673,EW1,90.0,90.0,0.0,1.0,0.0
168674,EW1,90.0,90.0,0.0,1.0,0.0
168675,EW1,90.0,90.0,0.0,1.0,0.0
168676,EW1,90.0,90.0,0.0,1.0,0.0
168677,EW1,90.0,90.0,0.0,1.0,0.0
168678,EW1,90.0,90.0,0.0,1.0,0.0
168679,EW1,90.0,90.0,0.0,1.0,0.0
168680,EW1,90.0,90.0,0.0,1.0,0.0
168681,EW1,90.0,90.0,0.0,1.0,0.0
168682,EW1,90.0,90.0,0.0,1.0,0.0
168683,EW1,90.0,90.0,0.0,1.0,0.0
168684,EW1,90.0,90.0,0.0,1.0,0.0
168685,EW1,90.0,90.0,0.0,1.0,0.0
168686,EW1,90.0,90.0,0.0,1.0,0.0
168687,EW1,90.0,90.0,0.0,1.0,0.0
168688,EW1,90.0,90.0,0.0,1.0,0.0
168689,EW1,90.0,90.0,0.0,1.0,0.0
168690,EW1,90.0,90.0,0.0,1.0,0.0
168691,EW1,90.0,90.0,0.0,1.0,0.0
168692,EW1,90.0,90.0,0.0,1.0,0.0
168693,EW1,90.0,90.0,0.0,1.0,0.0
168694,EW1,90.0,90.0,0.0,1.0,0.0
168695,EW1,90.0,90.0,0.0,1.0,0.0
168696,EW1,90.0,90.0,0.0,1.0,0.0
168697,EW1,90.0,90.0,0.0,1.0,0.0
168698,EW1,90.0,90.0,0.0,1.0,0.0
168699,EW1,90.0,90.0,0.0,1.0,0.0
168700,EW1,90.0,90.0,0.0,1.0,0.0
168701,EW1,90.0,90.0,0.0,1.0,0.0
168702,EW1,90.0,90.0,0.0,1.0,0.0
168703,EW1,90.0,90.0,0.0,1.0,0.0
168704,EW1,90.0,90.0,0.0,1.0,0.0
168705,EW1,90.0,90.0,0.0,1.0,0.0
168706,EW1,90.0,90.0,0.0,1.0,0.0
168707,EW1,90.0,90.0,0.0,1.0,0.0
168708,EW1,90.0,90.0,0.0,1.0,0.0
168709,EW1,90.0,90.0,0.0,1.0,0.0
168710,EW1,90.0,90.0,0.0,1.0,0.0
168711,EW1,90.0,90.0,0.0,1.0,0.0
168712,EW1,90.0,90.0,0.0,1.0,0.0
168713,EW1,90.0,90.0,0.0,1.0,0.0
168714,EW1,90.0,90.0,0.0,1.0,0.0
168715,EW1,90.0,90.0,0.0,1.0,0.0
168716,EW1,90.0,90.0,0.0,1.0,0.0
168717,EW1,90.0,90.0,0.0,1.0,0.0
168718,EW1,90.0,90.0,0.0,1.0,0.0
168719,EW1,90.0,90.0,0.0,1.0,0.0
176225,EW1,90.0,90.0,0.0,1.0,0.0
176226,EW1,90.0,90.0,0.0,1.0,0.0
176227,EW1,90.0,90.0,0.0,1.0,0.0
176228,EW1,90.0,90.0,0.0,1.0,0.0
176229,EW1,90.0,90.0,0.0,1.0,0.0
176230,EW1,90.0,90.0,0.0,1.0,0.0
176231,EW1,90.0,90.0,0.0,1.0,0.0
176232,EW1,90.0,90.0,0.0,1.0,0.0
176233,EW1,90.0,90.0,0.0,1.0,0.0
176234,EW1,90.0,90.0,0.0,1.0,0.0
176235,EW1,90.0,90.0,0.0,1.0,0.0
176236,EW1,90.0,90.0,0.0,1.0,0.0
176237,EW1,90.0,90.0,0.0,1.0,0.0
176238,EW1,90.0,90.0,0.0,1.0,0.0
176239,EW1,90.0,90.0,0.0,1.0,0.0
176240,EW1,90.0,90.0,0.0,1.0,0.0
176241,EW1,90.0,90.0,0.0,1.0,0.0
176242,EW1,90.0,90.0,0.0,1.0,0.0
176243,EW1,90.0,90.0,0.0,1.0,0.0
176244,EW1,90.0,90.0,0.0,1.0,0.0
176245,EW1,90.0,90.0,0.0,1.0,0.0
176246,EW1,90.0,90.0,0.0,1.0,0.0
176247,EW1,90.0,90.0,0.0,1.0,0.0
176248,EW1,90.0,90.0,0.0,1.0,0.0
176249,EW1,90.0,90.0,0.0,1.0,0.0
176250,EW1,90.0,90.0,0.0,1.0,0.0
176251,EW1,90.0,90.0,0.0,1.0,0.0
176252,EW1,90.0,90.0,0.0,1.0,0.0
176253,EW1,90.0,90.0,0.0,1.0,0.0
176254,EW1,90.0,90.0,0.0,1.0,0.0
176255,EW1,90.0,90.0,0.0,1.0,0.0
176256,EW1,90.0,90.0,0.0,1.0,0.0
176257,EW1,90.0,90.0,0.0,1.0,0.0
176258,EW1,90.0,90.0,0.0,1.0,0.0
176259,EW1,90.0,90.0,0.0,1.0,0.0
176260,EW1,90.0,90.0,0.0,1.0,0.0
176261,EW1,90.0,90.0,0.0,1.0,0.0
176262,EW1,90.0,90.0,0.0,1.0,0.0
176263,EW1,90.0,90.0,0.0,1.0,0.0
176264,EW1,90.0,90.0,0.0,1.0,0.0
176265,EW1,90.0,90.0,0.0,1.0,0.0
176266,EW1,90.0,90.0,0.0,1.0,0.0
176267,EW1,90.0,90.0,0.0,1.0,0.0
176268,EW1,90.0,90.0,0.0,1.0,0.0
176269,EW1,90.0,90.0,0.0,1.0,0.0
176270,EW1,90.0,90.0,0.0,1.0,0.0
176271,EW1,90.0,90.0,0.0,1.0,0.0
176272,EW1,90.0,90.0,0.0,1.0,0.0
176273,EW1,90.0,90.0,0.0,1.0,0.0
176274,EW1,90.0,90.0,0.0,1.0,0.0
176275,EW1,90.0,90.0,0.0,1.0,0.0
176276,EW1,90.0,90.0,0.0,1.0,0.0
176277,EW1,90.0,90.0,0.0,1.0,0.0
176278,EW1,90.0,90.0,0.0,1.0,0.0
176279,EW1,90.0,90.0,0.0,1.0,0.0
176280,EW1,90.0,90.0,0.0,1.0,0.0
176281,EW1,90.0,90.0,0.0,1.0,0.0
176282,EW1,90.0,90.0,0.0,1.0,0.0
176283,EW1,90.0,90.0,0.0,1.0,0.0
176284,EW1,90.0,90.0,0.0,1.0,0.0
176285,EW1,90.0,90.0,0.0,1.0,0.0
176286,EW1,90.0,90.0,0.0,1.0,0.0
176287,EW1,90.0,90.0,0.0,1.0,0.0
176288,EW1,90.0,90.0,0.0,1.0,0.0
176289,EW1,90.0,90.0,0.0,1.0,0.0
176290,EW1,90.0,90.0,0.0,1.0,0.0
176291,EW1,90.0,90.0,0.0,1.0,0.0
176292,EW1,90.0,90.0,0.0,1.0,0.0
176293,EW1,90.0,90.0,0.0,1.0,0.0
176294,EW1,90.0,90.0,0.0,1.0,0.0
176295,EW1,90.0,90.0,0.0,1.0,0.0
176296,EW1,90.0,90.0,0.0,1.0,0.0
176297,EW1,90.0,90.0,0.0,1.0,0.0
176298,EW1,90.0,90.0,0.0,1.0,0.0
176299,EW1,90.0,90.0,0.0,1.0,0.0
176300,EW1,90.0,90.0,0.0,1.0,0.0
176301,EW1,90.0,90.0,0.0,1.0,0.0
176302,EW1,90.0,90.0,0.0,1.0,0.0
176303,EW1,90.0,90.0,0.0,1.0,0.0
176304,EW1,90.0,90.0,0.0,1.0,0.0
176305,EW1,90.0,90.0,0.0,1.0,0.0
176306,EW1,90.0,90.0,0.0,1.0,0.0
176307,EW1,90.0,90.0,0.0,1.0,0.0
176308,EW1,90.0,90.0,0.0,1.0,0.0
176309,EW1,90.0,90.0,0.0,1.0,0.0
176310,EW1,90.0,90.0,0.0,1.0,0.0
176311,EW1,90.0,90.0,0.0,1.0,0.0
176312,EW1,90.0,90.0,0.0,1.0,0.0
176313,EW1,90.0,90.0,0.0,1.0,0.0
176314,EW1,90.0,90.0,0.0,1.0,0.0
176315,EW1,90.0,90.0,0.0,1.0,0.0
176316,EW1,90.0,90.0,0.0,1.0,0.0
176317,EW1,90.0,90.0,0.0,1.0,0.0
176318,EW1,90.0,90.0,0.0,1.0,0.0
176319,EW1,90.0,90.0,0.0,1.0,0.0
183825,EW1,90.0,90.0,0.0,1.0,0.0
183826,EW1,90.0,90.0,0.0,1.0,0.0
183827,EW1,90.0,90.0,0.0,1.0,0.0
183828,EW1,90.0,90.0,0.0,1.0,0.0
183829,EW1,90.0,90.0,0.0,1.0,0.0
183830,EW1,90.0,90.0,0.0,1.0,0.0
183831,EW1,90.0,90.0,0.0,1.0,0.0
183832,EW1,90.0,90.0,0.0,1.0,0.0
183833,EW1,90.0,90.0,0.0,1.0,0.0
183834,EW1,90.0,90.0,0.0,1.0,0.0
183835,EW1,90.0,90.0,0.0,1.0,0.0
183836,EW1,90.0,90.0,0.0,1.0,0.0
183837,EW1,90.0,90.0,0.0,1.0,0.0
183838,EW1,90.0,90.0,0.0,1.0,0.0
183839,EW1,90.0,90.0,0.0,1.0,0.0
183840,EW1,90.0,90.0,0.0,1.0,0.0
183841,EW1,90.0,90.0,0.0,1.0,0.0
183842,EW1,90.0,90.0,0.0,1.0,0.0
183843,EW1,90.0,90.0,0.0,1.0,0.0
183844,EW1,90.0,90.0,0.0,1.0,0.0
183845,EW1,90.0,90.0,0.0,1.0,0.0
183846,EW1,90.0,90.0,0.0,1.0,0.0
183847,EW1,90.0,90.0,0.0,1.0,0.0
183848,EW1,90.0,90.0,0.0,1.0,0.0
183849,EW1,90.0,90.0,0.0,1.0,0.0
183850,EW1,90.0,90.0,0.0,1.0,0.0
183851,EW1,90.0,90.0,0.0,1.0,0.0
183852,EW1,90.0,90.0,0.0,1.0,0.0
183853,EW1,90.0,90.0,0.0,1.0,0.0
183854,EW1,90.0,90.0,0.0,1.0,0.0
183855,EW1,90.0,90.0,0.0,1.0,0.0
183856,EW1,90.0,90.0,0.0,1.0,0.0
183857,EW1,90.0,90.0,0.0,1.0,0.0
183858,EW1,90.0,90.0,0.0,1.0,0.0
183859,EW1,90.0,90.0,0.0,1.0,0.0
183860,EW1,90.0,90.0,0.0,1.0,0.0
183861,EW1,90.0,90.0,0.0,1.0,0.0
183862,EW1,90.0,90.0,0.0,1.0,0.0
183863,EW1,90.0,90.0,0.0,1.0,0.0
183864,EW1,90.0,90.0,0.0,1.0,0.0
183865,EW1,90.0,90.0,0.0,1.0,0.0
183866,EW1,90.0,90.0,0.0,1.0,0.0
183867,EW1,90.0,90.0,0.0,1.0,0.0
183868,EW1,90.0,90.0,0.0,1.0,0.0
183869,EW1,90.0,90.0,0.0,1.0,0.0
183870,EW1,90.0,90.0,0.0,1.0,0.0
183871,EW1,90.0,90.0,0.0,1.0,0.0
183872,EW1,90.0,90.0,0.0,1.0,0.0
183873,EW1,90.0,90.0,0.0,1.0,0.0
183874,EW1,90.0,90.0,0.0,1.0,0.0
183875,EW1,90.0,90.0,0.0,1.0,0.0
183876,EW1,90.0,90.0,0.0,1.0,0.0
183877,EW1,90.0,90.0,0.0,1.0,0.0
183878,EW1,90.0,90.0,0.0,1.0,0.0
183879,EW1,90.0,90.0,0.0,1.0,0.0
183880,EW1,90.0,90.0,0.0,1.0,0.0
183881,EW1,90.0,90.0,0.0,1.0,0.0
183882,EW1,90.0,90.0,0.0,1.0,0.0
183883,EW1,90.0,90.0,0.0,1.0,0.0
183884,EW1,90.0,90.0,0.0,1.0,0.0
183885,EW1,90.0,90.0,0.0,1.0,0.0
183886,EW1,90.0,90.0,0.0,1.0,0.0
183887,EW1,90.0,90.0,0.0,1.0,0.0
183888,EW1,90.0,90.0,0.0,1.0,0.0
183889,EW1,90.0,90.0,0.0,1.0,0.0
183890,EW1,90.0,90.0,0.0,1.0,0.0
183891,EW1,90.0,90.0,0.0,1.0,0.0
183892,EW1,90.0,90.0,0.0,1.0,0.0
183893,EW1,90.0,90.0,0.0,1.0,0.0
183894,EW1,90.0,90.0,0.0,1.0,0.0
183895,EW1,90.0,90.0,0.0,1.0,0.0
183896,EW1,90.0,90.0,0.0,1.0,0.0
183897,EW1,90.0,90.0,0.0,1.0,0.0
183898,EW1,90.0,90.0,0.0,1.0,0.0
183899,EW1,90.0,90.0,0.0,1.0,0.0
183900,EW1,90.0,90.0,0.0,1.0,0.0
183901,EW1,90.0,90.0,0.0,1.0,0.0
183902,EW1,90.0,90.0,0.0,1.0,0.0
183903,EW1,90.0,90.0,0.0,1.0,0.0
183904,EW1,90.0,90.0,0.0,1.0,0.0
183905,EW1,90.0,90.0,0.0,1.0,0.0
183906,EW1,90.0,90.0,0.0,1.0,0.0
183907,EW1,90.0,90.0,0.0,1.0,0.0
183908,EW1,90.0,90.0,0.0,1.0,0.0
183909,EW1,90.0,90.0,0.0,1.0,0.0
183910,EW1,90.0,90.0,0.0,1.0,0.0
183911,EW1,90.0,90.0,0.0,1.0,0.0
183912,EW1,90.0,90.0,0.0,1.0,0.0
183913,EW1,90.0,90.0,0.0,1.0,0.0
183914,EW1,90.0,90.0,0.0,1.0,0.0
183915,EW1,90.0,90.0,0.0,1.0,0.0
183916,EW1,90.0,90.0,0.0,1.0,0.0
183917,EW1,90.0,90.0,0.0,1.0,0.0
183918,EW1,90.0,90.0,0.0,1.0,0.0
183919,EW1,90.0,90.0,0.0,1.0,0.0
191425,EW1,90.0,90.0,0.0,1.0,0.0
191426,EW1,90.0,90.0,0.0,1.0,0.0
191427,EW1,90.0,90.0,0.0,1.0,0.0
191428,EW1,90.0,90.0,0.0,1.0,0.0
191429,EW1,90.0,90.0,0.0,1.0,0.0
191430,EW1,90.0,90.0,0.0,1.0,0.0
191431,EW1,90.0,90.0,0.0,1.0,0.0
191432,EW1,90.0,90.0,0.0,1.0,0.0
191433,EW1,90.0,90.0,0.0,1.0,0.0
191434,EW1,90.0,90.0,0.0,1.0,0.0
191435,EW1,90.0,90.0,0.0,1.0,0.0
191436,EW1,90.0,90.0,0.0,1.0,0.0
191437,EW1,90.0,90.0,0.0,1.0,0.0
191438,EW1,90.0,90.0,0.0,1.0,0.0
191439,EW1,90.0,90.0,0.0,1.0,0.0
191440,EW1,90.0,90.0,0.0,1.0,0.0
191441,EW1,90.0,90.0,0.0,1.0,0.0
191442,EW1,90.0,90.0,0.0,1.0,0.0
191443,EW1,90.0,90.0,0.0,1.0,0.0
191444,EW1,90.0,90.0,0.0,1.0,0.0
191445,EW1,90.0,90.0,0.0,1.0,0.0
191446,EW1,90.0,90.0,0.0,1.0,0.0
191447,EW1,90.0,90.0,0.0,1.0,0.0
191448,EW1,90.0,90.0,0.0,1.0,0.0
191449,EW1,90.0,90.0,0.0,1.0,0.0
191450,EW1,90.0,90.0,0.0,1.0,0.0
191451,EW1,90.0,90.0,0.0,1.0,0.0
191452,EW1,90.0,90.0,0.0,1.0,0.0
191453,EW1,90.0,90.0,0.0,1.0,0.0
191454,EW1,90.0,90.0,0.0,1.0,0.0
191455,EW1,90.0,90.0,0.0,1.0,0.0
191456,EW1,90.0,90.0,0.0,1.0,0.0
191457,EW1,90.0,90.0,0.0,1.0,0.0
191458,EW1,90.0,90.0,0.0,1.0,0.0
191459,EW1,90.0,90.0,0.0,1.0,0.0
191460,EW1,90.0,90.0,0.0,1.0,0.0
191461,EW1,90.0,90.0,0.0,1.0,0.0
191462,EW1,90.0,90.0,0.0,1.0,0.0
191463,EW1,90.0,90.0,0.0,1.0,0.0
191464,EW1,90.0,90.0,0.0,1.0,0.0
191465,EW1,90.0,90.0,0.0,1.0,0.0
191466,EW1,90.0,90.0,0.0,1.0,0.0
191467,EW1,90.0,90.0,0.0,1.0,0.0
191468,EW1,90.0,90.0,0.0,1.0,0.0
191469,EW1,90.0,90.0,0.0,1.0,0.0
191470,EW1,90.0,90.0,0.0,1.0,0.0
191471,EW1,90.0,90.0,0.0,1.0,0.0
191472,EW1,90.0,90.0,0.0,1.0,0.0
191473,EW1,90.0,90.0,0.0,1.0,0.0
191474,EW1,90.0,90.0,0.0,1.0,0.0
191475,EW1,90.0,90.0,0.0,1.0,0.0
191476,EW1,90.0,90.0,0.0,1.0,0.0
191477,EW1,90.0,90.0,0.0,1.0,0.0
191478,EW1,90.0,90.0,0.0,1.0,0.0
191479,EW1,90.0,90.0,0.0,1.0,0.0
191480,EW1,90.0,90.0,0.0,1.0,0.0
191481,EW1,90.0,90.0,0.0,1.0,0.0
191482,EW1,90.0,90.0,0.0,1.0,0.0
191483,EW1,90.0,90.0,0.0,1.0,0.0
191484,EW1,90.0,90.0,0.0,1.0,0.0
191485,EW1,90.0,90.0,0.0,1.0,0.0
191486,EW1,90.0,90.0,0.0,1.0,0.0
191487,EW1,90.0,90.0,0.0,1.0,0.0
191488,EW1,90.0,90.0,0.0,1.0,0.0
191489,EW1,90.0,90.0,0.0,1.0,0.0
191490,EW1,90.0,90.0,0.0,1.0,0.0
191491,EW1,90.0,90.0,0.0,1.0,0.0
191492,EW1,90.0,90.0,0.0,1.0,0.0
191493,EW1,90.0,90.0,0.0,1.0,0.0
191494,EW1,90.0,90.0,0.0,1.0,0.0
191495,EW1,90.0,90.0,0.0,1.0,0.0
191496,EW1,90.0,90.0,0.0,1.0,0.0
191497,EW1,90.0,90.0,0.0,1.0,0.0
191498,EW1,90.0,90.0,0.0,1.0,0.0
191499,EW1,90.0,90.0,0.0,1.0,0.0
191500,EW1,90.0,90.0,0.0,1.0,0.0
191501,EW1,90.0,90.0,0.0,1.0,0.0
191502,EW1,90.0,90.0,0.0,1.0,0.0
191503,EW1,90.0,90.0,0.0,1.0,0.0
191504,EW1,90.0,90.0,0.0,1.0,0.0
191505,EW1,90.0,90.0,0.0,1.0,0.0
191506,EW1,90.0,90.0,0.0,1.0,0.0
191507,EW1,90.0,90.0,0.0,1.0,0.0
191508,EW1,90.0,90.0,0.0,1.0,0.0
191509,EW1,90.0,90.0,0.0,1.0,0.0
191510,EW1,90.0,90.0,0.0,1.0,0.0
191511,EW1,90.0,90.0,0.0,1.0,0.0
191512,EW1,90.0,90.0,0.0,1.0,0.0
191513,EW1,90.0,90.0,0.0,1.0,0.0
191514,EW1,90.0,90.0,0.0,1.0,0.0
191515,EW1,90.0,90.0,0.0,1.0,0.0
191516,EW1,90.0,90.0,0.0,1.0,0.0
191517,EW1,90.0,90.0,0.0,1.0,0.0
191518,EW1,90.0,90.0,0.0,1.0,0.0
191519,EW1,90.0,90.0,0.0,1.0,0.0
2470,EW2,90.0,90.0,0.0,1.0,0.0
2471,EW2,90.0,90.0,0.0,1.0,0.0
2472,EW2,90.0,90.0,0.0,1.0,0.0
2473,EW2,90.0,90.0,0.0,1.0,0.0
2474,EW2,90.0,90.0,0.0,1.0,0.0
2475,EW2,90.0,90.0,0.0,1.0,0.0
2476,EW2,90.0,90.0,0.0,1.0,0.0
2477,EW2,90.0,90.0,0.0,1.0,0.0
2478,EW2,90.0,90.0,0.0,1.0,0.0
2479,EW2,90.0,90.0,0.0,1.0,0.0
2480,EW2,90.0,90.0,0.0,1.0,0.0
2481,EW2,90.0,90.0,0.0,1.0,0.0
2482,EW2,90.0,90.0,0.0,1.0,0.0
2483,EW2,90.0,90.0,0.0,1.0,0.0
2484,EW2,90.0,90.0,0.0,1.0,0.0
2485,EW2,90.0,90.0,0.0,1.0,0.0
2486,EW2,90.0,90.0,0.0,1.0,0.0
2487,EW2,90.0,90.0,0.0,1.0,0.0
2488,EW2,90.0,90.0,0.0,1.0,0.0
2489,EW2,90.0,90.0,0.0,1.0,0.0
2490,EW2,90.0,90.0,0.0,1.0,0.0
2491,EW2,90.0,90.0,0.0,1.0,0.0
2492,EW2,90.0,90.0,0.0,1.0,0.0
2493,EW2,90.0,90.0,0.0,1.0,0.0
2494,EW2,90.0,90.0,0.0,1.0,0.0
2495,EW2,90.0,90.0,0.0,1.0,0.0
2496,EW2,90.0,90.0,0.0,1.0,0.0
2497,EW2,90.0,90.0,0.0,1.0,0.0
2498,EW2,90.0,90.0,0.0,1.0,0.0
2499,EW2,90.0,90.0,0.0,1.0,0.0
2500,EW2,90.0,90.0,0.0,1.0,0.0
2501,EW2,90.0,90.0,0.0,1.0,0.0
2502,EW2,90.0,90.0,0.0,1.0,0.0
2503,EW2,90.0,90.0,0.0,1.0,0.0
2504,EW2,90.0,90.0,0.0,1.0,0.0
2505,EW2,90.0,90.0,0.0,1.0,0.0
2506,EW2,90.0,90.0,0.0,1.0,0.0
2507,EW2,90.0,90.0,0.0,1.0,0.0
2508,EW2,90.0,90.0,0.0,1.0,0.0
2509,EW2,90.0,90.0,0.0,1.0,0.0
2510,EW2,90.0,90.0,0.0,1.0,0.0
2511,EW2,90.0,90.0,0.0,1.0,0.0
2512,EW2,90.0,90.0,0.0,1.0,0.0
2513,EW2,90.0,90.0,0.0,1.0,0.0
2514,EW2,90.0,90.0,0.0,1.0,0.0
2515,EW2,90.0,90.0,0.0,1.0,0.0
2516,EW2,90.0,90.0,0.0,1.0,0.0
2517,EW2,90.0,90.0,0.0,1.0,0.0
2518,EW2,90.0,90.0,0.0,1.0,0.0
2519,EW2,90.0,90.0,0.0,1.0,0.0
2520,EW2,90.0,90.0,0.0,1.0,0.0
2521,EW2,90.0,90.0,0.0,1.0,0.0
2522,EW2,90.0,90.0,0.0,1.0,0.0
2523,EW2,90.0,90.0,0.0,1.0,0.0
2524,EW2,90.0,90.0,0.0,1.0,0.0
2525,EW2,90.0,90.0,0.0,1.0,0.0
2526,EW2,90.0,90.0,0.0,1.0,0.0
2527,EW2,90.0,90.0,0.0,1.0,0.0
2528,EW2,90.0,90.0,0.0,1.0,0.0
2529,EW2,90.0,90.0,0.0,1.0,0.0
2530,EW2,90.0,90.0,0.0,1.0,0.0
2531,EW2,90.0,90.0,0.0,1.0,0.0
2532,EW2,90.0,90.0,0.0,1.0,0.0
2533,EW2,90.0,90.0,0.0,1.0,0.0
2534,EW2,90.0,90.0,0.0,1.0,0.0
2535,EW2,90.0,90.0,0.0,1.0,0.0
2536,EW2,90.0,90.0,0.0,1.0,0.0
2537,EW2,90.0,90.0,0.0,1.0,0.0
2538,EW2,90.0,90.0,0.0,1.0,0.0
2539,EW2,90.0,90.0,0.0,1.0,0.0
2540,EW2,90.0,90.0,0.0,1.0,0.0
2541,EW2,90.0,90.0,0.0,1.0,0.0
2542,EW2,90.0,90.0,0.0,1.0,0.0
2543,EW2,90.0,90.0,0.0,1.0,0.0
2544,EW2,90.0,90.0,0.0,1.0,0.0
2545,EW2,90.0,90.0,0.0,1.0,0.0
2546,EW2,90.0,90.0,0.0,1.0,0.0
2547,EW2,90.0,90.0,0.0,1.0,0.0
2548,EW2,90.0,90.0,0.0,1.0,0.0
2549,EW2,90.0,90.0,0.0,1.0,0.0
2550,EW2,90.0,90.0,0.0,1.0,0.0
2551,EW2,90.0,90.0,0.0,1.0,0.0
2552,EW2,90.0,90.0,0.0,1.0,0.0
2553,EW2,90.0,90.0,0.0,1.0,0.0
2554,EW2,90.0,90.0,0.0,1.0,0.0
2555,EW2,90.0,90.0,0.0,1.0,0.0
2556,EW2,90.0,90.0,0.0,1.0,0.0
2557,EW2,90.0,90.0,0.0,1.0,0.0
2558,EW2,90.0,90.0,0.0,1.0,0.0
2559,EW2,90.0,90.0,0.0,1.0,0.0
2560,EW2,90.0,90.0,0.0,1.0,0.0
2561,EW2,90.0,90.0,0.0,1.0,0.0
2562,EW2,90.0,90.0,0.0,1.0,0.0
2563,EW2,90.0,90.0,0.0,1.0,0.0
2564,EW2,90.0,90.0,0.0,1.0,0.0
10070,EW2,90.0,90.0,0.0,1.0,0.0
10071,EW2,90.0,90.0,0.0,1.0,0.0
10072,EW2,90.0,90.0,0.0,1.0,0.0
10073,EW2,90.0,90.0,0.0,1.0,0.0
10074,EW2,90.0,90.0,0.0,1.0,0.0
10075,EW2,90.0,90.0,0.0,1.0,0.0
10076,EW2,90.0,90.0,0.0,1.0,0.0
10077,EW2,90.0,90.0,0.0,1.0,0.0
10078,EW2,90.0,90.0,0.0,1.0,0.0
10079,EW2,90.0,90.0,0.0,1.0,0.0
10080,EW2,90.0,90.0,0.0,1.0,0.0
10081,EW2,90.0,90.0,0.0,1.0,0.0
10082,EW2,90.0,90.0,0.0,1.0,0.0
10083,EW2,90.0,90.0,0.0,1.0,0.0
10084,EW2,90.0,90.0,0.0,1.0,0.0
10085,EW2,90.0,90.0,0.0,1.0,0.0
10086,EW2,90.0,90.0,0.0,1.0,0.0
10087,EW2,90.0,90.0,0.0,1.0,0.0
10088,EW2,90.0,90.0,0.0,1.0,0.0
10089,EW2,90.0,90.0,0.0,1.0,0.0
10090,EW2,90.0,90.0,0.0,1.0,0.0
10091,EW2,90.0,90.0,0.0,1.0,0.0
10092,EW2,90.0,90.0,0.0,1.0,0.0
10093,EW2,90.0,90.0,0.0,1.0,0.0
10094,EW2,90.0,90.0,0.0,1.0,0.0
10095,EW2,90.0,90.0,0.0,1.0,0.0
10096,EW2,90.0,90.0,0.0,1.0,0.0
10097,EW2,90.0,90.0,0.0,1.0,0.0
10098,EW2,90.0,90.0,0.0,1.0,0.0
10099,EW2,90.0,90.0,0.0,1.0,0.0
10100,EW2,90.0,90.0,0.0,1.0,0.0
10101,EW2,90.0,90.0,0.0,1.0,0.0
10102,EW2,90.0,90.0,0.0,1.0,0.0
10103,EW2,90.0,90.0,0.0,1.0,0.0
10104,EW2,90.0,90.0,0.0,1.0,0.0
10105,EW2,90.0,90.0,0.0,1.0,0.0
10106,EW2,90.0,90.0,0.0,1.0,0.0
10107,EW2,90.0,90.0,0.0,1.0,0.0
10108,EW2,90.0,90.0,0.0,1.0,0.0
10109,EW2,90.0,90.0,0.0,1.0,0.0
10110,EW2,90.0,90.0,0.0,1.0,0.0
10111,EW2,90.0,90.0,0.0,1.0,0.0
10112,EW2,90.0,90.0,0.0,1.0,0.0
10113,EW2,90.0,90.0,0.0,1.0,0.0
10114,EW2,90.0,90.0,0.0,1.0,0.0
10115,EW2,90.0,90.0,0.0,1.0,0.0
10116,EW2,90.0,90.0,0.0,1.0,0.0
10117,EW2,90.0,90.0,0.0,1.0,0.0
10118,EW2,90.0,90.0,0.0,1.0,0.0
10119,EW2,90.0,90.0,0.0,1.0,0.0
10120,EW2,90.0,90.0,0.0,1.0,0.0
10121,EW2,90.0,90.0,0.0,1.0,0.0
10122,EW2,90.0,90.0,0.0,1.0,0.0
10123,EW2,90.0,90.0,0.0,1.0,0.0
10124,EW2,90.0,90.0,0.0,1.0,0.0
10125,EW2,90.0,90.0,0.0,1.0,0.0
10126,EW2,90.0,90.0,0.0,1.0,0.0
10127,EW2,90.0,90.0,0.0,1.0,0.0
10128,EW2,90.0,90.0,0.0,1.0,0.0
10129,EW2,90.0,90.0,0.0,1.0,0.0
10130,EW2,90.0,90.0,0.0,1.0,0.0
10131,EW2,90.0,90.0,0.0,1.0,0.0
10132,EW2,90.0,90.0,0.0,1.0,0.0
10133,EW2,90.0,90.0,0.0,1.0,0.0
10134,EW2,90.0,90.0,0.0,1.0,0.0
10135,EW2,90.0,90.0,0.0,1.0,0.0
10136,EW2,90.0,90.0,0.0,1.0,0.0
10137,EW2,90.0,90.0,0.0,1.0,0.0
10138,EW2,90.0,90.0,0.0,1.0,0.0
10139,EW2,90.0,90.0,0.0,1.0,0.0
10140,EW2,90.0,90.0,0.0,1.0,0.0
10141,EW2,90.0,90.0,0.0,1.0,0.0
10142,EW2,90.0,90.0,0.0,1.0,0.0
10143,EW2,90.0,90.0,0.0,1.0,0.0
10144,EW2,90.0,90.0,0.0,1.0,0.0
10145,EW2,90.0,90.0,0.0,1.0,0.0
10146,EW2,90.0,90.0,0.0,1.0,0.0
10147,EW2,90.0,90.0,0.0,1.0,0.0
10148,EW2,90.0,90.0,0.0,1.0,0.0
10149,EW2,90.0,90.0,0.0,1.0,0.0
10150,EW2,90.0,90.0,0.0,1.0,0.0
10151,EW2,90.0,90.0,0.0,1.0,0.0
10152,EW2,90.0,90.0,0.0,1.0,0.0
10153,EW2,90.0,90.0,0.0,1.0,0.0
10154,EW2,90.0,90.0,0.0,1.0,0.0
10155,EW2,90.0,90.0,0.0,1.0,0.0
10156,EW2,90.0,90.0,0.0,1.0,0.0
10157,EW2,90.0,90.0,0.0,1.0,0.0
10158,EW2,90.0,90.0,0.0,1.0,0.0
10159,EW2,90.0,90.0,0.0,1.0,0.0
10160,EW2,90.0,90.0,0.0,1.0,0.0
10161,EW2,90.0,90.0,0.0,1.0,0.0
10162,EW2,90.0,90.0,0.0,1.0,0.0
10163,EW2,90.0,90.0,0.0,1.0,0.0
10164,EW2,90.0,90.0,0.0,1.0,0.0
17670,EW2,90.0,90.0,0.0,1.0,0.0
17671,EW2,90.0,90.0,0.0,1.0,0.0
17672,EW2,90.0,90.0,0.0,1.0,0.0
17673,EW2,90.0,90.0,0.0,1.0,0.0
17674,EW2,90.0,90.0,0.0,1.0,0.0
17675,EW2,90.0,90.0,0.0,1.0,0.0
17676,EW2,90.0,90.0,0.0,1.0,0.0
17677,EW2,90.0,90.0,0.0,1.0,0.0
17678,EW2,90.0,90.0,0.0,1.0,0.0
17679,EW2,90.0,90.0,0.0,1.0,0.0
17680,EW2,90.0,90.0,0.0,1.0,0.0
17681,EW2,90.0,90.0,0.0,1.0,0.0
17682,EW2,90.0,90.0,0.0,1.0,0.0
17683,EW2,90.0,90.0,0.0,1.0,0.0
17684,EW2,90.0,90.0,0.0,1.0,0.0
17685,EW2,90.0,90.0,0.0,1.0,0.0
17686,EW2,90.0,90.0,0.0,1.0,0.0
17687,EW2,90.0,90.0,0.0,1.0,0.0
17688,EW2,90.0,90.0,0.0,1.0,0.0
17689,EW2,90.0,90.0,0.0,1.0,0.0
17690,EW2,90.0,90.0,0.0,1.0,0.0
17691,EW2,90.0,90.0,0.0,1.0,0.0
17692,EW2,90.0,90.0,0.0,1.0,0.0
17693,EW2,90.0,90.0,0.0,1.0,0.0
17694,EW2,90.0,90.0,0.0,1.0,0.0
17695,EW2,90.0,90.0,0.0,1.0,0.0
17696,EW2,90.0,90.0,0.0,1.0,0.0
17697,EW2,90.0,90.0,0.0,1.0,0.0
17698,EW2,90.0,90.0,0.0,1.0,0.0
17699,EW2,90.0,90.0,0.0,1.0,0.0
17700,EW2,90.0,90.0,0.0,1.0,0.0
17701,EW2,90.0,90.0,0.0,1.0,0.0
17702,EW2,90.0,90.0,0.0,1.0,0.0
17703,EW2,90.0,90.0,0.0,1.0,0.0
17704,EW2,90.0,90.0,0.0,1.0,0.0
17705,EW2,90.0,90.0,0.0,1.0,0.0
17706,EW2,90.0,90.0,0.0,1.0,0.0
17707,EW2,90.0,90.0,0.0,1.0,0.0
17708,EW2,90.0,90.0,0.0,1.0,0.0
17709,EW2,90.0,90.0,0.0,1.0,0.0
17710,EW2,90.0,90.0,0.0,1.0,0.0
17711,EW2,90.0,90.0,0.0,1.0,0.0
17712,EW2,90.0,90.0,0.0,1.0,0.0
17713,EW2,90.0,90.0,0.0,1.0,0.0
17714,EW2,90.0,90.0,0.0,1.0,0.0
17715,EW2,90.0,90.0,0.0,1.0,0.0
17716,EW2,90.0,90.0,0.0,1.0,0.0
17717,EW2,90.0,90.0,0.0,1.0,0.0
17718,EW2,90.0,90.0,0.0,1.0,0.0
17719,EW2,90.0,90.0,0.0,1.0,0.0
17720,EW2,90.0,90.0,0.0,1.0,0.0
17721,EW2,90.0,90.0,0.0,1.0,0.0
17722,EW2,90.0,90.0,0.0,1.0,0.0
17723,EW2,90.0,90.0,0.0,1.0,0.0
17724,EW2,90.0,90.0,0.0,1.0,0.0
17725,EW2,90.0,90.0,0.0,1.0,0.0
17726,EW2,90.0,90.0,0.0,1.0,0.0
17727,EW2,90.0,90.0,0.0,1.0,0.0
17728,EW2,90.0,90.0,0.0,1.0,0.0
17729,EW2,90.0,90.0,0.0,1.0,0.0
17730,EW2,90.0,90.0,0.0,1.0,0.0
17731,EW2,90.0,90.0,0.0,1.0,0.0
17732,EW2,90.0,90.0,0.0,1.0,0.0
17733,EW2,90.0,90.0,0.0,1.0,0.0
17734,EW2,90.0,90.0,0.0,1.0,0.0
17735,EW2,90.0,90.0,0.0,1.0,0.0
17736,EW2,90.0,90.0,0.0,1.0,0.0
17737,EW2,90.0,90.0,0.0,1.0,0.0
17738,EW2,90.0,90.0,0.0,1.0,0.0
17739,EW2,90.0,90.0,0.0,1.0,0.0
17740,EW2,90.0,90.0,0.0,1.0,0.0
17741,EW2,90.0,90.0,0.0,1.0,0.0
17742,EW2,90.0,90.0,0.0,1.0,0.0
17743,EW2,90.0,90.0,0.0,1.0,0.0
17744,EW2,90.0,90.0,0.0,1.0,0.0
17745,EW2,90.0,90.0,0.0,1.0,0.0
17746,EW2,90.0,90.0,0.0,1.0,0.0
17747,EW2,90.0,90.0,0.0,1.0,0.0
17748,EW2,90.0,90.0,0.0,1.0,0.0
17749,EW2,90.0,90.0,0.0,1.0,0.0
17750,EW2,90.0,90.0,0.0,1.0,0.0
17751,EW2,90.0,90.0,0.0,1.0,0.0
17752,EW2,90.0,90.0,0.0,1.0,0.0
17753,EW2,90.0,90.0,0.0,1.0,0.0
17754,EW2,90.0,90.0,0.0,1.0,0.0
17755,EW2,90.0,90.0,0.0,1.0,0.0
17756,EW2,90.0,90.0,0.0,1.0,0.0
17757,EW2,90.0,90.0,0.0,1.0,0.0
17758,EW2,90.0,90.0,0.0,1.0,0.0
17759,EW2,90.0,90.0,0.0,1.0,0.0
17760,EW2,90.0,90.0,0.0,1.0,0.0
17761,EW2,90.0,90.0,0.0,1.0,0.0
17762,EW2,90.0,90.0,0.0,1.0,0.0
17763,EW2,90.0,90.0,0.0,1.0,0.0
17764,EW2,90.0,90.0,0.0,1.0,0.0
25270,EW2,90.0,90.0,0.0,1.0,0.0
25271,EW2,90.0,90.0,0.0,1.0,0.0
25272,EW2,90.0,90.0,0.0,1.0,0.0
25273,EW2,90.0,90.0,0.0,1.0,0.0
25274,EW2,90.0,90.0,0.0,1.0,0.0
25275,EW2,90.0,90.0,0.0,1.0,0.0
25276,EW2,90.0,90.0,0.0,1.0,0.0
25277,EW2,90.0,90.0,0.0,1.0,0.0
25278,EW2,90.0,90.0,0.0,1.0,0.0
25279,EW2,90.0,90.0,0.0,1.0,0.0
25280,EW2,90.0,90.0,0.0,1.0,0.0
25281,EW2,90.0,90.0,0.0,1.0,0.0
25282,EW2,90.0,90.0,0.0,1.0,0.0
25283,EW2,90.0,90.0,0.0,1.0,0.0
25284,EW2,90.0,90.0,0.0,1.0,0.0
25285,EW2,90.0,90.0,0.0,1.0,0.0
25286,EW2,90.0,90.0,0.0,1.0,0.0
25287,EW2,90.0,90.0,0.0,1.0,0.0
25288,EW2,90.0,90.0,0.0,1.0,0.0
25289,EW2,90.0,90.0,0.0,1.0,0.0
25290,EW2,90.0,90.0,0.0,1.0,0.0
25291,EW2,90.0,90.0,0.0,1.0,0.0
25292,EW2,90.0,90.0,0.0,1.0,0.0
25293,EW2,90.0,90.0,0.0,1.0,0.0
25294,EW2,90.0,90.0,0.0,1.0,0.0
25295,EW2,90.0,90.0,0.0,1.0,0.0
25296,EW2,90.0,90.0,0.0,1.0,0.0
25297,EW2,90.0,90.0,0.0,1.0,0.0
25298,EW2,90.0,90.0,0.0,1.0,0.0
25299,EW2,90.0,90.0,0.0,1.0,0.0
25300,EW2,90.0,90.0,0.0,1.0,0.0
25301,EW2,90.0,90.0,0.0,1.0,0.0
25302,EW2,90.0,90.0,0.0,1.0,0.0
25303,EW2,90.0,90.0,0.0,1.0,0.0
25304,EW2,90.0,90.0,0.0,1.0,0.0
25305,EW2,90.0,90.0,0.0,1.0,0.0
25306,EW2,90.0,90.0,0.0,1.0,0.0
25307,EW2,90.0,90.0,0.0,1.0,0.0
25308,EW2,90.0,90.0,0.0,1.0,0.0
25309,EW2,90.0,90.0,0.0,1.0,0.0
25310,EW2,90.0,90.0,0.0,1.0,0.0
25311,EW2,90.0,90.0,0.0,1.0,0.0
25312,EW2,90.0,90.0,0.0,1.0,0.0
25313,EW2,90.0,90.0,0.0,1.0,0.0
25314,EW2,90.0,90.0,0.0,1.0,0.0
25315,EW2,90.0,90.0,0.0,1.0,0.0
25316,EW2,90.0,90.0,0.0,1.0,0.0
25317,EW2,90.0,90.0,0.0,1.0,0.0
25318,EW2,90.0,90.0,0.0,1.0,0.0
25319,EW2,90.0,90.0,0.0,1.0,0.0
25320,EW2,90.0,90.0,0.0,1.0,0.0
25321,EW2,90.0,90.0,0.0,1.0,0.0
25322,EW2,90.0,90.0,0.0,1.0,0.0
25323,EW2,90.0,90.0,0.0,1.0,0.0
25324,EW2,90.0,90.0,0.0,1.0,0.0
25325,EW2,90.0,90.0,0.0,1.0,0.0
25326,EW2,90.0,90.0,0.0,1.0,0.0
25327,EW2,90.0,90.0,0.0,1.0,0.0
25328,EW2,90.0,90.0,0.0,1.0,0.0
25329,EW2,90.0,90.0,0.0,1.0,0.0
25330,EW2,90.0,90.0,0.0,1.0,0.0
25331,EW2,90.0,90.0,0.0,1.0,0.0
25332,EW2,90.0,90.0,0.0,1.0,0.0
25333,EW2,90.0,90.0,0.0,1.0,0.0
25334,EW2,90.0,90.0,0.0,1.0,0.0
25335,EW2,90.0,90.0,0.0,1.0,0.0
25336,EW2,90.0,90.0,0.0,1.0,0.0
25337,EW2,90.0,90.0,0.0,1.0,0.0
25338,EW2,90.0,90.0,0.0,1.0,0.0
25339,EW2,90.0,90.0,0.0,1.0,0.0
25340,EW2,90.0,90.0,0.0,1.0,0.0
25341,EW2,90.0,90.0,0.0,1.0,0.0
25342,EW2,90.0,90.0,0.0,1.0,0.0
25343,EW2,90.0,90.0,0.0,1.0,0.0
25344,EW2,90.0,90.0,0.0,1.0,0.0
25345,EW2,90.0,90.0,0.0,1.0,0.0
25346,EW2,90.0,90.0,0.0,1.0,0.0
25347,EW2,90.0,90.0,0.0,1.0,0.0
25348,EW2,90.0,90.0,0.0,1.0,0.0
25349,EW2,90.0,90.0,0.0,1.0,0.0
25350,EW2,90.0,90.0,0.0,1.0,0.0
25351,EW2,90.0,90.0,0.0,1.0,0.0
25352,EW2,90.0,90.0,0.0,1.0,0.0
25353,EW2,90.0,90.0,0.0,1.0,0.0
25354,EW2,90.0,90.0,0.0,1.0,0.0
25355,EW2,90.0,90.0,0.0,1.0,0.0
25356,EW2,90.0,90.0,0.0,1.0,0.0
25357,EW2,90.0,90.0,0.0,1.0,0.0
25358,EW2,90.0,90.0,0.0,1.0,0.0
25359,EW2,90.0,90.0,0.0,1.0,0.0
25360,EW2,90.0,90.0,0.0,1.0,0.0
25361,EW2,90.0,90.0,0.0,1.0,0.0
25362,EW2,90.0,90.0,0.0,1.0,0.0
25363,EW2,90.0,90.0,0.0,1.0,0.0
25364,EW2,90.0,90.0,0.0,1.0,0.0
32870,EW2,90.0,90.0,0.0,1.0,0.0
32871,EW2,90.0,90.0,0.0,1.0,0.0
32872,EW2,90.0,90.0,0.0,1.0,0.0
32873,EW2,90.0,90.0,0.0,1.0,0.0
32874,EW2,90.0,90.0,0.0,1.0,0.0
32875,EW2,90.0,90.0,0.0,1.0,0.0
32876,EW2,90.0,90.0,0.0,1.0,0.0
32877,EW2,90.0,90.0,0.0,1.0,0.0
32878,EW2,90.0,90.0,0.0,1.0,0.0
32879,EW2,90.0,90.0,0.0,1.0,0.0
32880,EW2,90.0,90.0,0.0,1.0,0.0
32881,EW2,90.0,90.0,0.0,1.0,0.0
32882,EW2,90.0,90.0,0.0,1.0,0.0
32883,EW2,90.0,90.0,0.0,1.0,0.0
32884,EW2,90.0,90.0,0.0,1.0,0.0
32885,EW2,90.0,90.0,0.0,1.0,0.0
32886,EW2,90.0,90.0,0.0,1.0,0.0
32887,EW2,90.0,90.0,0.0,1.0,0.0
32888,EW2,90.0,90.0,0.0,1.0,0.0
32889,EW2,90.0,90.0,0.0,1.0,0.0
32890,EW2,90.0,90.0,0.0,1.0,0.0
32891,EW2,90.0,90.0,0.0,1.0,0.0
32892,EW2,90.0,90.0,0.0,1.0,0.0
32893,EW2,90.0,90.0,0.0,1.0,0.0
32894,EW2,90.0,90.0,0.0,1.0,0.0
32895,EW2,90.0,90.0,0.0,1.0,0.0
32896,EW2,90.0,90.0,0.0,1.0,0.0
32897,EW2,90.0,90.0,0.0,1.0,0.0
32898,EW2,90.0,90.0,0.0,1.0,0.0
32899,EW2,90.0,90.0,0.0,1.0,0.0
32900,EW2,90.0,90.0,0.0,1.0,0.0
32901,EW2,90.0,90.0,0.0,1.0,0.0
32902,EW2,90.0,90.0,0.0,1.0,0.0
32903,EW2,90.0,90.0,0.0,1.0,0.0
32904,EW2,90.0,90.0,0.0,1.0,0.0
32905,EW2,90.0,90.0,0.0,1.0,0.0
32906,EW2,90.0,90.0,0.0,1.0,0.0
32907,EW2,90.0,90.0,0.0,1.0,0.0
32908,EW2,90.0,90.0,0.0,1.0,0.0
32909,EW2,90.0,90.0,0.0,1.0,0.0
32910,EW2,90.0,90.0,0.0,1.0,0.0
32911,EW2,90.0,90.0,0.0,1.0,0.0
32912,EW2,90.0,90.0,0.0,1.0,0.0
32913,EW2,90.0,90.0,0.0,1.0,0.0
32914,EW2,90.0,90.0,0.0,1.0,0.0
32915,EW2,90.0,90.0,0.0,1.0,0.0
32916,EW2,90.0,90.0,0.0,1.0,0.0
32917,EW2,90.0,90.0,0.0,1.0,0.0
32918,EW2,90.0,90.0,0.0,1.0,0.0
32919,EW2,90.0,90.0,0.0,1.0,0.0
32920,EW2,90.0,90.0,0.0,1.0,0.0
32921,EW2,90.0,90.0,0.0,1.0,0.0
32922,EW2,90.0,90.0,0.0,1.0,0.0
32923,EW2,90.0,90.0,0.0,1.0,0.0
32924,EW2,90.0,90.0,0.0,1.0,0.0
32925,EW2,90.0,90.0,0.0,1.0,0.0
32926,EW2,90.0,90.0,0.0,1.0,0.0
32927,EW2,90.0,90.0,0.0,1.0,0.0
32928,EW2,90.0,90.0,0.0,1.0,0.0
32929,EW2,90.0,90.0,0.0,1.0,0.0
32930,EW2,90.0,90.0,0.0,1.0,0.0
32931,EW2,90.0,90.0,0.0,1.0,0.0
32932,EW2,90.0,90.0,0.0,1.0,0.0
32933,EW2,90.0,90.0,0.0,1.0,0.0
32934,EW2,90.0,90.0,0.0,1.0,0.0
32935,EW2,90.0,90.0,0.0,1.0,0.0
32936,EW2,90.0,90.0,0.0,1.0,0.0
32937,EW2,90.0,90.0,0.0,1.0,0.0
32938,EW2,90.0,90.0,0.0,1.0,0.0
32939,EW2,90.0,90.0,0.0,1.0,0.0
32940,EW2,90.0,90.0,0.0,1.0,0.0
32941,EW2,90.0,90.0,0.0,1.0,0.0
32942,EW2,90.0,90.0,0.0,1.0,0.0
32943,EW2,90.0,90.0,0.0,1.0,0.0
32944,EW2,90.0,90.0,0.0,1.0,0.0
32945,EW2,90.0,90.0,0.0,1.0,0.0
32946,EW2,90.0,90.0,0.0,1.0,0.0
32947,EW2,90.0,90.0,0.0,1.0,0.0
32948,EW2,90.0,90.0,0.0,1.0,0.0
32949,EW2,90.0,90.0,0.0,1.0,0.0
32950,EW2,90.0,90.0,0.0,1.0,0.0
32951,EW2,90.0,90.0,0.0,1.0,0.0
32952,EW2,90.0,90.0,0.0,1.0,0.0
32953,EW2,90.0,90.0,0.0,1.0,0.0
32954,EW2,90.0,90.0,0.0,1.0,0.0
32955,EW2,90.0,90.0,0.0,1.0,0.0
32956,EW2,90.0,90.0,0.0,1.0,0.0
32957,EW2,90.0,90.0,0.0,1.0,0.0
32958,EW2,90.0,90.0,0.0,1.0,0.0
32959,EW2,90.0,90.0,0.0,1.0,0.0
32960,EW2,90.0,90.0,0.0,1.0,0.0
32961,EW2,90.0,90.0,0.0,1.0,0.0
32962,EW2,90.0,90.0,0.0,1.0,0.0
32963,EW2,90.0,90.0,0.0,1.0,0.0
32964,EW2,90.0,90.0,0.0,1.0,0.0
40470,EW2,90.0,90.0,0.0,1.0,0.0
40471,EW2,90.0,90.0,0.0,1.0,0.0
40472,EW2,90.0,90.0,0.0,1.0,0.0
40473,EW2,90.0,90.0,0.0,1.0,0.0
40474,EW2,90.0,90.0,0.0,1.0,0.0
40475,EW2,90.0,90.0,0.0,1.0,0.0
40476,EW2,90.0,90.0,0.0,1.0,0.0
40477,EW2,90.0,90.0,0.0,1.0,0.0
40478,EW2,90.0,90.0,0.0,1.0,0.0
40479,EW2,90.0,90.0,0.0,1.0,0.0
40480,EW2,90.0,90.0,0.0,1.0,0.0
40481,EW2,90.0,90.0,0.0,1.0,0.0
40482,EW2,90.0,90.0,0.0,1.0,0.0
40483,EW2,90.0,90.0,0.0,1.0,0.0
40484,EW2,90.0,90.0,0.0,1.0,0.0
40485,EW2,90.0,90.0,0.0,1.0,0.0
40486,EW2,90.0,90.0,0.0,1.0,0.0
40487,EW2,90.0,90.0,0.0,1.0,0.0
40488,EW2,90.0,90.0,0.0,1.0,0.0
40489,EW2,90.0,90.0,0.0,1.0,0.0
40490,EW2,90.0,90.0,0.0,1.0,0.0
40491,EW2,90.0,90.0,0.0,1.0,0.0
40492,EW2,90.0,90.0,0.0,1.0,0.0
40493,EW2,90.0,90.0,0.0,1.0,0.0
40494,EW2,90.0,90.0,0.0,1.0,0.0
40495,EW2,90.0,90.0,0.0,1.0,0.0
40496,EW2,90.0,90.0,0.0,1.0,0.0
40497,EW2,90.0,90.0,0.0,1.0,0.0
40498,EW2,90.0,90.0,0.0,1.0,0.0
40499,EW2,90.0,90.0,0.0,1.0,0.0
40500,EW2,90.0,90.0,0.0,1.0,0.0
40501,EW2,90.0,90.0,0.0,1.0,0.0
40502,EW2,90.0,90.0,0.0,1.0,0.0
40503,EW2,90.0,90.0,0.0,1.0,0.0
40504,EW2,90.0,90.0,0.0,1.0,0.0
40505,EW2,90.0,90.0,0.0,1.0,0.0
40506,EW2,90.0,90.0,0.0,1.0,0.0
40507,EW2,90.0,90.0,0.0,1.0,0.0
40508,EW2,90.0,90.0,0.0,1.0,0.0
40509,EW2,90.0,90.0,0.0,1.0,0.0
40510,EW2,90.0,90.0,0.0,1.0,0.0
40511,EW2,90.0,90.0,0.0,1.0,0.0
40512,EW2,90.0,90.0,0.0,1.0,0.0
40513,EW2,90.0,90.0,0.0,1.0,0.0
40514,EW2,90.0,90.0,0.0,1.0,0.0
40515,EW2,90.0,90.0,0.0,1.0,0.0
40516,EW2,90.0,90.0,0.0,1.0,0.0
40517,EW2,90.0,90.0,0.0,1.0,0.0
40518,EW2,90.0,90.0,0.0,1.0,0.0
40519,EW2,90.0,90.0,0.0,1.0,0.0
40520,EW2,90.0,90.0,0.0,1.0,0.0
40521,EW2,90.0,90.0,0.0,1.0,0.0
40522,EW2,90.0,90.0,0.0,1.0,0.0
40523,EW2,90.0,90.0,0.0,1.0,0.0
40524,EW2,90.0,90.0,0.0,1.0,0.0
40525,EW2,90.0,90.0,0.0,1.0,0.0
40526,EW2,90.0,90.0,0.0,1.0,0.0
40527,EW2,90.0,90.0,0.0,1.0,0.0
40528,EW2,90.0,90.0,0.0,1.0,0.0
40529,EW2,90.0,90.0,0.0,1.0,0.0
40530,EW2,90.0,90.0,0.0,1.0,0.0
40531,EW2,90.0,90.0,0.0,1.0,0.0
40532,EW2,90.0,90.0,0.0,1.0,0.0
40533,EW2,90.0,90.0,0.0,1.0,0.0
40534,EW2,90.0,90.0,0.0,1.0,0.0
40535,EW2,90.0,90.0,0.0,1.0,0.0
40536,EW2,90.0,90.0,0.0,1.0,0.0
40537,EW2,90.0,90.0,0.0,1.0,0.0
40538,EW2,90.0,90.0,0.0,1.0,0.0
40539,EW2,90.0,90.0,0.0,1.0,0.0
40540,EW2,90.0,90.0,0.0,1.0,0.0
40541,EW2,90.0,90.0,0.0,1.0,0.0
40542,EW2,90.0,90.0,0.0,1.0,0.0
40543,EW2,90.0,90.0,0.0,1.0,0.0
40544,EW2,90.0,90.0,0.0,1.0,0.0
40545,EW2,90.0,90.0,0.0,1.0,0.0
40546,EW2,90.0,90.0,0.0,1.0,0.0
40547,EW2,90.0,90.0,0.0,1.0,0.0
40548,EW2,90.0,90.0,0.0,1.0,0.0
40549,EW2,90.0,90.0,0.0,1.0,0.0
40550,EW2,90.0,90.0,0.0,1.0,0.0
40551,EW2,90.0,90.0,0.0,1.0,0.0
40552,EW2,90.0,90.0,0.0,1.0,0.0
40553,EW2,90.0,90.0,0.0,1.0,0.0
40554,EW2,90.0,90.0,0.0,1.0,0.0
40555,EW2,90.0,90.0,0.0,1.0,0.0
40556,EW2,90.0,90.0,0.0,1.0,0.0
40557,EW2,90.0,90.0,0.0,1.0,0.0
40558,EW2,90.0,90.0,0.0,1.0,0.0
40559,EW2,90.0,90.0,0.0,1.0,0.0
40560,EW2,90.0,90.0,0.0,1.0,0.0
40561,EW2,90.0,90.0,0.0,1.0,0.0
40562,EW2,90.0,90.0,0.0,1.0,0.0
40563,EW2,90.0,90.0,0.0,1.0,0.0
40564,EW2,90.0,90.0,0.0,1.0,0.0
48070,EW2,90.0,90.0,0.0,1.0,0.0
48071,EW2,90.0,90.0,0.0,1.0,0.0
48072,EW2,90.0,90.0,0.0,1.0,0.0
48073,EW2,90.0,90.0,0.0,1.0,0.0
48074,EW2,90.0,90.0,0.0,1.0,0.0
48075,EW2,90.0,90.0,0.0,1.0,0.0
48076,EW2,90.0,90.0,0.0,1.0,0.0
48077,EW2,90.0,90.0,0.0,1.0,0.0
48078,EW2,90.0,90.0,0.0,1.0,0.0
48079,EW2,90.0,90.0,0.0,1.0,0.0
48080,EW2,90.0,90.0,0.0,1.0,0.0
48081,EW2,90.0,90.0,0.0,1.0,0.0
48082,EW2,90.0,90.0,0.0,1.0,0.0
48083,EW2,90.0,90.0,0.0,1.0,0.0
48084,EW2,90.0,90.0,0.0,1.0,0.0
48085,EW2,90.0,90.0,0.0,1.0,0.0
48086,EW2,90.0,90.0,0.0,1.0,0.0
48087,EW2,90.0,90.0,0.0,1.0,0.0
48088,EW2,90.0,90.0,0.0,1.0,0.0
48089,EW2,90.0,90.0,0.0,1.0,0.0
48090,EW2,90.0,90.0,0.0,1.0,0.0
48091,EW2,90.0,90.0,0.0,1.0,0.0
48092,EW2,90.0,90.0,0.0,1.0,0.0
48093,EW2,90.0,90.0,0.0,1.0,0.0
48094,EW2,90.0,90.0,0.0,1.0,0.0
48095,EW2,90.0,90.0,0.0,1.0,0.0
48096,EW2,90.0,90.0,0.0,1.0,0.0
48097,EW2,90.0,90.0,0.0,1.0,0.0
48098,EW2,90.0,90.0,0.0,1.0,0.0
48099,EW2,90.0,90.0,0.0,1.0,0.0
48100,EW2,90.0,90.0,0.0,1.0,0.0
48101,EW2,90.0,90.0,0.0,1.0,0.0
48102,EW2,90.0,90.0,0.0,1.0,0.0
48103,EW2,90.0,90.0,0.0,1.0,0.0
48104,EW2,90.0,90.0,0.0,1.0,0.0
48105,EW2,90.0,90.0,0.0,1.0,0.0
48106,EW2,90.0,90.0,0.0,1.0,0.0
48107,EW2,90.0,90.0,0.0,1.0,0.0
48108,EW2,90.0,90.0,0.0,1.0,0.0
48109,EW2,90.0,90.0,0.0,1.0,0.0
48110,EW2,90.0,90.0,0.0,1.0,0.0
48111,EW2,90.0,90.0,0.0,1.0,0.0
48112,EW2,90.0,90.0,0.0,1.0,0.0
48113,EW2,90.0,90.0,0.0,1.0,0.0
48114,EW2,90.0,90.0,0.0,1.0,0.0
48115,EW2,90.0,90.0,0.0,1.0,0.0
48116,EW2,90.0,90.0,0.0,1.0,0.0
48117,EW2,90.0,90.0,0.0,1.0,0.0
48118,EW2,90.0,90.0,0.0,1.0,0.0
48119,EW2,90.0,90.0,0.0,1.0,0.0
48120,EW2,90.0,90.0,0.0,1.0,0.0
48121,EW2,90.0,90.0,0.0,1.0,0.0
48122,EW2,90.0,90.0,0.0,1.0,0.0
48123,EW2,90.0,90.0,0.0,1.0,0.0
48124,EW2,90.0,90.0,0.0,1.0,0.0
48125,EW2,90.0,90.0,0.0,1.0,0.0
48126,EW2,90.0,90.0,0.0,1.0,0.0
48127,EW2,90.0,90.0,0.0,1.0,0.0
48128,EW2,90.0,90.0,0.0,1.0,0.0
48129,EW2,90.0,90.0,0.0,1.0,0.0
48130,EW2,90.0,90.0,0.0,1.0,0.0
48131,EW2,90.0,90.0,0.0,1.0,0.0
48132,EW2,90.0,90.0,0.0,1.0,0.0
48133,EW2,90.0,90.0,0.0,1.0,0.0
48134,EW2,90.0,90.0,0.0,1.0,0.0
48135,EW2,90.0,90.0,0.0,1.0,0.0
48136,EW2,90.0,90.0,0.0,1.0,0.0
48137,EW2,90.0,90.0,0.0,1.0,0.0
48138,EW2,90.0,90.0,0.0,1.0,0.0
48139,EW2,90.0,90.0,0.0,1.0,0.0
48140,EW2,90.0,90.0,0.0,1.0,0.0
48141,EW2,90.0,90.0,0.0,1.0,0.0
48142,EW2,90.0,90.0,0.0,1.0,0.0
48143,EW2,90.0,90.0,0.0,1.0,0.0
48144,EW2,90.0,90.0,0.0,1.0,0.0
48145,EW2,90.0,90.0,0.0,1.0,0.0
48146,EW2,90.0,90.0,0.0,1.0,0.0
48147,EW2,90.0,90.0,0.0,1.0,0.0
48148,EW2,90.0,90.0,0.0,1.0,0.0
48149,EW2,90.0,90.0,0.0,1.0,0.0
48150,EW2,90.0,90.0,0.0,1.0,0.0
48151,EW2,90.0,90.0,0.0,1.0,0.0
48152,EW2,90.0,90.0,0.0,1.0,0.0
48153,EW2,90.0,90.0,0.0,1.0,0.0
48154,EW2,90.0,90.0,0.0,1.0,0.0
48155,EW2,90.0,90.0,0.0,1.0,0.0
48156,EW2,90.0,90.0,0.0,1.0,0.0
48157,EW2,90.0,90.0,0.0,1.0,0.0
48158,EW2,90.0,90.0,0.0,1.0,0.0
48159,EW2,90.0,90.0,0.0,1.0,0.0
48160,EW2,90.0,90.0,0.0,1.0,0.0
48161,EW2,90.0,90.0,0.0,1.0,0.0
48162,EW2,90.0,90.0,0.0,1.0,0.0
48163,EW2,90.0,90.0,0.0,1.0,0.0
48164,EW2,90.0,90.0,0.0,1.0,0.0
55670,EW2,90.0,90.0,0.0,1.0,0.0
55671,EW2,90.0,90.0,0.0,1.0,0.0
55672,EW2,90.0,90.0,0.0,1.0,0.0
55673,EW2,90.0,90.0,0.0,1.0,0.0
55674,EW2,90.0,90.0,0.0,1.0,0.0
55675,EW2,90.0,90.0,0.0,1.0,0.0
55676,EW2,90.0,90.0,0.0,1.0,0.0
55677,EW2,90.0,90.0,0.0,1.0,0.0
55678,EW2,90.0,90.0,0.0,1.0,0.0
55679,EW2,90.0,90.0,0.0,1.0,0.0
55680,EW2,90.0,90.0,0.0,1.0,0.0
55681,EW2,90.0,90.0,0.0,1.0,0.0
55682,EW2,90.0,90.0,0.0,1.0,0.0
55683,EW2,90.0,90.0,0.0,1.0,0.0
55684,EW2,90.0,90.0,0.0,1.0,0.0
55685,EW2,90.0,90.0,0.0,1.0,0.0
55686,EW2,90.0,90.0,0.0,1.0,0.0
55687,EW2,90.0,90.0,0.0,1.0,0.0
55688,EW2,90.0,90.0,0.0,1.0,0.0
55689,EW2,90.0,90.0,0.0,1.0,0.0
55690,EW2,90.0,90.0,0.0,1.0,0.0
55691,EW2,90.0,90.0,0.0,1.0,0.0
55692,EW2,90.0,90.0,0.0,1.0,0.0
55693,EW2,90.0,90.0,0.0,1.0,0.0
55694,EW2,90.0,90.0,0.0,1.0,0.0
55695,EW2,90.0,90.0,0.0,1.0,0.0
55696,EW2,90.0,90.0,0.0,1.0,0.0
55697,EW2,90.0,90.0,0.0,1.0,0.0
55698,EW2,90.0,90.0,0.0,1.0,0.0
55699,EW2,90.0,90.0,0.0,1.0,0.0
55700,EW2,90.0,90.0,0.0,1.0,0.0
55701,EW2,90.0,90.0,0.0,1.0,0.0
55702,EW2,90.0,90.0,0.0,1.0,0.0
55703,EW2,90.0,90.0,0.0,1.0,0.0
55704,EW2,90.0,90.0,0.0,1.0,0.0
55705,EW2,90.0,90.0,0.0,1.0,0.0
55706,EW2,90.0,90.0,0.0,1.0,0.0
55707,EW2,90.0,90.0,0.0,1.0,0.0
55708,EW2,90.0,90.0,0.0,1.0,0.0
55709,EW2,90.0,90.0,0.0,1.0,0.0
55710,EW2,90.0,90.0,0.0,1.0,0.0
55711,EW2,90.0,90.0,0.0,1.0,0.0
55712,EW2,90.0,90.0,0.0,1.0,0.0
55713,EW2,90.0,90.0,0.0,1.0,0.0
55714,EW2,90.0,90.0,0.0,1.0,0.0
55715,EW2,90.0,90.0,0.0,1.0,0.0
55716,EW2,90.0,90.0,0.0,1.0,0.0
55717,EW2,90.0,90.0,0.0,1.0,0.0
55718,EW2,90.0,90.0,0.0,1.0,0.0
55719,EW2,90.0,90.0,0.0,1.0,0.0
55720,EW2,90.0,90.0,0.0,1.0,0.0
55721,EW2,90.0,90.0,0.0,1.0,0.0
55722,EW2,90.0,90.0,0.0,1.0,0.0
55723,EW2,90.0,90.0,0.0,1.0,0.0
55724,EW2,90.0,90.0,0.0,1.0,0.0
55725,EW2,90.0,90.0,0.0,1.0,0.0
55726,EW2,90.0,90.0,0.0,1.0,0.0
55727,EW2,90.0,90.0,0.0,1.0,0.0
55728,EW2,90.0,90.0,0.0,1.0,0.0
55729,EW2,90.0,90.0,0.0,1.0,0.0
55730,EW2,90.0,90.0,0.0,1.0,0.0
55731,EW2,90.0,90.0,0.0,1.0,0.0
55732,EW2,90.0,90.0,0.0,1.0,0.0
55733,EW2,90.0,90.0,0.0,1.0,0.0
55734,EW2,90.0,90.0,0.0,1.0,0.0
55735,EW2,90.0,90.0,0.0,1.0,0.0
55736,EW2,90.0,90.0,0.0,1.0,0.0
55737,EW2,90.0,90.0,0.0,1.0,0.0
55738,EW2,90.0,90.0,0.0,1.0,0.0
55739,EW2,90.0,90.0,0.0,1.0,0.0
55740,EW2,90.0,90.0,0.0,1.0,0.0
55741,EW2,90.0,90.0,0.0,1.0,0.0
55742,EW2,90.0,90.0,0.0,1.0,0.0
55743,EW2,90.0,90.0,0.0,1.0,0.0
55744,EW2,90.0,90.0,0.0,1.0,0.0
55745,EW2,90.0,90.0,0.0,1.0,0.0
55746,EW2,90.0,90.0,0.0,1.0,0.0
55747,EW2,90.0,90.0,0.0,1.0,0.0
55748,EW2,90.0,90.0,0.0,1.0,0.0
55749,EW2,90.0,90.0,0.0,1.0,0.0
55750,EW2,90.0,90.0,0.0,1.0,0.0
55751,EW2,90.0,90.0,0.0,1.0,0.0
55752,EW2,90.0,90.0,0.0,1.0,0.0
55753,EW2,90.0,90.0,0.0,1.0,0.0
55754,EW2,90.0,90.0,0.0,1.0,0.0
55755,EW2,90.0,90.0,0.0,1.0,0.0
55756,EW2,90.0,90.0,0.0,1.0,0.0
55757,EW2,90.0,90.0,0.0,1.0,0.0
55758,EW2,90.0,90.0,0.0,1.0,0.0
55759,EW2,90.0,90.0,0.0,1.0,0.0
55760,EW2,90.0,90.0,0.0,1.0,0.0
55761,EW2,90.0,90.0,0.0,1.0,0.0
55762,EW2,90.0,90.0,0.0,1.0,0.0
55763,EW2,90.0,90.0,0.0,1.0,0.0
55764,EW2,90.0,90.0,0.0,1.0,0.0
63270,EW2,90.0,90.0,0.0,1.0,0.0
63271,EW2,90.0,90.0,0.0,1.0,0.0
63272,EW2,90.0,90.0,0.0,1.0,0.0
63273,EW2,90.0,90.0,0.0,1.0,0.0
63274,EW2,90.0,90.0,0.0,1.0,0.0
63275,EW2,90.0,90.0,0.0,1.0,0.0
63276,EW2,90.0,90.0,0.0,1.0,0.0
63277,EW2,90.0,90.0,0.0,1.0,0.0
63278,EW2,90.0,90.0,0.0,1.0,0.0
63279,EW2,90.0,90.0,0.0,1.0,0.0
63280,EW2,90.0,90.0,0.0,1.0,0.0
63281,EW2,90.0,90.0,0.0,1.0,0.0
63282,EW2,90.0,90.0,0.0,1.0,0.0
63283,EW2,90.0,90.0,0.0,1.0,0.0
63284,EW2,90.0,90.0,0.0,1.0,0.0
63285,EW2,90.0,90.0,0.0,1.0,0.0
63286,EW2,90.0,90.0,0.0,1.0,0.0
63287,EW2,90.0,90.0,0.0,1.0,0.0
63288,EW2,90.0,90.0,0.0,1.0,0.0
63289,EW2,90.0,90.0,0.0,1.0,0.0
63290,EW2,90.0,90.0,0.0,1.0,0.0
63291,EW2,90.0,90.0,0.0,1.0,0.0
63292,EW2,90.0,90.0,0.0,1.0,0.0
63293,EW2,90.0,90.0,0.0,1.0,0.0
63294,EW2,90.0,90.0,0.0,1.0,0.0
63295,EW2,90.0,90.0,0.0,1.0,0.0
63296,EW2,90.0,90.0,0.0,1.0,0.0
63297,EW2,90.0,90.0,0.0,1.0,0.0
63298,EW2,90.0,90.0,0.0,1.0,0.0
63299,EW2,90.0,90.0,0.0,1.0,0.0
63300,EW2,90.0,90.0,0.0,1.0,0.0
63301,EW2,90.0,90.0,0.0,1.0,0.0
63302,EW2,90.0,90.0,0.0,1.0,0.0
63303,EW2,90.0,90.0,0.0,1.0,0.0
63304,EW2,90.0,90.0,0.0,1.0,0.0
63305,EW2,90.0,90.0,0.0,1.0,0.0
63306,EW2,90.0,90.0,0.0,1.0,0.0
63307,EW2,90.0,90.0,0.0,1.0,0.0
63308,EW2,90.0,90.0,0.0,1.0,0.0
63309,EW2,90.0,90.0,0.0,1.0,0.0
63310,EW2,90.0,90.0,0.0,1.0,0.0
63311,EW2,90.0,90.0,0.0,1.0,0.0
63312,EW2,90.0,90.0,0.0,1.0,0.0
63313,EW2,90.0,90.0,0.0,1.0,0.0
63314,EW2,90.0,90.0,0.0,1.0,0.0
63315,EW2,90.0,90.0,0.0,1.0,0.0
63316,EW2,90.0,90.0,0.0,1.0,0.0
63317,EW2,90.0,90.0,0.0,1.0,0.0
63318,EW2,90.0,90.0,0.0,1.0,0.0
63319,EW2,90.0,90.0,0.0,1.0,0.0
63320,EW2,90.0,90.0,0.0,1.0,0.0
63321,EW2,90.0,90.0,0.0,1.0,0.0
63322,EW2,90.0,90.0,0.0,1.0,0.0
63323,EW2,90.0,90.0,0.0,1.0,0.0
63324,EW2,90.0,90.0,0.0,1.0,0.0
63325,EW2,90.0,90.0,0.0,1.0,0.0
63326,EW2,90.0,90.0,0.0,1.0,0.0
63327,EW2,90.0,90.0,0.0,1.0,0.0
63328,EW2,90.0,90.0,0.0,1.0,0.0
63329,EW2,90.0,90.0,0.0,1.0,0.0
63330,EW2,90.0,90.0,0.0,1.0,0.0
63331,EW2,90.0,90.0,0.0,1.0,0.0
63332,EW2,90.0,90.0,0.0,1.0,0.0
63333,EW2,90.0,90.0,0.0,1.0,0.0
63334,EW2,90.0,90.0,0.0,1.0,0.0
63335,EW2,90.0,90.0,0.0,1.0,0.0
63336,EW2,90.0,90.0,0.0,1.0,0.0
63337,EW2,90.0,90.0,0.0,1.0,0.0
63338,EW2,90.0,90.0,0.0,1.0,0.0
63339,EW2,90.0,90.0,0.0,1.0,0.0
63340,EW2,90.0,90.0,0.0,1.0,0.0
63341,EW2,90.0,90.0,0.0,1.0,0.0
63342,EW2,90.0,90.0,0.0,1.0,0.0
63343,EW2,90.0,90.0,0.0,1.0,0.0
63344,EW2,90.0,90.0,0.0,1.0,0.0
63345,EW2,90.0,90.0,0.0,1.0,0.0
63346,EW2,90.0,90.0,0.0,1.0,0.0
63347,EW2,90.0,90.0,0.0,1.0,0.0
63348,EW2,90.0,90.0,0.0,1.0,0.0
63349,EW2,90.0,90.0,0.0,1.0,0.0
63350,EW2,90.0,90.0,0.0,1.0,0.0
63351,EW2,90.0,90.0,0.0,1.0,0.0
63352,EW2,90.0,90.0,0.0,1.0,0.0
63353,EW2,90.0,90.0,0.0,1.0,0.0
63354,EW2,90.0,90.0,0.0,1.0,0.0
63355,EW2,90.0,90.0,0.0,1.0,0.0
63356,EW2,90.0,90.0,0.0,1.0,0.0
63357,EW2,90.0,90.0,0.0,1.0,0.0
63358,EW2,90.0,90.0,0.0,1.0,0.0
63359,EW2,90.0,90.0,0.0,1.0,0.0
63360,EW2,90.0,90.0,0.0,1.0,0.0
63361,EW2,90.0,90.0,0.0,1.0,0.0
63362,EW2,90.0,90.0,0.0,1.0,0.0
63363,EW2,90.0,90.0,0.0,1.0,0.0
63364,EW2,90.0,90.0,0.0,1.0,0.0
70870,EW2,90.0,90.0,0.0,1.0,0.0
70871,EW2,90.0,90.0,0.0,1.0,0.0
70872,EW2,90.0,90.0,0.0,1.0,0.0
70873,EW2,90.0,90.0,0.0,1.0,0.0
70874,EW2,90.0,90.0,0.0,1.0,0.0
70875,EW2,90.0,90.0,0.0,1.0,0.0
70876,EW2,90.0,90.0,0.0,1.0,0.0
70877,EW2,90.0,90.0,0.0,1.0,0.0
70878,EW2,90.0,90.0,0.0,1.0,0.0
70879,EW2,90.0,90.0,0.0,1.0,0.0
70880,EW2,90.0,90.0,0.0,1.0,0.0
70881,EW2,90.0,90.0,0.0,1.0,0.0
70882,EW2,90.0,90.0,0.0,1.0,0.0
70883,EW2,90.0,90.0,0.0,1.0,0.0
70884,EW2,90.0,90.0,0.0,1.0,0.0
70885,EW2,90.0,90.0,0.0,1.0,0.0
70886,EW2,90.0,90.0,0.0,1.0,0.0
70887,EW2,90.0,90.0,0.0,1.0,0.0
70888,EW2,90.0,90.0,0.0,1.0,0.0
70889,EW2,90.0,90.0,0.0,1.0,0.0
70890,EW2,90.0,90.0,0.0,1.0,0.0
70891,EW2,90.0,90.0,0.0,1.0,0.0
70892,EW2,90.0,90.0,0.0,1.0,0.0
70893,EW2,90.0,90.0,0.0,1.0,0.0
70894,EW2,90.0,90.0,0.0,1.0,0.0
70895,EW2,90.0,90.0,0.0,1.0,0.0
70896,EW2,90.0,90.0,0.0,1.0,0.0
70897,EW2,90.0,90.0,0.0,1.0,0.0
70898,EW2,90.0,90.0,0.0,1.0,0.0
70899,EW2,90.0,90.0,0.0,1.0,0.0
70900,EW2,90.0,90.0,0.0,1.0,0.0
70901,EW2,90.0,90.0,0.0,1.0,0.0
70902,EW2,90.0,90.0,0.0,1.0,0.0
70903,EW2,90.0,90.0,0.0,1.0,0.0
70904,EW2,90.0,90.0,0.0,1.0,0.0
70905,EW2,90.0,90.0,0.0,1.0,0.0
70906,EW2,90.0,90.0,0.0,1.0,0.0
70907,EW2,90.0,90.0,0.0,1.0,0.0
70908,EW2,90.0,90.0,0.0,1.0,0.0
70909,EW2,90.0,90.0,0.0,1.0,0.0
70910,EW2,90.0,90.0,0.0,1.0,0.0
70911,EW2,90.0,90.0,0.0,1.0,0.0
70912,EW2,90.0,90.0,0.0,1.0,0.0
70913,EW2,90.0,90.0,0.0,1.0,0.0
70914,EW2,90.0,90.0,0.0,1.0,0.0
70915,EW2,90.0,90.0,0.0,1.0,0.0
70916,EW2,90.0,90.0,0.0,1.0,0.0
70917,EW2,90.0,90.0,0.0,1.0,0.0
70918,EW2,90.0,90.0,0.0,1.0,0.0
70919,EW2,90.0,90.0,0.0,1.0,0.0
70920,EW2,90.0,90.0,0.0,1.0,0.0
70921,EW2,90.0,90.0,0.0,1.0,0.0
70922,EW2,90.0,90.0,0.0,1.0,0.0
70923,EW2,90.0,90.0,0.0,1.0,0.0
70924,EW2,90.0,90.0,0.0,1.0,0.0
70925,EW2,90.0,90.0,0.0,1.0,0.0
70926,EW2,90.0,90.0,0.0,1.0,0.0
70927,EW2,90.0,90.0,0.0,1.0,0.0
70928,EW2,90.0,90.0,0.0,1.0,0.0
70929,EW2,90.0,90.0,0.0,1.0,0.0
70930,EW2,90.0,90.0,0.0,1.0,0.0
70931,EW2,90.0,90.0,0.0,1.0,0.0
70932,EW2,90.0,90.0,0.0,1.0,0.0
70933,EW2,90.0,90.0,0.0,1.0,0.0
70934,EW2,90.0,90.0,0.0,1.0,0.0
70935,EW2,90.0,90.0,0.0,1.0,0.0
70936,EW2,90.0,90.0,0.0,1.0,0.0
70937,EW2,90.0,90.0,0.0,1.0,0.0
70938,EW2,90.0,90.0,0.0,1.0,0.0
70939,EW2,90.0,90.0,0.0,1.0,0.0
70940,EW2,90.0,90.0,0.0,1.0,0.0
70941,EW2,90.0,90.0,0.0,1.0,0.0
70942,EW2,90.0,90.0,0.0,1.0,0.0
70943,EW2,90.0,90.0,0.0,1.0,0.0
70944,EW2,90.0,90.0,0.0,1.0,0.0
70945,EW2,90.0,90.0,0.0,1.0,0.0
70946,EW2,90.0,90.0,0.0,1.0,0.0
70947,EW2,90.0,90.0,0.0,1.0,0.0
70948,EW2,90.0,90.0,0.0,1.0,0.0
70949,EW2,90.0,90.0,0.0,1.0,0.0
70950,EW2,90.0,90.0,0.0,1.0,0.0
70951,EW2,90.0,90.0,0.0,1.0,0.0
70952,EW2,90.0,90.0,0.0,1.0,0.0
70953,EW2,90.0,90.0,0.0,1.0,0.0
70954,EW2,90.0,90.0,0.0,1.0,0.0
70955,EW2,90.0,90.0,0.0,1.0,0.0
70956,EW2,90.0,90.0,0.0,1.0,0.0
70957,EW2,90.0,90.0,0.0,1.0,0.0
70958,EW2,90.0,90.0,0.0,1.0,0.0
70959,EW2,90.0,90.0,0.0,1.0,0.0
70960,EW2,90.0,90.0,0.0,1.0,0.0
70961,EW2,90.0,90.0,0.0,1.0,0.0
70962,EW2,90.0,90.0,0.0,1.0,0.0
70963,EW2,90.0,90.0,0.0,1.0,0.0
70964,EW2,90.0,90.0,0.0,1.0,0.0
78470,EW2,90.0,90.0,0.0,1.0,0.0
78471,EW2,90.0,90.0,0.0,1.0,0.0
78472,EW2,90.0,90.0,0.0,1.0,0.0
78473,EW2,90.0,90.0,0.0,1.0,0.0
78474,EW2,90.0,90.0,0.0,1.0,0.0
78475,EW2,90.0,90.0,0.0,1.0,0.0
78476,EW2,90.0,90.0,0.0,1.0,0.0
78477,EW2,90.0,90.0,0.0,1.0,0.0
78478,EW2,90.0,90.0,0.0,1.0,0.0
78479,EW2,90.0,90.0,0.0,1.0,0.0
78480,EW2,90.0,90.0,0.0,1.0,0.0
78481,EW2,90.0,90.0,0.0,1.0,0.0
78482,EW2,90.0,90.0,0.0,1.0,0.0
78483,EW2,90.0,90.0,0.0,1.0,0.0
78484,EW2,90.0,90.0,0.0,1.0,0.0
78485,EW2,90.0,90.0,0.0,1.0,0.0
78486,EW2,90.0,90.0,0.0,1.0,0.0
78487,EW2,90.0,90.0,0.0,1.0,0.0
78488,EW2,90.0,90.0,0.0,1.0,0.0
78489,EW2,90.0,90.0,0.0,1.0,0.0
78490,EW2,90.0,90.0,0.0,1.0,0.0
78491,EW2,90.0,90.0,0.0,1.0,0.0
78492,EW2,90.0,90.0,0.0,1.0,0.0
78493,EW2,90.0,90.0,0.0,1.0,0.0
78494,EW2,90.0,90.0,0.0,1.0,0.0
78495,EW2,90.0,90.0,0.0,1.0,0.0
78496,EW2,90.0,90.0,0.0,1.0,0.0
78497,EW2,90.0,90.0,0.0,1.0,0.0
78498,EW2,90.0,90.0,0.0,1.0,0.0
78499,EW2,90.0,90.0,0.0,1.0,0.0
78500,EW2,90.0,90.0,0.0,1.0,0.0
78501,EW2,90.0,90.0,0.0,1.0,0.0
78502,EW2,90.0,90.0,0.0,1.0,0.0
78503,EW2,90.0,90.0,0.0,1.0,0.0
78504,EW2,90.0,90.0,0.0,1.0,0.0
78505,EW2,90.0,90.0,0.0,1.0,0.0
78506,EW2,90.0,90.0,0.0,1.0,0.0
78507,EW2,90.0,90.0,0.0,1.0,0.0
78508,EW2,90.0,90.0,0.0,1.0,0.0
78509,EW2,90.0,90.0,0.0,1.0,0.0
78510,EW2,90.0,90.0,0.0,1.0,0.0
78511,EW2,90.0,90.0,0.0,1.0,0.0
78512,EW2,90.0,90.0,0.0,1.0,0.0
78513,EW2,90.0,90.0,0.0,1.0,0.0
78514,EW2,90.0,90.0,0.0,1.0,0.0
78515,EW2,90.0,90.0,0.0,1.0,0.0
78516,EW2,90.0,90.0,0.0,1.0,0.0
78517,EW2,90.0,90.0,0.0,1.0,0.0
78518,EW2,90.0,90.0,0.0,1.0,0.0
78519,EW2,90.0,90.0,0.0,1.0,0.0
78520,EW2,90.0,90.0,0.0,1.0,0.0
78521,EW2,90.0,90.0,0.0,1.0,0.0
78522,EW2,90.0,90.0,0.0,1.0,0.0
78523,EW2,90.0,90.0,0.0,1.0,0.0
78524,EW2,90.0,90.0,0.0,1.0,0.0
78525,EW2,90.0,90.0,0.0,1.0,0.0
78526,EW2,90.0,90.0,0.0,1.0,0.0
78527,EW2,90.0,90.0,0.0,1.0,0.0
78528,EW2,90.0,90.0,0.0,1.0,0.0
78529,EW2,90.0,90.0,0.0,1.0,0.0
78530,EW2,90.0,90.0,0.0,1.0,0.0
78531,EW2,90.0,90.0,0.0,1.0,0.0
78532,EW2,90.0,90.0,0.0,1.0,0.0
78533,EW2,90.0,90.0,0.0,1.0,0.0
78534,EW2,90.0,90.0,0.0,1.0,0.0
78535,EW2,90.0,90.0,0.0,1.0,0.0
78536,EW2,90.0,90.0,0.0,1.0,0.0
78537,EW2,90.0,90.0,0.0,1.0,0.0
78538,EW2,90.0,90.0,0.0,1.0,0.0
78539,EW2,90.0,90.0,0.0,1.0,0.0
78540,EW2,90.0,90.0,0.0,1.0,0.0
78541,EW2,90.0,90.0,0.0,1.0,0.0
78542,EW2,90.0,90.0,0.0,1.0,0.0
78543,EW2,90.0,90.0,0.0,1.0,0.0
78544,EW2,90.0,90.0,0.0,1.0,0.0
78545,EW2,90.0,90.0,0.0,1.0,0.0
78546,EW2,90.0,90.0,0.0,1.0,0.0
78547,EW2,90.0,90.0,0.0,1.0,0.0
78548,EW2,90.0,90.0,0.0,1.0,0.0
78549,EW2,90.0,90.0,0.0,1.0,0.0
78550,EW2,90.0,90.0,0.0,1.0,0.0
78551,EW2,90.0,90.0,0.0,1.0,0.0
78552,EW2,90.0,90.0,0.0,1.0,0.0
78553,EW2,90.0,90.0,0.0,1.0,0.0
78554,EW2,90.0,90.0,0.0,1.0,0.0
78555,EW2,90.0,90.0,0.0,1.0,0.0
78556,EW2,90.0,90.0,0.0,1.0,0.0
78557,EW2,90.0,90.0,0.0,1.0,0.0
78558,EW2,90.0,90.0,0.0,1.0,0.0
78559,EW2,90.0,90.0,0.0,1.0,0.0
78560,EW2,90.0,90.0,0.0,1.0,0.0
78561,EW2,90.0,90.0,0.0,1.0,0.0
78562,EW2,90.0,90.0,0.0,1.0,0.0
78563,EW2,90.0,90.0,0.0,1.0,0.0
78564,EW2,90.0,90.0,0.0,1.0,0.0
86070,EW2,90.0,90.0,0.0,1.0,0.0
86071,EW2,90.0,90.0,0.0,1.0,0.0
86072,EW2,90.0,90.0,0.0,1.0,0.0
86073,EW2,90.0,90.0,0.0,1.0,0.0
86074,EW2,90.0,90.0,0.0,1.0,0.0
86075,EW2,90.0,90.0,0.0,1.0,0.0
86076,EW2,90.0,90.0,0.0,1.0,0.0
86077,EW2,90.0,90.0,0.0,1.0,0.0
86078,EW2,90.0,90.0,0.0,1.0,0.0
86079,EW2,90.0,90.0,0.0,1.0,0.0
86080,EW2,90.0,90.0,0.0,1.0,0.0
86081,EW2,90.0,90.0,0.0,1.0,0.0
86082,EW2,90.0,90.0,0.0,1.0,0.0
86083,EW2,90.0,90.0,0.0,1.0,0.0
86084,EW2,90.0,90.0,0.0,1.0,0.0
86085,EW2,90.0,90.0,0.0,1.0,0.0
86086,EW2,90.0,90.0,0.0,1.0,0.0
86087,EW2,90.0,90.0,0.0,1.0,0.0
86088,EW2,90.0,90.0,0.0,1.0,0.0
86089,EW2,90.0,90.0,0.0,1.0,0.0
86090,EW2,90.0,90.0,0.0,1.0,0.0
86091,EW2,90.0,90.0,0.0,1.0,0.0
86092,EW2,90.0,90.0,0.0,1.0,0.0
86093,EW2,90.0,90.0,0.0,1.0,0.0
86094,EW2,90.0,90.0,0.0,1.0,0.0
86095,EW2,90.0,90.0,0.0,1.0,0.0
86096,EW2,90.0,90.0,0.0,1.0,0.0
86097,EW2,90.0,90.0,0.0,1.0,0.0
86098,EW2,90.0,90.0,0.0,1.0,0.0
86099,EW2,90.0,90.0,0.0,1.0,0.0
86100,EW2,90.0,90.0,0.0,1.0,0.0
86101,EW2,90.0,90.0,0.0,1.0,0.0
86102,EW2,90.0,90.0,0.0,1.0,0.0
86103,EW2,90.0,90.0,0.0,1.0,0.0
86104,EW2,90.0,90.0,0.0,1.0,0.0
86105,EW2,90.0,90.0,0.0,1.0,0.0
86106,EW2,90.0,90.0,0.0,1.0,0.0
86107,EW2,90.0,90.0,0.0,1.0,0.0
86108,EW2,90.0,90.0,0.0,1.0,0.0
86109,EW2,90.0,90.0,0.0,1.0,0.0
86110,EW2,90.0,90.0,0.0,1.0,0.0
86111,EW2,90.0,90.0,0.0,1.0,0.0
86112,EW2,90.0,90.0,0.0,1.0,0.0
86113,EW2,90.0,90.0,0.0,1.0,0.0
86114,EW2,90.0,90.0,0.0,1.0,0.0
86115,EW2,90.0,90.0,0.0,1.0,0.0
86116,EW2,90.0,90.0,0.0,1.0,0.0
86117,EW2,90.0,90.0,0.0,1.0,0.0
86118,EW2,90.0,90.0,0.0,1.0,0.0
86119,EW2,90.0,90.0,0.0,1.0,0.0
86120,EW2,90.0,90.0,0.0,1.0,0.0
86121,EW2,90.0,90.0,0.0,1.0,0.0
86122,EW2,90.0,90.0,0.0,1.0,0.0
86123,EW2,90.0,90.0,0.0,1.0,0.0
86124,EW2,90.0,90.0,0.0,1.0,0.0
86125,EW2,90.0,90.0,0.0,1.0,0.0
86126,EW2,90.0,90.0,0.0,1.0,0.0
86127,EW2,90.0,90.0,0.0,1.0,0.0
86128,EW2,90.0,90.0,0.0,1.0,0.0
86129,EW2,90.0,90.0,0.0,1.0,0.0
86130,EW2,90.0,90.0,0.0,1.0,0.0
86131,EW2,90.0,90.0,0.0,1.0,0.0
86132,EW2,90.0,90.0,0.0,1.0,0.0
86133,EW2,90.0,90.0,0.0,1.0,0.0
86134,EW2,90.0,90.0,0.0,1.0,0.0
86135,EW2,90.0,90.0,0.0,1.0,0.0
86136,EW2,90.0,90.0,0.0,1.0,0.0
86137,EW2,90.0,90.0,0.0,1.0,0.0
86138,EW2,90.0,90.0,0.0,1.0,0.0
86139,EW2,90.0,90.0,0.0,1.0,0.0
86140,EW2,90.0,90.0,0.0,1.0,0.0
86141,EW2,90.0,90.0,0.0,1.0,0.0
86142,EW2,90.0,90.0,0.0,1.0,0.0
86143,EW2,90.0,90.0,0.0,1.0,0.0
86144,EW2,90.0,90.0,0.0,1.0,0.0
86145,EW2,90.0,90.0,0.0,1.0,0.0
86146,EW2,90.0,90.0,0.0,1.0,0.0
86147,EW2,90.0,90.0,0.0,1.0,0.0
86148,EW2,90.0,90.0,0.0,1.0,0.0
86149,EW2,90.0,90.0,0.0,1.0,0.0
86150,EW2,90.0,90.0,0.0,1.0,0.0
86151,EW2,90.0,90.0,0.0,1.0,0.0
86152,EW2,90.0,90.0,0.0,1.0,0.0
86153,EW2,90.0,90.0,0.0,1.0,0.0
86154,EW2,90.0,90.0,0.0,1.0,0.0
86155,EW2,90.0,90.0,0.0,1.0,0.0
86156,EW2,90.0,90.0,0.0,1.0,0.0
86157,EW2,90.0,90.0,0.0,1.0,0.0
86158,EW2,90.0,90.0,0.0,1.0,0.0
86159,EW2,90.0,90.0,0.0,1.0,0.0
86160,EW2,90.0,90.0,0.0,1.0,0.0
86161,EW2,90.0,90.0,0.0,1.0,0.0
86162,EW2,90.0,90.0,0.0,1.0,0.0
86163,EW2,90.0,90.0,0.0,1.0,0.0
86164,EW2,90.0,90.0,0.0,1.0,0.0
93670,EW2,90.0,90.0,0.0,1.0,0.0
93671,EW2,90.0,90.0,0.0,1.0,0.0
93672,EW2,90.0,90.0,0.0,1.0,0.0
93673,EW2,90.0,90.0,0.0,1.0,0.0
93674,EW2,90.0,90.0,0.0,1.0,0.0
93675,EW2,90.0,90.0,0.0,1.0,0.0
93676,EW2,90.0,90.0,0.0,1.0,0.0
93677,EW2,90.0,90.0,0.0,1.0,0.0
93678,EW2,90.0,90.0,0.0,1.0,0.0
93679,EW2,90.0,90.0,0.0,1.0,0.0
93680,EW2,90.0,90.0,0.0,1.0,0.0
93681,EW2,90.0,90.0,0.0,1.0,0.0
93682,EW2,90.0,90.0,0.0,1.0,0.0
93683,EW2,90.0,90.0,0.0,1.0,0.0
93684,EW2,90.0,90.0,0.0,1.0,0.0
93685,EW2,90.0,90.0,0.0,1.0,0.0
93686,EW2,90.0,90.0,0.0,1.0,0.0
93687,EW2,90.0,90.0,0.0,1.0,0.0
93688,EW2,90.0,90.0,0.0,1.0,0.0
93689,EW2,90.0,90.0,0.0,1.0,0.0
93690,EW2,90.0,90.0,0.0,1.0,0.0
93691,EW2,90.0,90.0,0.0,1.0,0.0
93692,EW2,90.0,90.0,0.0,1.0,0.0
93693,EW2,90.0,90.0,0.0,1.0,0.0
93694,EW2,90.0,90.0,0.0,1.0,0.0
93695,EW2,90.0,90.0,0.0,1.0,0.0
93696,EW2,90.0,90.0,0.0,1.0,0.0
93697,EW2,90.0,90.0,0.0,1.0,0.0
93698,EW2,90.0,90.0,0.0,1.0,0.0
93699,EW2,90.0,90.0,0.0,1.0,0.0
93700,EW2,90.0,90.0,0.0,1.0,0.0
93701,EW2,90.0,90.0,0.0,1.0,0.0
93702,EW2,90.0,90.0,0.0,1.0,0.0
93703,EW2,90.0,90.0,0.0,1.0,0.0
93704,EW2,90.0,90.0,0.0,1.0,0.0
93705,EW2,90.0,90.0,0.0,1.0,0.0
93706,EW2,90.0,90.0,0.0,1.0,0.0
93707,EW2,90.0,90.0,0.0,1.0,0.0
93708,EW2,90.0,90.0,0.0,1.0,0.0
93709,EW2,90.0,90.0,0.0,1.0,0.0
93710,EW2,90.0,90.0,0.0,1.0,0.0
93711,EW2,90.0,90.0,0.0,1.0,0.0
93712,EW2,90.0,90.0,0.0,1.0,0.0
93713,EW2,90.0,90.0,0.0,1.0,0.0
93714,EW2,90.0,90.0,0.0,1.0,0.0
93715,EW2,90.0,90.0,0.0,1.0,0.0
93716,EW2,90.0,90.0,0.0,1.0,0.0
93717,EW2,90.0,90.0,0.0,1.0,0.0
93718,EW2,90.0,90.0,0.0,1.0,0.0
93719,EW2,90.0,90.0,0.0,1.0,0.0
93720,EW2,90.0,90.0,0.0,1.0,0.0
93721,EW2,90.0,90.0,0.0,1.0,0.0
93722,EW2,90.0,90.0,0.0,1.0,0.0
93723,EW2,90.0,90.0,0.0,1.0,0.0
93724,EW2,90.0,90.0,0.0,1.0,0.0
93725,EW2,90.0,90.0,0.0,1.0,0.0
93726,EW2,90.0,90.0,0.0,1.0,0.0
93727,EW2,90.0,90.0,0.0,1.0,0.0
93728,EW2,90.0,90.0,0.0,1.0,0.0
93729,EW2,90.0,90.0,0.0,1.0,0.0
93730,EW2,90.0,90.0,0.0,1.0,0.0
93731,EW2,90.0,90.0,0.0,1.0,0.0
93732,EW2,90.0,90.0,0.0,1.0,0.0
93733,EW2,90.0,90.0,0.0,1.0,0.0
93734,EW2,90.0,90.0,0.0,1.0,0.0
93735,EW2,90.0,90.0,0.0,1.0,0.0
93736,EW2,90.0,90.0,0.0,1.0,0.0
93737,EW2,90.0,90.0,0.0,1.0,0.0
93738,EW2,90.0,90.0,0.0,1.0,0.0
93739,EW2,90.0,90.0,0.0,1.0,0.0
93740,EW2,90.0,90.0,0.0,1.0,0.0
93741,EW2,90.0,90.0,0.0,1.0,0.0
93742,EW2,90.0,90.0,0.0,1.0,0.0
93743,EW2,90.0,90.0,0.0,1.0,0.0
93744,EW2,90.0,90.0,0.0,1.0,0.0
93745,EW2,90.0,90.0,0.0,1.0,0.0
93746,EW2,90.0,90.0,0.0,1.0,0.0
93747,EW2,90.0,90.0,0.0,1.0,0.0
93748,EW2,90.0,90.0,0.0,1.0,0.0
93749,EW2,90.0,90.0,0.0,1.0,0.0
93750,EW2,90.0,90.0,0.0,1.0,0.0
93751,EW2,90.0,90.0,0.0,1.0,0.0
93752,EW2,90.0,90.0,0.0,1.0,0.0
93753,EW2,90.0,90.0,0.0,1.0,0.0
93754,EW2,90.0,90.0,0.0,1.0,0.0
93755,EW2,90.0,90.0,0.0,1.0,0.0
93756,EW2,90.0,90.0,0.0,1.0,0.0
93757,EW2,90.0,90.0,0.0,1.0,0.0
93758,EW2,90.0,90.0,0.0,1.0,0.0
93759,EW2,90.0,90.0,0.0,1.0,0.0
93760,EW2,90.0,90.0,0.0,1.0,0.0
93761,EW2,90.0,90.0,0.0,1.0,0.0
93762,EW2,90.0,90.0,0.0,1.0,0.0
93763,EW2,90.0,90.0,0.0,1.0,0.0
93764,EW2,90.0,90.0,0.0,1.0,0.0
101270,EW2,90.0,90.0,0.0,1.0,0.0
101271,EW2,90.0,90.0,0.0,1.0,0.0
101272,EW2,90.0,90.0,0.0,1.0,0.0
101273,EW2,90.0,90.0,0.0,1.0,0.0
101274,EW2,90.0,90.0,0.0,1.0,0.0
101275,EW2,90.0,90.0,0.0,1.0,0.0
101276,EW2,90.0,90.0,0.0,1.0,0.0
101277,EW2,90.0,90.0,0.0,1.0,0.0
101278,EW2,90.0,90.0,0.0,1.0,0.0
101279,EW2,90.0,90.0,0.0,1.0,0.0
101280,EW2,90.0,90.0,0.0,1.0,0.0
101281,EW2,90.0,90.0,0.0,1.0,0.0
101282,EW2,90.0,90.0,0.0,1.0,0.0
101283,EW2,90.0,90.0,0.0,1.0,0.0
101284,EW2,90.0,90.0,0.0,1.0,0.0
101285,EW2,90.0,90.0,0.0,1.0,0.0
101286,EW2,90.0,90.0,0.0,1.0,0.0
101287,EW2,90.0,90.0,0.0,1.0,0.0
101288,EW2,90.0,90.0,0.0,1.0,0.0
101289,EW2,90.0,90.0,0.0,1.0,0.0
101290,EW2,90.0,90.0,0.0,1.0,0.0
101291,EW2,90.0,90.0,0.0,1.0,0.0
101292,EW2,90.0,90.0,0.0,1.0,0.0
101293,EW2,90.0,90.0,0.0,1.0,0.0
101294,EW2,90.0,90.0,0.0,1.0,0.0
101295,EW2,90.0,90.0,0.0,1.0,0.0
101296,EW2,90.0,90.0,0.0,1.0,0.0
101297,EW2,90.0,90.0,0.0,1.0,0.0
101298,EW2,90.0,90.0,0.0,1.0,0.0
101299,EW2,90.0,90.0,0.0,1.0,0.0
101300,EW2,90.0,90.0,0.0,1.0,0.0
101301,EW2,90.0,90.0,0.0,1.0,0.0
101302,EW2,90.0,90.0,0.0,1.0,0.0
101303,EW2,90.0,90.0,0.0,1.0,0.0
101304,EW2,90.0,90.0,0.0,1.0,0.0
101305,EW2,90.0,90.0,0.0,1.0,0.0
101306,EW2,90.0,90.0,0.0,1.0,0.0
101307,EW2,90.0,90.0,0.0,1.0,0.0
101308,EW2,90.0,90.0,0.0,1.0,0.0
101309,EW2,90.0,90.0,0.0,1.0,0.0
101310,EW2,90.0,90.0,0.0,1.0,0.0
101311,EW2,90.0,90.0,0.0,1.0,0.0
101312,EW2,90.0,90.0,0.0,1.0,0.0
101313,EW2,90.0,90.0,0.0,1.0,0.0
101314,EW2,90.0,90.0,0.0,1.0,0.0
101315,EW2,90.0,90.0,0.0,1.0,0.0
101316,EW2,90.0,90.0,0.0,1.0,0.0
101317,EW2,90.0,90.0,0.0,1.0,0.0
101318,EW2,90.0,90.0,0.0,1.0,0.0
101319,EW2,90.0,90.0,0.0,1.0,0.0
101320,EW2,90.0,90.0,0.0,1.0,0.0
101321,EW2,90.0,90.0,0.0,1.0,0.0
101322,EW2,90.0,90.0,0.0,1.0,0.0
101323,EW2,90.0,90.0,0.0,1.0,0.0
101324,EW2,90.0,90.0,0.0,1.0,0.0
101325,EW2,90.0,90.0,0.0,1.0,0.0
101326,EW2,90.0,90.0,0.0,1.0,0.0
101327,EW2,90.0,90.0,0.0,1.0,0.0
101328,EW2,90.0,90.0,0.0,1.0,0.0
101329,EW2,90.0,90.0,0.0,1.0,0.0
101330,EW2,90.0,90.0,0.0,1.0,0.0
101331,EW2,90.0,90.0,0.0,1.0,0.0
101332,EW2,90.0,90.0,0.0,1.0,0.0
101333,EW2,90.0,90.0,0.0,1.0,0.0
101334,EW2,90.0,90.0,0.0,1.0,0.0
101335,EW2,90.0,90.0,0.0,1.0,0.0
101336,EW2,90.0,90.0,0.0,1.0,0.0
101337,EW2,90.0,90.0,0.0,1.0,0.0
101338,EW2,90.0,90.0,0.0,1.0,0.0
101339,EW2,90.0,90.0,0.0,1.0,0.0
101340,EW2,90.0,90.0,0.0,1.0,0.0
101341,EW2,90.0,90.0,0.0,1.0,0.0
101342,EW2,90.0,90.0,0.0,1.0,0.0
101343,EW2,90.0,90.0,0.0,1.0,0.0
101344,EW2,90.0,90.0,0.0,1.0,0.0
101345,EW2,90.0,90.0,0.0,1.0,0.0
101346,EW2,90.0,90.0,0.0,1.0,0.0
101347,EW2,90.0,90.0,0.0,1.0,0.0
101348,EW2,90.0,90.0,0.0,1.0,0.0
101349,EW2,90.0,90.0,0.0,1.0,0.0
101350,EW2,90.0,90.0,0.0,1.0,0.0
101351,EW2,90.0,90.0,0.0,1.0,0.0
101352,EW2,90.0,90.0,0.0,1.0,0.0
101353,EW2,90.0,90.0,0.0,1.0,0.0
101354,EW2,90.0,90.0,0.0,1.0,0.0
101355,EW2,90.0,90.0,0.0,1.0,0.0
101356,EW2,90.0,90.0,0.0,1.0,0.0
101357,EW2,90.0,90.0,0.0,1.0,0.0
101358,EW2,90.0,90.0,0.0,1.0,0.0
101359,EW2,90.0,90.0,0.0,1.0,0.0
101360,EW2,90.0,90.0,0.0,1.0,0.0
101361,EW2,90.0,90.0,0.0,1.0,0.0
101362,EW2,90.0,90.0,0.0,1.0,0.0
101363,EW2,90.0,90.0,0.0,1.0,0.0
101364,EW2,90.0,90.0,0.0,1.0,0.0
108870,EW2,90.0,90.0,0.0,1.0,0.0
108871,EW2,90.0,90.0,0.0,1.0,0.0
108872,EW2,90.0,90.0,0.0,1.0,0.0
108873,EW2,90.0,90.0,0.0,1.0,0.0
108874,EW2,90.0,90.0,0.0,1.0,0.0
108875,EW2,90.0,90.0,0.0,1.0,0.0
108876,EW2,90.0,90.0,0.0,1.0,0.0
108877,EW2,90.0,90.0,0.0,1.0,0.0
108878,EW2,90.0,90.0,0.0,1.0,0.0
108879,EW2,90.0,90.0,0.0,1.0,0.0
108880,EW2,90.0,90.0,0.0,1.0,0.0
108881,EW2,90.0,90.0,0.0,1.0,0.0
108882,EW2,90.0,90.0,0.0,1.0,0.0
108883,EW2,90.0,90.0,0.0,1.0,0.0
108884,EW2,90.0,90.0,0.0,1.0,0.0
108885,EW2,90.0,90.0,0.0,1.0,0.0
108886,EW2,90.0,90.0,0.0,1.0,0.0
108887,EW2,90.0,90.0,0.0,1.0,0.0
108888,EW2,90.0,90.0,0.0,1.0,0.0
108889,EW2,90.0,90.0,0.0,1.0,0.0
108890,EW2,90.0,90.0,0.0,1.0,0.0
108891,EW2,90.0,90.0,0.0,1.0,0.0
108892,EW2,90.0,90.0,0.0,1.0,0.0
108893,EW2,90.0,90.0,0.0,1.0,0.0
108894,EW2,90.0,90.0,0.0,1.0,0.0
108895,EW2,90.0,90.0,0.0,1.0,0.0
108896,EW2,90.0,90.0,0.0,1.0,0.0
108897,EW2,90.0,90.0,0.0,1.0,0.0
108898,EW2,90.0,90.0,0.0,1.0,0.0
108899,EW2,90.0,90.0,0.0,1.0,0.0
108900,EW2,90.0,90.0,0.0,1.0,0.0
108901,EW2,90.0,90.0,0.0,1.0,0.0
108902,EW2,90.0,90.0,0.0,1.0,0.0
108903,EW2,90.0,90.0,0.0,1.0,0.0
108904,EW2,90.0,90.0,0.0,1.0,0.0
108905,EW2,90.0,90.0,0.0,1.0,0.0
108906,EW2,90.0,90.0,0.0,1.0,0.0
108907,EW2,90.0,90.0,0.0,1.0,0.0
108908,EW2,90.0,90.0,0.0,1.0,0.0
108909,EW2,90.0,90.0,0.0,1.0,0.0
108910,EW2,90.0,90.0,0.0,1.0,0.0
108911,EW2,90.0,90.0,0.0,1.0,0.0
108912,EW2,90.0,90.0,0.0,1.0,0.0
108913,EW2,90.0,90.0,0.0,1.0,0.0
108914,EW2,90.0,90.0,0.0,1.0,0.0
108915,EW2,90.0,90.0,0.0,1.0,0.0
108916,EW2,90.0,90.0,0.0,1.0,0.0
108917,EW2,90.0,90.0,0.0,1.0,0.0
108918,EW2,90.0,90.0,0.0,1.0,0.0
108919,EW2,90.0,90.0,0.0,1.0,0.0
108920,EW2,90.0,90.0,0.0,1.0,0.0
108921,EW2,90.0,90.0,0.0,1.0,0.0
108922,EW2,90.0,90.0,0.0,1.0,0.0
108923,EW2,90.0,90.0,0.0,1.0,0.0
108924,EW2,90.0,90.0,0.0,1.0,0.0
108925,EW2,90.0,90.0,0.0,1.0,0.0
108926,EW2,90.0,90.0,0.0,1.0,0.0
108927,EW2,90.0,90.0,0.0,1.0,0.0
108928,EW2,90.0,90.0,0.0,1.0,0.0
108929,EW2,90.0,90.0,0.0,1.0,0.0
108930,EW2,90.0,90.0,0.0,1.0,0.0
108931,EW2,90.0,90.0,0.0,1.0,0.0
108932,EW2,90.0,90.0,0.0,1.0,0.0
108933,EW2,90.0,90.0,0.0,1.0,0.0
108934,EW2,90.0,90.0,0.0,1.0,0.0
108935,EW2,90.0,90.0,0.0,1.0,0.0
108936,EW2,90.0,90.0,0.0,1.0,0.0
108937,EW2,90.0,90.0,0.0,1.0,0.0
108938,EW2,90.0,90.0,0.0,1.0,0.0
108939,EW2,90.0,90.0,0.0,1.0,0.0
108940,EW2,90.0,90.0,0.0,1.0,0.0
108941,EW2,90.0,90.0,0.0,1.0,0.0
108942,EW2,90.0,90.0,0.0,1.0,0.0
108943,EW2,90.0,90.0,0.0,1.0,0.0
108944,EW2,90.0,90.0,0.0,1.0,0.0
108945,EW2,90.0,90.0,0.0,1.0,0.0
108946,EW2,90.0,90.0,0.0,1.0,0.0
108947,EW2,90.0,90.0,0.0,1.0,0.0
108948,EW2,90.0,90.0,0.0,1.0,0.0
108949,EW2,90.0,90.0,0.0,1.0,0.0
108950,EW2,90.0,90.0,0.0,1.0,0.0
108951,EW2,90.0,90.0,0.0,1.0,0.0
108952,EW2,90.0,90.0,0.0,1.0,0.0
108953,EW2,90.0,90.0,0.0,1.0,0.0
108954,EW2,90.0,90.0,0.0,1.0,0.0
108955,EW2,90.0,90.0,0.0,1.0,0.0
108956,EW2,90.0,90.0,0.0,1.0,0.0
108957,EW2,90.0,90.0,0.0,1.0,0.0
108958,EW2,90.0,90.0,0.0,1.0,0.0
108959,EW2,90.0,90.0,0.0,1.0,0.0
108960,EW2,90.0,90.0,0.0,1.0,0.0
108961,EW2,90.0,90.0,0.0,1.0,0.0
108962,EW2,90.0,90.0,0.0,1.0,0.0
108963,EW2,90.0,90.0,0.0,1.0,0.0
108964,EW2,90.0,90.0,0.0,1.0,0.0
116470,EW2,90.0,90.0,0.0,1.0,0.0
116471,EW2,90.0,90.0,0.0,1.0,0.0
116472,EW2,90.0,90.0,0.0,1.0,0.0
116473,EW2,90.0,90.0,0.0,1.0,0.0
116474,EW2,90.0,90.0,0.0,1.0,0.0
116475,EW2,90.0,90.0,0.0,1.0,0.0
116476,EW2,90.0,90.0,0.0,1.0,0.0
116477,EW2,90.0,90.0,0.0,1.0,0.0
116478,EW2,90.0,90.0,0.0,1.0,0.0
116479,EW2,90.0,90.0,0.0,1.0,0.0
116480,EW2,90.0,90.0,0.0,1.0,0.0
116481,EW2,90.0,90.0,0.0,1.0,0.0
116482,EW2,90.0,90.0,0.0,1.0,0.0
116483,EW2,90.0,90.0,0.0,1.0,0.0
116484,EW2,90.0,90.0,0.0,1.0,0.0
116485,EW2,90.0,90.0,0.0,1.0,0.0
116486,EW2,90.0,90.0,0.0,1.0,0.0
116487,EW2,90.0,90.0,0.0,1.0,0.0
116488,EW2,90.0,90.0,0.0,1.0,0.0
116489,EW2,90.0,90.0,0.0,1.0,0.0
116490,EW2,90.0,90.0,0.0,1.0,0.0
116491,EW2,90.0,90.0,0.0,1.0,0.0
116492,EW2,90.0,90.0,0.0,1.0,0.0
116493,EW2,90.0,90.0,0.0,1.0,0.0
116494,EW2,90.0,90.0,0.0,1.0,0.0
116495,EW2,90.0,90.0,0.0,1.0,0.0
116496,EW2,90.0,90.0,0.0,1.0,0.0
116497,EW2,90.0,90.0,0.0,1.0,0.0
116498,EW2,90.0,90.0,0.0,1.0,0.0
116499,EW2,90.0,90.0,0.0,1.0,0.0
116500,EW2,90.0,90.0,0.0,1.0,0.0
116501,EW2,90.0,90.0,0.0,1.0,0.0
116502,EW2,90.0,90.0,0.0,1.0,0.0
116503,EW2,90.0,90.0,0.0,1.0,0.0
116504,EW2,90.0,90.0,0.0,1.0,0.0
116505,EW2,90.0,90.0,0.0,1.0,0.0
116506,EW2,90.0,90.0,0.0,1.0,0.0
116507,EW2,90.0,90.0,0.0,1.0,0.0
116508,EW2,90.0,90.0,0.0,1.0,0.0
116509,EW2,90.0,90.0,0.0,1.0,0.0
116510,EW2,90.0,90.0,0.0,1.0,0.0
116511,EW2,90.0,90.0,0.0,1.0,0.0
116512,EW2,90.0,90.0,0.0,1.0,0.0
116513,EW2,90.0,90.0,0.0,1.0,0.0
116514,EW2,90.0,90.0,0.0,1.0,0.0
116515,EW2,90.0,90.0,0.0,1.0,0.0
116516,EW2,90.0,90.0,0.0,1.0,0.0
116517,EW2,90.0,90.0,0.0,1.0,0.0
116518,EW2,90.0,90.0,0.0,1.0,0.0
116519,EW2,90.0,90.0,0.0,1.0,0.0
116520,EW2,90.0,90.0,0.0,1.0,0.0
116521,EW2,90.0,90.0,0.0,1.0,0.0
116522,EW2,90.0,90.0,0.0,1.0,0.0
116523,EW2,90.0,90.0,0.0,1.0,0.0
116524,EW2,90.0,90.0,0.0,1.0,0.0
116525,EW2,90.0,90.0,0.0,1.0,0.0
116526,EW2,90.0,90.0,0.0,1.0,0.0
116527,EW2,90.0,90.0,0.0,1.0,0.0
116528,EW2,90.0,90.0,0.0,1.0,0.0
116529,EW2,90.0,90.0,0.0,1.0,0.0
116530,EW2,90.0,90.0,0.0,1.0,0.0
116531,EW2,90.0,90.0,0.0,1.0,0.0
116532,EW2,90.0,90.0,0.0,1.0,0.0
116533,EW2,90.0,90.0,0.0,1.0,0.0
116534,EW2,90.0,90.0,0.0,1.0,0.0
116535,EW2,90.0,90.0,0.0,1.0,0.0
116536,EW2,90.0,90.0,0.0,1.0,0.0
116537,EW2,90.0,90.0,0.0,1.0,0.0
116538,EW2,90.0,90.0,0.0,1.0,0.0
116539,EW2,90.0,90.0,0.0,1.0,0.0
116540,EW2,90.0,90.0,0.0,1.0,0.0
116541,EW2,90.0,90.0,0.0,1.0,0.0
116542,EW2,90.0,90.0,0.0,1.0,0.0
116543,EW2,90.0,90.0,0.0,1.0,0.0
116544,EW2,90.0,90.0,0.0,1.0,0.0
116545,EW2,90.0,90.0,0.0,1.0,0.0
116546,EW2,90.0,90.0,0.0,1.0,0.0
116547,EW2,90.0,90.0,0.0,1.0,0.0
116548,EW2,90.0,90.0,0.0,1.0,0.0
116549,EW2,90.0,90.0,0.0,1.0,0.0
116550,EW2,90.0,90.0,0.0,1.0,0.0
116551,EW2,90.0,90.0,0.0,1.0,0.0
116552,EW2,90.0,90.0,0.0,1.0,0.0
116553,EW2,90.0,90.0,0.0,1.0,0.0
116554,EW2,90.0,90.0,0.0,1.0,0.0
116555,EW2,90.0,90.0,0.0,1.0,0.0
116556,EW2,90.0,90.0,0.0,1.0,0.0
116557,EW2,90.0,90.0,0.0,1.0,0.0
116558,EW2,90.0,90.0,0.0,1.0,0.0
116559,EW2,90.0,90.0,0.0,1.0,0.0
116560,EW2,90.0,90.0,0.0,1.0,0.0
116561,EW2,90.0,90.0,0.0,1.0,0.0
116562,EW2,90.0,90.0,0.0,1.0,0.0
116563,EW2,90.0,90.0,0.0,1.0,0.0
116564,EW2,90.0,90.0,0.0,1.0,0.0
124070,EW2,90.0,90.0,0.0,1.0,0.0
124071,EW2,90.0,90.0,0.0,1.0,0.0
124072,EW2,90.0,90.0,0.0,1.0,0.0
124073,EW2,90.0,90.0,0.0,1.0,0.0
124074,EW2,90.0,90.0,0.0,1.0,0.0
124075,EW2,90.0,90.0,0.0,1.0,0.0
124076,EW2,90.0,90.0,0.0,1.0,0.0
124077,EW2,90.0,90.0,0.0,1.0,0.0
124078,EW2,90.0,90.0,0.0,1.0,0.0
124079,EW2,90.0,90.0,0.0,1.0,0.0
124080,EW2,90.0,90.0,0.0,1.0,0.0
124081,EW2,90.0,90.0,0.0,1.0,0.0
124082,EW2,90.0,90.0,0.0,1.0,0.0
124083,EW2,90.0,90.0,0.0,1.0,0.0
124084,EW2,90.0,90.0,0.0,1.0,0.0
124085,EW2,90.0,90.0,0.0,1.0,0.0
124086,EW2,90.0,90.0,0.0,1.0,0.0
124087,EW2,90.0,90.0,0.0,1.0,0.0
124088,EW2,90.0,90.0,0.0,1.0,0.0
124089,EW2,90.0,90.0,0.0,1.0,0.0
124090,EW2,90.0,90.0,0.0,1.0,0.0
124091,EW2,90.0,90.0,0.0,1.0,0.0
124092,EW2,90.0,90.0,0.0,1.0,0.0
124093,EW2,90.0,90.0,0.0,1.0,0.0
124094,EW2,90.0,90.0,0.0,1.0,0.0
124095,EW2,90.0,90.0,0.0,1.0,0.0
124096,EW2,90.0,90.0,0.0,1.0,0.0
124097,EW2,90.0,90.0,0.0,1.0,0.0
124098,EW2,90.0,90.0,0.0,1.0,0.0
124099,EW2,90.0,90.0,0.0,1.0,0.0
124100,EW2,90.0,90.0,0.0,1.0,0.0
124101,EW2,90.0,90.0,0.0,1.0,0.0
124102,EW2,90.0,90.0,0.0,1.0,0.0
124103,EW2,90.0,90.0,0.0,1.0,0.0
124104,EW2,90.0,90.0,0.0,1.0,0.0
124105,EW2,90.0,90.0,0.0,1.0,0.0
124106,EW2,90.0,90.0,0.0,1.0,0.0
124107,EW2,90.0,90.0,0.0,1.0,0.0
124108,EW2,90.0,90.0,0.0,1.0,0.0
124109,EW2,90.0,90.0,0.0,1.0,0.0
124110,EW2,90.0,90.0,0.0,1.0,0.0
124111,EW2,90.0,90.0,0.0,1.0,0.0
124112,EW2,90.0,90.0,0.0,1.0,0.0
124113,EW2,90.0,90.0,0.0,1.0,0.0
124114,EW2,90.0,90.0,0.0,1.0,0.0
124115,EW2,90.0,90.0,0.0,1.0,0.0
124116,EW2,90.0,90.0,0.0,1.0,0.0
124117,EW2,90.0,90.0,0.0,1.0,0.0
124118,EW2,90.0,90.0,0.0,1.0,0.0
124119,EW2,90.0,90.0,0.0,1.0,0.0
124120,EW2,90.0,90.0,0.0,1.0,0.0
124121,EW2,90.0,90.0,0.0,1.0,0.0
124122,EW2,90.0,90.0,0.0,1.0,0.0
124123,EW2,90.0,90.0,0.0,1.0,0.0
124124,EW2,90.0,90.0,0.0,1.0,0.0
124125,EW2,90.0,90.0,0.0,1.0,0.0
124126,EW2,90.0,90.0,0.0,1.0,0.0
124127,EW2,90.0,90.0,0.0,1.0,0.0
124128,EW2,90.0,90.0,0.0,1.0,0.0
124129,EW2,90.0,90.0,0.0,1.0,0.0
124130,EW2,90.0,90.0,0.0,1.0,0.0
124131,EW2,90.0,90.0,0.0,1.0,0.0
124132,EW2,90.0,90.0,0.0,1.0,0.0
124133,EW2,90.0,90.0,0.0,1.0,0.0
124134,EW2,90.0,90.0,0.0,1.0,0.0
124135,EW2,90.0,90.0,0.0,1.0,0.0
124136,EW2,90.0,90.0,0.0,1.0,0.0
124137,EW2,90.0,90.0,0.0,1.0,0.0
124138,EW2,90.0,90.0,0.0,1.0,0.0
124139,EW2,90.0,90.0,0.0,1.0,0.0
124140,EW2,90.0,90.0,0.0,1.0,0.0
124141,EW2,90.0,90.0,0.0,1.0,0.0
124142,EW2,90.0,90.0,0.0,1.0,0.0
124143,EW2,90.0,90.0,0.0,1.0,0.0
124144,EW2,90.0,90.0,0.0,1.0,0.0
124145,EW2,90.0,90.0,0.0,1.0,0.0
124146,EW2,90.0,90.0,0.0,1.0,0.0
124147,EW2,90.0,90.0,0.0,1.0,0.0
124148,EW2,90.0,90.0,0.0,1.0,0.0
124149,EW2,90.0,90.0,0.0,1.0,0.0
124150,EW2,90.0,90.0,0.0,1.0,0.0
124151,EW2,90.0,90.0,0.0,1.0,0.0
124152,EW2,90.0,90.0,0.0,1.0,0.0
124153,EW2,90.0,90.0,0.0,1.0,0.0
124154,EW2,90.0,90.0,0.0,1.0,0.0
124155,EW2,90.0,90.0,0.0,1.0,0.0
124156,EW2,90.0,90.0,0.0,1.0,0.0
124157,EW2,90.0,90.0,0.0,1.0,0.0
124158,EW2,90.0,90.0,0.0,1.0,0.0
124159,EW2,90.0,90.0,0.0,1.0,0.0
124160,EW2,90.0,90.0,0.0,1.0,0.0
124161,EW2,90.0,90.0,0.0,1.0,0.0
124162,EW2,90.0,90.0,0.0,1.0,0.0
124163,EW2,90.0,90.0,0.0,1.0,0.0
124164,EW2,90.0,90.0,0.0,1.0,0.0
131670,EW2,90.0,90.0,0.0,1.0,0.0
131671,EW2,90.0,90.0,0.0,1.0,0.0
131672,EW2,90.0,90.0,0.0,1.0,0.0
131673,EW2,90.0,90.0,0.0,1.0,0.0
131674,EW2,90.0,90.0,0.0,1.0,0.0
131675,EW2,90.0,90.0,0.0,1.0,0.0
131676,EW2,90.0,90.0,0.0,1.0,0.0
131677,EW2,90.0,90.0,0.0,1.0,0.0
131678,EW2,90.0,90.0,0.0,1.0,0.0
131679,EW2,90.0,90.0,0.0,1.0,0.0
131680,EW2,90.0,90.0,0.0,1.0,0.0
131681,EW2,90.0,90.0,0.0,1.0,0.0
131682,EW2,90.0,90.0,0.0,1.0,0.0
131683,EW2,90.0,90.0,0.0,1.0,0.0
131684,EW2,90.0,90.0,0.0,1.0,0.0
131685,EW2,90.0,90.0,0.0,1.0,0.0
131686,EW2,90.0,90.0,0.0,1.0,0.0
131687,EW2,90.0,90.0,0.0,1.0,0.0
131688,EW2,90.0,90.0,0.0,1.0,0.0
131689,EW2,90.0,90.0,0.0,1.0,0.0
131690,EW2,90.0,90.0,0.0,1.0,0.0
131691,EW2,90.0,90.0,0.0,1.0,0.0
131692,EW2,90.0,90.0,0.0,1.0,0.0
131693,EW2,90.0,90.0,0.0,1.0,0.0
131694,EW2,90.0,90.0,0.0,1.0,0.0
131695,EW2,90.0,90.0,0.0,1.0,0.0
131696,EW2,90.0,90.0,0.0,1.0,0.0
131697,EW2,90.0,90.0,0.0,1.0,0.0
131698,EW2,90.0,90.0,0.0,1.0,0.0
131699,EW2,90.0,90.0,0.0,1.0,0.0
131700,EW2,90.0,90.0,0.0,1.0,0.0
131701,EW2,90.0,90.0,0.0,1.0,0.0
131702,EW2,90.0,90.0,0.0,1.0,0.0
131703,EW2,90.0,90.0,0.0,1.0,0.0
131704,EW2,90.0,90.0,0.0,1.0,0.0
131705,EW2,90.0,90.0,0.0,1.0,0.0
131706,EW2,90.0,90.0,0.0,1.0,0.0
131707,EW2,90.0,90.0,0.0,1.0,0.0
131708,EW2,90.0,90.0,0.0,1.0,0.0
131709,EW2,90.0,90.0,0.0,1.0,0.0
131710,EW2,90.0,90.0,0.0,1.0,0.0
131711,EW2,90.0,90.0,0.0,1.0,0.0
131712,EW2,90.0,90.0,0.0,1.0,0.0
131713,EW2,90.0,90.0,0.0,1.0,0.0
131714,EW2,90.0,90.0,0.0,1.0,0.0
131715,EW2,90.0,90.0,0.0,1.0,0.0
131716,EW2,90.0,90.0,0.0,1.0,0.0
131717,EW2,90.0,90.0,0.0,1.0,0.0
131718,EW2,90.0,90.0,0.0,1.0,0.0
131719,EW2,90.0,90.0,0.0,1.0,0.0
131720,EW2,90.0,90.0,0.0,1.0,0.0
131721,EW2,90.0,90.0,0.0,1.0,0.0
131722,EW2,90.0,90.0,0.0,1.0,0.0
131723,EW2,90.0,90.0,0.0,1.0,0.0
131724,EW2,90.0,90.0,0.0,1.0,0.0
131725,EW2,90.0,90.0,0.0,1.0,0.0
131726,EW2,90.0,90.0,0.0,1.0,0.0
131727,EW2,90.0,90.0,0.0,1.0,0.0
131728,EW2,90.0,90.0,0.0,1.0,0.0
131729,EW2,90.0,90.0,0.0,1.0,0.0
131730,EW2,90.0,90.0,0.0,1.0,0.0
131731,EW2,90.0,90.0,0.0,1.0,0.0
131732,EW2,90.0,90.0,0.0,1.0,0.0
131733,EW2,90.0,90.0,0.0,1.0,0.0
131734,EW2,90.0,90.0,0.0,1.0,0.0
131735,EW2,90.0,90.0,0.0,1.0,0.0
131736,EW2,90.0,90.0,0.0,1.0,0.0
131737,EW2,90.0,90.0,0.0,1.0,0.0
131738,EW2,90.0,90.0,0.0,1.0,0.0
131739,EW2,90.0,90.0,0.0,1.0,0.0
131740,EW2,90.0,90.0,0.0,1.0,0.0
131741,EW2,90.0,90.0,0.0,1.0,0.0
131742,EW2,90.0,90.0,0.0,1.0,0.0
131743,EW2,90.0,90.0,0.0,1.0,0.0
131744,EW2,90.0,90.0,0.0,1.0,0.0
131745,EW2,90.0,90.0,0.0,1.0,0.0
131746,EW2,90.0,90.0,0.0,1.0,0.0
131747,EW2,90.0,90.0,0.0,1.0,0.0
131748,EW2,90.0,90.0,0.0,1.0,0.0
131749,EW2,90.0,90.0,0.0,1.0,0.0
131750,EW2,90.0,90.0,0.0,1.0,0.0
131751,EW2,90.0,90.0,0.0,1.0,0.0
131752,EW2,90.0,90.0,0.0,1.0,0.0
131753,EW2,90.0,90.0,0.0,1.0,0.0
131754,EW2,90.0,90.0,0.0,1.0,0.0
131755,EW2,90.0,90.0,0.0,1.0,0.0
131756,EW2,90.0,90.0,0.0,1.0,0.0
131757,EW2,90.0,90.0,0.0,1.0,0.0
131758,EW2,90.0,90.0,0.0,1.0,0.0
131759,EW2,90.0,90.0,0.0,1.0,0.0
131760,EW2,90.0,90.0,0.0,1.0,0.0
131761,EW2,90.0,90.0,0.0,1.0,0.0
131762,EW2,90.0,90.0,0.0,1.0,0.0
131763,EW2,90.0,90.0,0.0,1.0,0.0
131764,EW2,90.0,90.0,0.0,1.0,0.0
139270,EW2,90.0,90.0,0.0,1.0,0.0
139271,EW2,90.0,90.0,0.0,1.0,0.0
139272,EW2,90.0,90.0,0.0,1.0,0.0
139273,EW2,90.0,90.0,0.0,1.0,0.0
139274,EW2,90.0,90.0,0.0,1.0,0.0
139275,EW2,90.0,90.0,0.0,1.0,0.0
139276,EW2,90.0,90.0,0.0,1.0,0.0
139277,EW2,90.0,90.0,0.0,1.0,0.0
139278,EW2,90.0,90.0,0.0,1.0,0.0
139279,EW2,90.0,90.0,0.0,1.0,0.0
139280,EW2,90.0,90.0,0.0,1.0,0.0
139281,EW2,90.0,90.0,0.0,1.0,0.0
139282,EW2,90.0,90.0,0.0,1.0,0.0
139283,EW2,90.0,90.0,0.0,1.0,0.0
139284,EW2,90.0,90.0,0.0,1.0,0.0
139285,EW2,90.0,90.0,0.0,1.0,0.0
139286,EW2,90.0,90.0,0.0,1.0,0.0
139287,EW2,90.0,90.0,0.0,1.0,0.0
139288,EW2,90.0,90.0,0.0,1.0,0.0
139289,EW2,90.0,90.0,0.0,1.0,0.0
139290,EW2,90.0,90.0,0.0,1.0,0.0
139291,EW2,90.0,90.0,0.0,1.0,0.0
139292,EW2,90.0,90.0,0.0,1.0,0.0
139293,EW2,90.0,90.0,0.0,1.0,0.0
139294,EW2,90.0,90.0,0.0,1.0,0.0
139295,EW2,90.0,90.0,0.0,1.0,0.0
139296,EW2,90.0,90.0,0.0,1.0,0.0
139297,EW2,90.0,90.0,0.0,1.0,0.0
139298,EW2,90.0,90.0,0.0,1.0,0.0
139299,EW2,90.0,90.0,0.0,1.0,0.0
139300,EW2,90.0,90.0,0.0,1.0,0.0
139301,EW2,90.0,90.0,0.0,1.0,0.0
139302,EW2,90.0,90.0,0.0,1.0,0.0
139303,EW2,90.0,90.0,0.0,1.0,0.0
139304,EW2,90.0,90.0,0.0,1.0,0.0
139305,EW2,90.0,90.0,0.0,1.0,0.0
139306,EW2,90.0,90.0,0.0,1.0,0.0
139307,EW2,90.0,90.0,0.0,1.0,0.0
139308,EW2,90.0,90.0,0.0,1.0,0.0
139309,EW2,90.0,90.0,0.0,1.0,0.0
139310,EW2,90.0,90.0,0.0,1.0,0.0
139311,EW2,90.0,90.0,0.0,1.0,0.0
139312,EW2,90.0,90.0,0.0,1.0,0.0
139313,EW2,90.0,90.0,0.0,1.0,0.0
139314,EW2,90.0,90.0,0.0,1.0,0.0
139315,EW2,90.0,90.0,0.0,1.0,0.0
139316,EW2,90.0,90.0,0.0,1.0,0.0
139317,EW2,90.0,90.0,0.0,1.0,0.0
139318,EW2,90.0,90.0,0.0,1.0,0.0
139319,EW2,90.0,90.0,0.0,1.0,0.0
139320,EW2,90.0,90.0,0.0,1.0,0.0
139321,EW2,90.0,90.0,0.0,1.0,0.0
139322,EW2,90.0,90.0,0.0,1.0,0.0
139323,EW2,90.0,90.0,0.0,1.0,0.0
139324,EW2,90.0,90.0,0.0,1.0,0.0
139325,EW2,90.0,90.0,0.0,1.0,0.0
139326,EW2,90.0,90.0,0.0,1.0,0.0
139327,EW2,90.0,90.0,0.0,1.0,0.0
139328,EW2,90.0,90.0,0.0,1.0,0.0
139329,EW2,90.0,90.0,0.0,1.0,0.0
139330,EW2,90.0,90.0,0.0,1.0,0.0
139331,EW2,90.0,90.0,0.0,1.0,0.0
139332,EW2,90.0,90.0,0.0,1.0,0.0
139333,EW2,90.0,90.0,0.0,1.0,0.0
139334,EW2,90.0,90.0,0.0,1.0,0.0
139335,EW2,90.0,90.0,0.0,1.0,0.0
139336,EW2,90.0,90.0,0.0,1.0,0.0
139337,EW2,90.0,90.0,0.0,1.0,0.0
139338,EW2,90.0,90.0,0.0,1.0,0.0
139339,EW2,90.0,90.0,0.0,1.0,0.0
139340,EW2,90.0,90.0,0.0,1.0,0.0
139341,EW2,90.0,90.0,0.0,1.0,0.0
139342,EW2,90.0,90.0,0.0,1.0,0.0
139343,EW2,90.0,90.0,0.0,1.0,0.0
139344,EW2,90.0,90.0,0.0,1.0,0.0
139345,EW2,90.0,90.0,0.0,1.0,0.0
139346,EW2,90.0,90.0,0.0,1.0,0.0
139347,EW2,90.0,90.0,0.0,1.0,0.0
139348,EW2,90.0,90.0,0.0,1.0,0.0
139349,EW2,90.0,90.0,0.0,1.0,0.0
139350,EW2,90.0,90.0,0.0,1.0,0.0
139351,EW2,90.0,90.0,0.0,1.0,0.0
139352,EW2,90.0,90.0,0.0,1.0,0.0
139353,EW2,90.0,90.0,0.0,1.0,0.0
139354,EW2,90.0,90.0,0.0,1.0,0.0
139355,EW2,90.0,90.0,0.0,1.0,0.0
139356,EW2,90.0,90.0,0.0,1.0,0.0
139357,EW2,90.0,90.0,0.0,1.0,0.0
139358,EW2,90.0,90.0,0.0,1.0,0.0
139359,EW2,90.0,90.0,0.0,1.0,0.0
139360,EW2,90.0,90.0,0.0,1.0,0.0
139361,EW2,90.0,90.0,0.0,1.0,0.0
139362,EW2,90.0,90.0,0.0,1.0,0.0
139363,EW2,90.0,90.0,0.0,1.0,0.0
139364,EW2,90.0,90.0,0.0,1.0,0.0
146870,EW2,90.0,90.0,0.0,1.0,0.0
146871,EW2,90.0,90.0,0.0,1.0,0.0
146872,EW2,90.0,90.0,0.0,1.0,0.0
146873,EW2,90.0,90.0,0.0,1.0,0.0
146874,EW2,90.0,90.0,0.0,1.0,0.0
146875,EW2,90.0,90.0,0.0,1.0,0.0
146876,EW2,90.0,90.0,0.0,1.0,0.0
146877,EW2,90.0,90.0,0.0,1.0,0.0
146878,EW2,90.0,90.0,0.0,1.0,0.0
146879,EW2,90.0,90.0,0.0,1.0,0.0
146880,EW2,90.0,90.0,0.0,1.0,0.0
146881,EW2,90.0,90.0,0.0,1.0,0.0
146882,EW2,90.0,90.0,0.0,1.0,0.0
146883,EW2,90.0,90.0,0.0,1.0,0.0
146884,EW2,90.0,90.0,0.0,1.0,0.0
146885,EW2,90.0,90.0,0.0,1.0,0.0
146886,EW2,90.0,90.0,0.0,1.0,0.0
146887,EW2,90.0,90.0,0.0,1.0,0.0
146888,EW2,90.0,90.0,0.0,1.0,0.0
146889,EW2,90.0,90.0,0.0,1.0,0.0
146890,EW2,90.0,90.0,0.0,1.0,0.0
146891,EW2,90.0,90.0,0.0,1.0,0.0
146892,EW2,90.0,90.0,0.0,1.0,0.0
146893,EW2,90.0,90.0,0.0,1.0,0.0
146894,EW2,90.0,90.0,0.0,1.0,0.0
146895,EW2,90.0,90.0,0.0,1.0,0.0
146896,EW2,90.0,90.0,0.0,1.0,0.0
146897,EW2,90.0,90.0,0.0,1.0,0.0
146898,EW2,90.0,90.0,0.0,1.0,0.0
146899,EW2,90.0,90.0,0.0,1.0,0.0
146900,EW2,90.0,90.0,0.0,1.0,0.0
146901,EW2,90.0,90.0,0.0,1.0,0.0
146902,EW2,90.0,90.0,0.0,1.0,0.0
146903,EW2,90.0,90.0,0.0,1.0,0.0
146904,EW2,90.0,90.0,0.0,1.0,0.0
146905,EW2,90.0,90.0,0.0,1.0,0.0
146906,EW2,90.0,90.0,0.0,1.0,0.0
146907,EW2,90.0,90.0,0.0,1.0,0.0
146908,EW2,90.0,90.0,0.0,1.0,0.0
146909,EW2,90.0,90.0,0.0,1.0,0.0
146910,EW2,90.0,90.0,0.0,1.0,0.0
146911,EW2,90.0,90.0,0.0,1.0,0.0
146912,EW2,90.0,90.0,0.0,1.0,0.0
146913,EW2,90.0,90.0,0.0,1.0,0.0
146914,EW2,90.0,90.0,0.0,1.0,0.0
146915,EW2,90.0,90.0,0.0,1.0,0.0
146916,EW2,90.0,90.0,0.0,1.0,0.0
146917,EW2,90.0,90.0,0.0,1.0,0.0
146918,EW2,90.0,90.0,0.0,1.0,0.0
146919,EW2,90.0,90.0,0.0,1.0,0.0
146920,EW2,90.0,90.0,0.0,1.0,0.0
146921,EW2,90.0,90.0,0.0,1.0,0.0
146922,EW2,90.0,90.0,0.0,1.0,0.0
146923,EW2,90.0,90.0,0.0,1.0,0.0
146924,EW2,90.0,90.0,0.0,1.0,0.0
146925,EW2,90.0,90.0,0.0,1.0,0.0
146926,EW2,90.0,90.0,0.0,1.0,0.0
146927,EW2,90.0,90.0,0.0,1.0,0.0
146928,EW2,90.0,90.0,0.0,1.0,0.0
146929,EW2,90.0,90.0,0.0,1.0,0.0
146930,EW2,90.0,90.0,0.0,1.0,0.0
146931,EW2,90.0,90.0,0.0,1.0,0.0
146932,EW2,90.0,90.0,0.0,1.0,0.0
146933,EW2,90.0,90.0,0.0,1.0,0.0
146934,EW2,90.0,90.0,0.0,1.0,0.0
146935,EW2,90.0,90.0,0.0,1.0,0.0
146936,EW2,90.0,90.0,0.0,1.0,0.0
146937,EW2,90.0,90.0,0.0,1.0,0.0
146938,EW2,90.0,90.0,0.0,1.0,0.0
146939,EW2,90.0,90.0,0.0,1.0,0.0
146940,EW2,90.0,90.0,0.0,1.0,0.0
146941,EW2,90.0,90.0,0.0,1.0,0.0
146942,EW2,90.0,90.0,0.0,1.0,0.0
146943,EW2,90.0,90.0,0.0,1.0,0.0
146944,EW2,90.0,90.0,0.0,1.0,0.0
146945,EW2,90.0,90.0,0.0,1.0,0.0
146946,EW2,90.0,90.0,0.0,1.0,0.0
146947,EW2,90.0,90.0,0.0,1.0,0.0
146948,EW2,90.0,90.0,0.0,1.0,0.0
146949,EW2,90.0,90.0,0.0,1.0,0.0
146950,EW2,90.0,90.0,0.0,1.0,0.0
146951,EW2,90.0,90.0,0.0,1.0,0.0
146952,EW2,90.0,90.0,0.0,1.0,0.0
146953,EW2,90.0,90.0,0.0,1.0,0.0
146954,EW2,90.0,90.0,0.0,1.0,0.0
146955,EW2,90.0,90.0,0.0,1.0,0.0
146956,EW2,90.0,90.0,0.0,1.0,0.0
146957,EW2,90.0,90.0,0.0,1.0,0.0
146958,EW2,90.0,90.0,0.0,1.0,0.0
146959,EW2,90.0,90.0,0.0,1.0,0.0
146960,EW2,90.0,90.0,0.0,1.0,0.0
146961,EW2,90.0,90.0,0.0,1.0,0.0
146962,EW2,90.0,90.0,0.0,1.0,0.0
146963,EW2,90.0,90.0,0.0,1.0,0.0
146964,EW2,90.0,90.0,0.0,1.0,0.0
154470,EW2,90.0,90.0,0.0,1.0,0.0
154471,EW2,90.0,90.0,0.0,1.0,0.0
154472,EW2,90.0,90.0,0.0,1.0,0.0
154473,EW2,90.0,90.0,0.0,1.0,0.0
154474,EW2,90.0,90.0,0.0,1.0,0.0
154475,EW2,90.0,90.0,0.0,1.0,0.0
154476,EW2,90.0,90.0,0.0,1.0,0.0
154477,EW2,90.0,90.0,0.0,1.0,0.0
154478,EW2,90.0,90.0,0.0,1.0,0.0
154479,EW2,90.0,90.0,0.0,1.0,0.0
154480,EW2,90.0,90.0,0.0,1.0,0.0
154481,EW2,90.0,90.0,0.0,1.0,0.0
154482,EW2,90.0,90.0,0.0,1.0,0.0
154483,EW2,90.0,90.0,0.0,1.0,0.0
154484,EW2,90.0,90.0,0.0,1.0,0.0
154485,EW2,90.0,90.0,0.0,1.0,0.0
154486,EW2,90.0,90.0,0.0,1.0,0.0
154487,EW2,90.0,90.0,0.0,1.0,0.0
154488,EW2,90.0,90.0,0.0,1.0,0.0
154489,EW2,90.0,90.0,0.0,1.0,0.0
154490,EW2,90.0,90.0,0.0,1.0,0.0
154491,EW2,90.0,90.0,0.0,1.0,0.0
154492,EW2,90.0,90.0,0.0,1.0,0.0
154493,EW2,90.0,90.0,0.0,1.0,0.0
154494,EW2,90.0,90.0,0.0,1.0,0.0
154495,EW2,90.0,90.0,0.0,1.0,0.0
154496,EW2,90.0,90.0,0.0,1.0,0.0
154497,EW2,90.0,90.0,0.0,1.0,0.0
154498,EW2,90.0,90.0,0.0,1.0,0.0
154499,EW2,90.0,90.0,0.0,1.0,0.0
154500,EW2,90.0,90.0,0.0,1.0,0.0
154501,EW2,90.0,90.0,0.0,1.0,0.0
154502,EW2,90.0,90.0,0.0,1.0,0.0
154503,EW2,90.0,90.0,0.0,1.0,0.0
154504,EW2,90.0,90.0,0.0,1.0,0.0
154505,EW2,90.0,90.0,0.0,1.0,0.0
154506,EW2,90.0,90.0,0.0,1.0,0.0
154507,EW2,90.0,90.0,0.0,1.0,0.0
154508,EW2,90.0,90.0,0.0,1.0,0.0
154509,EW2,90.0,90.0,0.0,1.0,0.0
154510,EW2,90.0,90.0,0.0,1.0,0.0
154511,EW2,90.0,90.0,0.0,1.0,0.0
154512,EW2,90.0,90.0,0.0,1.0,0.0
154513,EW2,90.0,90.0,0.0,1.0,0.0
154514,EW2,90.0,90.0,0.0,1.0,0.0
154515,EW2,90.0,90.0,0.0,1.0,0.0
154516,EW2,90.0,90.0,0.0,1.0,0.0
154517,EW2,90.0,90.0,0.0,1.0,0.0
154518,EW2,90.0,90.0,0.0,1.0,0.0
154519,EW2,90.0,90.0,0.0,1.0,0.0
154520,EW2,90.0,90.0,0.0,1.0,0.0
154521,EW2,90.0,90.0,0.0,1.0,0.0
154522,EW2,90.0,90.0,0.0,1.0,0.0
154523,EW2,90.0,90.0,0.0,1.0,0.0
154524,EW2,90.0,90.0,0.0,1.0,0.0
154525,EW2,90.0,90.0,0.0,1.0,0.0
154526,EW2,90.0,90.0,0.0,1.0,0.0
154527,EW2,90.0,90.0,0.0,1.0,0.0
154528,EW2,90.0,90.0,0.0,1.0,0.0
154529,EW2,90.0,90.0,0.0,1.0,0.0
154530,EW2,90.0,90.0,0.0,1.0,0.0
154531,EW2,90.0,90.0,0.0,1.0,0.0
154532,EW2,90.0,90.0,0.0,1.0,0.0
154533,EW2,90.0,90.0,0.0,1.0,0.0
154534,EW2,90.0,90.0,0.0,1.0,0.0
154535,EW2,90.0,90.0,0.0,1.0,0.0
154536,EW2,90.0,90.0,0.0,1.0,0.0
154537,EW2,90.0,90.0,0.0,1.0,0.0
154538,EW2,90.0,90.0,0.0,1.0,0.0
154539,EW2,90.0,90.0,0.0,1.0,0.0
154540,EW2,90.0,90.0,0.0,1.0,0.0
154541,EW2,90.0,90.0,0.0,1.0,0.0
154542,EW2,90.0,90.0,0.0,1.0,0.0
154543,EW2,90.0,90.0,0.0,1.0,0.0
154544,EW2,90.0,90.0,0.0,1.0,0.0
154545,EW2,90.0,90.0,0.0,1.0,0.0
154546,EW2,90.0,90.0,0.0,1.0,0.0
154547,EW2,90.0,90.0,0.0,1.0,0.0
154548,EW2,90.0,90.0,0.0,1.0,0.0
154549,EW2,90.0,90.0,0.0,1.0,0.0
154550,EW2,90.0,90.0,0.0,1.0,0.0
154551,EW2,90.0,90.0,0.0,1.0,0.0
154552,EW2,90.0,90.0,0.0,1.0,0.0
154553,EW2,90.0,90.0,0.0,1.0,0.0
154554,EW2,90.0,90.0,0.0,1.0,0.0
154555,EW2,90.0,90.0,0.0,1.0,0.0
154556,EW2,90.0,90.0,0.0,1.0,0.0
154557,EW2,90.0,90.0,0.0,1.0,0.0
154558,EW2,90.0,90.0,0.0,1.0,0.0
154559,EW2,90.0,90.0,0.0,1.0,0.0
154560,EW2,90.0,90.0,0.0,1.0,0.0
154561,EW2,90.0,90.0,0.0,1.0,0.0
154562,EW2,90.0,90.0,0.0,1.0,0.0
154563,EW2,90.0,90.0,0.0,1.0,0.0
154564,EW2,90.0,90.0,0.0,1.0,0.0
162070,EW2,90.0,90.0,0.0,1.0,0.0
162071,EW2,90.0,90.0,0.0,1.0,0.0
162072,EW2,90.0,90.0,0.0,1.0,0.0
162073,EW2,90.0,90.0,0.0,1.0,0.0
162074,EW2,90.0,90.0,0.0,1.0,0.0
162075,EW2,90.0,90.0,0.0,1.0,0.0
162076,EW2,90.0,90.0,0.0,1.0,0.0
162077,EW2,90.0,90.0,0.0,1.0,0.0
162078,EW2,90.0,90.0,0.0,1.0,0.0
162079,EW2,90.0,90.0,0.0,1.0,0.0
162080,EW2,90.0,90.0,0.0,1.0,0.0
162081,EW2,90.0,90.0,0.0,1.0,0.0
162082,EW2,90.0,90.0,0.0,1.0,0.0
162083,EW2,90.0,90.0,0.0,1.0,0.0
162084,EW2,90.0,90.0,0.0,1.0,0.0
162085,EW2,90.0,90.0,0.0,1.0,0.0
162086,EW2,90.0,90.0,0.0,1.0,0.0
162087,EW2,90.0,90.0,0.0,1.0,0.0
162088,EW2,90.0,90.0,0.0,1.0,0.0
162089,EW2,90.0,90.0,0.0,1.0,0.0
162090,EW2,90.0,90.0,0.0,1.0,0.0
162091,EW2,90.0,90.0,0.0,1.0,0.0
162092,EW2,90.0,90.0,0.0,1.0,0.0
162093,EW2,90.0,90.0,0.0,1.0,0.0
162094,EW2,90.0,90.0,0.0,1.0,0.0
162095,EW2,90.0,90.0,0.0,1.0,0.0
162096,EW2,90.0,90.0,0.0,1.0,0.0
162097,EW2,90.0,90.0,0.0,1.0,0.0
162098,EW2,90.0,90.0,0.0,1.0,0.0
162099,EW2,90.0,90.0,0.0,1.0,0.0
162100,EW2,90.0,90.0,0.0,1.0,0.0
162101,EW2,90.0,90.0,0.0,1.0,0.0
162102,EW2,90.0,90.0,0.0,1.0,0.0
162103,EW2,90.0,90.0,0.0,1.0,0.0
162104,EW2,90.0,90.0,0.0,1.0,0.0
162105,EW2,90.0,90.0,0.0,1.0,0.0
162106,EW2,90.0,90.0,0.0,1.0,0.0
162107,EW2,90.0,90.0,0.0,1.0,0.0
162108,EW2,90.0,90.0,0.0,1.0,0.0
162109,EW2,90.0,90.0,0.0,1.0,0.0
162110,EW2,90.0,90.0,0.0,1.0,0.0
162111,EW2,90.0,90.0,0.0,1.0,0.0
162112,EW2,90.0,90.0,0.0,1.0,0.0
162113,EW2,90.0,90.0,0.0,1.0,0.0
162114,EW2,90.0,90.0,0.0,1.0,0.0
162115,EW2,90.0,90.0,0.0,1.0,0.0
162116,EW2,90.0,90.0,0.0,1.0,0.0
162117,EW2,90.0,90.0,0.0,1.0,0.0
162118,EW2,90.0,90.0,0.0,1.0,0.0
162119,EW2,90.0,90.0,0.0,1.0,0.0
162120,EW2,90.0,90.0,0.0,1.0,0.0
162121,EW2,90.0,90.0,0.0,1.0,0.0
162122,EW2,90.0,90.0,0.0,1.0,0.0
162123,EW2,90.0,90.0,0.0,1.0,0.0
162124,EW2,90.0,90.0,0.0,1.0,0.0
162125,EW2,90.0,90.0,0.0,1.0,0.0
162126,EW2,90.0,90.0,0.0,1.0,0.0
162127,EW2,90.0,90.0,0.0,1.0,0.0
162128,EW2,90.0,90.0,0.0,1.0,0.0
162129,EW2,90.0,90.0,0.0,1.0,0.0
162130,EW2,90.0,90.0,0.0,1.0,0.0
162131,EW2,90.0,90.0,0.0,1.0,0.0
162132,EW2,90.0,90.0,0.0,1.0,0.0
162133,EW2,90.0,90.0,0.0,1.0,0.0
162134,EW2,90.0,90.0,0.0,1.0,0.0
162135,EW2,90.0,90.0,0.0,1.0,0.0
162136,EW2,90.0,90.0,0.0,1.0,0.0
162137,EW2,90.0,90.0,0.0,1.0,0.0
162138,EW2,90.0,90.0,0.0,1.0,0.0
162139,EW2,90.0,90.0,0.0,1.0,0.0
162140,EW2,90.0,90.0,0.0,1.0,0.0
162141,EW2,90.0,90.0,0.0,1.0,0.0
162142,EW2,90.0,90.0,0.0,1.0,0.0
162143,EW2,90.0,90.0,0.0,1.0,0.0
162144,EW2,90.0,90.0,0.0,1.0,0.0
162145,EW2,90.0,90.0,0.0,1.0,0.0
162146,EW2,90.0,90.0,0.0,1.0,0.0
162147,EW2,90.0,90.0,0.0,1.0,0.0
162148,EW2,90.0,90.0,0.0,1.0,0.0
162149,EW2,90.0,90.0,0.0,1.0,0.0
162150,EW2,90.0,90.0,0.0,1.0,0.0
162151,EW2,90.0,90.0,0.0,1.0,0.0
162152,EW2,90.0,90.0,0.0,1.0,0.0
162153,EW2,90.0,90.0,0.0,1.0,0.0
162154,EW2,90.0,90.0,0.0,1.0,0.0
162155,EW2,90.0,90.0,0.0,1.0,0.0
162156,EW2,90.0,90.0,0.0,1.0,0.0
162157,EW2,90.0,90.0,0.0,1.0,0.0
162158,EW2,90.0,90.0,0.0,1.0,0.0
162159,EW2,90.0,90.0,0.0,1.0,0.0
162160,EW2,90.0,90.0,0.0,1.0,0.0
162161,EW2,90.0,90.0,0.0,1.0,0.0
162162,EW2,90.0,90.0,0.0,1.0,0.0
162163,EW2,90.0,90.0,0.0,1.0,0.0
162164,EW2,90.0,90.0,0.0,1.0,0.0
169670,EW2,90.0,90.0,0.0,1.0,0.0
169671,EW2,90.0,90.0,0.0,1.0,0.0
169672,EW2,90.0,90.0,0.0,1.0,0.0
169673,EW2,90.0,90.0,0.0,1.0,0.0
169674,EW2,90.0,90.0,0.0,1.0,0.0
169675,EW2,90.0,90.0,0.0,1.0,0.0
169676,EW2,90.0,90.0,0.0,1.0,0.0
169677,EW2,90.0,90.0,0.0,1.0,0.0
169678,EW2,90.0,90.0,0.0,1.0,0.0
169679,EW2,90.0,90.0,0.0,1.0,0.0
169680,EW2,90.0,90.0,0.0,1.0,0.0
169681,EW2,90.0,90.0,0.0,1.0,0.0
169682,EW2,90.0,90.0,0.0,1.0,0.0
169683,EW2,90.0,90.0,0.0,1.0,0.0
169684,EW2,90.0,90.0,0.0,1.0,0.0
169685,EW2,90.0,90.0,0.0,1.0,0.0
169686,EW2,90.0,90.0,0.0,1.0,0.0
169687,EW2,90.0,90.0,0.0,1.0,0.0
169688,EW2,90.0,90.0,0.0,1.0,0.0
169689,EW2,90.0,90.0,0.0,1.0,0.0
169690,EW2,90.0,90.0,0.0,1.0,0.0
169691,EW2,90.0,90.0,0.0,1.0,0.0
169692,EW2,90.0,90.0,0.0,1.0,0.0
169693,EW2,90.0,90.0,0.0,1.0,0.0
169694,EW2,90.0,90.0,0.0,1.0,0.0
169695,EW2,90.0,90.0,0.0,1.0,0.0
169696,EW2,90.0,90.0,0.0,1.0,0.0
169697,EW2,90.0,90.0,0.0,1.0,0.0
169698,EW2,90.0,90.0,0.0,1.0,0.0
169699,EW2,90.0,90.0,0.0,1.0,0.0
169700,EW2,90.0,90.0,0.0,1.0,0.0
169701,EW2,90.0,90.0,0.0,1.0,0.0
169702,EW2,90.0,90.0,0.0,1.0,0.0
169703,EW2,90.0,90.0,0.0,1.0,0.0
169704,EW2,90.0,90.0,0.0,1.0,0.0
169705,EW2,90.0,90.0,0.0,1.0,0.0
169706,EW2,90.0,90.0,0.0,1.0,0.0
169707,EW2,90.0,90.0,0.0,1.0,0.0
169708,EW2,90.0,90.0,0.0,1.0,0.0
169709,EW2,90.0,90.0,0.0,1.0,0.0
169710,EW2,90.0,90.0,0.0,1.0,0.0
169711,EW2,90.0,90.0,0.0,1.0,0.0
169712,EW2,90.0,90.0,0.0,1.0,0.0
169713,EW2,90.0,90.0,0.0,1.0,0.0
169714,EW2,90.0,90.0,0.0,1.0,0.0
169715,EW2,90.0,90.0,0.0,1.0,0.0
169716,EW2,90.0,90.0,0.0,1.0,0.0
169717,EW2,90.0,90.0,0.0,1.0,0.0
169718,EW2,90.0,90.0,0.0,1.0,0.0
169719,EW2,90.0,90.0,0.0,1.0,0.0
169720,EW2,90.0,90.0,0.0,1.0,0.0
169721,EW2,90.0,90.0,0.0,1.0,0.0
169722,EW2,90.0,90.0,0.0,1.0,0.0
169723,EW2,90.0,90.0,0.0,1.0,0.0
169724,EW2,90.0,90.0,0.0,1.0,0.0
169725,EW2,90.0,90.0,0.0,1.0,0.0
169726,EW2,90.0,90.0,0.0,1.0,0.0
169727,EW2,90.0,90.0,0.0,1.0,0.0
169728,EW2,90.0,90.0,0.0,1.0,0.0
169729,EW2,90.0,90.0,0.0,1.0,0.0
169730,EW2,90.0,90.0,0.0,1.0,0.0
169731,EW2,90.0,90.0,0.0,1.0,0.0
169732,EW2,90.0,90.0,0.0,1.0,0.0
169733,EW2,90.0,90.0,0.0,1.0,0.0
169734,EW2,90.0,90.0,0.0,1.0,0.0
169735,EW2,90.0,90.0,0.0,1.0,0.0
169736,EW2,90.0,90.0,0.0,1.0,0.0
169737,EW2,90.0,90.0,0.0,1.0,0.0
169738,EW2,90.0,90.0,0.0,1.0,0.0
169739,EW2,90.0,90.0,0.0,1.0,0.0
169740,EW2,90.0,90.0,0.0,1.0,0.0
169741,EW2,90.0,90.0,0.0,1.0,0.0
169742,EW2,90.0,90.0,0.0,1.0,0.0
169743,EW2,90.0,90.0,0.0,1.0,0.0
169744,EW2,90.0,90.0,0.0,1.0,0.0
169745,EW2,90.0,90.0,0.0,1.0,0.0
169746,EW2,90.0,90.0,0.0,1.0,0.0
169747,EW2,90.0,90.0,0.0,1.0,0.0
169748,EW2,90.0,90.0,0.0,1.0,0.0
169749,EW2,90.0,90.0,0.0,1.0,0.0
169750,EW2,90.0,90.0,0.0,1.0,0.0
169751,EW2,90.0,90.0,0.0,1.0,0.0
169752,EW2,90.0,90.0,0.0,1.0,0.0
169753,EW2,90.0,90.0,0.0,1.0,0.0
169754,EW2,90.0,90.0,0.0,1.0,0.0
169755,EW2,90.0,90.0,0.0,1.0,0.0
169756,EW2,90.0,90.0,0.0,1.0,0.0
169757,EW2,90.0,90.0,0.0,1.0,0.0
169758,EW2,90.0,90.0,0.0,1.0,0.0
169759,EW2,90.0,90.0,0.0,1.0,0.0
169760,EW2,90.0,90.0,0.0,1.0,0.0
169761,EW2,90.0,90.0,0.0,1.0,0.0
169762,EW2,90.0,90.0,0.0,1.0,0.0
169763,EW2,90.0,90.0,0.0,1.0,0.0
169764,EW2,90.0,90.0,0.0,1.0,0.0
177270,EW2,90.0,90.0,0.0,1.0,0.0
177271,EW2,90.0,90.0,0.0,1.0,0.0
177272,EW2,90.0,90.0,0.0,1.0,0.0
177273,EW2,90.0,90.0,0.0,1.0,0.0
177274,EW2,90.0,90.0,0.0,1.0,0.0
177275,EW2,90.0,90.0,0.0,1.0,0.0
177276,EW2,90.0,90.0,0.0,1.0,0.0
177277,EW2,90.0,90.0,0.0,1.0,0.0
177278,EW2,90.0,90.0,0.0,1.0,0.0
177279,EW2,90.0,90.0,0.0,1.0,0.0
177280,EW2,90.0,90.0,0.0,1.0,0.0
177281,EW2,90.0,90.0,0.0,1.0,0.0
177282,EW2,90.0,90.0,0.0,1.0,0.0
177283,EW2,90.0,90.0,0.0,1.0,0.0
177284,EW2,90.0,90.0,0.0,1.0,0.0
177285,EW2,90.0,90.0,0.0,1.0,0.0
177286,EW2,90.0,90.0,0.0,1.0,0.0
177287,EW2,90.0,90.0,0.0,1.0,0.0
177288,EW2,90.0,90.0,0.0,1.0,0.0
177289,EW2,90.0,90.0,0.0,1.0,0.0
177290,EW2,90.0,90.0,0.0,1.0,0.0
177291,EW2,90.0,90.0,0.0,1.0,0.0
177292,EW2,90.0,90.0,0.0,1.0,0.0
177293,EW2,90.0,90.0,0.0,1.0,0.0
177294,EW2,90.0,90.0,0.0,1.0,0.0
177295,EW2,90.0,90.0,0.0,1.0,0.0
177296,EW2,90.0,90.0,0.0,1.0,0.0
177297,EW2,90.0,90.0,0.0,1.0,0.0
177298,EW2,90.0,90.0,0.0,1.0,0.0
177299,EW2,90.0,90.0,0.0,1.0,0.0
177300,EW2,90.0,90.0,0.0,1.0,0.0
177301,EW2,90.0,90.0,0.0,1.0,0.0
177302,EW2,90.0,90.0,0.0,1.0,0.0
177303,EW2,90.0,90.0,0.0,1.0,0.0
177304,EW2,90.0,90.0,0.0,1.0,0.0
177305,EW2,90.0,90.0,0.0,1.0,0.0
177306,EW2,90.0,90.0,0.0,1.0,0.0
177307,EW2,90.0,90.0,0.0,1.0,0.0
177308,EW2,90.0,90.0,0.0,1.0,0.0
177309,EW2,90.0,90.0,0.0,1.0,0.0
177310,EW2,90.0,90.0,0.0,1.0,0.0
177311,EW2,90.0,90.0,0.0,1.0,0.0
177312,EW2,90.0,90.0,0.0,1.0,0.0
177313,EW2,90.0,90.0,0.0,1.0,0.0
177314,EW2,90.0,90.0,0.0,1.0,0.0
177315,EW2,90.0,90.0,0.0,1.0,0.0
177316,EW2,90.0,90.0,0.0,1.0,0.0
177317,EW2,90.0,90.0,0.0,1.0,0.0
177318,EW2,90.0,90.0,0.0,1.0,0.0
177319,EW2,90.0,90.0,0.0,1.0,0.0
177320,EW2,90.0,90.0,0.0,1.0,0.0
177321,EW2,90.0,90.0,0.0,1.0,0.0
177322,EW2,90.0,90.0,0.0,1.0,0.0
177323,EW2,90.0,90.0,0.0,1.0,0.0
177324,EW2,90.0,90.0,0.0,1.0,0.0
177325,EW2,90.0,90.0,0.0,1.0,0.0
177326,EW2,90.0,90.0,0.0,1.0,0.0
177327,EW2,90.0,90.0,0.0,1.0,0.0
177328,EW2,90.0,90.0,0.0,1.0,0.0
177329,EW2,90.0,90.0,0.0,1.0,0.0
177330,EW2,90.0,90.0,0.0,1.0,0.0
177331,EW2,90.0,90.0,0.0,1.0,0.0
177332,EW2,90.0,90.0,0.0,1.0,0.0
177333,EW2,90.0,90.0,0.0,1.0,0.0
177334,EW2,90.0,90.0,0.0,1.0,0.0
177335,EW2,90.0,90.0,0.0,1.0,0.0
177336,EW2,90.0,90.0,0.0,1.0,0.0
177337,EW2,90.0,90.0,0.0,1.0,0.0
177338,EW2,90.0,90.0,0.0,1.0,0.0
177339,EW2,90.0,90.0,0.0,1.0,0.0
177340,EW2,90.0,90.0,0.0,1.0,0.0
177341,EW2,90.0,90.0,0.0,1.0,0.0
177342,EW2,90.0,90.0,0.0,1.0,0.0
177343,EW2,90.0,90.0,0.0,1.0,0.0
177344,EW2,90.0,90.0,0.0,1.0,0.0
177345,EW2,90.0,90.0,0.0,1.0,0.0
177346,EW2,90.0,90.0,0.0,1.0,0.0
177347,EW2,90.0,90.0,0.0,1.0,0.0
177348,EW2,90.0,90.0,0.0,1.0,0.0
177349,EW2,90.0,90.0,0.0,1.0,0.0
177350,EW2,90.0,90.0,0.0,1.0,0.0
177351,EW2,90.0,90.0,0.0,1.0,0.0
177352,EW2,90.0,90.0,0.0,1.0,0.0
177353,EW2,90.0,90.0,0.0,1.0,0.0
177354,EW2,90.0,90.0,0.0,1.0,0.0
177355,EW2,90.0,90.0,0.0,1.0,0.0
177356,EW2,90.0,90.0,0.0,1.0,0.0
177357,EW2,90.0,90.0,0.0,1.0,0.0
177358,EW2,90.0,90.0,0.0,1.0,0.0
177359,EW2,90.0,90.0,0.0,1.0,0.0
177360,EW2,90.0,90.0,0.0,1.0,0.0
177361,EW2,90.0,90.0,0.0,1.0,0.0
177362,EW2,90.0,90.0,0.0,1.0,0.0
177363,EW2,90.0,90.0,0.0,1.0,0.0
177364,EW2,90.0,90.0,0.0,1.0,0.0
184870,EW2,90.0,90.0,0.0,1.0,0.0
184871,EW2,90.0,90.0,0.0,1.0,0.0
184872,EW2,90.0,90.0,0.0,1.0,0.0
184873,EW2,90.0,90.0,0.0,1.0,0.0
184874,EW2,90.0,90.0,0.0,1.0,0.0
184875,EW2,90.0,90.0,0.0,1.0,0.0
184876,EW2,90.0,90.0,0.0,1.0,0.0
184877,EW2,90.0,90.0,0.0,1.0,0.0
184878,EW2,90.0,90.0,0.0,1.0,0.0
184879,EW2,90.0,90.0,0.0,1.0,0.0
184880,EW2,90.0,90.0,0.0,1.0,0.0
184881,EW2,90.0,90.0,0.0,1.0,0.0
184882,EW2,90.0,90.0,0.0,1.0,0.0
184883,EW2,90.0,90.0,0.0,1.0,0.0
184884,EW2,90.0,90.0,0.0,1.0,0.0
184885,EW2,90.0,90.0,0.0,1.0,0.0
184886,EW2,90.0,90.0,0.0,1.0,0.0
184887,EW2,90.0,90.0,0.0,1.0,0.0
184888,EW2,90.0,90.0,0.0,1.0,0.0
184889,EW2,90.0,90.0,0.0,1.0,0.0
184890,EW2,90.0,90.0,0.0,1.0,0.0
184891,EW2,90.0,90.0,0.0,1.0,0.0
184892,EW2,90.0,90.0,0.0,1.0,0.0
184893,EW2,90.0,90.0,0.0,1.0,0.0
184894,EW2,90.0,90.0,0.0,1.0,0.0
184895,EW2,90.0,90.0,0.0,1.0,0.0
184896,EW2,90.0,90.0,0.0,1.0,0.0
184897,EW2,90.0,90.0,0.0,1.0,0.0
184898,EW2,90.0,90.0,0.0,1.0,0.0
184899,EW2,90.0,90.0,0.0,1.0,0.0
184900,EW2,90.0,90.0,0.0,1.0,0.0
184901,EW2,90.0,90.0,0.0,1.0,0.0
184902,EW2,90.0,90.0,0.0,1.0,0.0
184903,EW2,90.0,90.0,0.0,1.0,0.0
184904,EW2,90.0,90.0,0.0,1.0,0.0
184905,EW2,90.0,90.0,0.0,1.0,0.0
184906,EW2,90.0,90.0,0.0,1.0,0.0
184907,EW2,90.0,90.0,0.0,1.0,0.0
184908,EW2,90.0,90.0,0.0,1.0,0.0
184909,EW2,90.0,90.0,0.0,1.0,0.0
184910,EW2,90.0,90.0,0.0,1.0,0.0
184911,EW2,90.0,90.0,0.0,1.0,0.0
184912,EW2,90.0,90.0,0.0,1.0,0.0
184913,EW2,90.0,90.0,0.0,1.0,0.0
184914,EW2,90.0,90.0,0.0,1.0,0.0
184915,EW2,90.0,90.0,0.0,1.0,0.0
184916,EW2,90.0,90.0,0.0,1.0,0.0
184917,EW2,90.0,90.0,0.0,1.0,0.0
184918,EW2,90.0,90.0,0.0,1.0,0.0
184919,EW2,90.0,90.0,0.0,1.0,0.0
184920,EW2,90.0,90.0,0.0,1.0,0.0
184921,EW2,90.0,90.0,0.0,1.0,0.0
184922,EW2,90.0,90.0,0.0,1.0,0.0
184923,EW2,90.0,90.0,0.0,1.0,0.0
184924,EW2,90.0,90.0,0.0,1.0,0.0
184925,EW2,90.0,90.0,0.0,1.0,0.0
184926,EW2,90.0,90.0,0.0,1.0,0.0
184927,EW2,90.0,90.0,0.0,1.0,0.0
184928,EW2,90.0,90.0,0.0,1.0,0.0
184929,EW2,90.0,90.0,0.0,1.0,0.0
184930,EW2,90.0,90.0,0.0,1.0,0.0
184931,EW2,90.0,90.0,0.0,1.0,0.0
184932,EW2,90.0,90.0,0.0,1.0,0.0
184933,EW2,90.0,90.0,0.0,1.0,0.0
184934,EW2,90.0,90.0,0.0,1.0,0.0
184935,EW2,90.0,90.0,0.0,1.0,0.0
184936,EW2,90.0,90.0,0.0,1.0,0.0
184937,EW2,90.0,90.0,0.0,1.0,0.0
184938,EW2,90.0,90.0,0.0,1.0,0.0
184939,EW2,90.0,90.0,0.0,1.0,0.0
184940,EW2,90.0,90.0,0.0,1.0,0.0
184941,EW2,90.0,90.0,0.0,1.0,0.0
184942,EW2,90.0,90.0,0.0,1.0,0.0
184943,EW2,90.0,90.0,0.0,1.0,0.0
184944,EW2,90.0,90.0,0.0,1.0,0.0
184945,EW2,90.0,90.0,0.0,1.0,0.0
184946,EW2,90.0,90.0,0.0,1.0,0.0
184947,EW2,90.0,90.0,0.0,1.0,0.0
184948,EW2,90.0,90.0,0.0,1.0,0.0
184949,EW2,90.0,90.0,0.0,1.0,0.0
184950,EW2,90.0,90.0,0.0,1.0,0.0
184951,EW2,90.0,90.0,0.0,1.0,0.0
184952,EW2,90.0,90.0,0.0,1.0,0.0
184953,EW2,90.0,90.0,0.0,1.0,0.0
184954,EW2,90.0,90.0,0.0,1.0,0.0
184955,EW2,90.0,90.0,0.0,1.0,0.0
184956,EW2,90.0,90.0,0.0,1.0,0.0
184957,EW2,90.0,90.0,0.0,1.0,0.0
184958,EW2,90.0,90.0,0.0,1.0,0.0
184959,EW2,90.0,90.0,0.0,1.0,0.0
184960,EW2,90.0,90.0,0.0,1.0,0.0
184961,EW2,90.0,90.0,0.0,1.0,0.0
184962,EW2,90.0,90.0,0.0,1.0,0.0
184963,EW2,90.0,90.0,0.0,1.0,0.0
184964,EW2,90.0,90.0,0.0,1.0,0.0
192470,EW2,90.0,90.0,0.0,1.0,0.0
192471,EW2,90.0,90.0,0.0,1.0,0.0
192472,EW2,90.0,90.0,0.0,1.0,0.0
192473,EW2,90.0,90.0,0.0,1.0,0.0
192474,EW2,90.0,90.0,0.0,1.0,0.0
192475,EW2,90.0,90.0,0.0,1.0,0.0
192476,EW2,90.0,90.0,0.0,1.0,0.0
192477,EW2,90.0,90.0,0.0,1.0,0.0
192478,EW2,90.0,90.0,0.0,1.0,0.0
192479,EW2,90.0,90.0,0.0,1.0,0.0
192480,EW2,90.0,90.0,0.0,1.0,0.0
192481,EW2,90.0,90.0,0.0,1.0,0.0
192482,EW2,90.0,90.0,0.0,1.0,0.0
192483,EW2,90.0,90.0,0.0,1.0,0.0
192484,EW2,90.0,90.0,0.0,1.0,0.0
192485,EW2,90.0,90.0,0.0,1.0,0.0
192486,EW2,90.0,90.0,0.0,1.0,0.0
192487,EW2,90.0,90.0,0.0,1.0,0.0
192488,EW2,90.0,90.0,0.0,1.0,0.0
192489,EW2,90.0,90.0,0.0,1.0,0.0
192490,EW2,90.0,90.0,0.0,1.0,0.0
192491,EW2,90.0,90.0,0.0,1.0,0.0
192492,EW2,90.0,90.0,0.0,1.0,0.0
192493,EW2,90.0,90.0,0.0,1.0,0.0
192494,EW2,90.0,90.0,0.0,1.0,0.0
192495,EW2,90.0,90.0,0.0,1.0,0.0
192496,EW2,90.0,90.0,0.0,1.0,0.0
192497,EW2,90.0,90.0,0.0,1.0,0.0
192498,EW2,90.0,90.0,0.0,1.0,0.0
192499,EW2,90.0,90.0,0.0,1.0,0.0
192500,EW2,90.0,90.0,0.0,1.0,0.0
192501,EW2,90.0,90.0,0.0,1.0,0.0
192502,EW2,90.0,90.0,0.0,1.0,0.0
192503,EW2,90.0,90.0,0.0,1.0,0.0
192504,EW2,90.0,90.0,0.0,1.0,0.0
192505,EW2,90.0,90.0,0.0,1.0,0.0
192506,EW2,90.0,90.0,0.0,1.0,0.0
192507,EW2,90.0,90.0,0.0,1.0,0.0
192508,EW2,90.0,90.0,0.0,1.0,0.0
192509,EW2,90.0,90.0,0.0,1.0,0.0
192510,EW2,90.0,90.0,0.0,1.0,0.0
192511,EW2,90.0,90.0,0.0,1.0,0.0
192512,EW2,90.0,90.0,0.0,1.0,0.0
192513,EW2,90.0,90.0,0.0,1.0,0.0
192514,EW2,90.0,90.0,0.0,1.0,0.0
192515,EW2,90.0,90.0,0.0,1.0,0.0
192516,EW2,90.0,90.0,0.0,1.0,0.0
192517,EW2,90.0,90.0,0.0,1.0,0.0
192518,EW2,90.0,90.0,0.0,1.0,0.0
192519,EW2,90.0,90.0,0.0,1.0,0.0
192520,EW2,90.0,90.0,0.0,1.0,0.0
192521,EW2,90.0,90.0,0.0,1.0,0.0
192522,EW2,90.0,90.0,0.0,1.0,0.0
192523,EW2,90.0,90.0,0.0,1.0,0.0
192524,EW2,90.0,90.0,0.0,1.0,0.0
192525,EW2,90.0,90.0,0.0,1.0,0.0
192526,EW2,90.0,90.0,0.0,1.0,0.0
192527,EW2,90.0,90.0,0.0,1.0,0.0
192528,EW2,90.0,90.0,0.0,1.0,0.0
192529,EW2,90.0,90.0,0.0,1.0,0.0
192530,EW2,90.0,90.0,0.0,1.0,0.0
192531,EW2,90.0,90.0,0.0,1.0,0.0
192532,EW2,90.0,90.0,0.0,1.0,0.0
192533,EW2,90.0,90.0,0.0,1.0,0.0
192534,EW2,90.0,90.0,0.0,1.0,0.0
192535,EW2,90.0,90.0,0.0,1.0,0.0
192536,EW2,90.0,90.0,0.0,1.0,0.0
192537,EW2,90.0,90.0,0.0,1.0,0.0
192538,EW2,90.0,90.0,0.0,1.0,0.0
192539,EW2,90.0,90.0,0.0,1.0,0.0
192540,EW2,90.0,90.0,0.0,1.0,0.0
192541,EW2,90.0,90.0,0.0,1.0,0.0
192542,EW2,90.0,90.0,0.0,1.0,0.0
192543,EW2,90.0,90.0,0.0,1.0,0.0
192544,EW2,90.0,90.0,0.0,1.0,0.0
192545,EW2,90.0,90.0,0.0,1.0,0.0
192546,EW2,90.0,90.0,0.0,1.0,0.0
192547,EW2,90.0,90.0,0.0,1.0,0.0
192548,EW2,90.0,90.0,0.0,1.0,0.0
192549,EW2,90.0,90.0,0.0,1.0,0.0
192550,EW2,90.0,90.0,0.0,1.0,0.0
192551,EW2,90.0,90.0,0.0,1.0,0.0
192552,EW2,90.0,90.0,0.0,1.0,0.0
192553,EW2,90.0,90.0,0.0,1.0,0.0
192554,EW2,90.0,90.0,0.0,1.0,0.0
192555,EW2,90.0,90.0,0.0,1.0,0.0
192556,EW2,90.0,90.0,0.0,1.0,0.0
192557,EW2,90.0,90.0,0.0,1.0,0.0
192558,EW2,90.0,90.0,0.0,1.0,0.0
192559,EW2,90.0,90.0,0.0,1.0,0.0
192560,EW2,90.0,90.0,0.0,1.0,0.0
192561,EW2,90.0,90.0,0.0,1.0,0.0
192562,EW2,90.0,90.0,0.0,1.0,0.0
192563,EW2,90.0,90.0,0.0,1.0,0.0
192564,EW2,90.0,90.0,0.0,1.0,0.0
3515,EW3,90.0,90.0,0.0,1.0,0.0
3516,EW3,90.0,90.0,0.0,1.0,0.0
3517,EW3,90.0,90.0,0.0,1.0,0.0
3518,EW3,90.0,90.0,0.0,1.0,0.0
3519,EW3,90.0,90.0,0.0,1.0,0.0
3520,EW3,90.0,90.0,0.0,1.0,0.0
3521,EW3,90.0,90.0,0.0,1.0,0.0
3522,EW3,90.0,90.0,0.0,1.0,0.0
3523,EW3,90.0,90.0,0.0,1.0,0.0
3524,EW3,90.0,90.0,0.0,1.0,0.0
3525,EW3,90.0,90.0,0.0,1.0,0.0
3526,EW3,90.0,90.0,0.0,1.0,0.0
3527,EW3,90.0,90.0,0.0,1.0,0.0
3528,EW3,90.0,90.0,0.0,1.0,0.0
3529,EW3,90.0,90.0,0.0,1.0,0.0
3530,EW3,90.0,90.0,0.0,1.0,0.0
3531,EW3,90.0,90.0,0.0,1.0,0.0
3532,EW3,90.0,90.0,0.0,1.0,0.0
3533,EW3,90.0,90.0,0.0,1.0,0.0
3534,EW3,90.0,90.0,0.0,1.0,0.0
3535,EW3,90.0,90.0,0.0,1.0,0.0
3536,EW3,90.0,90.0,0.0,1.0,0.0
3537,EW3,90.0,90.0,0.0,1.0,0.0
3538,EW3,90.0,90.0,0.0,1.0,0.0
3539,EW3,90.0,90.0,0.0,1.0,0.0
3540,EW3,90.0,90.0,0.0,1.0,0.0
3541,EW3,90.0,90.0,0.0,1.0,0.0
3542,EW3,90.0,90.0,0.0,1.0,0.0
3543,EW3,90.0,90.0,0.0,1.0,0.0
3544,EW3,90.0,90.0,0.0,1.0,0.0
3545,EW3,90.0,90.0,0.0,1.0,0.0
3546,EW3,90.0,90.0,0.0,1.0,0.0
3547,EW3,90.0,90.0,0.0,1.0,0.0
3548,EW3,90.0,90.0,0.0,1.0,0.0
3549,EW3,90.0,90.0,0.0,1.0,0.0
3550,EW3,90.0,90.0,0.0,1.0,0.0
3551,EW3,90.0,90.0,0.0,1.0,0.0
3552,EW3,90.0,90.0,0.0,1.0,0.0
3553,EW3,90.0,90.0,0.0,1.0,0.0
3554,EW3,90.0,90.0,0.0,1.0,0.0
3555,EW3,90.0,90.0,0.0,1.0,0.0
3556,EW3,90.0,90.0,0.0,1.0,0.0
3557,EW3,90.0,90.0,0.0,1.0,0.0
3558,EW3,90.0,90.0,0.0,1.0,0.0
3559,EW3,90.0,90.0,0.0,1.0,0.0
3560,EW3,90.0,90.0,0.0,1.0,0.0
3561,EW3,90.0,90.0,0.0,1.0,0.0
3562,EW3,90.0,90.0,0.0,1.0,0.0
3563,EW3,90.0,90.0,0.0,1.0,0.0
3564,EW3,90.0,90.0,0.0,1.0,0.0
3565,EW3,90.0,90.0,0.0,1.0,0.0
3566,EW3,90.0,90.0,0.0,1.0,0.0
3567,EW3,90.0,90.0,0.0,1.0,0.0
3568,EW3,90.0,90.0,0.0,1.0,0.0
3569,EW3,90.0,90.0,0.0,1.0,0.0
3570,EW3,90.0,90.0,0.0,1.0,0.0
3571,EW3,90.0,90.0,0.0,1.0,0.0
3572,EW3,90.0,90.0,0.0,1.0,0.0
3573,EW3,90.0,90.0,0.0,1.0,0.0
3574,EW3,90.0,90.0,0.0,1.0,0.0
3575,EW3,90.0,90.0,0.0,1.0,0.0
3576,EW3,90.0,90.0,0.0,1.0,0.0
3577,EW3,90.0,90.0,0.0,1.0,0.0
3578,EW3,90.0,90.0,0.0,1.0,0.0
3579,EW3,90.0,90.0,0.0,1.0,0.0
3580,EW3,90.0,90.0,0.0,1.0,0.0
3581,EW3,90.0,90.0,0.0,1.0,0.0
3582,EW3,90.0,90.0,0.0,1.0,0.0
3583,EW3,90.0,90.0,0.0,1.0,0.0
3584,EW3,90.0,90.0,0.0,1.0,0.0
3585,EW3,90.0,90.0,0.0,1.0,0.0
3586,EW3,90.0,90.0,0.0,1.0,0.0
3587,EW3,90.0,90.0,0.0,1.0,0.0
3588,EW3,90.0,90.0,0.0,1.0,0.0
3589,EW3,90.0,90.0,0.0,1.0,0.0
3590,EW3,90.0,90.0,0.0,1.0,0.0
3591,EW3,90.0,90.0,0.0,1.0,0.0
3592,EW3,90.0,90.0,0.0,1.0,0.0
3593,EW3,90.0,90.0,0.0,1.0,0.0
3594,EW3,90.0,90.0,0.0,1.0,0.0
3595,EW3,90.0,90.0,0.0,1.0,0.0
3596,EW3,90.0,90.0,0.0,1.0,0.0
3597,EW3,90.0,90.0,0.0,1.0,0.0
3598,EW3,90.0,90.0,0.0,1.0,0.0
3599,EW3,90.0,90.0,0.0,1.0,0.0
3600,EW3,90.0,90.0,0.0,1.0,0.0
3601,EW3,90.0,90.0,0.0,1.0,0.0
3602,EW3,90.0,90.0,0.0,1.0,0.0
3603,EW3,90.0,90.0,0.0,1.0,0.0
3604,EW3,90.0,90.0,0.0,1.0,0.0
3605,EW3,90.0,90.0,0.0,1.0,0.0
3606,EW3,90.0,90.0,0.0,1.0,0.0
3607,EW3,90.0,90.0,0.0,1.0,0.0
3608,EW3,90.0,90.0,0.0,1.0,0.0
3609,EW3,90.0,90.0,0.0,1.0,0.0
11115,EW3,90.0,90.0,0.0,1.0,0.0
11116,EW3,90.0,90.0,0.0,1.0,0.0
11117,EW3,90.0,90.0,0.0,1.0,0.0
11118,EW3,90.0,90.0,0.0,1.0,0.0
11119,EW3,90.0,90.0,0.0,1.0,0.0
11120,EW3,90.0,90.0,0.0,1.0,0.0
11121,EW3,90.0,90.0,0.0,1.0,0.0
11122,EW3,90.0,90.0,0.0,1.0,0.0
11123,EW3,90.0,90.0,0.0,1.0,0.0
11124,EW3,90.0,90.0,0.0,1.0,0.0
11125,EW3,90.0,90.0,0.0,1.0,0.0
11126,EW3,90.0,90.0,0.0,1.0,0.0
11127,EW3,90.0,90.0,0.0,1.0,0.0
11128,EW3,90.0,90.0,0.0,1.0,0.0
11129,EW3,90.0,90.0,0.0,1.0,0.0
11130,EW3,90.0,90.0,0.0,1.0,0.0
11131,EW3,90.0,90.0,0.0,1.0,0.0
11132,EW3,90.0,90.0,0.0,1.0,0.0
11133,EW3,90.0,90.0,0.0,1.0,0.0
11134,EW3,90.0,90.0,0.0,1.0,0.0
11135,EW3,90.0,90.0,0.0,1.0,0.0
11136,EW3,90.0,90.0,0.0,1.0,0.0
11137,EW3,90.0,90.0,0.0,1.0,0.0
11138,EW3,90.0,90.0,0.0,1.0,0.0
11139,EW3,90.0,90.0,0.0,1.0,0.0
11140,EW3,90.0,90.0,0.0,1.0,0.0
11141,EW3,90.0,90.0,0.0,1.0,0.0
11142,EW3,90.0,90.0,0.0,1.0,0.0
11143,EW3,90.0,90.0,0.0,1.0,0.0
11144,EW3,90.0,90.0,0.0,1.0,0.0
11145,EW3,90.0,90.0,0.0,1.0,0.0
11146,EW3,90.0,90.0,0.0,1.0,0.0
11147,EW3,90.0,90.0,0.0,1.0,0.0
11148,EW3,90.0,90.0,0.0,1.0,0.0
11149,EW3,90.0,90.0,0.0,1.0,0.0
11150,EW3,90.0,90.0,0.0,1.0,0.0
11151,EW3,90.0,90.0,0.0,1.0,0.0
11152,EW3,90.0,90.0,0.0,1.0,0.0
11153,EW3,90.0,90.0,0.0,1.0,0.0
11154,EW3,90.0,90.0,0.0,1.0,0.0
11155,EW3,90.0,90.0,0.0,1.0,0.0
11156,EW3,90.0,90.0,0.0,1.0,0.0
11157,EW3,90.0,90.0,0.0,1.0,0.0
11158,EW3,90.0,90.0,0.0,1.0,0.0
11159,EW3,90.0,90.0,0.0,1.0,0.0
11160,EW3,90.0,90.0,0.0,1.0,0.0
11161,EW3,90.0,90.0,0.0,1.0,0.0
11162,EW3,90.0,90.0,0.0,1.0,0.0
11163,EW3,90.0,90.0,0.0,1.0,0.0
11164,EW3,90.0,90.0,0.0,1.0,0.0
11165,EW3,90.0,90.0,0.0,1.0,0.0
11166,EW3,90.0,90.0,0.0,1.0,0.0
11167,EW3,90.0,90.0,0.0,1.0,0.0
11168,EW3,90.0,90.0,0.0,1.0,0.0
11169,EW3,90.0,90.0,0.0,1.0,0.0
11170,EW3,90.0,90.0,0.0,1.0,0.0
11171,EW3,90.0,90.0,0.0,1.0,0.0
11172,EW3,90.0,90.0,0.0,1.0,0.0
11173,EW3,90.0,90.0,0.0,1.0,0.0
11174,EW3,90.0,90.0,0.0,1.0,0.0
11175,EW3,90.0,90.0,0.0,1.0,0.0
11176,EW3,90.0,90.0,0.0,1.0,0.0
11177,EW3,90.0,90.0,0.0,1.0,0.0
11178,EW3,90.0,90.0,0.0,1.0,0.0
11179,EW3,90.0,90.0,0.0,1.0,0.0
11180,EW3,90.0,90.0,0.0,1.0,0.0
11181,EW3,90.0,90.0,0.0,1.0,0.0
11182,EW3,90.0,90.0,0.0,1.0,0.0
11183,EW3,90.0,90.0,0.0,1.0,0.0
11184,EW3,90.0,90.0,0.0,1.0,0.0
11185,EW3,90.0,90.0,0.0,1.0,0.0
11186,EW3,90.0,90.0,0.0,1.0,0.0
11187,EW3,90.0,90.0,0.0,1.0,0.0
11188,EW3,90.0,90.0,0.0,1.0,0.0
11189,EW3,90.0,90.0,0.0,1.0,0.0
11190,EW3,90.0,90.0,0.0,1.0,0.0
11191,EW3,90.0,90.0,0.0,1.0,0.0
11192,EW3,90.0,90.0,0.0,1.0,0.0
11193,EW3,90.0,90.0,0.0,1.0,0.0
11194,EW3,90.0,90.0,0.0,1.0,0.0
11195,EW3,90.0,90.0,0.0,1.0,0.0
11196,EW3,90.0,90.0,0.0,1.0,0.0
11197,EW3,90.0,90.0,0.0,1.0,0.0
11198,EW3,90.0,90.0,0.0,1.0,0.0
11199,EW3,90.0,90.0,0.0,1.0,0.0
11200,EW3,90.0,90.0,0.0,1.0,0.0
11201,EW3,90.0,90.0,0.0,1.0,0.0
11202,EW3,90.0,90.0,0.0,1.0,0.0
11203,EW3,90.0,90.0,0.0,1.0,0.0
11204,EW3,90.0,90.0,0.0,1.0,0.0
11205,EW3,90.0,90.0,0.0,1.0,0.0
11206,EW3,90.0,90.0,0.0,1.0,0.0
11207,EW3,90.0,90.0,0.0,1.0,0.0
11208,EW3,90.0,90.0,0.0,1.0,0.0
11209,EW3,90.0,90.0,0.0,1.0,0.0
18715,EW3,90.0,90.0,0.0,1.0,0.0
18716,EW3,90.0,90.0,0.0,1.0,0.0
18717,EW3,90.0,90.0,0.0,1.0,0.0
18718,EW3,90.0,90.0,0.0,1.0,0.0
18719,EW3,90.0,90.0,0.0,1.0,0.0
18720,EW3,90.0,90.0,0.0,1.0,0.0
18721,EW3,90.0,90.0,0.0,1.0,0.0
18722,EW3,90.0,90.0,0.0,1.0,0.0
18723,EW3,90.0,90.0,0.0,1.0,0.0
18724,EW3,90.0,90.0,0.0,1.0,0.0
18725,EW3,90.0,90.0,0.0,1.0,0.0
18726,EW3,90.0,90.0,0.0,1.0,0.0
18727,EW3,90.0,90.0,0.0,1.0,0.0
18728,EW3,90.0,90.0,0.0,1.0,0.0
18729,EW3,90.0,90.0,0.0,1.0,0.0
18730,EW3,90.0,90.0,0.0,1.0,0.0
18731,EW3,90.0,90.0,0.0,1.0,0.0
18732,EW3,90.0,90.0,0.0,1.0,0.0
18733,EW3,90.0,90.0,0.0,1.0,0.0
18734,EW3,90.0,90.0,0.0,1.0,0.0
18735,EW3,90.0,90.0,0.0,1.0,0.0
18736,EW3,90.0,90.0,0.0,1.0,0.0
18737,EW3,90.0,90.0,0.0,1.0,0.0
18738,EW3,90.0,90.0,0.0,1.0,0.0
18739,EW3,90.0,90.0,0.0,1.0,0.0
18740,EW3,90.0,90.0,0.0,1.0,0.0
18741,EW3,90.0,90.0,0.0,1.0,0.0
18742,EW3,90.0,90.0,0.0,1.0,0.0
18743,EW3,90.0,90.0,0.0,1.0,0.0
18744,EW3,90.0,90.0,0.0,1.0,0.0
18745,EW3,90.0,90.0,0.0,1.0,0.0
18746,EW3,90.0,90.0,0.0,1.0,0.0
18747,EW3,90.0,90.0,0.0,1.0,0.0
18748,EW3,90.0,90.0,0.0,1.0,0.0
18749,EW3,90.0,90.0,0.0,1.0,0.0
18750,EW3,90.0,90.0,0.0,1.0,0.0
18751,EW3,90.0,90.0,0.0,1.0,0.0
18752,EW3,90.0,90.0,0.0,1.0,0.0
18753,EW3,90.0,90.0,0.0,1.0,0.0
18754,EW3,90.0,90.0,0.0,1.0,0.0
18755,EW3,90.0,90.0,0.0,1.0,0.0
18756,EW3,90.0,90.0,0.0,1.0,0.0
18757,EW3,90.0,90.0,0.0,1.0,0.0
18758,EW3,90.0,90.0,0.0,1.0,0.0
18759,EW3,90.0,90.0,0.0,1.0,0.0
18760,EW3,90.0,90.0,0.0,1.0,0.0
18761,EW3,90.0,90.0,0.0,1.0,0.0
18762,EW3,90.0,90.0,0.0,1.0,0.0
18763,EW3,90.0,90.0,0.0,1.0,0.0
18764,EW3,90.0,90.0,0.0,1.0,0.0
18765,EW3,90.0,90.0,0.0,1.0,0.0
18766,EW3,90.0,90.0,0.0,1.0,0.0
18767,EW3,90.0,90.0,0.0,1.0,0.0
18768,EW3,90.0,90.0,0.0,1.0,0.0
18769,EW3,90.0,90.0,0.0,1.0,0.0
18770,EW3,90.0,90.0,0.0,1.0,0.0
18771,EW3,90.0,90.0,0.0,1.0,0.0
18772,EW3,90.0,90.0,0.0,1.0,0.0
18773,EW3,90.0,90.0,0.0,1.0,0.0
18774,EW3,90.0,90.0,0.0,1.0,0.0
18775,EW3,90.0,90.0,0.0,1.0,0.0
18776,EW3,90.0,90.0,0.0,1.0,0.0
18777,EW3,90.0,90.0,0.0,1.0,0.0
18778,EW3,90.0,90.0,0.0,1.0,0.0
18779,EW3,90.0,90.0,0.0,1.0,0.0
18780,EW3,90.0,90.0,0.0,1.0,0.0
18781,EW3,90.0,90.0,0.0,1.0,0.0
18782,EW3,90.0,90.0,0.0,1.0,0.0
18783,EW3,90.0,90.0,0.0,1.0,0.0
18784,EW3,90.0,90.0,0.0,1.0,0.0
18785,EW3,90.0,90.0,0.0,1.0,0.0
18786,EW3,90.0,90.0,0.0,1.0,0.0
18787,EW3,90.0,90.0,0.0,1.0,0.0
18788,EW3,90.0,90.0,0.0,1.0,0.0
18789,EW3,90.0,90.0,0.0,1.0,0.0
18790,EW3,90.0,90.0,0.0,1.0,0.0
18791,EW3,90.0,90.0,0.0,1.0,0.0
18792,EW3,90.0,90.0,0.0,1.0,0.0
18793,EW3,90.0,90.0,0.0,1.0,0.0
18794,EW3,90.0,90.0,0.0,1.0,0.0
18795,EW3,90.0,90.0,0.0,1.0,0.0
18796,EW3,90.0,90.0,0.0,1.0,0.0
18797,EW3,90.0,90.0,0.0,1.0,0.0
18798,EW3,90.0,90.0,0.0,1.0,0.0
18799,EW3,90.0,90.0,0.0,1.0,0.0
18800,EW3,90.0,90.0,0.0,1.0,0.0
18801,EW3,90.0,90.0,0.0,1.0,0.0
18802,EW3,90.0,90.0,0.0,1.0,0.0
18803,EW3,90.0,90.0,0.0,1.0,0.0
18804,EW3,90.0,90.0,0.0,1.0,0.0
18805,EW3,90.0,90.0,0.0,1.0,0.0
18806,EW3,90.0,90.0,0.0,1.0,0.0
18807,EW3,90.0,90.0,0.0,1.0,0.0
18808,EW3,90.0,90.0,0.0,1.0,0.0
18809,EW3,90.0,90.0,0.0,1.0,0.0
26315,EW3,90.0,90.0,0.0,1.0,0.0
26316,EW3,90.0,90.0,0.0,1.0,0.0
26317,EW3,90.0,90.0,0.0,1.0,0.0
26318,EW3,90.0,90.0,0.0,1.0,0.0
26319,EW3,90.0,90.0,0.0,1.0,0.0
26320,EW3,90.0,90.0,0.0,1.0,0.0
26321,EW3,90.0,90.0,0.0,1.0,0.0
26322,EW3,90.0,90.0,0.0,1.0,0.0
26323,EW3,90.0,90.0,0.0,1.0,0.0
26324,EW3,90.0,90.0,0.0,1.0,0.0
26325,EW3,90.0,90.0,0.0,1.0,0.0
26326,EW3,90.0,90.0,0.0,1.0,0.0
26327,EW3,90.0,90.0,0.0,1.0,0.0
26328,EW3,90.0,90.0,0.0,1.0,0.0
26329,EW3,90.0,90.0,0.0,1.0,0.0
26330,EW3,90.0,90.0,0.0,1.0,0.0
26331,EW3,90.0,90.0,0.0,1.0,0.0
26332,EW3,90.0,90.0,0.0,1.0,0.0
26333,EW3,90.0,90.0,0.0,1.0,0.0
26334,EW3,90.0,90.0,0.0,1.0,0.0
26335,EW3,90.0,90.0,0.0,1.0,0.0
26336,EW3,90.0,90.0,0.0,1.0,0.0
26337,EW3,90.0,90.0,0.0,1.0,0.0
26338,EW3,90.0,90.0,0.0,1.0,0.0
26339,EW3,90.0,90.0,0.0,1.0,0.0
26340,EW3,90.0,90.0,0.0,1.0,0.0
26341,EW3,90.0,90.0,0.0,1.0,0.0
26342,EW3,90.0,90.0,0.0,1.0,0.0
26343,EW3,90.0,90.0,0.0,1.0,0.0
26344,EW3,90.0,90.0,0.0,1.0,0.0
26345,EW3,90.0,90.0,0.0,1.0,0.0
26346,EW3,90.0,90.0,0.0,1.0,0.0
26347,EW3,90.0,90.0,0.0,1.0,0.0
26348,EW3,90.0,90.0,0.0,1.0,0.0
26349,EW3,90.0,90.0,0.0,1.0,0.0
26350,EW3,90.0,90.0,0.0,1.0,0.0
26351,EW3,90.0,90.0,0.0,1.0,0.0
26352,EW3,90.0,90.0,0.0,1.0,0.0
26353,EW3,90.0,90.0,0.0,1.0,0.0
26354,EW3,90.0,90.0,0.0,1.0,0.0
26355,EW3,90.0,90.0,0.0,1.0,0.0
26356,EW3,90.0,90.0,0.0,1.0,0.0
26357,EW3,90.0,90.0,0.0,1.0,0.0
26358,EW3,90.0,90.0,0.0,1.0,0.0
26359,EW3,90.0,90.0,0.0,1.0,0.0
26360,EW3,90.0,90.0,0.0,1.0,0.0
26361,EW3,90.0,90.0,0.0,1.0,0.0
26362,EW3,90.0,90.0,0.0,1.0,0.0
26363,EW3,90.0,90.0,0.0,1.0,0.0
26364,EW3,90.0,90.0,0.0,1.0,0.0
26365,EW3,90.0,90.0,0.0,1.0,0.0
26366,EW3,90.0,90.0,0.0,1.0,0.0
26367,EW3,90.0,90.0,0.0,1.0,0.0
26368,EW3,90.0,90.0,0.0,1.0,0.0
26369,EW3,90.0,90.0,0.0,1.0,0.0
26370,EW3,90.0,90.0,0.0,1.0,0.0
26371,EW3,90.0,90.0,0.0,1.0,0.0
26372,EW3,90.0,90.0,0.0,1.0,0.0
26373,EW3,90.0,90.0,0.0,1.0,0.0
26374,EW3,90.0,90.0,0.0,1.0,0.0
26375,EW3,90.0,90.0,0.0,1.0,0.0
26376,EW3,90.0,90.0,0.0,1.0,0.0
26377,EW3,90.0,90.0,0.0,1.0,0.0
26378,EW3,90.0,90.0,0.0,1.0,0.0
26379,EW3,90.0,90.0,0.0,1.0,0.0
26380,EW3,90.0,90.0,0.0,1.0,0.0
26381,EW3,90.0,90.0,0.0,1.0,0.0
26382,EW3,90.0,90.0,0.0,1.0,0.0
26383,EW3,90.0,90.0,0.0,1.0,0.0
26384,EW3,90.0,90.0,0.0,1.0,0.0
26385,EW3,90.0,90.0,0.0,1.0,0.0
26386,EW3,90.0,90.0,0.0,1.0,0.0
26387,EW3,90.0,90.0,0.0,1.0,0.0
26388,EW3,90.0,90.0,0.0,1.0,0.0
26389,EW3,90.0,90.0,0.0,1.0,0.0
26390,EW3,90.0,90.0,0.0,1.0,0.0
26391,EW3,90.0,90.0,0.0,1.0,0.0
26392,EW3,90.0,90.0,0.0,1.0,0.0
26393,EW3,90.0,90.0,0.0,1.0,0.0
26394,EW3,90.0,90.0,0.0,1.0,0.0
26395,EW3,90.0,90.0,0.0,1.0,0.0
26396,EW3,90.0,90.0,0.0,1.0,0.0
26397,EW3,90.0,90.0,0.0,1.0,0.0
26398,EW3,90.0,90.0,0.0,1.0,0.0
26399,EW3,90.0,90.0,0.0,1.0,0.0
26400,EW3,90.0,90.0,0.0,1.0,0.0
26401,EW3,90.0,90.0,0.0,1.0,0.0
26402,EW3,90.0,90.0,0.0,1.0,0.0
26403,EW3,90.0,90.0,0.0,1.0,0.0
26404,EW3,90.0,90.0,0.0,1.0,0.0
26405,EW3,90.0,90.0,0.0,1.0,0.0
26406,EW3,90.0,90.0,0.0,1.0,0.0
26407,EW3,90.0,90.0,0.0,1.0,0.0
26408,EW3,90.0,90.0,0.0,1.0,0.0
26409,EW3,90.0,90.0,0.0,1.0,0.0
33915,EW3,90.0,90.0,0.0,1.0,0.0
33916,EW3,90.0,90.0,0.0,1.0,0.0
33917,EW3,90.0,90.0,0.0,1.0,0.0
33918,EW3,90.0,90.0,0.0,1.0,0.0
33919,EW3,90.0,90.0,0.0,1.0,0.0
33920,EW3,90.0,90.0,0.0,1.0,0.0
33921,EW3,90.0,90.0,0.0,1.0,0.0
33922,EW3,90.0,90.0,0.0,1.0,0.0
33923,EW3,90.0,90.0,0.0,1.0,0.0
33924,EW3,90.0,90.0,0.0,1.0,0.0
33925,EW3,90.0,90.0,0.0,1.0,0.0
33926,EW3,90.0,90.0,0.0,1.0,0.0
33927,EW3,90.0,90.0,0.0,1.0,0.0
33928,EW3,90.0,90.0,0.0,1.0,0.0
33929,EW3,90.0,90.0,0.0,1.0,0.0
33930,EW3,90.0,90.0,0.0,1.0,0.0
33931,EW3,90.0,90.0,0.0,1.0,0.0
33932,EW3,90.0,90.0,0.0,1.0,0.0
33933,EW3,90.0,90.0,0.0,1.0,0.0
33934,EW3,90.0,90.0,0.0,1.0,0.0
33935,EW3,90.0,90.0,0.0,1.0,0.0
33936,EW3,90.0,90.0,0.0,1.0,0.0
33937,EW3,90.0,90.0,0.0,1.0,0.0
33938,EW3,90.0,90.0,0.0,1.0,0.0
33939,EW3,90.0,90.0,0.0,1.0,0.0
33940,EW3,90.0,90.0,0.0,1.0,0.0
33941,EW3,90.0,90.0,0.0,1.0,0.0
33942,EW3,90.0,90.0,0.0,1.0,0.0
33943,EW3,90.0,90.0,0.0,1.0,0.0
33944,EW3,90.0,90.0,0.0,1.0,0.0
33945,EW3,90.0,90.0,0.0,1.0,0.0
33946,EW3,90.0,90.0,0.0,1.0,0.0
33947,EW3,90.0,90.0,0.0,1.0,0.0
33948,EW3,90.0,90.0,0.0,1.0,0.0
33949,EW3,90.0,90.0,0.0,1.0,0.0
33950,EW3,90.0,90.0,0.0,1.0,0.0
33951,EW3,90.0,90.0,0.0,1.0,0.0
33952,EW3,90.0,90.0,0.0,1.0,0.0
33953,EW3,90.0,90.0,0.0,1.0,0.0
33954,EW3,90.0,90.0,0.0,1.0,0.0
33955,EW3,90.0,90.0,0.0,1.0,0.0
33956,EW3,90.0,90.0,0.0,1.0,0.0
33957,EW3,90.0,90.0,0.0,1.0,0.0
33958,EW3,90.0,90.0,0.0,1.0,0.0
33959,EW3,90.0,90.0,0.0,1.0,0.0
33960,EW3,90.0,90.0,0.0,1.0,0.0
33961,EW3,90.0,90.0,0.0,1.0,0.0
33962,EW3,90.0,90.0,0.0,1.0,0.0
33963,EW3,90.0,90.0,0.0,1.0,0.0
33964,EW3,90.0,90.0,0.0,1.0,0.0
33965,EW3,90.0,90.0,0.0,1.0,0.0
33966,EW3,90.0,90.0,0.0,1.0,0.0
33967,EW3,90.0,90.0,0.0,1.0,0.0
33968,EW3,90.0,90.0,0.0,1.0,0.0
33969,EW3,90.0,90.0,0.0,1.0,0.0
33970,EW3,90.0,90.0,0.0,1.0,0.0
33971,EW3,90.0,90.0,0.0,1.0,0.0
33972,EW3,90.0,90.0,0.0,1.0,0.0
33973,EW3,90.0,90.0,0.0,1.0,0.0
33974,EW3,90.0,90.0,0.0,1.0,0.0
33975,EW3,90.0,90.0,0.0,1.0,0.0
33976,EW3,90.0,90.0,0.0,1.0,0.0
33977,EW3,90.0,90.0,0.0,1.0,0.0
33978,EW3,90.0,90.0,0.0,1.0,0.0
33979,EW3,90.0,90.0,0.0,1.0,0.0
33980,EW3,90.0,90.0,0.0,1.0,0.0
33981,EW3,90.0,90.0,0.0,1.0,0.0
33982,EW3,90.0,90.0,0.0,1.0,0.0
33983,EW3,90.0,90.0,0.0,1.0,0.0
33984,EW3,90.0,90.0,0.0,1.0,0.0
33985,EW3,90.0,90.0,0.0,1.0,0.0
33986,EW3,90.0,90.0,0.0,1.0,0.0
33987,EW3,90.0,90.0,0.0,1.0,0.0
33988,EW3,90.0,90.0,0.0,1.0,0.0
33989,EW3,90.0,90.0,0.0,1.0,0.0
33990,EW3,90.0,90.0,0.0,1.0,0.0
33991,EW3,90.0,90.0,0.0,1.0,0.0
33992,EW3,90.0,90.0,0.0,1.0,0.0
33993,EW3,90.0,90.0,0.0,1.0,0.0
33994,EW3,90.0,90.0,0.0,1.0,0.0
33995,EW3,90.0,90.0,0.0,1.0,0.0
33996,EW3,90.0,90.0,0.0,1.0,0.0
33997,EW3,90.0,90.0,0.0,1.0,0.0
33998,EW3,90.0,90.0,0.0,1.0,0.0
33999,EW3,90.0,90.0,0.0,1.0,0.0
34000,EW3,90.0,90.0,0.0,1.0,0.0
34001,EW3,90.0,90.0,0.0,1.0,0.0
34002,EW3,90.0,90.0,0.0,1.0,0.0
34003,EW3,90.0,90.0,0.0,1.0,0.0
34004,EW3,90.0,90.0,0.0,1.0,0.0
34005,EW3,90.0,90.0,0.0,1.0,0.0
34006,EW3,90.0,90.0,0.0,1.0,0.0
34007,EW3,90.0,90.0,0.0,1.0,0.0
34008,EW3,90.0,90.0,0.0,1.0,0.0
34009,EW3,90.0,90.0,0.0,1.0,0.0
41515,EW3,90.0,90.0,0.0,1.0,0.0
41516,EW3,90.0,90.0,0.0,1.0,0.0
41517,EW3,90.0,90.0,0.0,1.0,0.0
41518,EW3,90.0,90.0,0.0,1.0,0.0
41519,EW3,90.0,90.0,0.0,1.0,0.0
41520,EW3,90.0,90.0,0.0,1.0,0.0
41521,EW3,90.0,90.0,0.0,1.0,0.0
41522,EW3,90.0,90.0,0.0,1.0,0.0
41523,EW3,90.0,90.0,0.0,1.0,0.0
41524,EW3,90.0,90.0,0.0,1.0,0.0
41525,EW3,90.0,90.0,0.0,1.0,0.0
41526,EW3,90.0,90.0,0.0,1.0,0.0
41527,EW3,90.0,90.0,0.0,1.0,0.0
41528,EW3,90.0,90.0,0.0,1.0,0.0
41529,EW3,90.0,90.0,0.0,1.0,0.0
41530,EW3,90.0,90.0,0.0,1.0,0.0
41531,EW3,90.0,90.0,0.0,1.0,0.0
41532,EW3,90.0,90.0,0.0,1.0,0.0
41533,EW3,90.0,90.0,0.0,1.0,0.0
41534,EW3,90.0,90.0,0.0,1.0,0.0
41535,EW3,90.0,90.0,0.0,1.0,0.0
41536,EW3,90.0,90.0,0.0,1.0,0.0
41537,EW3,90.0,90.0,0.0,1.0,0.0
41538,EW3,90.0,90.0,0.0,1.0,0.0
41539,EW3,90.0,90.0,0.0,1.0,0.0
41540,EW3,90.0,90.0,0.0,1.0,0.0
41541,EW3,90.0,90.0,0.0,1.0,0.0
41542,EW3,90.0,90.0,0.0,1.0,0.0
41543,EW3,90.0,90.0,0.0,1.0,0.0
41544,EW3,90.0,90.0,0.0,1.0,0.0
41545,EW3,90.0,90.0,0.0,1.0,0.0
41546,EW3,90.0,90.0,0.0,1.0,0.0
41547,EW3,90.0,90.0,0.0,1.0,0.0
41548,EW3,90.0,90.0,0.0,1.0,0.0
41549,EW3,90.0,90.0,0.0,1.0,0.0
41550,EW3,90.0,90.0,0.0,1.0,0.0
41551,EW3,90.0,90.0,0.0,1.0,0.0
41552,EW3,90.0,90.0,0.0,1.0,0.0
41553,EW3,90.0,90.0,0.0,1.0,0.0
41554,EW3,90.0,90.0,0.0,1.0,0.0
41555,EW3,90.0,90.0,0.0,1.0,0.0
41556,EW3,90.0,90.0,0.0,1.0,0.0
41557,EW3,90.0,90.0,0.0,1.0,0.0
41558,EW3,90.0,90.0,0.0,1.0,0.0
41559,EW3,90.0,90.0,0.0,1.0,0.0
41560,EW3,90.0,90.0,0.0,1.0,0.0
41561,EW3,90.0,90.0,0.0,1.0,0.0
41562,EW3,90.0,90.0,0.0,1.0,0.0
41563,EW3,90.0,90.0,0.0,1.0,0.0
41564,EW3,90.0,90.0,0.0,1.0,0.0
41565,EW3,90.0,90.0,0.0,1.0,0.0
41566,EW3,90.0,90.0,0.0,1.0,0.0
41567,EW3,90.0,90.0,0.0,1.0,0.0
41568,EW3,90.0,90.0,0.0,1.0,0.0
41569,EW3,90.0,90.0,0.0,1.0,0.0
41570,EW3,90.0,90.0,0.0,1.0,0.0
41571,EW3,90.0,90.0,0.0,1.0,0.0
41572,EW3,90.0,90.0,0.0,1.0,0.0
41573,EW3,90.0,90.0,0.0,1.0,0.0
41574,EW3,90.0,90.0,0.0,1.0,0.0
41575,EW3,90.0,90.0,0.0,1.0,0.0
41576,EW3,90.0,90.0,0.0,1.0,0.0
41577,EW3,90.0,90.0,0.0,1.0,0.0
41578,EW3,90.0,90.0,0.0,1.0,0.0
41579,EW3,90.0,90.0,0.0,1.0,0.0
41580,EW3,90.0,90.0,0.0,1.0,0.0
41581,EW3,90.0,90.0,0.0,1.0,0.0
41582,EW3,90.0,90.0,0.0,1.0,0.0
41583,EW3,90.0,90.0,0.0,1.0,0.0
41584,EW3,90.0,90.0,0.0,1.0,0.0
41585,EW3,90.0,90.0,0.0,1.0,0.0
41586,EW3,90.0,90.0,0.0,1.0,0.0
41587,EW3,90.0,90.0,0.0,1.0,0.0
41588,EW3,90.0,90.0,0.0,1.0,0.0
41589,EW3,90.0,90.0,0.0,1.0,0.0
41590,EW3,90.0,90.0,0.0,1.0,0.0
41591,EW3,90.0,90.0,0.0,1.0,0.0
41592,EW3,90.0,90.0,0.0,1.0,0.0
41593,EW3,90.0,90.0,0.0,1.0,0.0
41594,EW3,90.0,90.0,0.0,1.0,0.0
41595,EW3,90.0,90.0,0.0,1.0,0.0
41596,EW3,90.0,90.0,0.0,1.0,0.0
41597,EW3,90.0,90.0,0.0,1.0,0.0
41598,EW3,90.0,90.0,0.0,1.0,0.0
41599,EW3,90.0,90.0,0.0,1.0,0.0
41600,EW3,90.0,90.0,0.0,1.0,0.0
41601,EW3,90.0,90.0,0.0,1.0,0.0
41602,EW3,90.0,90.0,0.0,1.0,0.0
41603,EW3,90.0,90.0,0.0,1.0,0.0
41604,EW3,90.0,90.0,0.0,1.0,0.0
41605,EW3,90.0,90.0,0.0,1.0,0.0
41606,EW3,90.0,90.0,0.0,1.0,0.0
41607,EW3,90.0,90.0,0.0,1.0,0.0
41608,EW3,90.0,90.0,0.0,1.0,0.0
41609,EW3,90.0,90.0,0.0,1.0,0.0
49115,EW3,90.0,90.0,0.0,1.0,0.0
49116,EW3,90.0,90.0,0.0,1.0,0.0
49117,EW3,90.0,90.0,0.0,1.0,0.0
49118,EW3,90.0,90.0,0.0,1.0,0.0
49119,EW3,90.0,90.0,0.0,1.0,0.0
49120,EW3,90.0,90.0,0.0,1.0,0.0
49121,EW3,90.0,90.0,0.0,1.0,0.0
49122,EW3,90.0,90.0,0.0,1.0,0.0
49123,EW3,90.0,90.0,0.0,1.0,0.0
49124,EW3,90.0,90.0,0.0,1.0,0.0
49125,EW3,90.0,90.0,0.0,1.0,0.0
49126,EW3,90.0,90.0,0.0,1.0,0.0
49127,EW3,90.0,90.0,0.0,1.0,0.0
49128,EW3,90.0,90.0,0.0,1.0,0.0
49129,EW3,90.0,90.0,0.0,1.0,0.0
49130,EW3,90.0,90.0,0.0,1.0,0.0
49131,EW3,90.0,90.0,0.0,1.0,0.0
49132,EW3,90.0,90.0,0.0,1.0,0.0
49133,EW3,90.0,90.0,0.0,1.0,0.0
49134,EW3,90.0,90.0,0.0,1.0,0.0
49135,EW3,90.0,90.0,0.0,1.0,0.0
49136,EW3,90.0,90.0,0.0,1.0,0.0
49137,EW3,90.0,90.0,0.0,1.0,0.0
49138,EW3,90.0,90.0,0.0,1.0,0.0
49139,EW3,90.0,90.0,0.0,1.0,0.0
49140,EW3,90.0,90.0,0.0,1.0,0.0
49141,EW3,90.0,90.0,0.0,1.0,0.0
49142,EW3,90.0,90.0,0.0,1.0,0.0
49143,EW3,90.0,90.0,0.0,1.0,0.0
49144,EW3,90.0,90.0,0.0,1.0,0.0
49145,EW3,90.0,90.0,0.0,1.0,0.0
49146,EW3,90.0,90.0,0.0,1.0,0.0
49147,EW3,90.0,90.0,0.0,1.0,0.0
49148,EW3,90.0,90.0,0.0,1.0,0.0
49149,EW3,90.0,90.0,0.0,1.0,0.0
49150,EW3,90.0,90.0,0.0,1.0,0.0
49151,EW3,90.0,90.0,0.0,1.0,0.0
49152,EW3,90.0,90.0,0.0,1.0,0.0
49153,EW3,90.0,90.0,0.0,1.0,0.0
49154,EW3,90.0,90.0,0.0,1.0,0.0
49155,EW3,90.0,90.0,0.0,1.0,0.0
49156,EW3,90.0,90.0,0.0,1.0,0.0
49157,EW3,90.0,90.0,0.0,1.0,0.0
49158,EW3,90.0,90.0,0.0,1.0,0.0
49159,EW3,90.0,90.0,0.0,1.0,0.0
49160,EW3,90.0,90.0,0.0,1.0,0.0
49161,EW3,90.0,90.0,0.0,1.0,0.0
49162,EW3,90.0,90.0,0.0,1.0,0.0
49163,EW3,90.0,90.0,0.0,1.0,0.0
49164,EW3,90.0,90.0,0.0,1.0,0.0
49165,EW3,90.0,90.0,0.0,1.0,0.0
49166,EW3,90.0,90.0,0.0,1.0,0.0
49167,EW3,90.0,90.0,0.0,1.0,0.0
49168,EW3,90.0,90.0,0.0,1.0,0.0
49169,EW3,90.0,90.0,0.0,1.0,0.0
49170,EW3,90.0,90.0,0.0,1.0,0.0
49171,EW3,90.0,90.0,0.0,1.0,0.0
49172,EW3,90.0,90.0,0.0,1.0,0.0
49173,EW3,90.0,90.0,0.0,1.0,0.0
49174,EW3,90.0,90.0,0.0,1.0,0.0
49175,EW3,90.0,90.0,0.0,1.0,0.0
49176,EW3,90.0,90.0,0.0,1.0,0.0
49177,EW3,90.0,90.0,0.0,1.0,0.0
49178,EW3,90.0,90.0,0.0,1.0,0.0
49179,EW3,90.0,90.0,0.0,1.0,0.0
49180,EW3,90.0,90.0,0.0,1.0,0.0
49181,EW3,90.0,90.0,0.0,1.0,0.0
49182,EW3,90.0,90.0,0.0,1.0,0.0
49183,EW3,90.0,90.0,0.0,1.0,0.0
49184,EW3,90.0,90.0,0.0,1.0,0.0
49185,EW3,90.0,90.0,0.0,1.0,0.0
49186,EW3,90.0,90.0,0.0,1.0,0.0
49187,EW3,90.0,90.0,0.0,1.0,0.0
49188,EW3,90.0,90.0,0.0,1.0,0.0
49189,EW3,90.0,90.0,0.0,1.0,0.0
49190,EW3,90.0,90.0,0.0,1.0,0.0
49191,EW3,90.0,90.0,0.0,1.0,0.0
49192,EW3,90.0,90.0,0.0,1.0,0.0
49193,EW3,90.0,90.0,0.0,1.0,0.0
49194,EW3,90.0,90.0,0.0,1.0,0.0
49195,EW3,90.0,90.0,0.0,1.0,0.0
49196,EW3,90.0,90.0,0.0,1.0,0.0
49197,EW3,90.0,90.0,0.0,1.0,0.0
49198,EW3,90.0,90.0,0.0,1.0,0.0
49199,EW3,90.0,90.0,0.0,1.0,0.0
49200,EW3,90.0,90.0,0.0,1.0,0.0
49201,EW3,90.0,90.0,0.0,1.0,0.0
49202,EW3,90.0,90.0,0.0,1.0,0.0
49203,EW3,90.0,90.0,0.0,1.0,0.0
49204,EW3,90.0,90.0,0.0,1.0,0.0
49205,EW3,90.0,90.0,0.0,1.0,0.0
49206,EW3,90.0,90.0,0.0,1.0,0.0
49207,EW3,90.0,90.0,0.0,1.0,0.0
49208,EW3,90.0,90.0,0.0,1.0,0.0
49209,EW3,90.0,90.0,0.0,1.0,0.0
56715,EW3,90.0,90.0,0.0,1.0,0.0
56716,EW3,90.0,90.0,0.0,1.0,0.0
56717,EW3,90.0,90.0,0.0,1.0,0.0
56718,EW3,90.0,90.0,0.0,1.0,0.0
56719,EW3,90.0,90.0,0.0,1.0,0.0
56720,EW3,90.0,90.0,0.0,1.0,0.0
56721,EW3,90.0,90.0,0.0,1.0,0.0
56722,EW3,90.0,90.0,0.0,1.0,0.0
56723,EW3,90.0,90.0,0.0,1.0,0.0
56724,EW3,90.0,90.0,0.0,1.0,0.0
56725,EW3,90.0,90.0,0.0,1.0,0.0
56726,EW3,90.0,90.0,0.0,1.0,0.0
56727,EW3,90.0,90.0,0.0,1.0,0.0
56728,EW3,90.0,90.0,0.0,1.0,0.0
56729,EW3,90.0,90.0,0.0,1.0,0.0
56730,EW3,90.0,90.0,0.0,1.0,0.0
56731,EW3,90.0,90.0,0.0,1.0,0.0
56732,EW3,90.0,90.0,0.0,1.0,0.0
56733,EW3,90.0,90.0,0.0,1.0,0.0
56734,EW3,90.0,90.0,0.0,1.0,0.0
56735,EW3,90.0,90.0,0.0,1.0,0.0
56736,EW3,90.0,90.0,0.0,1.0,0.0
56737,EW3,90.0,90.0,0.0,1.0,0.0
56738,EW3,90.0,90.0,0.0,1.0,0.0
56739,EW3,90.0,90.0,0.0,1.0,0.0
56740,EW3,90.0,90.0,0.0,1.0,0.0
56741,EW3,90.0,90.0,0.0,1.0,0.0
56742,EW3,90.0,90.0,0.0,1.0,0.0
56743,EW3,90.0,90.0,0.0,1.0,0.0
56744,EW3,90.0,90.0,0.0,1.0,0.0
56745,EW3,90.0,90.0,0.0,1.0,0.0
56746,EW3,90.0,90.0,0.0,1.0,0.0
56747,EW3,90.0,90.0,0.0,1.0,0.0
56748,EW3,90.0,90.0,0.0,1.0,0.0
56749,EW3,90.0,90.0,0.0,1.0,0.0
56750,EW3,90.0,90.0,0.0,1.0,0.0
56751,EW3,90.0,90.0,0.0,1.0,0.0
56752,EW3,90.0,90.0,0.0,1.0,0.0
56753,EW3,90.0,90.0,0.0,1.0,0.0
56754,EW3,90.0,90.0,0.0,1.0,0.0
56755,EW3,90.0,90.0,0.0,1.0,0.0
56756,EW3,90.0,90.0,0.0,1.0,0.0
56757,EW3,90.0,90.0,0.0,1.0,0.0
56758,EW3,90.0,90.0,0.0,1.0,0.0
56759,EW3,90.0,90.0,0.0,1.0,0.0
56760,EW3,90.0,90.0,0.0,1.0,0.0
56761,EW3,90.0,90.0,0.0,1.0,0.0
56762,EW3,90.0,90.0,0.0,1.0,0.0
56763,EW3,90.0,90.0,0.0,1.0,0.0
56764,EW3,90.0,90.0,0.0,1.0,0.0
56765,EW3,90.0,90.0,0.0,1.0,0.0
56766,EW3,90.0,90.0,0.0,1.0,0.0
56767,EW3,90.0,90.0,0.0,1.0,0.0
56768,EW3,90.0,90.0,0.0,1.0,0.0
56769,EW3,90.0,90.0,0.0,1.0,0.0
56770,EW3,90.0,90.0,0.0,1.0,0.0
56771,EW3,90.0,90.0,0.0,1.0,0.0
56772,EW3,90.0,90.0,0.0,1.0,0.0
56773,EW3,90.0,90.0,0.0,1.0,0.0
56774,EW3,90.0,90.0,0.0,1.0,0.0
56775,EW3,90.0,90.0,0.0,1.0,0.0
56776,EW3,90.0,90.0,0.0,1.0,0.0
56777,EW3,90.0,90.0,0.0,1.0,0.0
56778,EW3,90.0,90.0,0.0,1.0,0.0
56779,EW3,90.0,90.0,0.0,1.0,0.0
56780,EW3,90.0,90.0,0.0,1.0,0.0
56781,EW3,90.0,90.0,0.0,1.0,0.0
56782,EW3,90.0,90.0,0.0,1.0,0.0
56783,EW3,90.0,90.0,0.0,1.0,0.0
56784,EW3,90.0,90.0,0.0,1.0,0.0
56785,EW3,90.0,90.0,0.0,1.0,0.0
56786,EW3,90.0,90.0,0.0,1.0,0.0
56787,EW3,90.0,90.0,0.0,1.0,0.0
56788,EW3,90.0,90.0,0.0,1.0,0.0
56789,EW3,90.0,90.0,0.0,1.0,0.0
56790,EW3,90.0,90.0,0.0,1.0,0.0
56791,EW3,90.0,90.0,0.0,1.0,0.0
56792,EW3,90.0,90.0,0.0,1.0,0.0
56793,EW3,90.0,90.0,0.0,1.0,0.0
56794,EW3,90.0,90.0,0.0,1.0,0.0
56795,EW3,90.0,90.0,0.0,1.0,0.0
56796,EW3,90.0,90.0,0.0,1.0,0.0
56797,EW3,90.0,90.0,0.0,1.0,0.0
56798,EW3,90.0,90.0,0.0,1.0,0.0
56799,EW3,90.0,90.0,0.0,1.0,0.0
56800,EW3,90.0,90.0,0.0,1.0,0.0
56801,EW3,90.0,90.0,0.0,1.0,0.0
56802,EW3,90.0,90.0,0.0,1.0,0.0
56803,EW3,90.0,90.0,0.0,1.0,0.0
56804,EW3,90.0,90.0,0.0,1.0,0.0
56805,EW3,90.0,90.0,0.0,1.0,0.0
56806,EW3,90.0,90.0,0.0,1.0,0.0
56807,EW3,90.0,90.0,0.0,1.0,0.0
56808,EW3,90.0,90.0,0.0,1.0,0.0
56809,EW3,90.0,90.0,0.0,1.0,0.0
64315,EW3,90.0,90.0,0.0,1.0,0.0
64316,EW3,90.0,90.0,0.0,1.0,0.0
64317,EW3,90.0,90.0,0.0,1.0,0.0
64318,EW3,90.0,90.0,0.0,1.0,0.0
64319,EW3,90.0,90.0,0.0,1.0,0.0
64320,EW3,90.0,90.0,0.0,1.0,0.0
64321,EW3,90.0,90.0,0.0,1.0,0.0
64322,EW3,90.0,90.0,0.0,1.0,0.0
64323,EW3,90.0,90.0,0.0,1.0,0.0
64324,EW3,90.0,90.0,0.0,1.0,0.0
64325,EW3,90.0,90.0,0.0,1.0,0.0
64326,EW3,90.0,90.0,0.0,1.0,0.0
64327,EW3,90.0,90.0,0.0,1.0,0.0
64328,EW3,90.0,90.0,0.0,1.0,0.0
64329,EW3,90.0,90.0,0.0,1.0,0.0
64330,EW3,90.0,90.0,0.0,1.0,0.0
64331,EW3,90.0,90.0,0.0,1.0,0.0
64332,EW3,90.0,90.0,0.0,1.0,0.0
64333,EW3,90.0,90.0,0.0,1.0,0.0
64334,EW3,90.0,90.0,0.0,1.0,0.0
64335,EW3,90.0,90.0,0.0,1.0,0.0
64336,EW3,90.0,90.0,0.0,1.0,0.0
64337,EW3,90.0,90.0,0.0,1.0,0.0
64338,EW3,90.0,90.0,0.0,1.0,0.0
64339,EW3,90.0,90.0,0.0,1.0,0.0
64340,EW3,90.0,90.0,0.0,1.0,0.0
64341,EW3,90.0,90.0,0.0,1.0,0.0
64342,EW3,90.0,90.0,0.0,1.0,0.0
64343,EW3,90.0,90.0,0.0,1.0,0.0
64344,EW3,90.0,90.0,0.0,1.0,0.0
64345,EW3,90.0,90.0,0.0,1.0,0.0
64346,EW3,90.0,90.0,0.0,1.0,0.0
64347,EW3,90.0,90.0,0.0,1.0,0.0
64348,EW3,90.0,90.0,0.0,1.0,0.0
64349,EW3,90.0,90.0,0.0,1.0,0.0
64350,EW3,90.0,90.0,0.0,1.0,0.0
64351,EW3,90.0,90.0,0.0,1.0,0.0
64352,EW3,90.0,90.0,0.0,1.0,0.0
64353,EW3,90.0,90.0,0.0,1.0,0.0
64354,EW3,90.0,90.0,0.0,1.0,0.0
64355,EW3,90.0,90.0,0.0,1.0,0.0
64356,EW3,90.0,90.0,0.0,1.0,0.0
64357,EW3,90.0,90.0,0.0,1.0,0.0
64358,EW3,90.0,90.0,0.0,1.0,0.0
64359,EW3,90.0,90.0,0.0,1.0,0.0
64360,EW3,90.0,90.0,0.0,1.0,0.0
64361,EW3,90.0,90.0,0.0,1.0,0.0
64362,EW3,90.0,90.0,0.0,1.0,0.0
64363,EW3,90.0,90.0,0.0,1.0,0.0
64364,EW3,90.0,90.0,0.0,1.0,0.0
64365,EW3,90.0,90.0,0.0,1.0,0.0
64366,EW3,90.0,90.0,0.0,1.0,0.0
64367,EW3,90.0,90.0,0.0,1.0,0.0
64368,EW3,90.0,90.0,0.0,1.0,0.0
64369,EW3,90.0,90.0,0.0,1.0,0.0
64370,EW3,90.0,90.0,0.0,1.0,0.0
64371,EW3,90.0,90.0,0.0,1.0,0.0
64372,EW3,90.0,90.0,0.0,1.0,0.0
64373,EW3,90.0,90.0,0.0,1.0,0.0
64374,EW3,90.0,90.0,0.0,1.0,0.0
64375,EW3,90.0,90.0,0.0,1.0,0.0
64376,EW3,90.0,90.0,0.0,1.0,0.0
64377,EW3,90.0,90.0,0.0,1.0,0.0
64378,EW3,90.0,90.0,0.0,1.0,0.0
64379,EW3,90.0,90.0,0.0,1.0,0.0
64380,EW3,90.0,90.0,0.0,1.0,0.0
64381,EW3,90.0,90.0,0.0,1.0,0.0
64382,EW3,90.0,90.0,0.0,1.0,0.0
64383,EW3,90.0,90.0,0.0,1.0,0.0
64384,EW3,90.0,90.0,0.0,1.0,0.0
64385,EW3,90.0,90.0,0.0,1.0,0.0
64386,EW3,90.0,90.0,0.0,1.0,0.0
64387,EW3,90.0,90.0,0.0,1.0,0.0
64388,EW3,90.0,90.0,0.0,1.0,0.0
64389,EW3,90.0,90.0,0.0,1.0,0.0
64390,EW3,90.0,90.0,0.0,1.0,0.0
64391,EW3,90.0,90.0,0.0,1.0,0.0
64392,EW3,90.0,90.0,0.0,1.0,0.0
64393,EW3,90.0,90.0,0.0,1.0,0.0
64394,EW3,90.0,90.0,0.0,1.0,0.0
64395,EW3,90.0,90.0,0.0,1.0,0.0
64396,EW3,90.0,90.0,0.0,1.0,0.0
64397,EW3,90.0,90.0,0.0,1.0,0.0
64398,EW3,90.0,90.0,0.0,1.0,0.0
64399,EW3,90.0,90.0,0.0,1.0,0.0
64400,EW3,90.0,90.0,0.0,1.0,0.0
64401,EW3,90.0,90.0,0.0,1.0,0.0
64402,EW3,90.0,90.0,0.0,1.0,0.0
64403,EW3,90.0,90.0,0.0,1.0,0.0
64404,EW3,90.0,90.0,0.0,1.0,0.0
64405,EW3,90.0,90.0,0.0,1.0,0.0
64406,EW3,90.0,90.0,0.0,1.0,0.0
64407,EW3,90.0,90.0,0.0,1.0,0.0
64408,EW3,90.0,90.0,0.0,1.0,0.0
64409,EW3,90.0,90.0,0.0,1.0,0.0
71915,EW3,90.0,90.0,0.0,1.0,0.0
71916,EW3,90.0,90.0,0.0,1.0,0.0
71917,EW3,90.0,90.0,0.0,1.0,0.0
71918,EW3,90.0,90.0,0.0,1.0,0.0
71919,EW3,90.0,90.0,0.0,1.0,0.0
71920,EW3,90.0,90.0,0.0,1.0,0.0
71921,EW3,90.0,90.0,0.0,1.0,0.0
71922,EW3,90.0,90.0,0.0,1.0,0.0
71923,EW3,90.0,90.0,0.0,1.0,0.0
71924,EW3,90.0,90.0,0.0,1.0,0.0
71925,EW3,90.0,90.0,0.0,1.0,0.0
71926,EW3,90.0,90.0,0.0,1.0,0.0
71927,EW3,90.0,90.0,0.0,1.0,0.0
71928,EW3,90.0,90.0,0.0,1.0,0.0
71929,EW3,90.0,90.0,0.0,1.0,0.0
71930,EW3,90.0,90.0,0.0,1.0,0.0
71931,EW3,90.0,90.0,0.0,1.0,0.0
71932,EW3,90.0,90.0,0.0,1.0,0.0
71933,EW3,90.0,90.0,0.0,1.0,0.0
71934,EW3,90.0,90.0,0.0,1.0,0.0
71935,EW3,90.0,90.0,0.0,1.0,0.0
71936,EW3,90.0,90.0,0.0,1.0,0.0
71937,EW3,90.0,90.0,0.0,1.0,0.0
71938,EW3,90.0,90.0,0.0,1.0,0.0
71939,EW3,90.0,90.0,0.0,1.0,0.0
71940,EW3,90.0,90.0,0.0,1.0,0.0
71941,EW3,90.0,90.0,0.0,1.0,0.0
71942,EW3,90.0,90.0,0.0,1.0,0.0
71943,EW3,90.0,90.0,0.0,1.0,0.0
71944,EW3,90.0,90.0,0.0,1.0,0.0
71945,EW3,90.0,90.0,0.0,1.0,0.0
71946,EW3,90.0,90.0,0.0,1.0,0.0
71947,EW3,90.0,90.0,0.0,1.0,0.0
71948,EW3,90.0,90.0,0.0,1.0,0.0
71949,EW3,90.0,90.0,0.0,1.0,0.0
71950,EW3,90.0,90.0,0.0,1.0,0.0
71951,EW3,90.0,90.0,0.0,1.0,0.0
71952,EW3,90.0,90.0,0.0,1.0,0.0
71953,EW3,90.0,90.0,0.0,1.0,0.0
71954,EW3,90.0,90.0,0.0,1.0,0.0
71955,EW3,90.0,90.0,0.0,1.0,0.0
71956,EW3,90.0,90.0,0.0,1.0,0.0
71957,EW3,90.0,90.0,0.0,1.0,0.0
71958,EW3,90.0,90.0,0.0,1.0,0.0
71959,EW3,90.0,90.0,0.0,1.0,0.0
71960,EW3,90.0,90.0,0.0,1.0,0.0
71961,EW3,90.0,90.0,0.0,1.0,0.0
71962,EW3,90.0,90.0,0.0,1.0,0.0
71963,EW3,90.0,90.0,0.0,1.0,0.0
71964,EW3,90.0,90.0,0.0,1.0,0.0
71965,EW3,90.0,90.0,0.0,1.0,0.0
71966,EW3,90.0,90.0,0.0,1.0,0.0
71967,EW3,90.0,90.0,0.0,1.0,0.0
71968,EW3,90.0,90.0,0.0,1.0,0.0
71969,EW3,90.0,90.0,0.0,1.0,0.0
71970,EW3,90.0,90.0,0.0,1.0,0.0
71971,EW3,90.0,90.0,0.0,1.0,0.0
71972,EW3,90.0,90.0,0.0,1.0,0.0
71973,EW3,90.0,90.0,0.0,1.0,0.0
71974,EW3,90.0,90.0,0.0,1.0,0.0
71975,EW3,90.0,90.0,0.0,1.0,0.0
71976,EW3,90.0,90.0,0.0,1.0,0.0
71977,EW3,90.0,90.0,0.0,1.0,0.0
71978,EW3,90.0,90.0,0.0,1.0,0.0
71979,EW3,90.0,90.0,0.0,1.0,0.0
71980,EW3,90.0,90.0,0.0,1.0,0.0
71981,EW3,90.0,90.0,0.0,1.0,0.0
71982,EW3,90.0,90.0,0.0,1.0,0.0
71983,EW3,90.0,90.0,0.0,1.0,0.0
71984,EW3,90.0,90.0,0.0,1.0,0.0
71985,EW3,90.0,90.0,0.0,1.0,0.0
71986,EW3,90.0,90.0,0.0,1.0,0.0
71987,EW3,90.0,90.0,0.0,1.0,0.0
71988,EW3,90.0,90.0,0.0,1.0,0.0
71989,EW3,90.0,90.0,0.0,1.0,0.0
71990,EW3,90.0,90.0,0.0,1.0,0.0
71991,EW3,90.0,90.0,0.0,1.0,0.0
71992,EW3,90.0,90.0,0.0,1.0,0.0
71993,EW3,90.0,90.0,0.0,1.0,0.0
71994,EW3,90.0,90.0,0.0,1.0,0.0
71995,EW3,90.0,90.0,0.0,1.0,0.0
71996,EW3,90.0,90.0,0.0,1.0,0.0
71997,EW3,90.0,90.0,0.0,1.0,0.0
71998,EW3,90.0,90.0,0.0,1.0,0.0
71999,EW3,90.0,90.0,0.0,1.0,0.0
72000,EW3,90.0,90.0,0.0,1.0,0.0
72001,EW3,90.0,90.0,0.0,1.0,0.0
72002,EW3,90.0,90.0,0.0,1.0,0.0
72003,EW3,90.0,90.0,0.0,1.0,0.0
72004,EW3,90.0,90.0,0.0,1.0,0.0
72005,EW3,90.0,90.0,0.0,1.0,0.0
72006,EW3,90.0,90.0,0.0,1.0,0.0
72007,EW3,90.0,90.0,0.0,1.0,0.0
72008,EW3,90.0,90.0,0.0,1.0,0.0
72009,EW3,90.0,90.0,0.0,1.0,0.0
79515,EW3,90.0,90.0,0.0,1.0,0.0
79516,EW3,90.0,90.0,0.0,1.0,0.0
79517,EW3,90.0,90.0,0.0,1.0,0.0
79518,EW3,90.0,90.0,0.0,1.0,0.0
79519,EW3,90.0,90.0,0.0,1.0,0.0
79520,EW3,90.0,90.0,0.0,1.0,0.0
79521,EW3,90.0,90.0,0.0,1.0,0.0
79522,EW3,90.0,90.0,0.0,1.0,0.0
79523,EW3,90.0,90.0,0.0,1.0,0.0
79524,EW3,90.0,90.0,0.0,1.0,0.0
79525,EW3,90.0,90.0,0.0,1.0,0.0
79526,EW3,90.0,90.0,0.0,1.0,0.0
79527,EW3,90.0,90.0,0.0,1.0,0.0
79528,EW3,90.0,90.0,0.0,1.0,0.0
79529,EW3,90.0,90.0,0.0,1.0,0.0
79530,EW3,90.0,90.0,0.0,1.0,0.0
79531,EW3,90.0,90.0,0.0,1.0,0.0
79532,EW3,90.0,90.0,0.0,1.0,0.0
79533,EW3,90.0,90.0,0.0,1.0,0.0
79534,EW3,90.0,90.0,0.0,1.0,0.0
79535,EW3,90.0,90.0,0.0,1.0,0.0
79536,EW3,90.0,90.0,0.0,1.0,0.0
79537,EW3,90.0,90.0,0.0,1.0,0.0
79538,EW3,90.0,90.0,0.0,1.0,0.0
79539,EW3,90.0,90.0,0.0,1.0,0.0
79540,EW3,90.0,90.0,0.0,1.0,0.0
79541,EW3,90.0,90.0,0.0,1.0,0.0
79542,EW3,90.0,90.0,0.0,1.0,0.0
79543,EW3,90.0,90.0,0.0,1.0,0.0
79544,EW3,90.0,90.0,0.0,1.0,0.0
79545,EW3,90.0,90.0,0.0,1.0,0.0
79546,EW3,90.0,90.0,0.0,1.0,0.0
79547,EW3,90.0,90.0,0.0,1.0,0.0
79548,EW3,90.0,90.0,0.0,1.0,0.0
79549,EW3,90.0,90.0,0.0,1.0,0.0
79550,EW3,90.0,90.0,0.0,1.0,0.0
79551,EW3,90.0,90.0,0.0,1.0,0.0
79552,EW3,90.0,90.0,0.0,1.0,0.0
79553,EW3,90.0,90.0,0.0,1.0,0.0
79554,EW3,90.0,90.0,0.0,1.0,0.0
79555,EW3,90.0,90.0,0.0,1.0,0.0
79556,EW3,90.0,90.0,0.0,1.0,0.0
79557,EW3,90.0,90.0,0.0,1.0,0.0
79558,EW3,90.0,90.0,0.0,1.0,0.0
79559,EW3,90.0,90.0,0.0,1.0,0.0
79560,EW3,90.0,90.0,0.0,1.0,0.0
79561,EW3,90.0,90.0,0.0,1.0,0.0
79562,EW3,90.0,90.0,0.0,1.0,0.0
79563,EW3,90.0,90.0,0.0,1.0,0.0
79564,EW3,90.0,90.0,0.0,1.0,0.0
79565,EW3,90.0,90.0,0.0,1.0,0.0
79566,EW3,90.0,90.0,0.0,1.0,0.0
79567,EW3,90.0,90.0,0.0,1.0,0.0
79568,EW3,90.0,90.0,0.0,1.0,0.0
79569,EW3,90.0,90.0,0.0,1.0,0.0
79570,EW3,90.0,90.0,0.0,1.0,0.0
79571,EW3,90.0,90.0,0.0,1.0,0.0
79572,EW3,90.0,90.0,0.0,1.0,0.0
79573,EW3,90.0,90.0,0.0,1.0,0.0
79574,EW3,90.0,90.0,0.0,1.0,0.0
79575,EW3,90.0,90.0,0.0,1.0,0.0
79576,EW3,90.0,90.0,0.0,1.0,0.0
79577,EW3,90.0,90.0,0.0,1.0,0.0
79578,EW3,90.0,90.0,0.0,1.0,0.0
79579,EW3,90.0,90.0,0.0,1.0,0.0
79580,EW3,90.0,90.0,0.0,1.0,0.0
79581,EW3,90.0,90.0,0.0,1.0,0.0
79582,EW3,90.0,90.0,0.0,1.0,0.0
79583,EW3,90.0,90.0,0.0,1.0,0.0
79584,EW3,90.0,90.0,0.0,1.0,0.0
79585,EW3,90.0,90.0,0.0,1.0,0.0
79586,EW3,90.0,90.0,0.0,1.0,0.0
79587,EW3,90.0,90.0,0.0,1.0,0.0
79588,EW3,90.0,90.0,0.0,1.0,0.0
79589,EW3,90.0,90.0,0.0,1.0,0.0
79590,EW3,90.0,90.0,0.0,1.0,0.0
79591,EW3,90.0,90.0,0.0,1.0,0.0
79592,EW3,90.0,90.0,0.0,1.0,0.0
79593,EW3,90.0,90.0,0.0,1.0,0.0
79594,EW3,90.0,90.0,0.0,1.0,0.0
79595,EW3,90.0,90.0,0.0,1.0,0.0
79596,EW3,90.0,90.0,0.0,1.0,0.0
79597,EW3,90.0,90.0,0.0,1.0,0.0
79598,EW3,90.0,90.0,0.0,1.0,0.0
79599,EW3,90.0,90.0,0.0,1.0,0.0
79600,EW3,90.0,90.0,0.0,1.0,0.0
79601,EW3,90.0,90.0,0.0,1.0,0.0
79602,EW3,90.0,90.0,0.0,1.0,0.0
79603,EW3,90.0,90.0,0.0,1.0,0.0
79604,EW3,90.0,90.0,0.0,1.0,0.0
79605,EW3,90.0,90.0,0.0,1.0,0.0
79606,EW3,90.0,90.0,0.0,1.0,0.0
79607,EW3,90.0,90.0,0.0,1.0,0.0
79608,EW3,90.0,90.0,0.0,1.0,0.0
79609,EW3,90.0,90.0,0.0,1.0,0.0
87115,EW3,90.0,90.0,0.0,1.0,0.0
87116,EW3,90.0,90.0,0.0,1.0,0.0
87117,EW3,90.0,90.0,0.0,1.0,0.0
87118,EW3,90.0,90.0,0.0,1.0,0.0
87119,EW3,90.0,90.0,0.0,1.0,0.0
87120,EW3,90.0,90.0,0.0,1.0,0.0
87121,EW3,90.0,90.0,0.0,1.0,0.0
87122,EW3,90.0,90.0,0.0,1.0,0.0
87123,EW3,90.0,90.0,0.0,1.0,0.0
87124,EW3,90.0,90.0,0.0,1.0,0.0
87125,EW3,90.0,90.0,0.0,1.0,0.0
87126,EW3,90.0,90.0,0.0,1.0,0.0
87127,EW3,90.0,90.0,0.0,1.0,0.0
87128,EW3,90.0,90.0,0.0,1.0,0.0
87129,EW3,90.0,90.0,0.0,1.0,0.0
87130,EW3,90.0,90.0,0.0,1.0,0.0
87131,EW3,90.0,90.0,0.0,1.0,0.0
87132,EW3,90.0,90.0,0.0,1.0,0.0
87133,EW3,90.0,90.0,0.0,1.0,0.0
87134,EW3,90.0,90.0,0.0,1.0,0.0
87135,EW3,90.0,90.0,0.0,1.0,0.0
87136,EW3,90.0,90.0,0.0,1.0,0.0
87137,EW3,90.0,90.0,0.0,1.0,0.0
87138,EW3,90.0,90.0,0.0,1.0,0.0
87139,EW3,90.0,90.0,0.0,1.0,0.0
87140,EW3,90.0,90.0,0.0,1.0,0.0
87141,EW3,90.0,90.0,0.0,1.0,0.0
87142,EW3,90.0,90.0,0.0,1.0,0.0
87143,EW3,90.0,90.0,0.0,1.0,0.0
87144,EW3,90.0,90.0,0.0,1.0,0.0
87145,EW3,90.0,90.0,0.0,1.0,0.0
87146,EW3,90.0,90.0,0.0,1.0,0.0
87147,EW3,90.0,90.0,0.0,1.0,0.0
87148,EW3,90.0,90.0,0.0,1.0,0.0
87149,EW3,90.0,90.0,0.0,1.0,0.0
87150,EW3,90.0,90.0,0.0,1.0,0.0
87151,EW3,90.0,90.0,0.0,1.0,0.0
87152,EW3,90.0,90.0,0.0,1.0,0.0
87153,EW3,90.0,90.0,0.0,1.0,0.0
87154,EW3,90.0,90.0,0.0,1.0,0.0
87155,EW3,90.0,90.0,0.0,1.0,0.0
87156,EW3,90.0,90.0,0.0,1.0,0.0
87157,EW3,90.0,90.0,0.0,1.0,0.0
87158,EW3,90.0,90.0,0.0,1.0,0.0
87159,EW3,90.0,90.0,0.0,1.0,0.0
87160,EW3,90.0,90.0,0.0,1.0,0.0
87161,EW3,90.0,90.0,0.0,1.0,0.0
87162,EW3,90.0,90.0,0.0,1.0,0.0
87163,EW3,90.0,90.0,0.0,1.0,0.0
87164,EW3,90.0,90.0,0.0,1.0,0.0
87165,EW3,90.0,90.0,0.0,1.0,0.0
87166,EW3,90.0,90.0,0.0,1.0,0.0
87167,EW3,90.0,90.0,0.0,1.0,0.0
87168,EW3,90.0,90.0,0.0,1.0,0.0
87169,EW3,90.0,90.0,0.0,1.0,0.0
87170,EW3,90.0,90.0,0.0,1.0,0.0
87171,EW3,90.0,90.0,0.0,1.0,0.0
87172,EW3,90.0,90.0,0.0,1.0,0.0
87173,EW3,90.0,90.0,0.0,1.0,0.0
87174,EW3,90.0,90.0,0.0,1.0,0.0
87175,EW3,90.0,90.0,0.0,1.0,0.0
87176,EW3,90.0,90.0,0.0,1.0,0.0
87177,EW3,90.0,90.0,0.0,1.0,0.0
87178,EW3,90.0,90.0,0.0,1.0,0.0
87179,EW3,90.0,90.0,0.0,1.0,0.0
87180,EW3,90.0,90.0,0.0,1.0,0.0
87181,EW3,90.0,90.0,0.0,1.0,0.0
87182,EW3,90.0,90.0,0.0,1.0,0.0
87183,EW3,90.0,90.0,0.0,1.0,0.0
87184,EW3,90.0,90.0,0.0,1.0,0.0
87185,EW3,90.0,90.0,0.0,1.0,0.0
87186,EW3,90.0,90.0,0.0,1.0,0.0
87187,EW3,90.0,90.0,0.0,1.0,0.0
87188,EW3,90.0,90.0,0.0,1.0,0.0
87189,EW3,90.0,90.0,0.0,1.0,0.0
87190,EW3,90.0,90.0,0.0,1.0,0.0
87191,EW3,90.0,90.0,0.0,1.0,0.0
87192,EW3,90.0,90.0,0.0,1.0,0.0
87193,EW3,90.0,90.0,0.0,1.0,0.0
87194,EW3,90.0,90.0,0.0,1.0,0.0
87195,EW3,90.0,90.0,0.0,1.0,0.0
87196,EW3,90.0,90.0,0.0,1.0,0.0
87197,EW3,90.0,90.0,0.0,1.0,0.0
87198,EW3,90.0,90.0,0.0,1.0,0.0
87199,EW3,90.0,90.0,0.0,1.0,0.0
87200,EW3,90.0,90.0,0.0,1.0,0.0
87201,EW3,90.0,90.0,0.0,1.0,0.0
87202,EW3,90.0,90.0,0.0,1.0,0.0
87203,EW3,90.0,90.0,0.0,1.0,0.0
87204,EW3,90.0,90.0,0.0,1.0,0.0
87205,EW3,90.0,90.0,0.0,1.0,0.0
87206,EW3,90.0,90.0,0.0,1.0,0.0
87207,EW3,90.0,90.0,0.0,1.0,0.0
87208,EW3,90.0,90.0,0.0,1.0,0.0
87209,EW3,90.0,90.0,0.0,1.0,0.0
94715,EW3,90.0,90.0,0.0,1.0,0.0
94716,EW3,90.0,90.0,0.0,1.0,0.0
94717,EW3,90.0,90.0,0.0,1.0,0.0
94718,EW3,90.0,90.0,0.0,1.0,0.0
94719,EW3,90.0,90.0,0.0,1.0,0.0
94720,EW3,90.0,90.0,0.0,1.0,0.0
94721,EW3,90.0,90.0,0.0,1.0,0.0
94722,EW3,90.0,90.0,0.0,1.0,0.0
94723,EW3,90.0,90.0,0.0,1.0,0.0
94724,EW3,90.0,90.0,0.0,1.0,0.0
94725,EW3,90.0,90.0,0.0,1.0,0.0
94726,EW3,90.0,90.0,0.0,1.0,0.0
94727,EW3,90.0,90.0,0.0,1.0,0.0
94728,EW3,90.0,90.0,0.0,1.0,0.0
94729,EW3,90.0,90.0,0.0,1.0,0.0
94730,EW3,90.0,90.0,0.0,1.0,0.0
94731,EW3,90.0,90.0,0.0,1.0,0.0
94732,EW3,90.0,90.0,0.0,1.0,0.0
94733,EW3,90.0,90.0,0.0,1.0,0.0
94734,EW3,90.0,90.0,0.0,1.0,0.0
94735,EW3,90.0,90.0,0.0,1.0,0.0
94736,EW3,90.0,90.0,0.0,1.0,0.0
94737,EW3,90.0,90.0,0.0,1.0,0.0
94738,EW3,90.0,90.0,0.0,1.0,0.0
94739,EW3,90.0,90.0,0.0,1.0,0.0
94740,EW3,90.0,90.0,0.0,1.0,0.0
94741,EW3,90.0,90.0,0.0,1.0,0.0
94742,EW3,90.0,90.0,0.0,1.0,0.0
94743,EW3,90.0,90.0,0.0,1.0,0.0
94744,EW3,90.0,90.0,0.0,1.0,0.0
94745,EW3,90.0,90.0,0.0,1.0,0.0
94746,EW3,90.0,90.0,0.0,1.0,0.0
94747,EW3,90.0,90.0,0.0,1.0,0.0
94748,EW3,90.0,90.0,0.0,1.0,0.0
94749,EW3,90.0,90.0,0.0,1.0,0.0
94750,EW3,90.0,90.0,0.0,1.0,0.0
94751,EW3,90.0,90.0,0.0,1.0,0.0
94752,EW3,90.0,90.0,0.0,1.0,0.0
94753,EW3,90.0,90.0,0.0,1.0,0.0
94754,EW3,90.0,90.0,0.0,1.0,0.0
94755,EW3,90.0,90.0,0.0,1.0,0.0
94756,EW3,90.0,90.0,0.0,1.0,0.0
94757,EW3,90.0,90.0,0.0,1.0,0.0
94758,EW3,90.0,90.0,0.0,1.0,0.0
94759,EW3,90.0,90.0,0.0,1.0,0.0
94760,EW3,90.0,90.0,0.0,1.0,0.0
94761,EW3,90.0,90.0,0.0,1.0,0.0
94762,EW3,90.0,90.0,0.0,1.0,0.0
94763,EW3,90.0,90.0,0.0,1.0,0.0
94764,EW3,90.0,90.0,0.0,1.0,0.0
94765,EW3,90.0,90.0,0.0,1.0,0.0
94766,EW3,90.0,90.0,0.0,1.0,0.0
94767,EW3,90.0,90.0,0.0,1.0,0.0
94768,EW3,90.0,90.0,0.0,1.0,0.0
94769,EW3,90.0,90.0,0.0,1.0,0.0
94770,EW3,90.0,90.0,0.0,1.0,0.0
94771,EW3,90.0,90.0,0.0,1.0,0.0
94772,EW3,90.0,90.0,0.0,1.0,0.0
94773,EW3,90.0,90.0,0.0,1.0,0.0
94774,EW3,90.0,90.0,0.0,1.0,0.0
94775,EW3,90.0,90.0,0.0,1.0,0.0
94776,EW3,90.0,90.0,0.0,1.0,0.0
94777,EW3,90.0,90.0,0.0,1.0,0.0
94778,EW3,90.0,90.0,0.0,1.0,0.0
94779,EW3,90.0,90.0,0.0,1.0,0.0
94780,EW3,90.0,90.0,0.0,1.0,0.0
94781,EW3,90.0,90.0,0.0,1.0,0.0
94782,EW3,90.0,90.0,0.0,1.0,0.0
94783,EW3,90.0,90.0,0.0,1.0,0.0
94784,EW3,90.0,90.0,0.0,1.0,0.0
94785,EW3,90.0,90.0,0.0,1.0,0.0
94786,EW3,90.0,90.0,0.0,1.0,0.0
94787,EW3,90.0,90.0,0.0,1.0,0.0
94788,EW3,90.0,90.0,0.0,1.0,0.0
94789,EW3,90.0,90.0,0.0,1.0,0.0
94790,EW3,90.0,90.0,0.0,1.0,0.0
94791,EW3,90.0,90.0,0.0,1.0,0.0
94792,EW3,90.0,90.0,0.0,1.0,0.0
94793,EW3,90.0,90.0,0.0,1.0,0.0
94794,EW3,90.0,90.0,0.0,1.0,0.0
94795,EW3,90.0,90.0,0.0,1.0,0.0
94796,EW3,90.0,90.0,0.0,1.0,0.0
94797,EW3,90.0,90.0,0.0,1.0,0.0
94798,EW3,90.0,90.0,0.0,1.0,0.0
94799,EW3,90.0,90.0,0.0,1.0,0.0
94800,EW3,90.0,90.0,0.0,1.0,0.0
94801,EW3,90.0,90.0,0.0,1.0,0.0
94802,EW3,90.0,90.0,0.0,1.0,0.0
94803,EW3,90.0,90.0,0.0,1.0,0.0
94804,EW3,90.0,90.0,0.0,1.0,0.0
94805,EW3,90.0,90.0,0.0,1.0,0.0
94806,EW3,90.0,90.0,0.0,1.0,0.0
94807,EW3,90.0,90.0,0.0,1.0,0.0
94808,EW3,90.0,90.0,0.0,1.0,0.0
94809,EW3,90.0,90.0,0.0,1.0,0.0
102315,EW3,90.0,90.0,0.0,1.0,0.0
102316,EW3,90.0,90.0,0.0,1.0,0.0
102317,EW3,90.0,90.0,0.0,1.0,0.0
102318,EW3,90.0,90.0,0.0,1.0,0.0
102319,EW3,90.0,90.0,0.0,1.0,0.0
102320,EW3,90.0,90.0,0.0,1.0,0.0
102321,EW3,90.0,90.0,0.0,1.0,0.0
102322,EW3,90.0,90.0,0.0,1.0,0.0
102323,EW3,90.0,90.0,0.0,1.0,0.0
102324,EW3,90.0,90.0,0.0,1.0,0.0
102325,EW3,90.0,90.0,0.0,1.0,0.0
102326,EW3,90.0,90.0,0.0,1.0,0.0
102327,EW3,90.0,90.0,0.0,1.0,0.0
102328,EW3,90.0,90.0,0.0,1.0,0.0
102329,EW3,90.0,90.0,0.0,1.0,0.0
102330,EW3,90.0,90.0,0.0,1.0,0.0
102331,EW3,90.0,90.0,0.0,1.0,0.0
102332,EW3,90.0,90.0,0.0,1.0,0.0
102333,EW3,90.0,90.0,0.0,1.0,0.0
102334,EW3,90.0,90.0,0.0,1.0,0.0
102335,EW3,90.0,90.0,0.0,1.0,0.0
102336,EW3,90.0,90.0,0.0,1.0,0.0
102337,EW3,90.0,90.0,0.0,1.0,0.0
102338,EW3,90.0,90.0,0.0,1.0,0.0
102339,EW3,90.0,90.0,0.0,1.0,0.0
102340,EW3,90.0,90.0,0.0,1.0,0.0
102341,EW3,90.0,90.0,0.0,1.0,0.0
102342,EW3,90.0,90.0,0.0,1.0,0.0
102343,EW3,90.0,90.0,0.0,1.0,0.0
102344,EW3,90.0,90.0,0.0,1.0,0.0
102345,EW3,90.0,90.0,0.0,1.0,0.0
102346,EW3,90.0,90.0,0.0,1.0,0.0
102347,EW3,90.0,90.0,0.0,1.0,0.0
102348,EW3,90.0,90.0,0.0,1.0,0.0
102349,EW3,90.0,90.0,0.0,1.0,0.0
102350,EW3,90.0,90.0,0.0,1.0,0.0
102351,EW3,90.0,90.0,0.0,1.0,0.0
102352,EW3,90.0,90.0,0.0,1.0,0.0
102353,EW3,90.0,90.0,0.0,1.0,0.0
102354,EW3,90.0,90.0,0.0,1.0,0.0
102355,EW3,90.0,90.0,0.0,1.0,0.0
102356,EW3,90.0,90.0,0.0,1.0,0.0
102357,EW3,90.0,90.0,0.0,1.0,0.0
102358,EW3,90.0,90.0,0.0,1.0,0.0
102359,EW3,90.0,90.0,0.0,1.0,0.0
102360,EW3,90.0,90.0,0.0,1.0,0.0
102361,EW3,90.0,90.0,0.0,1.0,0.0
102362,EW3,90.0,90.0,0.0,1.0,0.0
102363,EW3,90.0,90.0,0.0,1.0,0.0
102364,EW3,90.0,90.0,0.0,1.0,0.0
102365,EW3,90.0,90.0,0.0,1.0,0.0
102366,EW3,90.0,90.0,0.0,1.0,0.0
102367,EW3,90.0,90.0,0.0,1.0,0.0
102368,EW3,90.0,90.0,0.0,1.0,0.0
102369,EW3,90.0,90.0,0.0,1.0,0.0
102370,EW3,90.0,90.0,0.0,1.0,0.0
102371,EW3,90.0,90.0,0.0,1.0,0.0
102372,EW3,90.0,90.0,0.0,1.0,0.0
102373,EW3,90.0,90.0,0.0,1.0,0.0
102374,EW3,90.0,90.0,0.0,1.0,0.0
102375,EW3,90.0,90.0,0.0,1.0,0.0
102376,EW3,90.0,90.0,0.0,1.0,0.0
102377,EW3,90.0,90.0,0.0,1.0,0.0
102378,EW3,90.0,90.0,0.0,1.0,0.0
102379,EW3,90.0,90.0,0.0,1.0,0.0
102380,EW3,90.0,90.0,0.0,1.0,0.0
102381,EW3,90.0,90.0,0.0,1.0,0.0
102382,EW3,90.0,90.0,0.0,1.0,0.0
102383,EW3,90.0,90.0,0.0,1.0,0.0
102384,EW3,90.0,90.0,0.0,1.0,0.0
102385,EW3,90.0,90.0,0.0,1.0,0.0
102386,EW3,90.0,90.0,0.0,1.0,0.0
102387,EW3,90.0,90.0,0.0,1.0,0.0
102388,EW3,90.0,90.0,0.0,1.0,0.0
102389,EW3,90.0,90.0,0.0,1.0,0.0
102390,EW3,90.0,90.0,0.0,1.0,0.0
102391,EW3,90.0,90.0,0.0,1.0,0.0
102392,EW3,90.0,90.0,0.0,1.0,0.0
102393,EW3,90.0,90.0,0.0,1.0,0.0
102394,EW3,90.0,90.0,0.0,1.0,0.0
102395,EW3,90.0,90.0,0.0,1.0,0.0
102396,EW3,90.0,90.0,0.0,1.0,0.0
102397,EW3,90.0,90.0,0.0,1.0,0.0
102398,EW3,90.0,90.0,0.0,1.0,0.0
102399,EW3,90.0,90.0,0.0,1.0,0.0
102400,EW3,90.0,90.0,0.0,1.0,0.0
102401,EW3,90.0,90.0,0.0,1.0,0.0
102402,EW3,90.0,90.0,0.0,1.0,0.0
102403,EW3,90.0,90.0,0.0,1.0,0.0
102404,EW3,90.0,90.0,0.0,1.0,0.0
102405,EW3,90.0,90.0,0.0,1.0,0.0
102406,EW3,90.0,90.0,0.0,1.0,0.0
102407,EW3,90.0,90.0,0.0,1.0,0.0
102408,EW3,90.0,90.0,0.0,1.0,0.0
102409,EW3,90.0,90.0,0.0,1.0,0.0
109915,EW3,90.0,90.0,0.0,1.0,0.0
109916,EW3,90.0,90.0,0.0,1.0,0.0
109917,EW3,90.0,90.0,0.0,1.0,0.0
109918,EW3,90.0,90.0,0.0,1.0,0.0
109919,EW3,90.0,90.0,0.0,1.0,0.0
109920,EW3,90.0,90.0,0.0,1.0,0.0
109921,EW3,90.0,90.0,0.0,1.0,0.0
109922,EW3,90.0,90.0,0.0,1.0,0.0
109923,EW3,90.0,90.0,0.0,1.0,0.0
109924,EW3,90.0,90.0,0.0,1.0,0.0
109925,EW3,90.0,90.0,0.0,1.0,0.0
109926,EW3,90.0,90.0,0.0,1.0,0.0
109927,EW3,90.0,90.0,0.0,1.0,0.0
109928,EW3,90.0,90.0,0.0,1.0,0.0
109929,EW3,90.0,90.0,0.0,1.0,0.0
109930,EW3,90.0,90.0,0.0,1.0,0.0
109931,EW3,90.0,90.0,0.0,1.0,0.0
109932,EW3,90.0,90.0,0.0,1.0,0.0
109933,EW3,90.0,90.0,0.0,1.0,0.0
109934,EW3,90.0,90.0,0.0,1.0,0.0
109935,EW3,90.0,90.0,0.0,1.0,0.0
109936,EW3,90.0,90.0,0.0,1.0,0.0
109937,EW3,90.0,90.0,0.0,1.0,0.0
109938,EW3,90.0,90.0,0.0,1.0,0.0
109939,EW3,90.0,90.0,0.0,1.0,0.0
109940,EW3,90.0,90.0,0.0,1.0,0.0
109941,EW3,90.0,90.0,0.0,1.0,0.0
109942,EW3,90.0,90.0,0.0,1.0,0.0
109943,EW3,90.0,90.0,0.0,1.0,0.0
109944,EW3,90.0,90.0,0.0,1.0,0.0
109945,EW3,90.0,90.0,0.0,1.0,0.0
109946,EW3,90.0,90.0,0.0,1.0,0.0
109947,EW3,90.0,90.0,0.0,1.0,0.0
109948,EW3,90.0,90.0,0.0,1.0,0.0
109949,EW3,90.0,90.0,0.0,1.0,0.0
109950,EW3,90.0,90.0,0.0,1.0,0.0
109951,EW3,90.0,90.0,0.0,1.0,0.0
109952,EW3,90.0,90.0,0.0,1.0,0.0
109953,EW3,90.0,90.0,0.0,1.0,0.0
109954,EW3,90.0,90.0,0.0,1.0,0.0
109955,EW3,90.0,90.0,0.0,1.0,0.0
109956,EW3,90.0,90.0,0.0,1.0,0.0
109957,EW3,90.0,90.0,0.0,1.0,0.0
109958,EW3,90.0,90.0,0.0,1.0,0.0
109959,EW3,90.0,90.0,0.0,1.0,0.0
109960,EW3,90.0,90.0,0.0,1.0,0.0
109961,EW3,90.0,90.0,0.0,1.0,0.0
109962,EW3,90.0,90.0,0.0,1.0,0.0
109963,EW3,90.0,90.0,0.0,1.0,0.0
109964,EW3,90.0,90.0,0.0,1.0,0.0
109965,EW3,90.0,90.0,0.0,1.0,0.0
109966,EW3,90.0,90.0,0.0,1.0,0.0
109967,EW3,90.0,90.0,0.0,1.0,0.0
109968,EW3,90.0,90.0,0.0,1.0,0.0
109969,EW3,90.0,90.0,0.0,1.0,0.0
109970,EW3,90.0,90.0,0.0,1.0,0.0
109971,EW3,90.0,90.0,0.0,1.0,0.0
109972,EW3,90.0,90.0,0.0,1.0,0.0
109973,EW3,90.0,90.0,0.0,1.0,0.0
109974,EW3,90.0,90.0,0.0,1.0,0.0
109975,EW3,90.0,90.0,0.0,1.0,0.0
109976,EW3,90.0,90.0,0.0,1.0,0.0
109977,EW3,90.0,90.0,0.0,1.0,0.0
109978,EW3,90.0,90.0,0.0,1.0,0.0
109979,EW3,90.0,90.0,0.0,1.0,0.0
109980,EW3,90.0,90.0,0.0,1.0,0.0
109981,EW3,90.0,90.0,0.0,1.0,0.0
109982,EW3,90.0,90.0,0.0,1.0,0.0
109983,EW3,90.0,90.0,0.0,1.0,0.0
109984,EW3,90.0,90.0,0.0,1.0,0.0
109985,EW3,90.0,90.0,0.0,1.0,0.0
109986,EW3,90.0,90.0,0.0,1.0,0.0
109987,EW3,90.0,90.0,0.0,1.0,0.0
109988,EW3,90.0,90.0,0.0,1.0,0.0
109989,EW3,90.0,90.0,0.0,1.0,0.0
109990,EW3,90.0,90.0,0.0,1.0,0.0
109991,EW3,90.0,90.0,0.0,1.0,0.0
109992,EW3,90.0,90.0,0.0,1.0,0.0
109993,EW3,90.0,90.0,0.0,1.0,0.0
109994,EW3,90.0,90.0,0.0,1.0,0.0
109995,EW3,90.0,90.0,0.0,1.0,0.0
109996,EW3,90.0,90.0,0.0,1.0,0.0
109997,EW3,90.0,90.0,0.0,1.0,0.0
109998,EW3,90.0,90.0,0.0,1.0,0.0
109999,EW3,90.0,90.0,0.0,1.0,0.0
110000,EW3,90.0,90.0,0.0,1.0,0.0
110001,EW3,90.0,90.0,0.0,1.0,0.0
110002,EW3,90.0,90.0,0.0,1.0,0.0
110003,EW3,90.0,90.0,0.0,1.0,0.0
110004,EW3,90.0,90.0,0.0,1.0,0.0
110005,EW3,90.0,90.0,0.0,1.0,0.0
110006,EW3,90.0,90.0,0.0,1.0,0.0
110007,EW3,90.0,90.0,0.0,1.0,0.0
110008,EW3,90.0,90.0,0.0,1.0,0.0
110009,EW3,90.0,90.0,0.0,1.0,0.0
117515,EW3,90.0,90.0,0.0,1.0,0.0
117516,EW3,90.0,90.0,0.0,1.0,0.0
117517,EW3,90.0,90.0,0.0,1.0,0.0
117518,EW3,90.0,90.0,0.0,1.0,0.0
117519,EW3,90.0,90.0,0.0,1.0,0.0
117520,EW3,90.0,90.0,0.0,1.0,0.0
117521,EW3,90.0,90.0,0.0,1.0,0.0
117522,EW3,90.0,90.0,0.0,1.0,0.0
117523,EW3,90.0,90.0,0.0,1.0,0.0
117524,EW3,90.0,90.0,0.0,1.0,0.0
117525,EW3,90.0,90.0,0.0,1.0,0.0
117526,EW3,90.0,90.0,0.0,1.0,0.0
117527,EW3,90.0,90.0,0.0,1.0,0.0
117528,EW3,90.0,90.0,0.0,1.0,0.0
117529,EW3,90.0,90.0,0.0,1.0,0.0
117530,EW3,90.0,90.0,0.0,1.0,0.0
117531,EW3,90.0,90.0,0.0,1.0,0.0
117532,EW3,90.0,90.0,0.0,1.0,0.0
117533,EW3,90.0,90.0,0.0,1.0,0.0
117534,EW3,90.0,90.0,0.0,1.0,0.0
117535,EW3,90.0,90.0,0.0,1.0,0.0
117536,EW3,90.0,90.0,0.0,1.0,0.0
117537,EW3,90.0,90.0,0.0,1.0,0.0
117538,EW3,90.0,90.0,0.0,1.0,0.0
117539,EW3,90.0,90.0,0.0,1.0,0.0
117540,EW3,90.0,90.0,0.0,1.0,0.0
117541,EW3,90.0,90.0,0.0,1.0,0.0
117542,EW3,90.0,90.0,0.0,1.0,0.0
117543,EW3,90.0,90.0,0.0,1.0,0.0
117544,EW3,90.0,90.0,0.0,1.0,0.0
117545,EW3,90.0,90.0,0.0,1.0,0.0
117546,EW3,90.0,90.0,0.0,1.0,0.0
117547,EW3,90.0,90.0,0.0,1.0,0.0
117548,EW3,90.0,90.0,0.0,1.0,0.0
117549,EW3,90.0,90.0,0.0,1.0,0.0
117550,EW3,90.0,90.0,0.0,1.0,0.0
117551,EW3,90.0,90.0,0.0,1.0,0.0
117552,EW3,90.0,90.0,0.0,1.0,0.0
117553,EW3,90.0,90.0,0.0,1.0,0.0
117554,EW3,90.0,90.0,0.0,1.0,0.0
117555,EW3,90.0,90.0,0.0,1.0,0.0
117556,EW3,90.0,90.0,0.0,1.0,0.0
117557,EW3,90.0,90.0,0.0,1.0,0.0
117558,EW3,90.0,90.0,0.0,1.0,0.0
117559,EW3,90.0,90.0,0.0,1.0,0.0
117560,EW3,90.0,90.0,0.0,1.0,0.0
117561,EW3,90.0,90.0,0.0,1.0,0.0
117562,EW3,90.0,90.0,0.0,1.0,0.0
117563,EW3,90.0,90.0,0.0,1.0,0.0
117564,EW3,90.0,90.0,0.0,1.0,0.0
117565,EW3,90.0,90.0,0.0,1.0,0.0
117566,EW3,90.0,90.0,0.0,1.0,0.0
117567,EW3,90.0,90.0,0.0,1.0,0.0
117568,EW3,90.0,90.0,0.0,1.0,0.0
117569,EW3,90.0,90.0,0.0,1.0,0.0
117570,EW3,90.0,90.0,0.0,1.0,0.0
117571,EW3,90.0,90.0,0.0,1.0,0.0
117572,EW3,90.0,90.0,0.0,1.0,0.0
117573,EW3,90.0,90.0,0.0,1.0,0.0
117574,EW3,90.0,90.0,0.0,1.0,0.0
117575,EW3,90.0,90.0,0.0,1.0,0.0
117576,EW3,90.0,90.0,0.0,1.0,0.0
117577,EW3,90.0,90.0,0.0,1.0,0.0
117578,EW3,90.0,90.0,0.0,1.0,0.0
117579,EW3,90.0,90.0,0.0,1.0,0.0
117580,EW3,90.0,90.0,0.0,1.0,0.0
117581,EW3,90.0,90.0,0.0,1.0,0.0
117582,EW3,90.0,90.0,0.0,1.0,0.0
117583,EW3,90.0,90.0,0.0,1.0,0.0
117584,EW3,90.0,90.0,0.0,1.0,0.0
117585,EW3,90.0,90.0,0.0,1.0,0.0
117586,EW3,90.0,90.0,0.0,1.0,0.0
117587,EW3,90.0,90.0,0.0,1.0,0.0
117588,EW3,90.0,90.0,0.0,1.0,0.0
117589,EW3,90.0,90.0,0.0,1.0,0.0
117590,EW3,90.0,90.0,0.0,1.0,0.0
117591,EW3,90.0,90.0,0.0,1.0,0.0
117592,EW3,90.0,90.0,0.0,1.0,0.0
117593,EW3,90.0,90.0,0.0,1.0,0.0
117594,EW3,90.0,90.0,0.0,1.0,0.0
117595,EW3,90.0,90.0,0.0,1.0,0.0
117596,EW3,90.0,90.0,0.0,1.0,0.0
117597,EW3,90.0,90.0,0.0,1.0,0.0
117598,EW3,90.0,90.0,0.0,1.0,0.0
117599,EW3,90.0,90.0,0.0,1.0,0.0
117600,EW3,90.0,90.0,0.0,1.0,0.0
117601,EW3,90.0,90.0,0.0,1.0,0.0
117602,EW3,90.0,90.0,0.0,1.0,0.0
117603,EW3,90.0,90.0,0.0,1.0,0.0
117604,EW3,90.0,90.0,0.0,1.0,0.0
117605,EW3,90.0,90.0,0.0,1.0,0.0
117606,EW3,90.0,90.0,0.0,1.0,0.0
117607,EW3,90.0,90.0,0.0,1.0,0.0
117608,EW3,90.0,90.0,0.0,1.0,0.0
117609,EW3,90.0,90.0,0.0,1.0,0.0
125115,EW3,90.0,90.0,0.0,1.0,0.0
125116,EW3,90.0,90.0,0.0,1.0,0.0
125117,EW3,90.0,90.0,0.0,1.0,0.0
125118,EW3,90.0,90.0,0.0,1.0,0.0
125119,EW3,90.0,90.0,0.0,1.0,0.0
125120,EW3,90.0,90.0,0.0,1.0,0.0
125121,EW3,90.0,90.0,0.0,1.0,0.0
125122,EW3,90.0,90.0,0.0,1.0,0.0
125123,EW3,90.0,90.0,0.0,1.0,0.0
125124,EW3,90.0,90.0,0.0,1.0,0.0
125125,EW3,90.0,90.0,0.0,1.0,0.0
125126,EW3,90.0,90.0,0.0,1.0,0.0
125127,EW3,90.0,90.0,0.0,1.0,0.0
125128,EW3,90.0,90.0,0.0,1.0,0.0
125129,EW3,90.0,90.0,0.0,1.0,0.0
125130,EW3,90.0,90.0,0.0,1.0,0.0
125131,EW3,90.0,90.0,0.0,1.0,0.0
125132,EW3,90.0,90.0,0.0,1.0,0.0
125133,EW3,90.0,90.0,0.0,1.0,0.0
125134,EW3,90.0,90.0,0.0,1.0,0.0
125135,EW3,90.0,90.0,0.0,1.0,0.0
125136,EW3,90.0,90.0,0.0,1.0,0.0
125137,EW3,90.0,90.0,0.0,1.0,0.0
125138,EW3,90.0,90.0,0.0,1.0,0.0
125139,EW3,90.0,90.0,0.0,1.0,0.0
125140,EW3,90.0,90.0,0.0,1.0,0.0
125141,EW3,90.0,90.0,0.0,1.0,0.0
125142,EW3,90.0,90.0,0.0,1.0,0.0
125143,EW3,90.0,90.0,0.0,1.0,0.0
125144,EW3,90.0,90.0,0.0,1.0,0.0
125145,EW3,90.0,90.0,0.0,1.0,0.0
125146,EW3,90.0,90.0,0.0,1.0,0.0
125147,EW3,90.0,90.0,0.0,1.0,0.0
125148,EW3,90.0,90.0,0.0,1.0,0.0
125149,EW3,90.0,90.0,0.0,1.0,0.0
125150,EW3,90.0,90.0,0.0,1.0,0.0
125151,EW3,90.0,90.0,0.0,1.0,0.0
125152,EW3,90.0,90.0,0.0,1.0,0.0
125153,EW3,90.0,90.0,0.0,1.0,0.0
125154,EW3,90.0,90.0,0.0,1.0,0.0
125155,EW3,90.0,90.0,0.0,1.0,0.0
125156,EW3,90.0,90.0,0.0,1.0,0.0
125157,EW3,90.0,90.0,0.0,1.0,0.0
125158,EW3,90.0,90.0,0.0,1.0,0.0
125159,EW3,90.0,90.0,0.0,1.0,0.0
125160,EW3,90.0,90.0,0.0,1.0,0.0
125161,EW3,90.0,90.0,0.0,1.0,0.0
125162,EW3,90.0,90.0,0.0,1.0,0.0
125163,EW3,90.0,90.0,0.0,1.0,0.0
125164,EW3,90.0,90.0,0.0,1.0,0.0
125165,EW3,90.0,90.0,0.0,1.0,0.0
125166,EW3,90.0,90.0,0.0,1.0,0.0
125167,EW3,90.0,90.0,0.0,1.0,0.0
125168,EW3,90.0,90.0,0.0,1.0,0.0
125169,EW3,90.0,90.0,0.0,1.0,0.0
125170,EW3,90.0,90.0,0.0,1.0,0.0
125171,EW3,90.0,90.0,0.0,1.0,0.0
125172,EW3,90.0,90.0,0.0,1.0,0.0
125173,EW3,90.0,90.0,0.0,1.0,0.0
125174,EW3,90.0,90.0,0.0,1.0,0.0
125175,EW3,90.0,90.0,0.0,1.0,0.0
125176,EW3,90.0,90.0,0.0,1.0,0.0
125177,EW3,90.0,90.0,0.0,1.0,0.0
125178,EW3,90.0,90.0,0.0,1.0,0.0
125179,EW3,90.0,90.0,0.0,1.0,0.0
125180,EW3,90.0,90.0,0.0,1.0,0.0
125181,EW3,90.0,90.0,0.0,1.0,0.0
125182,EW3,90.0,90.0,0.0,1.0,0.0
125183,EW3,90.0,90.0,0.0,1.0,0.0
125184,EW3,90.0,90.0,0.0,1.0,0.0
125185,EW3,90.0,90.0,0.0,1.0,0.0
125186,EW3,90.0,90.0,0.0,1.0,0.0
125187,EW3,90.0,90.0,0.0,1.0,0.0
125188,EW3,90.0,90.0,0.0,1.0,0.0
125189,EW3,90.0,90.0,0.0,1.0,0.0
125190,EW3,90.0,90.0,0.0,1.0,0.0
125191,EW3,90.0,90.0,0.0,1.0,0.0
125192,EW3,90.0,90.0,0.0,1.0,0.0
125193,EW3,90.0,90.0,0.0,1.0,0.0
125194,EW3,90.0,90.0,0.0,1.0,0.0
125195,EW3,90.0,90.0,0.0,1.0,0.0
125196,EW3,90.0,90.0,0.0,1.0,0.0
125197,EW3,90.0,90.0,0.0,1.0,0.0
125198,EW3,90.0,90.0,0.0,1.0,0.0
125199,EW3,90.0,90.0,0.0,1.0,0.0
125200,EW3,90.0,90.0,0.0,1.0,0.0
125201,EW3,90.0,90.0,0.0,1.0,0.0
125202,EW3,90.0,90.0,0.0,1.0,0.0
125203,EW3,90.0,90.0,0.0,1.0,0.0
125204,EW3,90.0,90.0,0.0,1.0,0.0
125205,EW3,90.0,90.0,0.0,1.0,0.0
125206,EW3,90.0,90.0,0.0,1.0,0.0
125207,EW3,90.0,90.0,0.0,1.0,0.0
125208,EW3,90.0,90.0,0.0,1.0,0.0
125209,EW3,90.0,90.0,0.0,1.0,0.0
132715,EW3,90.0,90.0,0.0,1.0,0.0
132716,EW3,90.0,90.0,0.0,1.0,0.0
132717,EW3,90.0,90.0,0.0,1.0,0.0
132718,EW3,90.0,90.0,0.0,1.0,0.0
132719,EW3,90.0,90.0,0.0,1.0,0.0
132720,EW3,90.0,90.0,0.0,1.0,0.0
132721,EW3,90.0,90.0,0.0,1.0,0.0
132722,EW3,90.0,90.0,0.0,1.0,0.0
132723,EW3,90.0,90.0,0.0,1.0,0.0
132724,EW3,90.0,90.0,0.0,1.0,0.0
132725,EW3,90.0,90.0,0.0,1.0,0.0
132726,EW3,90.0,90.0,0.0,1.0,0.0
132727,EW3,90.0,90.0,0.0,1.0,0.0
132728,EW3,90.0,90.0,0.0,1.0,0.0
132729,EW3,90.0,90.0,0.0,1.0,0.0
132730,EW3,90.0,90.0,0.0,1.0,0.0
132731,EW3,90.0,90.0,0.0,1.0,0.0
132732,EW3,90.0,90.0,0.0,1.0,0.0
132733,EW3,90.0,90.0,0.0,1.0,0.0
132734,EW3,90.0,90.0,0.0,1.0,0.0
132735,EW3,90.0,90.0,0.0,1.0,0.0
132736,EW3,90.0,90.0,0.0,1.0,0.0
132737,EW3,90.0,90.0,0.0,1.0,0.0
132738,EW3,90.0,90.0,0.0,1.0,0.0
132739,EW3,90.0,90.0,0.0,1.0,0.0
132740,EW3,90.0,90.0,0.0,1.0,0.0
132741,EW3,90.0,90.0,0.0,1.0,0.0
132742,EW3,90.0,90.0,0.0,1.0,0.0
132743,EW3,90.0,90.0,0.0,1.0,0.0
132744,EW3,90.0,90.0,0.0,1.0,0.0
132745,EW3,90.0,90.0,0.0,1.0,0.0
132746,EW3,90.0,90.0,0.0,1.0,0.0
132747,EW3,90.0,90.0,0.0,1.0,0.0
132748,EW3,90.0,90.0,0.0,1.0,0.0
132749,EW3,90.0,90.0,0.0,1.0,0.0
132750,EW3,90.0,90.0,0.0,1.0,0.0
132751,EW3,90.0,90.0,0.0,1.0,0.0
132752,EW3,90.0,90.0,0.0,1.0,0.0
132753,EW3,90.0,90.0,0.0,1.0,0.0
132754,EW3,90.0,90.0,0.0,1.0,0.0
132755,EW3,90.0,90.0,0.0,1.0,0.0
132756,EW3,90.0,90.0,0.0,1.0,0.0
132757,EW3,90.0,90.0,0.0,1.0,0.0
132758,EW3,90.0,90.0,0.0,1.0,0.0
132759,EW3,90.0,90.0,0.0,1.0,0.0
132760,EW3,90.0,90.0,0.0,1.0,0.0
132761,EW3,90.0,90.0,0.0,1.0,0.0
132762,EW3,90.0,90.0,0.0,1.0,0.0
132763,EW3,90.0,90.0,0.0,1.0,0.0
132764,EW3,90.0,90.0,0.0,1.0,0.0
132765,EW3,90.0,90.0,0.0,1.0,0.0
132766,EW3,90.0,90.0,0.0,1.0,0.0
132767,EW3,90.0,90.0,0.0,1.0,0.0
132768,EW3,90.0,90.0,0.0,1.0,0.0
132769,EW3,90.0,90.0,0.0,1.0,0.0
132770,EW3,90.0,90.0,0.0,1.0,0.0
132771,EW3,90.0,90.0,0.0,1.0,0.0
132772,EW3,90.0,90.0,0.0,1.0,0.0
132773,EW3,90.0,90.0,0.0,1.0,0.0
132774,EW3,90.0,90.0,0.0,1.0,0.0
132775,EW3,90.0,90.0,0.0,1.0,0.0
132776,EW3,90.0,90.0,0.0,1.0,0.0
132777,EW3,90.0,90.0,0.0,1.0,0.0
132778,EW3,90.0,90.0,0.0,1.0,0.0
132779,EW3,90.0,90.0,0.0,1.0,0.0
132780,EW3,90.0,90.0,0.0,1.0,0.0
132781,EW3,90.0,90.0,0.0,1.0,0.0
132782,EW3,90.0,90.0,0.0,1.0,0.0
132783,EW3,90.0,90.0,0.0,1.0,0.0
132784,EW3,90.0,90.0,0.0,1.0,0.0
132785,EW3,90.0,90.0,0.0,1.0,0.0
132786,EW3,90.0,90.0,0.0,1.0,0.0
132787,EW3,90.0,90.0,0.0,1.0,0.0
132788,EW3,90.0,90.0,0.0,1.0,0.0
132789,EW3,90.0,90.0,0.0,1.0,0.0
132790,EW3,90.0,90.0,0.0,1.0,0.0
132791,EW3,90.0,90.0,0.0,1.0,0.0
132792,EW3,90.0,90.0,0.0,1.0,0.0
132793,EW3,90.0,90.0,0.0,1.0,0.0
132794,EW3,90.0,90.0,0.0,1.0,0.0
132795,EW3,90.0,90.0,0.0,1.0,0.0
132796,EW3,90.0,90.0,0.0,1.0,0.0
132797,EW3,90.0,90.0,0.0,1.0,0.0
132798,EW3,90.0,90.0,0.0,1.0,0.0
132799,EW3,90.0,90.0,0.0,1.0,0.0
132800,EW3,90.0,90.0,0.0,1.0,0.0
132801,EW3,90.0,90.0,0.0,1.0,0.0
132802,EW3,90.0,90.0,0.0,1.0,0.0
132803,EW3,90.0,90.0,0.0,1.0,0.0
132804,EW3,90.0,90.0,0.0,1.0,0.0
132805,EW3,90.0,90.0,0.0,1.0,0.0
132806,EW3,90.0,90.0,0.0,1.0,0.0
132807,EW3,90.0,90.0,0.0,1.0,0.0
132808,EW3,90.0,90.0,0.0,1.0,0.0
132809,EW3,90.0,90.0,0.0,1.0,0.0
140315,EW3,90.0,90.0,0.0,1.0,0.0
140316,EW3,90.0,90.0,0.0,1.0,0.0
140317,EW3,90.0,90.0,0.0,1.0,0.0
140318,EW3,90.0,90.0,0.0,1.0,0.0
140319,EW3,90.0,90.0,0.0,1.0,0.0
140320,EW3,90.0,90.0,0.0,1.0,0.0
140321,EW3,90.0,90.0,0.0,1.0,0.0
140322,EW3,90.0,90.0,0.0,1.0,0.0
140323,EW3,90.0,90.0,0.0,1.0,0.0
140324,EW3,90.0,90.0,0.0,1.0,0.0
140325,EW3,90.0,90.0,0.0,1.0,0.0
140326,EW3,90.0,90.0,0.0,1.0,0.0
140327,EW3,90.0,90.0,0.0,1.0,0.0
140328,EW3,90.0,90.0,0.0,1.0,0.0
140329,EW3,90.0,90.0,0.0,1.0,0.0
140330,EW3,90.0,90.0,0.0,1.0,0.0
140331,EW3,90.0,90.0,0.0,1.0,0.0
140332,EW3,90.0,90.0,0.0,1.0,0.0
140333,EW3,90.0,90.0,0.0,1.0,0.0
140334,EW3,90.0,90.0,0.0,1.0,0.0
140335,EW3,90.0,90.0,0.0,1.0,0.0
140336,EW3,90.0,90.0,0.0,1.0,0.0
140337,EW3,90.0,90.0,0.0,1.0,0.0
140338,EW3,90.0,90.0,0.0,1.0,0.0
140339,EW3,90.0,90.0,0.0,1.0,0.0
140340,EW3,90.0,90.0,0.0,1.0,0.0
140341,EW3,90.0,90.0,0.0,1.0,0.0
140342,EW3,90.0,90.0,0.0,1.0,0.0
140343,EW3,90.0,90.0,0.0,1.0,0.0
140344,EW3,90.0,90.0,0.0,1.0,0.0
140345,EW3,90.0,90.0,0.0,1.0,0.0
140346,EW3,90.0,90.0,0.0,1.0,0.0
140347,EW3,90.0,90.0,0.0,1.0,0.0
140348,EW3,90.0,90.0,0.0,1.0,0.0
140349,EW3,90.0,90.0,0.0,1.0,0.0
140350,EW3,90.0,90.0,0.0,1.0,0.0
140351,EW3,90.0,90.0,0.0,1.0,0.0
140352,EW3,90.0,90.0,0.0,1.0,0.0
140353,EW3,90.0,90.0,0.0,1.0,0.0
140354,EW3,90.0,90.0,0.0,1.0,0.0
140355,EW3,90.0,90.0,0.0,1.0,0.0
140356,EW3,90.0,90.0,0.0,1.0,0.0
140357,EW3,90.0,90.0,0.0,1.0,0.0
140358,EW3,90.0,90.0,0.0,1.0,0.0
140359,EW3,90.0,90.0,0.0,1.0,0.0
140360,EW3,90.0,90.0,0.0,1.0,0.0
140361,EW3,90.0,90.0,0.0,1.0,0.0
140362,EW3,90.0,90.0,0.0,1.0,0.0
140363,EW3,90.0,90.0,0.0,1.0,0.0
140364,EW3,90.0,90.0,0.0,1.0,0.0
140365,EW3,90.0,90.0,0.0,1.0,0.0
140366,EW3,90.0,90.0,0.0,1.0,0.0
140367,EW3,90.0,90.0,0.0,1.0,0.0
140368,EW3,90.0,90.0,0.0,1.0,0.0
140369,EW3,90.0,90.0,0.0,1.0,0.0
140370,EW3,90.0,90.0,0.0,1.0,0.0
140371,EW3,90.0,90.0,0.0,1.0,0.0
140372,EW3,90.0,90.0,0.0,1.0,0.0
140373,EW3,90.0,90.0,0.0,1.0,0.0
140374,EW3,90.0,90.0,0.0,1.0,0.0
140375,EW3,90.0,90.0,0.0,1.0,0.0
140376,EW3,90.0,90.0,0.0,1.0,0.0
140377,EW3,90.0,90.0,0.0,1.0,0.0
140378,EW3,90.0,90.0,0.0,1.0,0.0
140379,EW3,90.0,90.0,0.0,1.0,0.0
140380,EW3,90.0,90.0,0.0,1.0,0.0
140381,EW3,90.0,90.0,0.0,1.0,0.0
140382,EW3,90.0,90.0,0.0,1.0,0.0
140383,EW3,90.0,90.0,0.0,1.0,0.0
140384,EW3,90.0,90.0,0.0,1.0,0.0
140385,EW3,90.0,90.0,0.0,1.0,0.0
140386,EW3,90.0,90.0,0.0,1.0,0.0
140387,EW3,90.0,90.0,0.0,1.0,0.0
140388,EW3,90.0,90.0,0.0,1.0,0.0
140389,EW3,90.0,90.0,0.0,1.0,0.0
140390,EW3,90.0,90.0,0.0,1.0,0.0
140391,EW3,90.0,90.0,0.0,1.0,0.0
140392,EW3,90.0,90.0,0.0,1.0,0.0
140393,EW3,90.0,90.0,0.0,1.0,0.0
140394,EW3,90.0,90.0,0.0,1.0,0.0
140395,EW3,90.0,90.0,0.0,1.0,0.0
140396,EW3,90.0,90.0,0.0,1.0,0.0
140397,EW3,90.0,90.0,0.0,1.0,0.0
140398,EW3,90.0,90.0,0.0,1.0,0.0
140399,EW3,90.0,90.0,0.0,1.0,0.0
140400,EW3,90.0,90.0,0.0,1.0,0.0
140401,EW3,90.0,90.0,0.0,1.0,0.0
140402,EW3,90.0,90.0,0.0,1.0,0.0
140403,EW3,90.0,90.0,0.0,1.0,0.0
140404,EW3,90.0,90.0,0.0,1.0,0.0
140405,EW3,90.0,90.0,0.0,1.0,0.0
140406,EW3,90.0,90.0,0.0,1.0,0.0
140407,EW3,90.0,90.0,0.0,1.0,0.0
140408,EW3,90.0,90.0,0.0,1.0,0.0
140409,EW3,90.0,90.0,0.0,1.0,0.0
147915,EW3,90.0,90.0,0.0,1.0,0.0
147916,EW3,90.0,90.0,0.0,1.0,0.0
147917,EW3,90.0,90.0,0.0,1.0,0.0
147918,EW3,90.0,90.0,0.0,1.0,0.0
147919,EW3,90.0,90.0,0.0,1.0,0.0
147920,EW3,90.0,90.0,0.0,1.0,0.0
147921,EW3,90.0,90.0,0.0,1.0,0.0
147922,EW3,90.0,90.0,0.0,1.0,0.0
147923,EW3,90.0,90.0,0.0,1.0,0.0
147924,EW3,90.0,90.0,0.0,1.0,0.0
147925,EW3,90.0,90.0,0.0,1.0,0.0
147926,EW3,90.0,90.0,0.0,1.0,0.0
147927,EW3,90.0,90.0,0.0,1.0,0.0
147928,EW3,90.0,90.0,0.0,1.0,0.0
147929,EW3,90.0,90.0,0.0,1.0,0.0
147930,EW3,90.0,90.0,0.0,1.0,0.0
147931,EW3,90.0,90.0,0.0,1.0,0.0
147932,EW3,90.0,90.0,0.0,1.0,0.0
147933,EW3,90.0,90.0,0.0,1.0,0.0
147934,EW3,90.0,90.0,0.0,1.0,0.0
147935,EW3,90.0,90.0,0.0,1.0,0.0
147936,EW3,90.0,90.0,0.0,1.0,0.0
147937,EW3,90.0,90.0,0.0,1.0,0.0
147938,EW3,90.0,90.0,0.0,1.0,0.0
147939,EW3,90.0,90.0,0.0,1.0,0.0
147940,EW3,90.0,90.0,0.0,1.0,0.0
147941,EW3,90.0,90.0,0.0,1.0,0.0
147942,EW3,90.0,90.0,0.0,1.0,0.0
147943,EW3,90.0,90.0,0.0,1.0,0.0
147944,EW3,90.0,90.0,0.0,1.0,0.0
147945,EW3,90.0,90.0,0.0,1.0,0.0
147946,EW3,90.0,90.0,0.0,1.0,0.0
147947,EW3,90.0,90.0,0.0,1.0,0.0
147948,EW3,90.0,90.0,0.0,1.0,0.0
147949,EW3,90.0,90.0,0.0,1.0,0.0
147950,EW3,90.0,90.0,0.0,1.0,0.0
147951,EW3,90.0,90.0,0.0,1.0,0.0
147952,EW3,90.0,90.0,0.0,1.0,0.0
147953,EW3,90.0,90.0,0.0,1.0,0.0
147954,EW3,90.0,90.0,0.0,1.0,0.0
147955,EW3,90.0,90.0,0.0,1.0,0.0
147956,EW3,90.0,90.0,0.0,1.0,0.0
147957,EW3,90.0,90.0,0.0,1.0,0.0
147958,EW3,90.0,90.0,0.0,1.0,0.0
147959,EW3,90.0,90.0,0.0,1.0,0.0
147960,EW3,90.0,90.0,0.0,1.0,0.0
147961,EW3,90.0,90.0,0.0,1.0,0.0
147962,EW3,90.0,90.0,0.0,1.0,0.0
147963,EW3,90.0,90.0,0.0,1.0,0.0
147964,EW3,90.0,90.0,0.0,1.0,0.0
147965,EW3,90.0,90.0,0.0,1.0,0.0
147966,EW3,90.0,90.0,0.0,1.0,0.0
147967,EW3,90.0,90.0,0.0,1.0,0.0
147968,EW3,90.0,90.0,0.0,1.0,0.0
147969,EW3,90.0,90.0,0.0,1.0,0.0
147970,EW3,90.0,90.0,0.0,1.0,0.0
147971,EW3,90.0,90.0,0.0,1.0,0.0
147972,EW3,90.0,90.0,0.0,1.0,0.0
147973,EW3,90.0,90.0,0.0,1.0,0.0
147974,EW3,90.0,90.0,0.0,1.0,0.0
147975,EW3,90.0,90.0,0.0,1.0,0.0
147976,EW3,90.0,90.0,0.0,1.0,0.0
147977,EW3,90.0,90.0,0.0,1.0,0.0
147978,EW3,90.0,90.0,0.0,1.0,0.0
147979,EW3,90.0,90.0,0.0,1.0,0.0
147980,EW3,90.0,90.0,0.0,1.0,0.0
147981,EW3,90.0,90.0,0.0,1.0,0.0
147982,EW3,90.0,90.0,0.0,1.0,0.0
147983,EW3,90.0,90.0,0.0,1.0,0.0
147984,EW3,90.0,90.0,0.0,1.0,0.0
147985,EW3,90.0,90.0,0.0,1.0,0.0
147986,EW3,90.0,90.0,0.0,1.0,0.0
147987,EW3,90.0,90.0,0.0,1.0,0.0
147988,EW3,90.0,90.0,0.0,1.0,0.0
147989,EW3,90.0,90.0,0.0,1.0,0.0
147990,EW3,90.0,90.0,0.0,1.0,0.0
147991,EW3,90.0,90.0,0.0,1.0,0.0
147992,EW3,90.0,90.0,0.0,1.0,0.0
147993,EW3,90.0,90.0,0.0,1.0,0.0
147994,EW3,90.0,90.0,0.0,1.0,0.0
147995,EW3,90.0,90.0,0.0,1.0,0.0
147996,EW3,90.0,90.0,0.0,1.0,0.0
147997,EW3,90.0,90.0,0.0,1.0,0.0
147998,EW3,90.0,90.0,0.0,1.0,0.0
147999,EW3,90.0,90.0,0.0,1.0,0.0
148000,EW3,90.0,90.0,0.0,1.0,0.0
148001,EW3,90.0,90.0,0.0,1.0,0.0
148002,EW3,90.0,90.0,0.0,1.0,0.0
148003,EW3,90.0,90.0,0.0,1.0,0.0
148004,EW3,90.0,90.0,0.0,1.0,0.0
148005,EW3,90.0,90.0,0.0,1.0,0.0
148006,EW3,90.0,90.0,0.0,1.0,0.0
148007,EW3,90.0,90.0,0.0,1.0,0.0
148008,EW3,90.0,90.0,0.0,1.0,0.0
148009,EW3,90.0,90.0,0.0,1.0,0.0
155515,EW3,90.0,90.0,0.0,1.0,0.0
155516,EW3,90.0,90.0,0.0,1.0,0.0
155517,EW3,90.0,90.0,0.0,1.0,0.0
155518,EW3,90.0,90.0,0.0,1.0,0.0
155519,EW3,90.0,90.0,0.0,1.0,0.0
155520,EW3,90.0,90.0,0.0,1.0,0.0
155521,EW3,90.0,90.0,0.0,1.0,0.0
155522,EW3,90.0,90.0,0.0,1.0,0.0
155523,EW3,90.0,90.0,0.0,1.0,0.0
155524,EW3,90.0,90.0,0.0,1.0,0.0
155525,EW3,90.0,90.0,0.0,1.0,0.0
155526,EW3,90.0,90.0,0.0,1.0,0.0
155527,EW3,90.0,90.0,0.0,1.0,0.0
155528,EW3,90.0,90.0,0.0,1.0,0.0
155529,EW3,90.0,90.0,0.0,1.0,0.0
155530,EW3,90.0,90.0,0.0,1.0,0.0
155531,EW3,90.0,90.0,0.0,1.0,0.0
155532,EW3,90.0,90.0,0.0,1.0,0.0
155533,EW3,90.0,90.0,0.0,1.0,0.0
155534,EW3,90.0,90.0,0.0,1.0,0.0
155535,EW3,90.0,90.0,0.0,1.0,0.0
155536,EW3,90.0,90.0,0.0,1.0,0.0
155537,EW3,90.0,90.0,0.0,1.0,0.0
155538,EW3,90.0,90.0,0.0,1.0,0.0
155539,EW3,90.0,90.0,0.0,1.0,0.0
155540,EW3,90.0,90.0,0.0,1.0,0.0
155541,EW3,90.0,90.0,0.0,1.0,0.0
155542,EW3,90.0,90.0,0.0,1.0,0.0
155543,EW3,90.0,90.0,0.0,1.0,0.0
155544,EW3,90.0,90.0,0.0,1.0,0.0
155545,EW3,90.0,90.0,0.0,1.0,0.0
155546,EW3,90.0,90.0,0.0,1.0,0.0
155547,EW3,90.0,90.0,0.0,1.0,0.0
155548,EW3,90.0,90.0,0.0,1.0,0.0
155549,EW3,90.0,90.0,0.0,1.0,0.0
155550,EW3,90.0,90.0,0.0,1.0,0.0
155551,EW3,90.0,90.0,0.0,1.0,0.0
155552,EW3,90.0,90.0,0.0,1.0,0.0
155553,EW3,90.0,90.0,0.0,1.0,0.0
155554,EW3,90.0,90.0,0.0,1.0,0.0
155555,EW3,90.0,90.0,0.0,1.0,0.0
155556,EW3,90.0,90.0,0.0,1.0,0.0
155557,EW3,90.0,90.0,0.0,1.0,0.0
155558,EW3,90.0,90.0,0.0,1.0,0.0
155559,EW3,90.0,90.0,0.0,1.0,0.0
155560,EW3,90.0,90.0,0.0,1.0,0.0
155561,EW3,90.0,90.0,0.0,1.0,0.0
155562,EW3,90.0,90.0,0.0,1.0,0.0
155563,EW3,90.0,90.0,0.0,1.0,0.0
155564,EW3,90.0,90.0,0.0,1.0,0.0
155565,EW3,90.0,90.0,0.0,1.0,0.0
155566,EW3,90.0,90.0,0.0,1.0,0.0
155567,EW3,90.0,90.0,0.0,1.0,0.0
155568,EW3,90.0,90.0,0.0,1.0,0.0
155569,EW3,90.0,90.0,0.0,1.0,0.0
155570,EW3,90.0,90.0,0.0,1.0,0.0
155571,EW3,90.0,90.0,0.0,1.0,0.0
155572,EW3,90.0,90.0,0.0,1.0,0.0
155573,EW3,90.0,90.0,0.0,1.0,0.0
155574,EW3,90.0,90.0,0.0,1.0,0.0
155575,EW3,90.0,90.0,0.0,1.0,0.0
155576,EW3,90.0,90.0,0.0,1.0,0.0
155577,EW3,90.0,90.0,0.0,1.0,0.0
155578,EW3,90.0,90.0,0.0,1.0,0.0
155579,EW3,90.0,90.0,0.0,1.0,0.0
155580,EW3,90.0,90.0,0.0,1.0,0.0
155581,EW3,90.0,90.0,0.0,1.0,0.0
155582,EW3,90.0,90.0,0.0,1.0,0.0
155583,EW3,90.0,90.0,0.0,1.0,0.0
155584,EW3,90.0,90.0,0.0,1.0,0.0
155585,EW3,90.0,90.0,0.0,1.0,0.0
155586,EW3,90.0,90.0,0.0,1.0,0.0
155587,EW3,90.0,90.0,0.0,1.0,0.0
155588,EW3,90.0,90.0,0.0,1.0,0.0
155589,EW3,90.0,90.0,0.0,1.0,0.0
155590,EW3,90.0,90.0,0.0,1.0,0.0
155591,EW3,90.0,90.0,0.0,1.0,0.0
155592,EW3,90.0,90.0,0.0,1.0,0.0
155593,EW3,90.0,90.0,0.0,1.0,0.0
155594,EW3,90.0,90.0,0.0,1.0,0.0
155595,EW3,90.0,90.0,0.0,1.0,0.0
155596,EW3,90.0,90.0,0.0,1.0,0.0
155597,EW3,90.0,90.0,0.0,1.0,0.0
155598,EW3,90.0,90.0,0.0,1.0,0.0
155599,EW3,90.0,90.0,0.0,1.0,0.0
155600,EW3,90.0,90.0,0.0,1.0,0.0
155601,EW3,90.0,90.0,0.0,1.0,0.0
155602,EW3,90.0,90.0,0.0,1.0,0.0
155603,EW3,90.0,90.0,0.0,1.0,0.0
155604,EW3,90.0,90.0,0.0,1.0,0.0
155605,EW3,90.0,90.0,0.0,1.0,0.0
155606,EW3,90.0,90.0,0.0,1.0,0.0
155607,EW3,90.0,90.0,0.0,1.0,0.0
155608,EW3,90.0,90.0,0.0,1.0,0.0
155609,EW3,90.0,90.0,0.0,1.0,0.0
163115,EW3,90.0,90.0,0.0,1.0,0.0
163116,EW3,90.0,90.0,0.0,1.0,0.0
163117,EW3,90.0,90.0,0.0,1.0,0.0
163118,EW3,90.0,90.0,0.0,1.0,0.0
163119,EW3,90.0,90.0,0.0,1.0,0.0
163120,EW3,90.0,90.0,0.0,1.0,0.0
163121,EW3,90.0,90.0,0.0,1.0,0.0
163122,EW3,90.0,90.0,0.0,1.0,0.0
163123,EW3,90.0,90.0,0.0,1.0,0.0
163124,EW3,90.0,90.0,0.0,1.0,0.0
163125,EW3,90.0,90.0,0.0,1.0,0.0
163126,EW3,90.0,90.0,0.0,1.0,0.0
163127,EW3,90.0,90.0,0.0,1.0,0.0
163128,EW3,90.0,90.0,0.0,1.0,0.0
163129,EW3,90.0,90.0,0.0,1.0,0.0
163130,EW3,90.0,90.0,0.0,1.0,0.0
163131,EW3,90.0,90.0,0.0,1.0,0.0
163132,EW3,90.0,90.0,0.0,1.0,0.0
163133,EW3,90.0,90.0,0.0,1.0,0.0
163134,EW3,90.0,90.0,0.0,1.0,0.0
163135,EW3,90.0,90.0,0.0,1.0,0.0
163136,EW3,90.0,90.0,0.0,1.0,0.0
163137,EW3,90.0,90.0,0.0,1.0,0.0
163138,EW3,90.0,90.0,0.0,1.0,0.0
163139,EW3,90.0,90.0,0.0,1.0,0.0
163140,EW3,90.0,90.0,0.0,1.0,0.0
163141,EW3,90.0,90.0,0.0,1.0,0.0
163142,EW3,90.0,90.0,0.0,1.0,0.0
163143,EW3,90.0,90.0,0.0,1.0,0.0
163144,EW3,90.0,90.0,0.0,1.0,0.0
163145,EW3,90.0,90.0,0.0,1.0,0.0
163146,EW3,90.0,90.0,0.0,1.0,0.0
163147,EW3,90.0,90.0,0.0,1.0,0.0
163148,EW3,90.0,90.0,0.0,1.0,0.0
163149,EW3,90.0,90.0,0.0,1.0,0.0
163150,EW3,90.0,90.0,0.0,1.0,0.0
163151,EW3,90.0,90.0,0.0,1.0,0.0
163152,EW3,90.0,90.0,0.0,1.0,0.0
163153,EW3,90.0,90.0,0.0,1.0,0.0
163154,EW3,90.0,90.0,0.0,1.0,0.0
163155,EW3,90.0,90.0,0.0,1.0,0.0
163156,EW3,90.0,90.0,0.0,1.0,0.0
163157,EW3,90.0,90.0,0.0,1.0,0.0
163158,EW3,90.0,90.0,0.0,1.0,0.0
163159,EW3,90.0,90.0,0.0,1.0,0.0
163160,EW3,90.0,90.0,0.0,1.0,0.0
163161,EW3,90.0,90.0,0.0,1.0,0.0
163162,EW3,90.0,90.0,0.0,1.0,0.0
163163,EW3,90.0,90.0,0.0,1.0,0.0
163164,EW3,90.0,90.0,0.0,1.0,0.0
163165,EW3,90.0,90.0,0.0,1.0,0.0
163166,EW3,90.0,90.0,0.0,1.0,0.0
163167,EW3,90.0,90.0,0.0,1.0,0.0
163168,EW3,90.0,90.0,0.0,1.0,0.0
163169,EW3,90.0,90.0,0.0,1.0,0.0
163170,EW3,90.0,90.0,0.0,1.0,0.0
163171,EW3,90.0,90.0,0.0,1.0,0.0
163172,EW3,90.0,90.0,0.0,1.0,0.0
163173,EW3,90.0,90.0,0.0,1.0,0.0
163174,EW3,90.0,90.0,0.0,1.0,0.0
163175,EW3,90.0,90.0,0.0,1.0,0.0
163176,EW3,90.0,90.0,0.0,1.0,0.0
163177,EW3,90.0,90.0,0.0,1.0,0.0
163178,EW3,90.0,90.0,0.0,1.0,0.0
163179,EW3,90.0,90.0,0.0,1.0,0.0
163180,EW3,90.0,90.0,0.0,1.0,0.0
163181,EW3,90.0,90.0,0.0,1.0,0.0
163182,EW3,90.0,90.0,0.0,1.0,0.0
163183,EW3,90.0,90.0,0.0,1.0,0.0
163184,EW3,90.0,90.0,0.0,1.0,0.0
163185,EW3,90.0,90.0,0.0,1.0,0.0
163186,EW3,90.0,90.0,0.0,1.0,0.0
163187,EW3,90.0,90.0,0.0,1.0,0.0
163188,EW3,90.0,90.0,0.0,1.0,0.0
163189,EW3,90.0,90.0,0.0,1.0,0.0
163190,EW3,90.0,90.0,0.0,1.0,0.0
163191,EW3,90.0,90.0,0.0,1.0,0.0
163192,EW3,90.0,90.0,0.0,1.0,0.0
163193,EW3,90.0,90.0,0.0,1.0,0.0
163194,EW3,90.0,90.0,0.0,1.0,0.0
163195,EW3,90.0,90.0,0.0,1.0,0.0
163196,EW3,90.0,90.0,0.0,1.0,0.0
163197,EW3,90.0,90.0,0.0,1.0,0.0
163198,EW3,90.0,90.0,0.0,1.0,0.0
163199,EW3,90.0,90.0,0.0,1.0,0.0
163200,EW3,90.0,90.0,0.0,1.0,0.0
163201,EW3,90.0,90.0,0.0,1.0,0.0
163202,EW3,90.0,90.0,0.0,1.0,0.0
163203,EW3,90.0,90.0,0.0,1.0,0.0
163204,EW3,90.0,90.0,0.0,1.0,0.0
163205,EW3,90.0,90.0,0.0,1.0,0.0
163206,EW3,90.0,90.0,0.0,1.0,0.0
163207,EW3,90.0,90.0,0.0,1.0,0.0
163208,EW3,90.0,90.0,0.0,1.0,0.0
163209,EW3,90.0,90.0,0.0,1.0,0.0
170715,EW3,90.0,90.0,0.0,1.0,0.0
170716,EW3,90.0,90.0,0.0,1.0,0.0
170717,EW3,90.0,90.0,0.0,1.0,0.0
170718,EW3,90.0,90.0,0.0,1.0,0.0
170719,EW3,90.0,90.0,0.0,1.0,0.0
170720,EW3,90.0,90.0,0.0,1.0,0.0
170721,EW3,90.0,90.0,0.0,1.0,0.0
170722,EW3,90.0,90.0,0.0,1.0,0.0
170723,EW3,90.0,90.0,0.0,1.0,0.0
170724,EW3,90.0,90.0,0.0,1.0,0.0
170725,EW3,90.0,90.0,0.0,1.0,0.0
170726,EW3,90.0,90.0,0.0,1.0,0.0
170727,EW3,90.0,90.0,0.0,1.0,0.0
170728,EW3,90.0,90.0,0.0,1.0,0.0
170729,EW3,90.0,90.0,0.0,1.0,0.0
170730,EW3,90.0,90.0,0.0,1.0,0.0
170731,EW3,90.0,90.0,0.0,1.0,0.0
170732,EW3,90.0,90.0,0.0,1.0,0.0
170733,EW3,90.0,90.0,0.0,1.0,0.0
170734,EW3,90.0,90.0,0.0,1.0,0.0
170735,EW3,90.0,90.0,0.0,1.0,0.0
170736,EW3,90.0,90.0,0.0,1.0,0.0
170737,EW3,90.0,90.0,0.0,1.0,0.0
170738,EW3,90.0,90.0,0.0,1.0,0.0
170739,EW3,90.0,90.0,0.0,1.0,0.0
170740,EW3,90.0,90.0,0.0,1.0,0.0
170741,EW3,90.0,90.0,0.0,1.0,0.0
170742,EW3,90.0,90.0,0.0,1.0,0.0
170743,EW3,90.0,90.0,0.0,1.0,0.0
170744,EW3,90.0,90.0,0.0,1.0,0.0
170745,EW3,90.0,90.0,0.0,1.0,0.0
170746,EW3,90.0,90.0,0.0,1.0,0.0
170747,EW3,90.0,90.0,0.0,1.0,0.0
170748,EW3,90.0,90.0,0.0,1.0,0.0
170749,EW3,90.0,90.0,0.0,1.0,0.0
170750,EW3,90.0,90.0,0.0,1.0,0.0
170751,EW3,90.0,90.0,0.0,1.0,0.0
170752,EW3,90.0,90.0,0.0,1.0,0.0
170753,EW3,90.0,90.0,0.0,1.0,0.0
170754,EW3,90.0,90.0,0.0,1.0,0.0
170755,EW3,90.0,90.0,0.0,1.0,0.0
170756,EW3,90.0,90.0,0.0,1.0,0.0
170757,EW3,90.0,90.0,0.0,1.0,0.0
170758,EW3,90.0,90.0,0.0,1.0,0.0
170759,EW3,90.0,90.0,0.0,1.0,0.0
170760,EW3,90.0,90.0,0.0,1.0,0.0
170761,EW3,90.0,90.0,0.0,1.0,0.0
170762,EW3,90.0,90.0,0.0,1.0,0.0
170763,EW3,90.0,90.0,0.0,1.0,0.0
170764,EW3,90.0,90.0,0.0,1.0,0.0
170765,EW3,90.0,90.0,0.0,1.0,0.0
170766,EW3,90.0,90.0,0.0,1.0,0.0
170767,EW3,90.0,90.0,0.0,1.0,0.0
170768,EW3,90.0,90.0,0.0,1.0,0.0
170769,EW3,90.0,90.0,0.0,1.0,0.0
170770,EW3,90.0,90.0,0.0,1.0,0.0
170771,EW3,90.0,90.0,0.0,1.0,0.0
170772,EW3,90.0,90.0,0.0,1.0,0.0
170773,EW3,90.0,90.0,0.0,1.0,0.0
170774,EW3,90.0,90.0,0.0,1.0,0.0
170775,EW3,90.0,90.0,0.0,1.0,0.0
170776,EW3,90.0,90.0,0.0,1.0,0.0
170777,EW3,90.0,90.0,0.0,1.0,0.0
170778,EW3,90.0,90.0,0.0,1.0,0.0
170779,EW3,90.0,90.0,0.0,1.0,0.0
170780,EW3,90.0,90.0,0.0,1.0,0.0
170781,EW3,90.0,90.0,0.0,1.0,0.0
170782,EW3,90.0,90.0,0.0,1.0,0.0
170783,EW3,90.0,90.0,0.0,1.0,0.0
170784,EW3,90.0,90.0,0.0,1.0,0.0
170785,EW3,90.0,90.0,0.0,1.0,0.0
170786,EW3,90.0,90.0,0.0,1.0,0.0
170787,EW3,90.0,90.0,0.0,1.0,0.0
170788,EW3,90.0,90.0,0.0,1.0,0.0
170789,EW3,90.0,90.0,0.0,1.0,0.0
170790,EW3,90.0,90.0,0.0,1.0,0.0
170791,EW3,90.0,90.0,0.0,1.0,0.0
170792,EW3,90.0,90.0,0.0,1.0,0.0
170793,EW3,90.0,90.0,0.0,1.0,0.0
170794,EW3,90.0,90.0,0.0,1.0,0.0
170795,EW3,90.0,90.0,0.0,1.0,0.0
170796,EW3,90.0,90.0,0.0,1.0,0.0
170797,EW3,90.0,90.0,0.0,1.0,0.0
170798,EW3,90.0,90.0,0.0,1.0,0.0
170799,EW3,90.0,90.0,0.0,1.0,0.0
170800,EW3,90.0,90.0,0.0,1.0,0.0
170801,EW3,90.0,90.0,0.0,1.0,0.0
170802,EW3,90.0,90.0,0.0,1.0,0.0
170803,EW3,90.0,90.0,0.0,1.0,0.0
170804,EW3,90.0,90.0,0.0,1.0,0.0
170805,EW3,90.0,90.0,0.0,1.0,0.0
170806,EW3,90.0,90.0,0.0,1.0,0.0
170807,EW3,90.0,90.0,0.0,1.0,0.0
170808,EW3,90.0,90.0,0.0,1.0,0.0
170809,EW3,90.0,90.0,0.0,1.0,0.0
178315,EW3,90.0,90.0,0.0,1.0,0.0
178316,EW3,90.0,90.0,0.0,1.0,0.0
178317,EW3,90.0,90.0,0.0,1.0,0.0
178318,EW3,90.0,90.0,0.0,1.0,0.0
178319,EW3,90.0,90.0,0.0,1.0,0.0
178320,EW3,90.0,90.0,0.0,1.0,0.0
178321,EW3,90.0,90.0,0.0,1.0,0.0
178322,EW3,90.0,90.0,0.0,1.0,0.0
178323,EW3,90.0,90.0,0.0,1.0,0.0
178324,EW3,90.0,90.0,0.0,1.0,0.0
178325,EW3,90.0,90.0,0.0,1.0,0.0
178326,EW3,90.0,90.0,0.0,1.0,0.0
178327,EW3,90.0,90.0,0.0,1.0,0.0
178328,EW3,90.0,90.0,0.0,1.0,0.0
178329,EW3,90.0,90.0,0.0,1.0,0.0
178330,EW3,90.0,90.0,0.0,1.0,0.0
178331,EW3,90.0,90.0,0.0,1.0,0.0
178332,EW3,90.0,90.0,0.0,1.0,0.0
178333,EW3,90.0,90.0,0.0,1.0,0.0
178334,EW3,90.0,90.0,0.0,1.0,0.0
178335,EW3,90.0,90.0,0.0,1.0,0.0
178336,EW3,90.0,90.0,0.0,1.0,0.0
178337,EW3,90.0,90.0,0.0,1.0,0.0
178338,EW3,90.0,90.0,0.0,1.0,0.0
178339,EW3,90.0,90.0,0.0,1.0,0.0
178340,EW3,90.0,90.0,0.0,1.0,0.0
178341,EW3,90.0,90.0,0.0,1.0,0.0
178342,EW3,90.0,90.0,0.0,1.0,0.0
178343,EW3,90.0,90.0,0.0,1.0,0.0
178344,EW3,90.0,90.0,0.0,1.0,0.0
178345,EW3,90.0,90.0,0.0,1.0,0.0
178346,EW3,90.0,90.0,0.0,1.0,0.0
178347,EW3,90.0,90.0,0.0,1.0,0.0
178348,EW3,90.0,90.0,0.0,1.0,0.0
178349,EW3,90.0,90.0,0.0,1.0,0.0
178350,EW3,90.0,90.0,0.0,1.0,0.0
178351,EW3,90.0,90.0,0.0,1.0,0.0
178352,EW3,90.0,90.0,0.0,1.0,0.0
178353,EW3,90.0,90.0,0.0,1.0,0.0
178354,EW3,90.0,90.0,0.0,1.0,0.0
178355,EW3,90.0,90.0,0.0,1.0,0.0
178356,EW3,90.0,90.0,0.0,1.0,0.0
178357,EW3,90.0,90.0,0.0,1.0,0.0
178358,EW3,90.0,90.0,0.0,1.0,0.0
178359,EW3,90.0,90.0,0.0,1.0,0.0
178360,EW3,90.0,90.0,0.0,1.0,0.0
178361,EW3,90.0,90.0,0.0,1.0,0.0
178362,EW3,90.0,90.0,0.0,1.0,0.0
178363,EW3,90.0,90.0,0.0,1.0,0.0
178364,EW3,90.0,90.0,0.0,1.0,0.0
178365,EW3,90.0,90.0,0.0,1.0,0.0
178366,EW3,90.0,90.0,0.0,1.0,0.0
178367,EW3,90.0,90.0,0.0,1.0,0.0
178368,EW3,90.0,90.0,0.0,1.0,0.0
178369,EW3,90.0,90.0,0.0,1.0,0.0
178370,EW3,90.0,90.0,0.0,1.0,0.0
178371,EW3,90.0,90.0,0.0,1.0,0.0
178372,EW3,90.0,90.0,0.0,1.0,0.0
178373,EW3,90.0,90.0,0.0,1.0,0.0
178374,EW3,90.0,90.0,0.0,1.0,0.0
178375,EW3,90.0,90.0,0.0,1.0,0.0
178376,EW3,90.0,90.0,0.0,1.0,0.0
178377,EW3,90.0,90.0,0.0,1.0,0.0
178378,EW3,90.0,90.0,0.0,1.0,0.0
178379,EW3,90.0,90.0,0.0,1.0,0.0
178380,EW3,90.0,90.0,0.0,1.0,0.0
178381,EW3,90.0,90.0,0.0,1.0,0.0
178382,EW3,90.0,90.0,0.0,1.0,0.0
178383,EW3,90.0,90.0,0.0,1.0,0.0
178384,EW3,90.0,90.0,0.0,1.0,0.0
178385,EW3,90.0,90.0,0.0,1.0,0.0
178386,EW3,90.0,90.0,0.0,1.0,0.0
178387,EW3,90.0,90.0,0.0,1.0,0.0
178388,EW3,90.0,90.0,0.0,1.0,0.0
178389,EW3,90.0,90.0,0.0,1.0,0.0
178390,EW3,90.0,90.0,0.0,1.0,0.0
178391,EW3,90.0,90.0,0.0,1.0,0.0
178392,EW3,90.0,90.0,0.0,1.0,0.0
178393,EW3,90.0,90.0,0.0,1.0,0.0
178394,EW3,90.0,90.0,0.0,1.0,0.0
178395,EW3,90.0,90.0,0.0,1.0,0.0
178396,EW3,90.0,90.0,0.0,1.0,0.0
178397,EW3,90.0,90.0,0.0,1.0,0.0
178398,EW3,90.0,90.0,0.0,1.0,0.0
178399,EW3,90.0,90.0,0.0,1.0,0.0
178400,EW3,90.0,90.0,0.0,1.0,0.0
178401,EW3,90.0,90.0,0.0,1.0,0.0
178402,EW3,90.0,90.0,0.0,1.0,0.0
178403,EW3,90.0,90.0,0.0,1.0,0.0
178404,EW3,90.0,90.0,0.0,1.0,0.0
178405,EW3,90.0,90.0,0.0,1.0,0.0
178406,EW3,90.0,90.0,0.0,1.0,0.0
178407,EW3,90.0,90.0,0.0,1.0,0.0
178408,EW3,90.0,90.0,0.0,1.0,0.0
178409,EW3,90.0,90.0,0.0,1.0,0.0
185915,EW3,90.0,90.0,0.0,1.0,0.0
185916,EW3,90.0,90.0,0.0,1.0,0.0
185917,EW3,90.0,90.0,0.0,1.0,0.0
185918,EW3,90.0,90.0,0.0,1.0,0.0
185919,EW3,90.0,90.0,0.0,1.0,0.0
185920,EW3,90.0,90.0,0.0,1.0,0.0
185921,EW3,90.0,90.0,0.0,1.0,0.0
185922,EW3,90.0,90.0,0.0,1.0,0.0
185923,EW3,90.0,90.0,0.0,1.0,0.0
185924,EW3,90.0,90.0,0.0,1.0,0.0
185925,EW3,90.0,90.0,0.0,1.0,0.0
185926,EW3,90.0,90.0,0.0,1.0,0.0
185927,EW3,90.0,90.0,0.0,1.0,0.0
185928,EW3,90.0,90.0,0.0,1.0,0.0
185929,EW3,90.0,90.0,0.0,1.0,0.0
185930,EW3,90.0,90.0,0.0,1.0,0.0
185931,EW3,90.0,90.0,0.0,1.0,0.0
185932,EW3,90.0,90.0,0.0,1.0,0.0
185933,EW3,90.0,90.0,0.0,1.0,0.0
185934,EW3,90.0,90.0,0.0,1.0,0.0
185935,EW3,90.0,90.0,0.0,1.0,0.0
185936,EW3,90.0,90.0,0.0,1.0,0.0
185937,EW3,90.0,90.0,0.0,1.0,0.0
185938,EW3,90.0,90.0,0.0,1.0,0.0
185939,EW3,90.0,90.0,0.0,1.0,0.0
185940,EW3,90.0,90.0,0.0,1.0,0.0
185941,EW3,90.0,90.0,0.0,1.0,0.0
185942,EW3,90.0,90.0,0.0,1.0,0.0
185943,EW3,90.0,90.0,0.0,1.0,0.0
185944,EW3,90.0,90.0,0.0,1.0,0.0
185945,EW3,90.0,90.0,0.0,1.0,0.0
185946,EW3,90.0,90.0,0.0,1.0,0.0
185947,EW3,90.0,90.0,0.0,1.0,0.0
185948,EW3,90.0,90.0,0.0,1.0,0.0
185949,EW3,90.0,90.0,0.0,1.0,0.0
185950,EW3,90.0,90.0,0.0,1.0,0.0
185951,EW3,90.0,90.0,0.0,1.0,0.0
185952,EW3,90.0,90.0,0.0,1.0,0.0
185953,EW3,90.0,90.0,0.0,1.0,0.0
185954,EW3,90.0,90.0,0.0,1.0,0.0
185955,EW3,90.0,90.0,0.0,1.0,0.0
185956,EW3,90.0,90.0,0.0,1.0,0.0
185957,EW3,90.0,90.0,0.0,1.0,0.0
185958,EW3,90.0,90.0,0.0,1.0,0.0
185959,EW3,90.0,90.0,0.0,1.0,0.0
185960,EW3,90.0,90.0,0.0,1.0,0.0
185961,EW3,90.0,90.0,0.0,1.0,0.0
185962,EW3,90.0,90.0,0.0,1.0,0.0
185963,EW3,90.0,90.0,0.0,1.0,0.0
185964,EW3,90.0,90.0,0.0,1.0,0.0
185965,EW3,90.0,90.0,0.0,1.0,0.0
185966,EW3,90.0,90.0,0.0,1.0,0.0
185967,EW3,90.0,90.0,0.0,1.0,0.0
185968,EW3,90.0,90.0,0.0,1.0,0.0
185969,EW3,90.0,90.0,0.0,1.0,0.0
185970,EW3,90.0,90.0,0.0,1.0,0.0
185971,EW3,90.0,90.0,0.0,1.0,0.0
185972,EW3,90.0,90.0,0.0,1.0,0.0
185973,EW3,90.0,90.0,0.0,1.0,0.0
185974,EW3,90.0,90.0,0.0,1.0,0.0
185975,EW3,90.0,90.0,0.0,1.0,0.0
185976,EW3,90.0,90.0,0.0,1.0,0.0
185977,EW3,90.0,90.0,0.0,1.0,0.0
185978,EW3,90.0,90.0,0.0,1.0,0.0
185979,EW3,90.0,90.0,0.0,1.0,0.0
185980,EW3,90.0,90.0,0.0,1.0,0.0
185981,EW3,90.0,90.0,0.0,1.0,0.0
185982,EW3,90.0,90.0,0.0,1.0,0.0
185983,EW3,90.0,90.0,0.0,1.0,0.0
185984,EW3,90.0,90.0,0.0,1.0,0.0
185985,EW3,90.0,90.0,0.0,1.0,0.0
185986,EW3,90.0,90.0,0.0,1.0,0.0
185987,EW3,90.0,90.0,0.0,1.0,0.0
185988,EW3,90.0,90.0,0.0,1.0,0.0
185989,EW3,90.0,90.0,0.0,1.0,0.0
185990,EW3,90.0,90.0,0.0,1.0,0.0
185991,EW3,90.0,90.0,0.0,1.0,0.0
185992,EW3,90.0,90.0,0.0,1.0,0.0
185993,EW3,90.0,90.0,0.0,1.0,0.0
185994,EW3,90.0,90.0,0.0,1.0,0.0
185995,EW3,90.0,90.0,0.0,1.0,0.0
185996,EW3,90.0,90.0,0.0,1.0,0.0
185997,EW3,90.0,90.0,0.0,1.0,0.0
185998,EW3,90.0,90.0,0.0,1.0,0.0
185999,EW3,90.0,90.0,0.0,1.0,0.0
186000,EW3,90.0,90.0,0.0,1.0,0.0
186001,EW3,90.0,90.0,0.0,1.0,0.0
186002,EW3,90.0,90.0,0.0,1.0,0.0
186003,EW3,90.0,90.0,0.0,1.0,0.0
186004,EW3,90.0,90.0,0.0,1.0,0.0
186005,EW3,90.0,90.0,0.0,1.0,0.0
186006,EW3,90.0,90.0,0.0,1.0,0.0
186007,EW3,90.0,90.0,0.0,1.0,0.0
186008,EW3,90.0,90.0,0.0,1.0,0.0
186009,EW3,90.0,90.0,0.0,1.0,0.0
193515,EW3,90.0,90.0,0.0,1.0,0.0
193516,EW3,90.0,90.0,0.0,1.0,0.0
193517,EW3,90.0,90.0,0.0,1.0,0.0
193518,EW3,90.0,90.0,0.0,1.0,0.0
193519,EW3,90.0,90.0,0.0,1.0,0.0
193520,EW3,90.0,90.0,0.0,1.0,0.0
193521,EW3,90.0,90.0,0.0,1.0,0.0
193522,EW3,90.0,90.0,0.0,1.0,0.0
193523,EW3,90.0,90.0,0.0,1.0,0.0
193524,EW3,90.0,90.0,0.0,1.0,0.0
193525,EW3,90.0,90.0,0.0,1.0,0.0
193526,EW3,90.0,90.0,0.0,1.0,0.0
193527,EW3,90.0,90.0,0.0,1.0,0.0
193528,EW3,90.0,90.0,0.0,1.0,0.0
193529,EW3,90.0,90.0,0.0,1.0,0.0
193530,EW3,90.0,90.0,0.0,1.0,0.0
193531,EW3,90.0,90.0,0.0,1.0,0.0
193532,EW3,90.0,90.0,0.0,1.0,0.0
193533,EW3,90.0,90.0,0.0,1.0,0.0
193534,EW3,90.0,90.0,0.0,1.0,0.0
193535,EW3,90.0,90.0,0.0,1.0,0.0
193536,EW3,90.0,90.0,0.0,1.0,0.0
193537,EW3,90.0,90.0,0.0,1.0,0.0
193538,EW3,90.0,90.0,0.0,1.0,0.0
193539,EW3,90.0,90.0,0.0,1.0,0.0
193540,EW3,90.0,90.0,0.0,1.0,0.0
193541,EW3,90.0,90.0,0.0,1.0,0.0
193542,EW3,90.0,90.0,0.0,1.0,0.0
193543,EW3,90.0,90.0,0.0,1.0,0.0
193544,EW3,90.0,90.0,0.0,1.0,0.0
193545,EW3,90.0,90.0,0.0,1.0,0.0
193546,EW3,90.0,90.0,0.0,1.0,0.0
193547,EW3,90.0,90.0,0.0,1.0,0.0
193548,EW3,90.0,90.0,0.0,1.0,0.0
193549,EW3,90.0,90.0,0.0,1.0,0.0
193550,EW3,90.0,90.0,0.0,1.0,0.0
193551,EW3,90.0,90.0,0.0,1.0,0.0
193552,EW3,90.0,90.0,0.0,1.0,0.0
193553,EW3,90.0,90.0,0.0,1.0,0.0
193554,EW3,90.0,90.0,0.0,1.0,0.0
193555,EW3,90.0,90.0,0.0,1.0,0.0
193556,EW3,90.0,90.0,0.0,1.0,0.0
193557,EW3,90.0,90.0,0.0,1.0,0.0
193558,EW3,90.0,90.0,0.0,1.0,0.0
193559,EW3,90.0,90.0,0.0,1.0,0.0
193560,EW3,90.0,90.0,0.0,1.0,0.0
193561,EW3,90.0,90.0,0.0,1.0,0.0
193562,EW3,90.0,90.0,0.0,1.0,0.0
193563,EW3,90.0,90.0,0.0,1.0,0.0
193564,EW3,90.0,90.0,0.0,1.0,0.0
193565,EW3,90.0,90.0,0.0,1.0,0.0
193566,EW3,90.0,90.0,0.0,1.0,0.0
193567,EW3,90.0,90.0,0.0,1.0,0.0
193568,EW3,90.0,90.0,0.0,1.0,0.0
193569,EW3,90.0,90.0,0.0,1.0,0.0
193570,EW3,90.0,90.0,0.0,1.0,0.0
193571,EW3,90.0,90.0,0.0,1.0,0.0
193572,EW3,90.0,90.0,0.0,1.0,0.0
193573,EW3,90.0,90.0,0.0,1.0,0.0
193574,EW3,90.0,90.0,0.0,1.0,0.0
193575,EW3,90.0,90.0,0.0,1.0,0.0
193576,EW3,90.0,90.0,0.0,1.0,0.0
193577,EW3,90.0,90.0,0.0,1.0,0.0
193578,EW3,90.0,90.0,0.0,1.0,0.0
193579,EW3,90.0,90.0,0.0,1.0,0.0
193580,EW3,90.0,90.0,0.0,1.0,0.0
193581,EW3,90.0,90.0,0.0,1.0,0.0
193582,EW3,90.0,90.0,0.0,1.0,0.0
193583,EW3,90.0,90.0,0.0,1.0,0.0
193584,EW3,90.0,90.0,0.0,1.0,0.0
193585,EW3,90.0,90.0,0.0,1.0,0.0
193586,EW3,90.0,90.0,0.0,1.0,0.0
193587,EW3,90.0,90.0,0.0,1.0,0.0
193588,EW3,90.0,90.0,0.0,1.0,0.0
193589,EW3,90.0,90.0,0.0,1.0,0.0
193590,EW3,90.0,90.0,0.0,1.0,0.0
193591,EW3,90.0,90.0,0.0,1.0,0.0
193592,EW3,90.0,90.0,0.0,1.0,0.0
193593,EW3,90.0,90.0,0.0,1.0,0.0
193594,EW3,90.0,90.0,0.0,1.0,0.0
193595,EW3,90.0,90.0,0.0,1.0,0.0
193596,EW3,90.0,90.0,0.0,1.0,0.0
193597,EW3,90.0,90.0,0.0,1.0,0.0
193598,EW3,90.0,90.0,0.0,1.0,0.0
193599,EW3,90.0,90.0,0.0,1.0,0.0
193600,EW3,90.0,90.0,0.0,1.0,0.0
193601,EW3,90.0,90.0,0.0,1.0,0.0
193602,EW3,90.0,90.0,0.0,1.0,0.0
193603,EW3,90.0,90.0,0.0,1.0,0.0
193604,EW3,90.0,90.0,0.0,1.0,0.0
193605,EW3,90.0,90.0,0.0,1.0,0.0
193606,EW3,90.0,90.0,0.0,1.0,0.0
193607,EW3,90.0,90.0,0.0,1.0,0.0
193608,EW3,90.0,90.0,0.0,1.0,0.0
193609,EW3,90.0,90.0,0.0,1.0,0.0
4560,EW4,90.0,90.0,0.0,1.0,0.0
4561,EW4,90.0,90.0,0.0,1.0,0.0
4562,EW4,90.0,90.0,0.0,1.0,0.0
4563,EW4,90.0,90.0,0.0,1.0,0.0
4564,EW4,90.0,90.0,0.0,1.0,0.0
4565,EW4,90.0,90.0,0.0,1.0,0.0
4566,EW4,90.0,90.0,0.0,1.0,0.0
4567,EW4,90.0,90.0,0.0,1.0,0.0
4568,EW4,90.0,90.0,0.0,1.0,0.0
4569,EW4,90.0,90.0,0.0,1.0,0.0
4570,EW4,90.0,90.0,0.0,1.0,0.0
4571,EW4,90.0,90.0,0.0,1.0,0.0
4572,EW4,90.0,90.0,0.0,1.0,0.0
4573,EW4,90.0,90.0,0.0,1.0,0.0
4574,EW4,90.0,90.0,0.0,1.0,0.0
4575,EW4,90.0,90.0,0.0,1.0,0.0
4576,EW4,90.0,90.0,0.0,1.0,0.0
4577,EW4,90.0,90.0,0.0,1.0,0.0
4578,EW4,90.0,90.0,0.0,1.0,0.0
4579,EW4,90.0,90.0,0.0,1.0,0.0
4580,EW4,90.0,90.0,0.0,1.0,0.0
4581,EW4,90.0,90.0,0.0,1.0,0.0
4582,EW4,90.0,90.0,0.0,1.0,0.0
4583,EW4,90.0,90.0,0.0,1.0,0.0
4584,EW4,90.0,90.0,0.0,1.0,0.0
4585,EW4,90.0,90.0,0.0,1.0,0.0
4586,EW4,90.0,90.0,0.0,1.0,0.0
4587,EW4,90.0,90.0,0.0,1.0,0.0
4588,EW4,90.0,90.0,0.0,1.0,0.0
4589,EW4,90.0,90.0,0.0,1.0,0.0
4590,EW4,90.0,90.0,0.0,1.0,0.0
4591,EW4,90.0,90.0,0.0,1.0,0.0
4592,EW4,90.0,90.0,0.0,1.0,0.0
4593,EW4,90.0,90.0,0.0,1.0,0.0
4594,EW4,90.0,90.0,0.0,1.0,0.0
4595,EW4,90.0,90.0,0.0,1.0,0.0
4596,EW4,90.0,90.0,0.0,1.0,0.0
4597,EW4,90.0,90.0,0.0,1.0,0.0
4598,EW4,90.0,90.0,0.0,1.0,0.0
4599,EW4,90.0,90.0,0.0,1.0,0.0
4600,EW4,90.0,90.0,0.0,1.0,0.0
4601,EW4,90.0,90.0,0.0,1.0,0.0
4602,EW4,90.0,90.0,0.0,1.0,0.0
4603,EW4,90.0,90.0,0.0,1.0,0.0
4604,EW4,90.0,90.0,0.0,1.0,0.0
4605,EW4,90.0,90.0,0.0,1.0,0.0
4606,EW4,90.0,90.0,0.0,1.0,0.0
4607,EW4,90.0,90.0,0.0,1.0,0.0
4608,EW4,90.0,90.0,0.0,1.0,0.0
4609,EW4,90.0,90.0,0.0,1.0,0.0
4610,EW4,90.0,90.0,0.0,1.0,0.0
4611,EW4,90.0,90.0,0.0,1.0,0.0
4612,EW4,90.0,90.0,0.0,1.0,0.0
4613,EW4,90.0,90.0,0.0,1.0,0.0
4614,EW4,90.0,90.0,0.0,1.0,0.0
4615,EW4,90.0,90.0,0.0,1.0,0.0
4616,EW4,90.0,90.0,0.0,1.0,0.0
4617,EW4,90.0,90.0,0.0,1.0,0.0
4618,EW4,90.0,90.0,0.0,1.0,0.0
4619,EW4,90.0,90.0,0.0,1.0,0.0
4620,EW4,90.0,90.0,0.0,1.0,0.0
4621,EW4,90.0,90.0,0.0,1.0,0.0
4622,EW4,90.0,90.0,0.0,1.0,0.0
4623,EW4,90.0,90.0,0.0,1.0,0.0
4624,EW4,90.0,90.0,0.0,1.0,0.0
4625,EW4,90.0,90.0,0.0,1.0,0.0
4626,EW4,90.0,90.0,0.0,1.0,0.0
4627,EW4,90.0,90.0,0.0,1.0,0.0
4628,EW4,90.0,90.0,0.0,1.0,0.0
4629,EW4,90.0,90.0,0.0,1.0,0.0
4630,EW4,90.0,90.0,0.0,1.0,0.0
4631,EW4,90.0,90.0,0.0,1.0,0.0
4632,EW4,90.0,90.0,0.0,1.0,0.0
4633,EW4,90.0,90.0,0.0,1.0,0.0
4634,EW4,90.0,90.0,0.0,1.0,0.0
4635,EW4,90.0,90.0,0.0,1.0,0.0
4636,EW4,90.0,90.0,0.0,1.0,0.0
4637,EW4,90.0,90.0,0.0,1.0,0.0
4638,EW4,90.0,90.0,0.0,1.0,0.0
4639,EW4,90.0,90.0,0.0,1.0,0.0
4640,EW4,90.0,90.0,0.0,1.0,0.0
4641,EW4,90.0,90.0,0.0,1.0,0.0
4642,EW4,90.0,90.0,0.0,1.0,0.0
4643,EW4,90.0,90.0,0.0,1.0,0.0
4644,EW4,90.0,90.0,0.0,1.0,0.0
4645,EW4,90.0,90.0,0.0,1.0,0.0
4646,EW4,90.0,90.0,0.0,1.0,0.0
4647,EW4,90.0,90.0,0.0,1.0,0.0
4648,EW4,90.0,90.0,0.0,1.0,0.0
4649,EW4,90.0,90.0,0.0,1.0,0.0
4650,EW4,90.0,90.0,0.0,1.0,0.0
4651,EW4,90.0,90.0,0.0,1.0,0.0
4652,EW4,90.0,90.0,0.0,1.0,0.0
4653,EW4,90.0,90.0,0.0,1.0,0.0
4654,EW4,90.0,90.0,0.0,1.0,0.0
12160,EW4,90.0,90.0,0.0,1.0,0.0
12161,EW4,90.0,90.0,0.0,1.0,0.0
12162,EW4,90.0,90.0,0.0,1.0,0.0
12163,EW4,90.0,90.0,0.0,1.0,0.0
12164,EW4,90.0,90.0,0.0,1.0,0.0
12165,EW4,90.0,90.0,0.0,1.0,0.0
12166,EW4,90.0,90.0,0.0,1.0,0.0
12167,EW4,90.0,90.0,0.0,1.0,0.0
12168,EW4,90.0,90.0,0.0,1.0,0.0
12169,EW4,90.0,90.0,0.0,1.0,0.0
12170,EW4,90.0,90.0,0.0,1.0,0.0
12171,EW4,90.0,90.0,0.0,1.0,0.0
12172,EW4,90.0,90.0,0.0,1.0,0.0
12173,EW4,90.0,90.0,0.0,1.0,0.0
12174,EW4,90.0,90.0,0.0,1.0,0.0
12175,EW4,90.0,90.0,0.0,1.0,0.0
12176,EW4,90.0,90.0,0.0,1.0,0.0
12177,EW4,90.0,90.0,0.0,1.0,0.0
12178,EW4,90.0,90.0,0.0,1.0,0.0
12179,EW4,90.0,90.0,0.0,1.0,0.0
12180,EW4,90.0,90.0,0.0,1.0,0.0
12181,EW4,90.0,90.0,0.0,1.0,0.0
12182,EW4,90.0,90.0,0.0,1.0,0.0
12183,EW4,90.0,90.0,0.0,1.0,0.0
12184,EW4,90.0,90.0,0.0,1.0,0.0
12185,EW4,90.0,90.0,0.0,1.0,0.0
12186,EW4,90.0,90.0,0.0,1.0,0.0
12187,EW4,90.0,90.0,0.0,1.0,0.0
12188,EW4,90.0,90.0,0.0,1.0,0.0
12189,EW4,90.0,90.0,0.0,1.0,0.0
12190,EW4,90.0,90.0,0.0,1.0,0.0
12191,EW4,90.0,90.0,0.0,1.0,0.0
12192,EW4,90.0,90.0,0.0,1.0,0.0
12193,EW4,90.0,90.0,0.0,1.0,0.0
12194,EW4,90.0,90.0,0.0,1.0,0.0
12195,EW4,90.0,90.0,0.0,1.0,0.0
12196,EW4,90.0,90.0,0.0,1.0,0.0
12197,EW4,90.0,90.0,0.0,1.0,0.0
12198,EW4,90.0,90.0,0.0,1.0,0.0
12199,EW4,90.0,90.0,0.0,1.0,0.0
12200,EW4,90.0,90.0,0.0,1.0,0.0
12201,EW4,90.0,90.0,0.0,1.0,0.0
12202,EW4,90.0,90.0,0.0,1.0,0.0
12203,EW4,90.0,90.0,0.0,1.0,0.0
12204,EW4,90.0,90.0,0.0,1.0,0.0
12205,EW4,90.0,90.0,0.0,1.0,0.0
12206,EW4,90.0,90.0,0.0,1.0,0.0
12207,EW4,90.0,90.0,0.0,1.0,0.0
12208,EW4,90.0,90.0,0.0,1.0,0.0
12209,EW4,90.0,90.0,0.0,1.0,0.0
12210,EW4,90.0,90.0,0.0,1.0,0.0
12211,EW4,90.0,90.0,0.0,1.0,0.0
12212,EW4,90.0,90.0,0.0,1.0,0.0
12213,EW4,90.0,90.0,0.0,1.0,0.0
12214,EW4,90.0,90.0,0.0,1.0,0.0
12215,EW4,90.0,90.0,0.0,1.0,0.0
12216,EW4,90.0,90.0,0.0,1.0,0.0
12217,EW4,90.0,90.0,0.0,1.0,0.0
12218,EW4,90.0,90.0,0.0,1.0,0.0
12219,EW4,90.0,90.0,0.0,1.0,0.0
12220,EW4,90.0,90.0,0.0,1.0,0.0
12221,EW4,90.0,90.0,0.0,1.0,0.0
12222,EW4,90.0,90.0,0.0,1.0,0.0
12223,EW4,90.0,90.0,0.0,1.0,0.0
12224,EW4,90.0,90.0,0.0,1.0,0.0
12225,EW4,90.0,90.0,0.0,1.0,0.0
12226,EW4,90.0,90.0,0.0,1.0,0.0
12227,EW4,90.0,90.0,0.0,1.0,0.0
12228,EW4,90.0,90.0,0.0,1.0,0.0
12229,EW4,90.0,90.0,0.0,1.0,0.0
12230,EW4,90.0,90.0,0.0,1.0,0.0
12231,EW4,90.0,90.0,0.0,1.0,0.0
12232,EW4,90.0,90.0,0.0,1.0,0.0
12233,EW4,90.0,90.0,0.0,1.0,0.0
12234,EW4,90.0,90.0,0.0,1.0,0.0
12235,EW4,90.0,90.0,0.0,1.0,0.0
12236,EW4,90.0,90.0,0.0,1.0,0.0
12237,EW4,90.0,90.0,0.0,1.0,0.0
12238,EW4,90.0,90.0,0.0,1.0,0.0
12239,EW4,90.0,90.0,0.0,1.0,0.0
12240,EW4,90.0,90.0,0.0,1.0,0.0
12241,EW4,90.0,90.0,0.0,1.0,0.0
12242,EW4,90.0,90.0,0.0,1.0,0.0
12243,EW4,90.0,90.0,0.0,1.0,0.0
12244,EW4,90.0,90.0,0.0,1.0,0.0
12245,EW4,90.0,90.0,0.0,1.0,0.0
12246,EW4,90.0,90.0,0.0,1.0,0.0
12247,EW4,90.0,90.0,0.0,1.0,0.0
12248,EW4,90.0,90.0,0.0,1.0,0.0
12249,EW4,90.0,90.0,0.0,1.0,0.0
12250,EW4,90.0,90.0,0.0,1.0,0.0
12251,EW4,90.0,90.0,0.0,1.0,0.0
12252,EW4,90.0,90.0,0.0,1.0,0.0
12253,EW4,90.0,90.0,0.0,1.0,0.0
12254,EW4,90.0,90.0,0.0,1.0,0.0
19760,EW4,90.0,90.0,0.0,1.0,0.0
19761,EW4,90.0,90.0,0.0,1.0,0.0
19762,EW4,90.0,90.0,0.0,1.0,0.0
19763,EW4,90.0,90.0,0.0,1.0,0.0
19764,EW4,90.0,90.0,0.0,1.0,0.0
19765,EW4,90.0,90.0,0.0,1.0,0.0
19766,EW4,90.0,90.0,0.0,1.0,0.0
19767,EW4,90.0,90.0,0.0,1.0,0.0
19768,EW4,90.0,90.0,0.0,1.0,0.0
19769,EW4,90.0,90.0,0.0,1.0,0.0
19770,EW4,90.0,90.0,0.0,1.0,0.0
19771,EW4,90.0,90.0,0.0,1.0,0.0
19772,EW4,90.0,90.0,0.0,1.0,0.0
19773,EW4,90.0,90.0,0.0,1.0,0.0
19774,EW4,90.0,90.0,0.0,1.0,0.0
19775,EW4,90.0,90.0,0.0,1.0,0.0
19776,EW4,90.0,90.0,0.0,1.0,0.0
19777,EW4,90.0,90.0,0.0,1.0,0.0
19778,EW4,90.0,90.0,0.0,1.0,0.0
19779,EW4,90.0,90.0,0.0,1.0,0.0
19780,EW4,90.0,90.0,0.0,1.0,0.0
19781,EW4,90.0,90.0,0.0,1.0,0.0
19782,EW4,90.0,90.0,0.0,1.0,0.0
19783,EW4,90.0,90.0,0.0,1.0,0.0
19784,EW4,90.0,90.0,0.0,1.0,0.0
19785,EW4,90.0,90.0,0.0,1.0,0.0
19786,EW4,90.0,90.0,0.0,1.0,0.0
19787,EW4,90.0,90.0,0.0,1.0,0.0
19788,EW4,90.0,90.0,0.0,1.0,0.0
19789,EW4,90.0,90.0,0.0,1.0,0.0
19790,EW4,90.0,90.0,0.0,1.0,0.0
19791,EW4,90.0,90.0,0.0,1.0,0.0
19792,EW4,90.0,90.0,0.0,1.0,0.0
19793,EW4,90.0,90.0,0.0,1.0,0.0
19794,EW4,90.0,90.0,0.0,1.0,0.0
19795,EW4,90.0,90.0,0.0,1.0,0.0
19796,EW4,90.0,90.0,0.0,1.0,0.0
19797,EW4,90.0,90.0,0.0,1.0,0.0
19798,EW4,90.0,90.0,0.0,1.0,0.0
19799,EW4,90.0,90.0,0.0,1.0,0.0
19800,EW4,90.0,90.0,0.0,1.0,0.0
19801,EW4,90.0,90.0,0.0,1.0,0.0
19802,EW4,90.0,90.0,0.0,1.0,0.0
19803,EW4,90.0,90.0,0.0,1.0,0.0
19804,EW4,90.0,90.0,0.0,1.0,0.0
19805,EW4,90.0,90.0,0.0,1.0,0.0
19806,EW4,90.0,90.0,0.0,1.0,0.0
19807,EW4,90.0,90.0,0.0,1.0,0.0
19808,EW4,90.0,90.0,0.0,1.0,0.0
19809,EW4,90.0,90.0,0.0,1.0,0.0
19810,EW4,90.0,90.0,0.0,1.0,0.0
19811,EW4,90.0,90.0,0.0,1.0,0.0
19812,EW4,90.0,90.0,0.0,1.0,0.0
19813,EW4,90.0,90.0,0.0,1.0,0.0
19814,EW4,90.0,90.0,0.0,1.0,0.0
19815,EW4,90.0,90.0,0.0,1.0,0.0
19816,EW4,90.0,90.0,0.0,1.0,0.0
19817,EW4,90.0,90.0,0.0,1.0,0.0
19818,EW4,90.0,90.0,0.0,1.0,0.0
19819,EW4,90.0,90.0,0.0,1.0,0.0
19820,EW4,90.0,90.0,0.0,1.0,0.0
19821,EW4,90.0,90.0,0.0,1.0,0.0
19822,EW4,90.0,90.0,0.0,1.0,0.0
19823,EW4,90.0,90.0,0.0,1.0,0.0
19824,EW4,90.0,90.0,0.0,1.0,0.0
19825,EW4,90.0,90.0,0.0,1.0,0.0
19826,EW4,90.0,90.0,0.0,1.0,0.0
19827,EW4,90.0,90.0,0.0,1.0,0.0
19828,EW4,90.0,90.0,0.0,1.0,0.0
19829,EW4,90.0,90.0,0.0,1.0,0.0
19830,EW4,90.0,90.0,0.0,1.0,0.0
19831,EW4,90.0,90.0,0.0,1.0,0.0
19832,EW4,90.0,90.0,0.0,1.0,0.0
19833,EW4,90.0,90.0,0.0,1.0,0.0
19834,EW4,90.0,90.0,0.0,1.0,0.0
19835,EW4,90.0,90.0,0.0,1.0,0.0
19836,EW4,90.0,90.0,0.0,1.0,0.0
19837,EW4,90.0,90.0,0.0,1.0,0.0
19838,EW4,90.0,90.0,0.0,1.0,0.0
19839,EW4,90.0,90.0,0.0,1.0,0.0
19840,EW4,90.0,90.0,0.0,1.0,0.0
19841,EW4,90.0,90.0,0.0,1.0,0.0
19842,EW4,90.0,90.0,0.0,1.0,0.0
19843,EW4,90.0,90.0,0.0,1.0,0.0
19844,EW4,90.0,90.0,0.0,1.0,0.0
19845,EW4,90.0,90.0,0.0,1.0,0.0
19846,EW4,90.0,90.0,0.0,1.0,0.0
19847,EW4,90.0,90.0,0.0,1.0,0.0
19848,EW4,90.0,90.0,0.0,1.0,0.0
19849,EW4,90.0,90.0,0.0,1.0,0.0
19850,EW4,90.0,90.0,0.0,1.0,0.0
19851,EW4,90.0,90.0,0.0,1.0,0.0
19852,EW4,90.0,90.0,0.0,1.0,0.0
19853,EW4,90.0,90.0,0.0,1.0,0.0
19854,EW4,90.0,90.0,0.0,1.0,0.0
27360,EW4,90.0,90.0,0.0,1.0,0.0
27361,EW4,90.0,90.0,0.0,1.0,0.0
27362,EW4,90.0,90.0,0.0,1.0,0.0
27363,EW4,90.0,90.0,0.0,1.0,0.0
27364,EW4,90.0,90.0,0.0,1.0,0.0
27365,EW4,90.0,90.0,0.0,1.0,0.0
27366,EW4,90.0,90.0,0.0,1.0,0.0
27367,EW4,90.0,90.0,0.0,1.0,0.0
27368,EW4,90.0,90.0,0.0,1.0,0.0
27369,EW4,90.0,90.0,0.0,1.0,0.0
27370,EW4,90.0,90.0,0.0,1.0,0.0
27371,EW4,90.0,90.0,0.0,1.0,0.0
27372,EW4,90.0,90.0,0.0,1.0,0.0
27373,EW4,90.0,90.0,0.0,1.0,0.0
27374,EW4,90.0,90.0,0.0,1.0,0.0
27375,EW4,90.0,90.0,0.0,1.0,0.0
27376,EW4,90.0,90.0,0.0,1.0,0.0
27377,EW4,90.0,90.0,0.0,1.0,0.0
27378,EW4,90.0,90.0,0.0,1.0,0.0
27379,EW4,90.0,90.0,0.0,1.0,0.0
27380,EW4,90.0,90.0,0.0,1.0,0.0
27381,EW4,90.0,90.0,0.0,1.0,0.0
27382,EW4,90.0,90.0,0.0,1.0,0.0
27383,EW4,90.0,90.0,0.0,1.0,0.0
27384,EW4,90.0,90.0,0.0,1.0,0.0
27385,EW4,90.0,90.0,0.0,1.0,0.0
27386,EW4,90.0,90.0,0.0,1.0,0.0
27387,EW4,90.0,90.0,0.0,1.0,0.0
27388,EW4,90.0,90.0,0.0,1.0,0.0
27389,EW4,90.0,90.0,0.0,1.0,0.0
27390,EW4,90.0,90.0,0.0,1.0,0.0
27391,EW4,90.0,90.0,0.0,1.0,0.0
27392,EW4,90.0,90.0,0.0,1.0,0.0
27393,EW4,90.0,90.0,0.0,1.0,0.0
27394,EW4,90.0,90.0,0.0,1.0,0.0
27395,EW4,90.0,90.0,0.0,1.0,0.0
27396,EW4,90.0,90.0,0.0,1.0,0.0
27397,EW4,90.0,90.0,0.0,1.0,0.0
27398,EW4,90.0,90.0,0.0,1.0,0.0
27399,EW4,90.0,90.0,0.0,1.0,0.0
27400,EW4,90.0,90.0,0.0,1.0,0.0
27401,EW4,90.0,90.0,0.0,1.0,0.0
27402,EW4,90.0,90.0,0.0,1.0,0.0
27403,EW4,90.0,90.0,0.0,1.0,0.0
27404,EW4,90.0,90.0,0.0,1.0,0.0
27405,EW4,90.0,90.0,0.0,1.0,0.0
27406,EW4,90.0,90.0,0.0,1.0,0.0
27407,EW4,90.0,90.0,0.0,1.0,0.0
27408,EW4,90.0,90.0,0.0,1.0,0.0
27409,EW4,90.0,90.0,0.0,1.0,0.0
27410,EW4,90.0,90.0,0.0,1.0,0.0
27411,EW4,90.0,90.0,0.0,1.0,0.0
27412,EW4,90.0,90.0,0.0,1.0,0.0
27413,EW4,90.0,90.0,0.0,1.0,0.0
27414,EW4,90.0,90.0,0.0,1.0,0.0
27415,EW4,90.0,90.0,0.0,1.0,0.0
27416,EW4,90.0,90.0,0.0,1.0,0.0
27417,EW4,90.0,90.0,0.0,1.0,0.0
27418,EW4,90.0,90.0,0.0,1.0,0.0
27419,EW4,90.0,90.0,0.0,1.0,0.0
27420,EW4,90.0,90.0,0.0,1.0,0.0
27421,EW4,90.0,90.0,0.0,1.0,0.0
27422,EW4,90.0,90.0,0.0,1.0,0.0
27423,EW4,90.0,90.0,0.0,1.0,0.0
27424,EW4,90.0,90.0,0.0,1.0,0.0
27425,EW4,90.0,90.0,0.0,1.0,0.0
27426,EW4,90.0,90.0,0.0,1.0,0.0
27427,EW4,90.0,90.0,0.0,1.0,0.0
27428,EW4,90.0,90.0,0.0,1.0,0.0
27429,EW4,90.0,90.0,0.0,1.0,0.0
27430,EW4,90.0,90.0,0.0,1.0,0.0
27431,EW4,90.0,90.0,0.0,1.0,0.0
27432,EW4,90.0,90.0,0.0,1.0,0.0
27433,EW4,90.0,90.0,0.0,1.0,0.0
27434,EW4,90.0,90.0,0.0,1.0,0.0
27435,EW4,90.0,90.0,0.0,1.0,0.0
27436,EW4,90.0,90.0,0.0,1.0,0.0
27437,EW4,90.0,90.0,0.0,1.0,0.0
27438,EW4,90.0,90.0,0.0,1.0,0.0
27439,EW4,90.0,90.0,0.0,1.0,0.0
27440,EW4,90.0,90.0,0.0,1.0,0.0
27441,EW4,90.0,90.0,0.0,1.0,0.0
27442,EW4,90.0,90.0,0.0,1.0,0.0
27443,EW4,90.0,90.0,0.0,1.0,0.0
27444,EW4,90.0,90.0,0.0,1.0,0.0
27445,EW4,90.0,90.0,0.0,1.0,0.0
27446,EW4,90.0,90.0,0.0,1.0,0.0
27447,EW4,90.0,90.0,0.0,1.0,0.0
27448,EW4,90.0,90.0,0.0,1.0,0.0
27449,EW4,90.0,90.0,0.0,1.0,0.0
27450,EW4,90.0,90.0,0.0,1.0,0.0
27451,EW4,90.0,90.0,0.0,1.0,0.0
27452,EW4,90.0,90.0,0.0,1.0,0.0
27453,EW4,90.0,90.0,0.0,1.0,0.0
27454,EW4,90.0,90.0,0.0,1.0,0.0
34960,EW4,90.0,90.0,0.0,1.0,0.0
34961,EW4,90.0,90.0,0.0,1.0,0.0
34962,EW4,90.0,90.0,0.0,1.0,0.0
34963,EW4,90.0,90.0,0.0,1.0,0.0
34964,EW4,90.0,90.0,0.0,1.0,0.0
34965,EW4,90.0,90.0,0.0,1.0,0.0
34966,EW4,90.0,90.0,0.0,1.0,0.0
34967,EW4,90.0,90.0,0.0,1.0,0.0
34968,EW4,90.0,90.0,0.0,1.0,0.0
34969,EW4,90.0,90.0,0.0,1.0,0.0
34970,EW4,90.0,90.0,0.0,1.0,0.0
34971,EW4,90.0,90.0,0.0,1.0,0.0
34972,EW4,90.0,90.0,0.0,1.0,0.0
34973,EW4,90.0,90.0,0.0,1.0,0.0
34974,EW4,90.0,90.0,0.0,1.0,0.0
34975,EW4,90.0,90.0,0.0,1.0,0.0
34976,EW4,90.0,90.0,0.0,1.0,0.0
34977,EW4,90.0,90.0,0.0,1.0,0.0
34978,EW4,90.0,90.0,0.0,1.0,0.0
34979,EW4,90.0,90.0,0.0,1.0,0.0
34980,EW4,90.0,90.0,0.0,1.0,0.0
34981,EW4,90.0,90.0,0.0,1.0,0.0
34982,EW4,90.0,90.0,0.0,1.0,0.0
34983,EW4,90.0,90.0,0.0,1.0,0.0
34984,EW4,90.0,90.0,0.0,1.0,0.0
34985,EW4,90.0,90.0,0.0,1.0,0.0
34986,EW4,90.0,90.0,0.0,1.0,0.0
34987,EW4,90.0,90.0,0.0,1.0,0.0
34988,EW4,90.0,90.0,0.0,1.0,0.0
34989,EW4,90.0,90.0,0.0,1.0,0.0
34990,EW4,90.0,90.0,0.0,1.0,0.0
34991,EW4,90.0,90.0,0.0,1.0,0.0
34992,EW4,90.0,90.0,0.0,1.0,0.0
34993,EW4,90.0,90.0,0.0,1.0,0.0
34994,EW4,90.0,90.0,0.0,1.0,0.0
34995,EW4,90.0,90.0,0.0,1.0,0.0
34996,EW4,90.0,90.0,0.0,1.0,0.0
34997,EW4,90.0,90.0,0.0,1.0,0.0
34998,EW4,90.0,90.0,0.0,1.0,0.0
34999,EW4,90.0,90.0,0.0,1.0,0.0
35000,EW4,90.0,90.0,0.0,1.0,0.0
35001,EW4,90.0,90.0,0.0,1.0,0.0
35002,EW4,90.0,90.0,0.0,1.0,0.0
35003,EW4,90.0,90.0,0.0,1.0,0.0
35004,EW4,90.0,90.0,0.0,1.0,0.0
35005,EW4,90.0,90.0,0.0,1.0,0.0
35006,EW4,90.0,90.0,0.0,1.0,0.0
35007,EW4,90.0,90.0,0.0,1.0,0.0
35008,EW4,90.0,90.0,0.0,1.0,0.0
35009,EW4,90.0,90.0,0.0,1.0,0.0
35010,EW4,90.0,90.0,0.0,1.0,0.0
35011,EW4,90.0,90.0,0.0,1.0,0.0
35012,EW4,90.0,90.0,0.0,1.0,0.0
35013,EW4,90.0,90.0,0.0,1.0,0.0
35014,EW4,90.0,90.0,0.0,1.0,0.0
35015,EW4,90.0,90.0,0.0,1.0,0.0
35016,EW4,90.0,90.0,0.0,1.0,0.0
35017,EW4,90.0,90.0,0.0,1.0,0.0
35018,EW4,90.0,90.0,0.0,1.0,0.0
35019,EW4,90.0,90.0,0.0,1.0,0.0
35020,EW4,90.0,90.0,0.0,1.0,0.0
35021,EW4,90.0,90.0,0.0,1.0,0.0
35022,EW4,90.0,90.0,0.0,1.0,0.0
35023,EW4,90.0,90.0,0.0,1.0,0.0
35024,EW4,90.0,90.0,0.0,1.0,0.0
35025,EW4,90.0,90.0,0.0,1.0,0.0
35026,EW4,90.0,90.0,0.0,1.0,0.0
35027,EW4,90.0,90.0,0.0,1.0,0.0
35028,EW4,90.0,90.0,0.0,1.0,0.0
35029,EW4,90.0,90.0,0.0,1.0,0.0
35030,EW4,90.0,90.0,0.0,1.0,0.0
35031,EW4,90.0,90.0,0.0,1.0,0.0
35032,EW4,90.0,90.0,0.0,1.0,0.0
35033,EW4,90.0,90.0,0.0,1.0,0.0
35034,EW4,90.0,90.0,0.0,1.0,0.0
35035,EW4,90.0,90.0,0.0,1.0,0.0
35036,EW4,90.0,90.0,0.0,1.0,0.0
35037,EW4,90.0,90.0,0.0,1.0,0.0
35038,EW4,90.0,90.0,0.0,1.0,0.0
35039,EW4,90.0,90.0,0.0,1.0,0.0
35040,EW4,90.0,90.0,0.0,1.0,0.0
35041,EW4,90.0,90.0,0.0,1.0,0.0
35042,EW4,90.0,90.0,0.0,1.0,0.0
35043,EW4,90.0,90.0,0.0,1.0,0.0
35044,EW4,90.0,90.0,0.0,1.0,0.0
35045,EW4,90.0,90.0,0.0,1.0,0.0
35046,EW4,90.0,90.0,0.0,1.0,0.0
35047,EW4,90.0,90.0,0.0,1.0,0.0
35048,EW4,90.0,90.0,0.0,1.0,0.0
35049,EW4,90.0,90.0,0.0,1.0,0.0
35050,EW4,90.0,90.0,0.0,1.0,0.0
35051,EW4,90.0,90.0,0.0,1.0,0.0
35052,EW4,90.0,90.0,0.0,1.0,0.0
35053,EW4,90.0,90.0,0.0,1.0,0.0
35054,EW4,90.0,90.0,0.0,1.0,0.0
42560,EW4,90.0,90.0,0.0,1.0,0.0
42561,EW4,90.0,90.0,0.0,1.0,0.0
42562,EW4,90.0,90.0,0.0,1.0,0.0
42563,EW4,90.0,90.0,0.0,1.0,0.0
42564,EW4,90.0,90.0,0.0,1.0,0.0
42565,EW4,90.0,90.0,0.0,1.0,0.0
42566,EW4,90.0,90.0,0.0,1.0,0.0
42567,EW4,90.0,90.0,0.0,1.0,0.0
42568,EW4,90.0,90.0,0.0,1.0,0.0
42569,EW4,90.0,90.0,0.0,1.0,0.0
42570,EW4,90.0,90.0,0.0,1.0,0.0
42571,EW4,90.0,90.0,0.0,1.0,0.0
42572,EW4,90.0,90.0,0.0,1.0,0.0
42573,EW4,90.0,90.0,0.0,1.0,0.0
42574,EW4,90.0,90.0,0.0,1.0,0.0
42575,EW4,90.0,90.0,0.0,1.0,0.0
42576,EW4,90.0,90.0,0.0,1.0,0.0
42577,EW4,90.0,90.0,0.0,1.0,0.0
42578,EW4,90.0,90.0,0.0,1.0,0.0
42579,EW4,90.0,90.0,0.0,1.0,0.0
42580,EW4,90.0,90.0,0.0,1.0,0.0
42581,EW4,90.0,90.0,0.0,1.0,0.0
42582,EW4,90.0,90.0,0.0,1.0,0.0
42583,EW4,90.0,90.0,0.0,1.0,0.0
42584,EW4,90.0,90.0,0.0,1.0,0.0
42585,EW4,90.0,90.0,0.0,1.0,0.0
42586,EW4,90.0,90.0,0.0,1.0,0.0
42587,EW4,90.0,90.0,0.0,1.0,0.0
42588,EW4,90.0,90.0,0.0,1.0,0.0
42589,EW4,90.0,90.0,0.0,1.0,0.0
42590,EW4,90.0,90.0,0.0,1.0,0.0
42591,EW4,90.0,90.0,0.0,1.0,0.0
42592,EW4,90.0,90.0,0.0,1.0,0.0
42593,EW4,90.0,90.0,0.0,1.0,0.0
42594,EW4,90.0,90.0,0.0,1.0,0.0
42595,EW4,90.0,90.0,0.0,1.0,0.0
42596,EW4,90.0,90.0,0.0,1.0,0.0
42597,EW4,90.0,90.0,0.0,1.0,0.0
42598,EW4,90.0,90.0,0.0,1.0,0.0
42599,EW4,90.0,90.0,0.0,1.0,0.0
42600,EW4,90.0,90.0,0.0,1.0,0.0
42601,EW4,90.0,90.0,0.0,1.0,0.0
42602,EW4,90.0,90.0,0.0,1.0,0.0
42603,EW4,90.0,90.0,0.0,1.0,0.0
42604,EW4,90.0,90.0,0.0,1.0,0.0
42605,EW4,90.0,90.0,0.0,1.0,0.0
42606,EW4,90.0,90.0,0.0,1.0,0.0
42607,EW4,90.0,90.0,0.0,1.0,0.0
42608,EW4,90.0,90.0,0.0,1.0,0.0
42609,EW4,90.0,90.0,0.0,1.0,0.0
42610,EW4,90.0,90.0,0.0,1.0,0.0
42611,EW4,90.0,90.0,0.0,1.0,0.0
42612,EW4,90.0,90.0,0.0,1.0,0.0
42613,EW4,90.0,90.0,0.0,1.0,0.0
42614,EW4,90.0,90.0,0.0,1.0,0.0
42615,EW4,90.0,90.0,0.0,1.0,0.0
42616,EW4,90.0,90.0,0.0,1.0,0.0
42617,EW4,90.0,90.0,0.0,1.0,0.0
42618,EW4,90.0,90.0,0.0,1.0,0.0
42619,EW4,90.0,90.0,0.0,1.0,0.0
42620,EW4,90.0,90.0,0.0,1.0,0.0
42621,EW4,90.0,90.0,0.0,1.0,0.0
42622,EW4,90.0,90.0,0.0,1.0,0.0
42623,EW4,90.0,90.0,0.0,1.0,0.0
42624,EW4,90.0,90.0,0.0,1.0,0.0
42625,EW4,90.0,90.0,0.0,1.0,0.0
42626,EW4,90.0,90.0,0.0,1.0,0.0
42627,EW4,90.0,90.0,0.0,1.0,0.0
42628,EW4,90.0,90.0,0.0,1.0,0.0
42629,EW4,90.0,90.0,0.0,1.0,0.0
42630,EW4,90.0,90.0,0.0,1.0,0.0
42631,EW4,90.0,90.0,0.0,1.0,0.0
42632,EW4,90.0,90.0,0.0,1.0,0.0
42633,EW4,90.0,90.0,0.0,1.0,0.0
42634,EW4,90.0,90.0,0.0,1.0,0.0
42635,EW4,90.0,90.0,0.0,1.0,0.0
42636,EW4,90.0,90.0,0.0,1.0,0.0
42637,EW4,90.0,90.0,0.0,1.0,0.0
42638,EW4,90.0,90.0,0.0,1.0,0.0
42639,EW4,90.0,90.0,0.0,1.0,0.0
42640,EW4,90.0,90.0,0.0,1.0,0.0
42641,EW4,90.0,90.0,0.0,1.0,0.0
42642,EW4,90.0,90.0,0.0,1.0,0.0
42643,EW4,90.0,90.0,0.0,1.0,0.0
42644,EW4,90.0,90.0,0.0,1.0,0.0
42645,EW4,90.0,90.0,0.0,1.0,0.0
42646,EW4,90.0,90.0,0.0,1.0,0.0
42647,EW4,90.0,90.0,0.0,1.0,0.0
42648,EW4,90.0,90.0,0.0,1.0,0.0
42649,EW4,90.0,90.0,0.0,1.0,0.0
42650,EW4,90.0,90.0,0.0,1.0,0.0
42651,EW4,90.0,90.0,0.0,1.0,0.0
42652,EW4,90.0,90.0,0.0,1.0,0.0
42653,EW4,90.0,90.0,0.0,1.0,0.0
42654,EW4,90.0,90.0,0.0,1.0,0.0
50160,EW4,90.0,90.0,0.0,1.0,0.0
50161,EW4,90.0,90.0,0.0,1.0,0.0
50162,EW4,90.0,90.0,0.0,1.0,0.0
50163,EW4,90.0,90.0,0.0,1.0,0.0
50164,EW4,90.0,90.0,0.0,1.0,0.0
50165,EW4,90.0,90.0,0.0,1.0,0.0
50166,EW4,90.0,90.0,0.0,1.0,0.0
50167,EW4,90.0,90.0,0.0,1.0,0.0
50168,EW4,90.0,90.0,0.0,1.0,0.0
50169,EW4,90.0,90.0,0.0,1.0,0.0
50170,EW4,90.0,90.0,0.0,1.0,0.0
50171,EW4,90.0,90.0,0.0,1.0,0.0
50172,EW4,90.0,90.0,0.0,1.0,0.0
50173,EW4,90.0,90.0,0.0,1.0,0.0
50174,EW4,90.0,90.0,0.0,1.0,0.0
50175,EW4,90.0,90.0,0.0,1.0,0.0
50176,EW4,90.0,90.0,0.0,1.0,0.0
50177,EW4,90.0,90.0,0.0,1.0,0.0
50178,EW4,90.0,90.0,0.0,1.0,0.0
50179,EW4,90.0,90.0,0.0,1.0,0.0
50180,EW4,90.0,90.0,0.0,1.0,0.0
50181,EW4,90.0,90.0,0.0,1.0,0.0
50182,EW4,90.0,90.0,0.0,1.0,0.0
50183,EW4,90.0,90.0,0.0,1.0,0.0
50184,EW4,90.0,90.0,0.0,1.0,0.0
50185,EW4,90.0,90.0,0.0,1.0,0.0
50186,EW4,90.0,90.0,0.0,1.0,0.0
50187,EW4,90.0,90.0,0.0,1.0,0.0
50188,EW4,90.0,90.0,0.0,1.0,0.0
50189,EW4,90.0,90.0,0.0,1.0,0.0
50190,EW4,90.0,90.0,0.0,1.0,0.0
50191,EW4,90.0,90.0,0.0,1.0,0.0
50192,EW4,90.0,90.0,0.0,1.0,0.0
50193,EW4,90.0,90.0,0.0,1.0,0.0
50194,EW4,90.0,90.0,0.0,1.0,0.0
50195,EW4,90.0,90.0,0.0,1.0,0.0
50196,EW4,90.0,90.0,0.0,1.0,0.0
50197,EW4,90.0,90.0,0.0,1.0,0.0
50198,EW4,90.0,90.0,0.0,1.0,0.0
50199,EW4,90.0,90.0,0.0,1.0,0.0
50200,EW4,90.0,90.0,0.0,1.0,0.0
50201,EW4,90.0,90.0,0.0,1.0,0.0
50202,EW4,90.0,90.0,0.0,1.0,0.0
50203,EW4,90.0,90.0,0.0,1.0,0.0
50204,EW4,90.0,90.0,0.0,1.0,0.0
50205,EW4,90.0,90.0,0.0,1.0,0.0
50206,EW4,90.0,90.0,0.0,1.0,0.0
50207,EW4,90.0,90.0,0.0,1.0,0.0
50208,EW4,90.0,90.0,0.0,1.0,0.0
50209,EW4,90.0,90.0,0.0,1.0,0.0
50210,EW4,90.0,90.0,0.0,1.0,0.0
50211,EW4,90.0,90.0,0.0,1.0,0.0
50212,EW4,90.0,90.0,0.0,1.0,0.0
50213,EW4,90.0,90.0,0.0,1.0,0.0
50214,EW4,90.0,90.0,0.0,1.0,0.0
50215,EW4,90.0,90.0,0.0,1.0,0.0
50216,EW4,90.0,90.0,0.0,1.0,0.0
50217,EW4,90.0,90.0,0.0,1.0,0.0
50218,EW4,90.0,90.0,0.0,1.0,0.0
50219,EW4,90.0,90.0,0.0,1.0,0.0
50220,EW4,90.0,90.0,0.0,1.0,0.0
50221,EW4,90.0,90.0,0.0,1.0,0.0
50222,EW4,90.0,90.0,0.0,1.0,0.0
50223,EW4,90.0,90.0,0.0,1.0,0.0
50224,EW4,90.0,90.0,0.0,1.0,0.0
50225,EW4,90.0,90.0,0.0,1.0,0.0
50226,EW4,90.0,90.0,0.0,1.0,0.0
50227,EW4,90.0,90.0,0.0,1.0,0.0
50228,EW4,90.0,90.0,0.0,1.0,0.0
50229,EW4,90.0,90.0,0.0,1.0,0.0
50230,EW4,90.0,90.0,0.0,1.0,0.0
50231,EW4,90.0,90.0,0.0,1.0,0.0
50232,EW4,90.0,90.0,0.0,1.0,0.0
50233,EW4,90.0,90.0,0.0,1.0,0.0
50234,EW4,90.0,90.0,0.0,1.0,0.0
50235,EW4,90.0,90.0,0.0,1.0,0.0
50236,EW4,90.0,90.0,0.0,1.0,0.0
50237,EW4,90.0,90.0,0.0,1.0,0.0
50238,EW4,90.0,90.0,0.0,1.0,0.0
50239,EW4,90.0,90.0,0.0,1.0,0.0
50240,EW4,90.0,90.0,0.0,1.0,0.0
50241,EW4,90.0,90.0,0.0,1.0,0.0
50242,EW4,90.0,90.0,0.0,1.0,0.0
50243,EW4,90.0,90.0,0.0,1.0,0.0
50244,EW4,90.0,90.0,0.0,1.0,0.0
50245,EW4,90.0,90.0,0.0,1.0,0.0
50246,EW4,90.0,90.0,0.0,1.0,0.0
50247,EW4,90.0,90.0,0.0,1.0,0.0
50248,EW4,90.0,90.0,0.0,1.0,0.0
50249,EW4,90.0,90.0,0.0,1.0,0.0
50250,EW4,90.0,90.0,0.0,1.0,0.0
50251,EW4,90.0,90.0,0.0,1.0,0.0
50252,EW4,90.0,90.0,0.0,1.0,0.0
50253,EW4,90.0,90.0,0.0,1.0,0.0
50254,EW4,90.0,90.0,0.0,1.0,0.0
57760,EW4,90.0,90.0,0.0,1.0,0.0
57761,EW4,90.0,90.0,0.0,1.0,0.0
57762,EW4,90.0,90.0,0.0,1.0,0.0
57763,EW4,90.0,90.0,0.0,1.0,0.0
57764,EW4,90.0,90.0,0.0,1.0,0.0
57765,EW4,90.0,90.0,0.0,1.0,0.0
57766,EW4,90.0,90.0,0.0,1.0,0.0
57767,EW4,90.0,90.0,0.0,1.0,0.0
57768,EW4,90.0,90.0,0.0,1.0,0.0
57769,EW4,90.0,90.0,0.0,1.0,0.0
57770,EW4,90.0,90.0,0.0,1.0,0.0
57771,EW4,90.0,90.0,0.0,1.0,0.0
57772,EW4,90.0,90.0,0.0,1.0,0.0
57773,EW4,90.0,90.0,0.0,1.0,0.0
57774,EW4,90.0,90.0,0.0,1.0,0.0
57775,EW4,90.0,90.0,0.0,1.0,0.0
57776,EW4,90.0,90.0,0.0,1.0,0.0
57777,EW4,90.0,90.0,0.0,1.0,0.0
57778,EW4,90.0,90.0,0.0,1.0,0.0
57779,EW4,90.0,90.0,0.0,1.0,0.0
57780,EW4,90.0,90.0,0.0,1.0,0.0
57781,EW4,90.0,90.0,0.0,1.0,0.0
57782,EW4,90.0,90.0,0.0,1.0,0.0
57783,EW4,90.0,90.0,0.0,1.0,0.0
57784,EW4,90.0,90.0,0.0,1.0,0.0
57785,EW4,90.0,90.0,0.0,1.0,0.0
57786,EW4,90.0,90.0,0.0,1.0,0.0
57787,EW4,90.0,90.0,0.0,1.0,0.0
57788,EW4,90.0,90.0,0.0,1.0,0.0
57789,EW4,90.0,90.0,0.0,1.0,0.0
57790,EW4,90.0,90.0,0.0,1.0,0.0
57791,EW4,90.0,90.0,0.0,1.0,0.0
57792,EW4,90.0,90.0,0.0,1.0,0.0
57793,EW4,90.0,90.0,0.0,1.0,0.0
57794,EW4,90.0,90.0,0.0,1.0,0.0
57795,EW4,90.0,90.0,0.0,1.0,0.0
57796,EW4,90.0,90.0,0.0,1.0,0.0
57797,EW4,90.0,90.0,0.0,1.0,0.0
57798,EW4,90.0,90.0,0.0,1.0,0.0
57799,EW4,90.0,90.0,0.0,1.0,0.0
57800,EW4,90.0,90.0,0.0,1.0,0.0
57801,EW4,90.0,90.0,0.0,1.0,0.0
57802,EW4,90.0,90.0,0.0,1.0,0.0
57803,EW4,90.0,90.0,0.0,1.0,0.0
57804,EW4,90.0,90.0,0.0,1.0,0.0
57805,EW4,90.0,90.0,0.0,1.0,0.0
57806,EW4,90.0,90.0,0.0,1.0,0.0
57807,EW4,90.0,90.0,0.0,1.0,0.0
57808,EW4,90.0,90.0,0.0,1.0,0.0
57809,EW4,90.0,90.0,0.0,1.0,0.0
57810,EW4,90.0,90.0,0.0,1.0,0.0
57811,EW4,90.0,90.0,0.0,1.0,0.0
57812,EW4,90.0,90.0,0.0,1.0,0.0
57813,EW4,90.0,90.0,0.0,1.0,0.0
57814,EW4,90.0,90.0,0.0,1.0,0.0
57815,EW4,90.0,90.0,0.0,1.0,0.0
57816,EW4,90.0,90.0,0.0,1.0,0.0
57817,EW4,90.0,90.0,0.0,1.0,0.0
57818,EW4,90.0,90.0,0.0,1.0,0.0
57819,EW4,90.0,90.0,0.0,1.0,0.0
57820,EW4,90.0,90.0,0.0,1.0,0.0
57821,EW4,90.0,90.0,0.0,1.0,0.0
57822,EW4,90.0,90.0,0.0,1.0,0.0
57823,EW4,90.0,90.0,0.0,1.0,0.0
57824,EW4,90.0,90.0,0.0,1.0,0.0
57825,EW4,90.0,90.0,0.0,1.0,0.0
57826,EW4,90.0,90.0,0.0,1.0,0.0
57827,EW4,90.0,90.0,0.0,1.0,0.0
57828,EW4,90.0,90.0,0.0,1.0,0.0
57829,EW4,90.0,90.0,0.0,1.0,0.0
57830,EW4,90.0,90.0,0.0,1.0,0.0
57831,EW4,90.0,90.0,0.0,1.0,0.0
57832,EW4,90.0,90.0,0.0,1.0,0.0
57833,EW4,90.0,90.0,0.0,1.0,0.0
57834,EW4,90.0,90.0,0.0,1.0,0.0
57835,EW4,90.0,90.0,0.0,1.0,0.0
57836,EW4,90.0,90.0,0.0,1.0,0.0
57837,EW4,90.0,90.0,0.0,1.0,0.0
57838,EW4,90.0,90.0,0.0,1.0,0.0
57839,EW4,90.0,90.0,0.0,1.0,0.0
57840,EW4,90.0,90.0,0.0,1.0,0.0
57841,EW4,90.0,90.0,0.0,1.0,0.0
57842,EW4,90.0,90.0,0.0,1.0,0.0
57843,EW4,90.0,90.0,0.0,1.0,0.0
57844,EW4,90.0,90.0,0.0,1.0,0.0
57845,EW4,90.0,90.0,0.0,1.0,0.0
57846,EW4,90.0,90.0,0.0,1.0,0.0
57847,EW4,90.0,90.0,0.0,1.0,0.0
57848,EW4,90.0,90.0,0.0,1.0,0.0
57849,EW4,90.0,90.0,0.0,1.0,0.0
57850,EW4,90.0,90.0,0.0,1.0,0.0
57851,EW4,90.0,90.0,0.0,1.0,0.0
57852,EW4,90.0,90.0,0.0,1.0,0.0
57853,EW4,90.0,90.0,0.0,1.0,0.0
57854,EW4,90.0,90.0,0.0,1.0,0.0
65360,EW4,90.0,90.0,0.0,1.0,0.0
65361,EW4,90.0,90.0,0.0,1.0,0.0
65362,EW4,90.0,90.0,0.0,1.0,0.0
65363,EW4,90.0,90.0,0.0,1.0,0.0
65364,EW4,90.0,90.0,0.0,1.0,0.0
65365,EW4,90.0,90.0,0.0,1.0,0.0
65366,EW4,90.0,90.0,0.0,1.0,0.0
65367,EW4,90.0,90.0,0.0,1.0,0.0
65368,EW4,90.0,90.0,0.0,1.0,0.0
65369,EW4,90.0,90.0,0.0,1.0,0.0
65370,EW4,90.0,90.0,0.0,1.0,0.0
65371,EW4,90.0,90.0,0.0,1.0,0.0
65372,EW4,90.0,90.0,0.0,1.0,0.0
65373,EW4,90.0,90.0,0.0,1.0,0.0
65374,EW4,90.0,90.0,0.0,1.0,0.0
65375,EW4,90.0,90.0,0.0,1.0,0.0
65376,EW4,90.0,90.0,0.0,1.0,0.0
65377,EW4,90.0,90.0,0.0,1.0,0.0
65378,EW4,90.0,90.0,0.0,1.0,0.0
65379,EW4,90.0,90.0,0.0,1.0,0.0
65380,EW4,90.0,90.0,0.0,1.0,0.0
65381,EW4,90.0,90.0,0.0,1.0,0.0
65382,EW4,90.0,90.0,0.0,1.0,0.0
65383,EW4,90.0,90.0,0.0,1.0,0.0
65384,EW4,90.0,90.0,0.0,1.0,0.0
65385,EW4,90.0,90.0,0.0,1.0,0.0
65386,EW4,90.0,90.0,0.0,1.0,0.0
65387,EW4,90.0,90.0,0.0,1.0,0.0
65388,EW4,90.0,90.0,0.0,1.0,0.0
65389,EW4,90.0,90.0,0.0,1.0,0.0
65390,EW4,90.0,90.0,0.0,1.0,0.0
65391,EW4,90.0,90.0,0.0,1.0,0.0
65392,EW4,90.0,90.0,0.0,1.0,0.0
65393,EW4,90.0,90.0,0.0,1.0,0.0
65394,EW4,90.0,90.0,0.0,1.0,0.0
65395,EW4,90.0,90.0,0.0,1.0,0.0
65396,EW4,90.0,90.0,0.0,1.0,0.0
65397,EW4,90.0,90.0,0.0,1.0,0.0
65398,EW4,90.0,90.0,0.0,1.0,0.0
65399,EW4,90.0,90.0,0.0,1.0,0.0
65400,EW4,90.0,90.0,0.0,1.0,0.0
65401,EW4,90.0,90.0,0.0,1.0,0.0
65402,EW4,90.0,90.0,0.0,1.0,0.0
65403,EW4,90.0,90.0,0.0,1.0,0.0
65404,EW4,90.0,90.0,0.0,1.0,0.0
65405,EW4,90.0,90.0,0.0,1.0,0.0
65406,EW4,90.0,90.0,0.0,1.0,0.0
65407,EW4,90.0,90.0,0.0,1.0,0.0
65408,EW4,90.0,90.0,0.0,1.0,0.0
65409,EW4,90.0,90.0,0.0,1.0,0.0
65410,EW4,90.0,90.0,0.0,1.0,0.0
65411,EW4,90.0,90.0,0.0,1.0,0.0
65412,EW4,90.0,90.0,0.0,1.0,0.0
65413,EW4,90.0,90.0,0.0,1.0,0.0
65414,EW4,90.0,90.0,0.0,1.0,0.0
65415,EW4,90.0,90.0,0.0,1.0,0.0
65416,EW4,90.0,90.0,0.0,1.0,0.0
65417,EW4,90.0,90.0,0.0,1.0,0.0
65418,EW4,90.0,90.0,0.0,1.0,0.0
65419,EW4,90.0,90.0,0.0,1.0,0.0
65420,EW4,90.0,90.0,0.0,1.0,0.0
65421,EW4,90.0,90.0,0.0,1.0,0.0
65422,EW4,90.0,90.0,0.0,1.0,0.0
65423,EW4,90.0,90.0,0.0,1.0,0.0
65424,EW4,90.0,90.0,0.0,1.0,0.0
65425,EW4,90.0,90.0,0.0,1.0,0.0
65426,EW4,90.0,90.0,0.0,1.0,0.0
65427,EW4,90.0,90.0,0.0,1.0,0.0
65428,EW4,90.0,90.0,0.0,1.0,0.0
65429,EW4,90.0,90.0,0.0,1.0,0.0
65430,EW4,90.0,90.0,0.0,1.0,0.0
65431,EW4,90.0,90.0,0.0,1.0,0.0
65432,EW4,90.0,90.0,0.0,1.0,0.0
65433,EW4,90.0,90.0,0.0,1.0,0.0
65434,EW4,90.0,90.0,0.0,1.0,0.0
65435,EW4,90.0,90.0,0.0,1.0,0.0
65436,EW4,90.0,90.0,0.0,1.0,0.0
65437,EW4,90.0,90.0,0.0,1.0,0.0
65438,EW4,90.0,90.0,0.0,1.0,0.0
65439,EW4,90.0,90.0,0.0,1.0,0.0
65440,EW4,90.0,90.0,0.0,1.0,0.0
65441,EW4,90.0,90.0,0.0,1.0,0.0
65442,EW4,90.0,90.0,0.0,1.0,0.0
65443,EW4,90.0,90.0,0.0,1.0,0.0
65444,EW4,90.0,90.0,0.0,1.0,0.0
65445,EW4,90.0,90.0,0.0,1.0,0.0
65446,EW4,90.0,90.0,0.0,1.0,0.0
65447,EW4,90.0,90.0,0.0,1.0,0.0
65448,EW4,90.0,90.0,0.0,1.0,0.0
65449,EW4,90.0,90.0,0.0,1.0,0.0
65450,EW4,90.0,90.0,0.0,1.0,0.0
65451,EW4,90.0,90.0,0.0,1.0,0.0
65452,EW4,90.0,90.0,0.0,1.0,0.0
65453,EW4,90.0,90.0,0.0,1.0,0.0
65454,EW4,90.0,90.0,0.0,1.0,0.0
72960,EW4,90.0,90.0,0.0,1.0,0.0
72961,EW4,90.0,90.0,0.0,1.0,0.0
72962,EW4,90.0,90.0,0.0,1.0,0.0
72963,EW4,90.0,90.0,0.0,1.0,0.0
72964,EW4,90.0,90.0,0.0,1.0,0.0
72965,EW4,90.0,90.0,0.0,1.0,0.0
72966,EW4,90.0,90.0,0.0,1.0,0.0
72967,EW4,90.0,90.0,0.0,1.0,0.0
72968,EW4,90.0,90.0,0.0,1.0,0.0
72969,EW4,90.0,90.0,0.0,1.0,0.0
72970,EW4,90.0,90.0,0.0,1.0,0.0
72971,EW4,90.0,90.0,0.0,1.0,0.0
72972,EW4,90.0,90.0,0.0,1.0,0.0
72973,EW4,90.0,90.0,0.0,1.0,0.0
72974,EW4,90.0,90.0,0.0,1.0,0.0
72975,EW4,90.0,90.0,0.0,1.0,0.0
72976,EW4,90.0,90.0,0.0,1.0,0.0
72977,EW4,90.0,90.0,0.0,1.0,0.0
72978,EW4,90.0,90.0,0.0,1.0,0.0
72979,EW4,90.0,90.0,0.0,1.0,0.0
72980,EW4,90.0,90.0,0.0,1.0,0.0
72981,EW4,90.0,90.0,0.0,1.0,0.0
72982,EW4,90.0,90.0,0.0,1.0,0.0
72983,EW4,90.0,90.0,0.0,1.0,0.0
72984,EW4,90.0,90.0,0.0,1.0,0.0
72985,EW4,90.0,90.0,0.0,1.0,0.0
72986,EW4,90.0,90.0,0.0,1.0,0.0
72987,EW4,90.0,90.0,0.0,1.0,0.0
72988,EW4,90.0,90.0,0.0,1.0,0.0
72989,EW4,90.0,90.0,0.0,1.0,0.0
72990,EW4,90.0,90.0,0.0,1.0,0.0
72991,EW4,90.0,90.0,0.0,1.0,0.0
72992,EW4,90.0,90.0,0.0,1.0,0.0
72993,EW4,90.0,90.0,0.0,1.0,0.0
72994,EW4,90.0,90.0,0.0,1.0,0.0
72995,EW4,90.0,90.0,0.0,1.0,0.0
72996,EW4,90.0,90.0,0.0,1.0,0.0
72997,EW4,90.0,90.0,0.0,1.0,0.0
72998,EW4,90.0,90.0,0.0,1.0,0.0
72999,EW4,90.0,90.0,0.0,1.0,0.0
73000,EW4,90.0,90.0,0.0,1.0,0.0
73001,EW4,90.0,90.0,0.0,1.0,0.0
73002,EW4,90.0,90.0,0.0,1.0,0.0
73003,EW4,90.0,90.0,0.0,1.0,0.0
73004,EW4,90.0,90.0,0.0,1.0,0.0
73005,EW4,90.0,90.0,0.0,1.0,0.0
73006,EW4,90.0,90.0,0.0,1.0,0.0
73007,EW4,90.0,90.0,0.0,1.0,0.0
73008,EW4,90.0,90.0,0.0,1.0,0.0
73009,EW4,90.0,90.0,0.0,1.0,0.0
73010,EW4,90.0,90.0,0.0,1.0,0.0
73011,EW4,90.0,90.0,0.0,1.0,0.0
73012,EW4,90.0,90.0,0.0,1.0,0.0
73013,EW4,90.0,90.0,0.0,1.0,0.0
73014,EW4,90.0,90.0,0.0,1.0,0.0
73015,EW4,90.0,90.0,0.0,1.0,0.0
73016,EW4,90.0,90.0,0.0,1.0,0.0
73017,EW4,90.0,90.0,0.0,1.0,0.0
73018,EW4,90.0,90.0,0.0,1.0,0.0
73019,EW4,90.0,90.0,0.0,1.0,0.0
73020,EW4,90.0,90.0,0.0,1.0,0.0
73021,EW4,90.0,90.0,0.0,1.0,0.0
73022,EW4,90.0,90.0,0.0,1.0,0.0
73023,EW4,90.0,90.0,0.0,1.0,0.0
73024,EW4,90.0,90.0,0.0,1.0,0.0
73025,EW4,90.0,90.0,0.0,1.0,0.0
73026,EW4,90.0,90.0,0.0,1.0,0.0
73027,EW4,90.0,90.0,0.0,1.0,0.0
73028,EW4,90.0,90.0,0.0,1.0,0.0
73029,EW4,90.0,90.0,0.0,1.0,0.0
73030,EW4,90.0,90.0,0.0,1.0,0.0
73031,EW4,90.0,90.0,0.0,1.0,0.0
73032,EW4,90.0,90.0,0.0,1.0,0.0
73033,EW4,90.0,90.0,0.0,1.0,0.0
73034,EW4,90.0,90.0,0.0,1.0,0.0
73035,EW4,90.0,90.0,0.0,1.0,0.0
73036,EW4,90.0,90.0,0.0,1.0,0.0
73037,EW4,90.0,90.0,0.0,1.0,0.0
73038,EW4,90.0,90.0,0.0,1.0,0.0
73039,EW4,90.0,90.0,0.0,1.0,0.0
73040,EW4,90.0,90.0,0.0,1.0,0.0
73041,EW4,90.0,90.0,0.0,1.0,0.0
73042,EW4,90.0,90.0,0.0,1.0,0.0
73043,EW4,90.0,90.0,0.0,1.0,0.0
73044,EW4,90.0,90.0,0.0,1.0,0.0
73045,EW4,90.0,90.0,0.0,1.0,0.0
73046,EW4,90.0,90.0,0.0,1.0,0.0
73047,EW4,90.0,90.0,0.0,1.0,0.0
73048,EW4,90.0,90.0,0.0,1.0,0.0
73049,EW4,90.0,90.0,0.0,1.0,0.0
73050,EW4,90.0,90.0,0.0,1.0,0.0
73051,EW4,90.0,90.0,0.0,1.0,0.0
73052,EW4,90.0,90.0,0.0,1.0,0.0
73053,EW4,90.0,90.0,0.0,1.0,0.0
73054,EW4,90.0,90.0,0.0,1.0,0.0
80560,EW4,90.0,90.0,0.0,1.0,0.0
80561,EW4,90.0,90.0,0.0,1.0,0.0
80562,EW4,90.0,90.0,0.0,1.0,0.0
80563,EW4,90.0,90.0,0.0,1.0,0.0
80564,EW4,90.0,90.0,0.0,1.0,0.0
80565,EW4,90.0,90.0,0.0,1.0,0.0
80566,EW4,90.0,90.0,0.0,1.0,0.0
80567,EW4,90.0,90.0,0.0,1.0,0.0
80568,EW4,90.0,90.0,0.0,1.0,0.0
80569,EW4,90.0,90.0,0.0,1.0,0.0
80570,EW4,90.0,90.0,0.0,1.0,0.0
80571,EW4,90.0,90.0,0.0,1.0,0.0
80572,EW4,90.0,90.0,0.0,1.0,0.0
80573,EW4,90.0,90.0,0.0,1.0,0.0
80574,EW4,90.0,90.0,0.0,1.0,0.0
80575,EW4,90.0,90.0,0.0,1.0,0.0
80576,EW4,90.0,90.0,0.0,1.0,0.0
80577,EW4,90.0,90.0,0.0,1.0,0.0
80578,EW4,90.0,90.0,0.0,1.0,0.0
80579,EW4,90.0,90.0,0.0,1.0,0.0
80580,EW4,90.0,90.0,0.0,1.0,0.0
80581,EW4,90.0,90.0,0.0,1.0,0.0
80582,EW4,90.0,90.0,0.0,1.0,0.0
80583,EW4,90.0,90.0,0.0,1.0,0.0
80584,EW4,90.0,90.0,0.0,1.0,0.0
80585,EW4,90.0,90.0,0.0,1.0,0.0
80586,EW4,90.0,90.0,0.0,1.0,0.0
80587,EW4,90.0,90.0,0.0,1.0,0.0
80588,EW4,90.0,90.0,0.0,1.0,0.0
80589,EW4,90.0,90.0,0.0,1.0,0.0
80590,EW4,90.0,90.0,0.0,1.0,0.0
80591,EW4,90.0,90.0,0.0,1.0,0.0
80592,EW4,90.0,90.0,0.0,1.0,0.0
80593,EW4,90.0,90.0,0.0,1.0,0.0
80594,EW4,90.0,90.0,0.0,1.0,0.0
80595,EW4,90.0,90.0,0.0,1.0,0.0
80596,EW4,90.0,90.0,0.0,1.0,0.0
80597,EW4,90.0,90.0,0.0,1.0,0.0
80598,EW4,90.0,90.0,0.0,1.0,0.0
80599,EW4,90.0,90.0,0.0,1.0,0.0
80600,EW4,90.0,90.0,0.0,1.0,0.0
80601,EW4,90.0,90.0,0.0,1.0,0.0
80602,EW4,90.0,90.0,0.0,1.0,0.0
80603,EW4,90.0,90.0,0.0,1.0,0.0
80604,EW4,90.0,90.0,0.0,1.0,0.0
80605,EW4,90.0,90.0,0.0,1.0,0.0
80606,EW4,90.0,90.0,0.0,1.0,0.0
80607,EW4,90.0,90.0,0.0,1.0,0.0
80608,EW4,90.0,90.0,0.0,1.0,0.0
80609,EW4,90.0,90.0,0.0,1.0,0.0
80610,EW4,90.0,90.0,0.0,1.0,0.0
80611,EW4,90.0,90.0,0.0,1.0,0.0
80612,EW4,90.0,90.0,0.0,1.0,0.0
80613,EW4,90.0,90.0,0.0,1.0,0.0
80614,EW4,90.0,90.0,0.0,1.0,0.0
80615,EW4,90.0,90.0,0.0,1.0,0.0
80616,EW4,90.0,90.0,0.0,1.0,0.0
80617,EW4,90.0,90.0,0.0,1.0,0.0
80618,EW4,90.0,90.0,0.0,1.0,0.0
80619,EW4,90.0,90.0,0.0,1.0,0.0
80620,EW4,90.0,90.0,0.0,1.0,0.0
80621,EW4,90.0,90.0,0.0,1.0,0.0
80622,EW4,90.0,90.0,0.0,1.0,0.0
80623,EW4,90.0,90.0,0.0,1.0,0.0
80624,EW4,90.0,90.0,0.0,1.0,0.0
80625,EW4,90.0,90.0,0.0,1.0,0.0
80626,EW4,90.0,90.0,0.0,1.0,0.0
80627,EW4,90.0,90.0,0.0,1.0,0.0
80628,EW4,90.0,90.0,0.0,1.0,0.0
80629,EW4,90.0,90.0,0.0,1.0,0.0
80630,EW4,90.0,90.0,0.0,1.0,0.0
80631,EW4,90.0,90.0,0.0,1.0,0.0
80632,EW4,90.0,90.0,0.0,1.0,0.0
80633,EW4,90.0,90.0,0.0,1.0,0.0
80634,EW4,90.0,90.0,0.0,1.0,0.0
80635,EW4,90.0,90.0,0.0,1.0,0.0
80636,EW4,90.0,90.0,0.0,1.0,0.0
80637,EW4,90.0,90.0,0.0,1.0,0.0
80638,EW4,90.0,90.0,0.0,1.0,0.0
80639,EW4,90.0,90.0,0.0,1.0,0.0
80640,EW4,90.0,90.0,0.0,1.0,0.0
80641,EW4,90.0,90.0,0.0,1.0,0.0
80642,EW4,90.0,90.0,0.0,1.0,0.0
80643,EW4,90.0,90.0,0.0,1.0,0.0
80644,EW4,90.0,90.0,0.0,1.0,0.0
80645,EW4,90.0,90.0,0.0,1.0,0.0
80646,EW4,90.0,90.0,0.0,1.0,0.0
80647,EW4,90.0,90.0,0.0,1.0,0.0
80648,EW4,90.0,90.0,0.0,1.0,0.0
80649,EW4,90.0,90.0,0.0,1.0,0.0
80650,EW4,90.0,90.0,0.0,1.0,0.0
80651,EW4,90.0,90.0,0.0,1.0,0.0
80652,EW4,90.0,90.0,0.0,1.0,0.0
80653,EW4,90.0,90.0,0.0,1.0,0.0
80654,EW4,90.0,90.0,0.0,1.0,0.0
88160,EW4,90.0,90.0,0.0,1.0,0.0
88161,EW4,90.0,90.0,0.0,1.0,0.0
88162,EW4,90.0,90.0,0.0,1.0,0.0
88163,EW4,90.0,90.0,0.0,1.0,0.0
88164,EW4,90.0,90.0,0.0,1.0,0.0
88165,EW4,90.0,90.0,0.0,1.0,0.0
88166,EW4,90.0,90.0,0.0,1.0,0.0
88167,EW4,90.0,90.0,0.0,1.0,0.0
88168,EW4,90.0,90.0,0.0,1.0,0.0
88169,EW4,90.0,90.0,0.0,1.0,0.0
88170,EW4,90.0,90.0,0.0,1.0,0.0
88171,EW4,90.0,90.0,0.0,1.0,0.0
88172,EW4,90.0,90.0,0.0,1.0,0.0
88173,EW4,90.0,90.0,0.0,1.0,0.0
88174,EW4,90.0,90.0,0.0,1.0,0.0
88175,EW4,90.0,90.0,0.0,1.0,0.0
88176,EW4,90.0,90.0,0.0,1.0,0.0
88177,EW4,90.0,90.0,0.0,1.0,0.0
88178,EW4,90.0,90.0,0.0,1.0,0.0
88179,EW4,90.0,90.0,0.0,1.0,0.0
88180,EW4,90.0,90.0,0.0,1.0,0.0
88181,EW4,90.0,90.0,0.0,1.0,0.0
88182,EW4,90.0,90.0,0.0,1.0,0.0
88183,EW4,90.0,90.0,0.0,1.0,0.0
88184,EW4,90.0,90.0,0.0,1.0,0.0
88185,EW4,90.0,90.0,0.0,1.0,0.0
88186,EW4,90.0,90.0,0.0,1.0,0.0
88187,EW4,90.0,90.0,0.0,1.0,0.0
88188,EW4,90.0,90.0,0.0,1.0,0.0
88189,EW4,90.0,90.0,0.0,1.0,0.0
88190,EW4,90.0,90.0,0.0,1.0,0.0
88191,EW4,90.0,90.0,0.0,1.0,0.0
88192,EW4,90.0,90.0,0.0,1.0,0.0
88193,EW4,90.0,90.0,0.0,1.0,0.0
88194,EW4,90.0,90.0,0.0,1.0,0.0
88195,EW4,90.0,90.0,0.0,1.0,0.0
88196,EW4,90.0,90.0,0.0,1.0,0.0
88197,EW4,90.0,90.0,0.0,1.0,0.0
88198,EW4,90.0,90.0,0.0,1.0,0.0
88199,EW4,90.0,90.0,0.0,1.0,0.0
88200,EW4,90.0,90.0,0.0,1.0,0.0
88201,EW4,90.0,90.0,0.0,1.0,0.0
88202,EW4,90.0,90.0,0.0,1.0,0.0
88203,EW4,90.0,90.0,0.0,1.0,0.0
88204,EW4,90.0,90.0,0.0,1.0,0.0
88205,EW4,90.0,90.0,0.0,1.0,0.0
88206,EW4,90.0,90.0,0.0,1.0,0.0
88207,EW4,90.0,90.0,0.0,1.0,0.0
88208,EW4,90.0,90.0,0.0,1.0,0.0
88209,EW4,90.0,90.0,0.0,1.0,0.0
88210,EW4,90.0,90.0,0.0,1.0,0.0
88211,EW4,90.0,90.0,0.0,1.0,0.0
88212,EW4,90.0,90.0,0.0,1.0,0.0
88213,EW4,90.0,90.0,0.0,1.0,0.0
88214,EW4,90.0,90.0,0.0,1.0,0.0
88215,EW4,90.0,90.0,0.0,1.0,0.0
88216,EW4,90.0,90.0,0.0,1.0,0.0
88217,EW4,90.0,90.0,0.0,1.0,0.0
88218,EW4,90.0,90.0,0.0,1.0,0.0
88219,EW4,90.0,90.0,0.0,1.0,0.0
88220,EW4,90.0,90.0,0.0,1.0,0.0
88221,EW4,90.0,90.0,0.0,1.0,0.0
88222,EW4,90.0,90.0,0.0,1.0,0.0
88223,EW4,90.0,90.0,0.0,1.0,0.0
88224,EW4,90.0,90.0,0.0,1.0,0.0
88225,EW4,90.0,90.0,0.0,1.0,0.0
88226,EW4,90.0,90.0,0.0,1.0,0.0
88227,EW4,90.0,90.0,0.0,1.0,0.0
88228,EW4,90.0,90.0,0.0,1.0,0.0
88229,EW4,90.0,90.0,0.0,1.0,0.0
88230,EW4,90.0,90.0,0.0,1.0,0.0
88231,EW4,90.0,90.0,0.0,1.0,0.0
88232,EW4,90.0,90.0,0.0,1.0,0.0
88233,EW4,90.0,90.0,0.0,1.0,0.0
88234,EW4,90.0,90.0,0.0,1.0,0.0
88235,EW4,90.0,90.0,0.0,1.0,0.0
88236,EW4,90.0,90.0,0.0,1.0,0.0
88237,EW4,90.0,90.0,0.0,1.0,0.0
88238,EW4,90.0,90.0,0.0,1.0,0.0
88239,EW4,90.0,90.0,0.0,1.0,0.0
88240,EW4,90.0,90.0,0.0,1.0,0.0
88241,EW4,90.0,90.0,0.0,1.0,0.0
88242,EW4,90.0,90.0,0.0,1.0,0.0
88243,EW4,90.0,90.0,0.0,1.0,0.0
88244,EW4,90.0,90.0,0.0,1.0,0.0
88245,EW4,90.0,90.0,0.0,1.0,0.0
88246,EW4,90.0,90.0,0.0,1.0,0.0
88247,EW4,90.0,90.0,0.0,1.0,0.0
88248,EW4,90.0,90.0,0.0,1.0,0.0
88249,EW4,90.0,90.0,0.0,1.0,0.0
88250,EW4,90.0,90.0,0.0,1.0,0.0
88251,EW4,90.0,90.0,0.0,1.0,0.0
88252,EW4,90.0,90.0,0.0,1.0,0.0
88253,EW4,90.0,90.0,0.0,1.0,0.0
88254,EW4,90.0,90.0,0.0,1.0,0.0
95760,EW4,90.0,90.0,0.0,1.0,0.0
95761,EW4,90.0,90.0,0.0,1.0,0.0
95762,EW4,90.0,90.0,0.0,1.0,0.0
95763,EW4,90.0,90.0,0.0,1.0,0.0
95764,EW4,90.0,90.0,0.0,1.0,0.0
95765,EW4,90.0,90.0,0.0,1.0,0.0
95766,EW4,90.0,90.0,0.0,1.0,0.0
95767,EW4,90.0,90.0,0.0,1.0,0.0
95768,EW4,90.0,90.0,0.0,1.0,0.0
95769,EW4,90.0,90.0,0.0,1.0,0.0
95770,EW4,90.0,90.0,0.0,1.0,0.0
95771,EW4,90.0,90.0,0.0,1.0,0.0
95772,EW4,90.0,90.0,0.0,1.0,0.0
95773,EW4,90.0,90.0,0.0,1.0,0.0
95774,EW4,90.0,90.0,0.0,1.0,0.0
95775,EW4,90.0,90.0,0.0,1.0,0.0
95776,EW4,90.0,90.0,0.0,1.0,0.0
95777,EW4,90.0,90.0,0.0,1.0,0.0
95778,EW4,90.0,90.0,0.0,1.0,0.0
95779,EW4,90.0,90.0,0.0,1.0,0.0
95780,EW4,90.0,90.0,0.0,1.0,0.0
95781,EW4,90.0,90.0,0.0,1.0,0.0
95782,EW4,90.0,90.0,0.0,1.0,0.0
95783,EW4,90.0,90.0,0.0,1.0,0.0
95784,EW4,90.0,90.0,0.0,1.0,0.0
95785,EW4,90.0,90.0,0.0,1.0,0.0
95786,EW4,90.0,90.0,0.0,1.0,0.0
95787,EW4,90.0,90.0,0.0,1.0,0.0
95788,EW4,90.0,90.0,0.0,1.0,0.0
95789,EW4,90.0,90.0,0.0,1.0,0.0
95790,EW4,90.0,90.0,0.0,1.0,0.0
95791,EW4,90.0,90.0,0.0,1.0,0.0
95792,EW4,90.0,90.0,0.0,1.0,0.0
95793,EW4,90.0,90.0,0.0,1.0,0.0
95794,EW4,90.0,90.0,0.0,1.0,0.0
95795,EW4,90.0,90.0,0.0,1.0,0.0
95796,EW4,90.0,90.0,0.0,1.0,0.0
95797,EW4,90.0,90.0,0.0,1.0,0.0
95798,EW4,90.0,90.0,0.0,1.0,0.0
95799,EW4,90.0,90.0,0.0,1.0,0.0
95800,EW4,90.0,90.0,0.0,1.0,0.0
95801,EW4,90.0,90.0,0.0,1.0,0.0
95802,EW4,90.0,90.0,0.0,1.0,0.0
95803,EW4,90.0,90.0,0.0,1.0,0.0
95804,EW4,90.0,90.0,0.0,1.0,0.0
95805,EW4,90.0,90.0,0.0,1.0,0.0
95806,EW4,90.0,90.0,0.0,1.0,0.0
95807,EW4,90.0,90.0,0.0,1.0,0.0
95808,EW4,90.0,90.0,0.0,1.0,0.0
95809,EW4,90.0,90.0,0.0,1.0,0.0
95810,EW4,90.0,90.0,0.0,1.0,0.0
95811,EW4,90.0,90.0,0.0,1.0,0.0
95812,EW4,90.0,90.0,0.0,1.0,0.0
95813,EW4,90.0,90.0,0.0,1.0,0.0
95814,EW4,90.0,90.0,0.0,1.0,0.0
95815,EW4,90.0,90.0,0.0,1.0,0.0
95816,EW4,90.0,90.0,0.0,1.0,0.0
95817,EW4,90.0,90.0,0.0,1.0,0.0
95818,EW4,90.0,90.0,0.0,1.0,0.0
95819,EW4,90.0,90.0,0.0,1.0,0.0
95820,EW4,90.0,90.0,0.0,1.0,0.0
95821,EW4,90.0,90.0,0.0,1.0,0.0
95822,EW4,90.0,90.0,0.0,1.0,0.0
95823,EW4,90.0,90.0,0.0,1.0,0.0
95824,EW4,90.0,90.0,0.0,1.0,0.0
95825,EW4,90.0,90.0,0.0,1.0,0.0
95826,EW4,90.0,90.0,0.0,1.0,0.0
95827,EW4,90.0,90.0,0.0,1.0,0.0
95828,EW4,90.0,90.0,0.0,1.0,0.0
95829,EW4,90.0,90.0,0.0,1.0,0.0
95830,EW4,90.0,90.0,0.0,1.0,0.0
95831,EW4,90.0,90.0,0.0,1.0,0.0
95832,EW4,90.0,90.0,0.0,1.0,0.0
95833,EW4,90.0,90.0,0.0,1.0,0.0
95834,EW4,90.0,90.0,0.0,1.0,0.0
95835,EW4,90.0,90.0,0.0,1.0,0.0
95836,EW4,90.0,90.0,0.0,1.0,0.0
95837,EW4,90.0,90.0,0.0,1.0,0.0
95838,EW4,90.0,90.0,0.0,1.0,0.0
95839,EW4,90.0,90.0,0.0,1.0,0.0
95840,EW4,90.0,90.0,0.0,1.0,0.0
95841,EW4,90.0,90.0,0.0,1.0,0.0
95842,EW4,90.0,90.0,0.0,1.0,0.0
95843,EW4,90.0,90.0,0.0,1.0,0.0
95844,EW4,90.0,90.0,0.0,1.0,0.0
95845,EW4,90.0,90.0,0.0,1.0,0.0
95846,EW4,90.0,90.0,0.0,1.0,0.0
95847,EW4,90.0,90.0,0.0,1.0,0.0
95848,EW4,90.0,90.0,0.0,1.0,0.0
95849,EW4,90.0,90.0,0.0,1.0,0.0
95850,EW4,90.0,90.0,0.0,1.0,0.0
95851,EW4,90.0,90.0,0.0,1.0,0.0
95852,EW4,90.0,90.0,0.0,1.0,0.0
95853,EW4,90.0,90.0,0.0,1.0,0.0
95854,EW4,90.0,90.0,0.0,1.0,0.0
103360,EW4,90.0,90.0,0.0,1.0,0.0
103361,EW4,90.0,90.0,0.0,1.0,0.0
103362,EW4,90.0,90.0,0.0,1.0,0.0
103363,EW4,90.0,90.0,0.0,1.0,0.0
103364,EW4,90.0,90.0,0.0,1.0,0.0
103365,EW4,90.0,90.0,0.0,1.0,0.0
103366,EW4,90.0,90.0,0.0,1.0,0.0
103367,EW4,90.0,90.0,0.0,1.0,0.0
103368,EW4,90.0,90.0,0.0,1.0,0.0
103369,EW4,90.0,90.0,0.0,1.0,0.0
103370,EW4,90.0,90.0,0.0,1.0,0.0
103371,EW4,90.0,90.0,0.0,1.0,0.0
103372,EW4,90.0,90.0,0.0,1.0,0.0
103373,EW4,90.0,90.0,0.0,1.0,0.0
103374,EW4,90.0,90.0,0.0,1.0,0.0
103375,EW4,90.0,90.0,0.0,1.0,0.0
103376,EW4,90.0,90.0,0.0,1.0,0.0
103377,EW4,90.0,90.0,0.0,1.0,0.0
103378,EW4,90.0,90.0,0.0,1.0,0.0
103379,EW4,90.0,90.0,0.0,1.0,0.0
103380,EW4,90.0,90.0,0.0,1.0,0.0
103381,EW4,90.0,90.0,0.0,1.0,0.0
103382,EW4,90.0,90.0,0.0,1.0,0.0
103383,EW4,90.0,90.0,0.0,1.0,0.0
103384,EW4,90.0,90.0,0.0,1.0,0.0
103385,EW4,90.0,90.0,0.0,1.0,0.0
103386,EW4,90.0,90.0,0.0,1.0,0.0
103387,EW4,90.0,90.0,0.0,1.0,0.0
103388,EW4,90.0,90.0,0.0,1.0,0.0
103389,EW4,90.0,90.0,0.0,1.0,0.0
103390,EW4,90.0,90.0,0.0,1.0,0.0
103391,EW4,90.0,90.0,0.0,1.0,0.0
103392,EW4,90.0,90.0,0.0,1.0,0.0
103393,EW4,90.0,90.0,0.0,1.0,0.0
103394,EW4,90.0,90.0,0.0,1.0,0.0
103395,EW4,90.0,90.0,0.0,1.0,0.0
103396,EW4,90.0,90.0,0.0,1.0,0.0
103397,EW4,90.0,90.0,0.0,1.0,0.0
103398,EW4,90.0,90.0,0.0,1.0,0.0
103399,EW4,90.0,90.0,0.0,1.0,0.0
103400,EW4,90.0,90.0,0.0,1.0,0.0
103401,EW4,90.0,90.0,0.0,1.0,0.0
103402,EW4,90.0,90.0,0.0,1.0,0.0
103403,EW4,90.0,90.0,0.0,1.0,0.0
103404,EW4,90.0,90.0,0.0,1.0,0.0
103405,EW4,90.0,90.0,0.0,1.0,0.0
103406,EW4,90.0,90.0,0.0,1.0,0.0
103407,EW4,90.0,90.0,0.0,1.0,0.0
103408,EW4,90.0,90.0,0.0,1.0,0.0
103409,EW4,90.0,90.0,0.0,1.0,0.0
103410,EW4,90.0,90.0,0.0,1.0,0.0
103411,EW4,90.0,90.0,0.0,1.0,0.0
103412,EW4,90.0,90.0,0.0,1.0,0.0
103413,EW4,90.0,90.0,0.0,1.0,0.0
103414,EW4,90.0,90.0,0.0,1.0,0.0
103415,EW4,90.0,90.0,0.0,1.0,0.0
103416,EW4,90.0,90.0,0.0,1.0,0.0
103417,EW4,90.0,90.0,0.0,1.0,0.0
103418,EW4,90.0,90.0,0.0,1.0,0.0
103419,EW4,90.0,90.0,0.0,1.0,0.0
103420,EW4,90.0,90.0,0.0,1.0,0.0
103421,EW4,90.0,90.0,0.0,1.0,0.0
103422,EW4,90.0,90.0,0.0,1.0,0.0
103423,EW4,90.0,90.0,0.0,1.0,0.0
103424,EW4,90.0,90.0,0.0,1.0,0.0
103425,EW4,90.0,90.0,0.0,1.0,0.0
103426,EW4,90.0,90.0,0.0,1.0,0.0
103427,EW4,90.0,90.0,0.0,1.0,0.0
103428,EW4,90.0,90.0,0.0,1.0,0.0
103429,EW4,90.0,90.0,0.0,1.0,0.0
103430,EW4,90.0,90.0,0.0,1.0,0.0
103431,EW4,90.0,90.0,0.0,1.0,0.0
103432,EW4,90.0,90.0,0.0,1.0,0.0
103433,EW4,90.0,90.0,0.0,1.0,0.0
103434,EW4,90.0,90.0,0.0,1.0,0.0
103435,EW4,90.0,90.0,0.0,1.0,0.0
103436,EW4,90.0,90.0,0.0,1.0,0.0
103437,EW4,90.0,90.0,0.0,1.0,0.0
103438,EW4,90.0,90.0,0.0,1.0,0.0
103439,EW4,90.0,90.0,0.0,1.0,0.0
103440,EW4,90.0,90.0,0.0,1.0,0.0
103441,EW4,90.0,90.0,0.0,1.0,0.0
103442,EW4,90.0,90.0,0.0,1.0,0.0
103443,EW4,90.0,90.0,0.0,1.0,0.0
103444,EW4,90.0,90.0,0.0,1.0,0.0
103445,EW4,90.0,90.0,0.0,1.0,0.0
103446,EW4,90.0,90.0,0.0,1.0,0.0
103447,EW4,90.0,90.0,0.0,1.0,0.0
103448,EW4,90.0,90.0,0.0,1.0,0.0
103449,EW4,90.0,90.0,0.0,1.0,0.0
103450,EW4,90.0,90.0,0.0,1.0,0.0
103451,EW4,90.0,90.0,0.0,1.0,0.0
103452,EW4,90.0,90.0,0.0,1.0,0.0
103453,EW4,90.0,90.0,0.0,1.0,0.0
103454,EW4,90.0,90.0,0.0,1.0,0.0
110960,EW4,90.0,90.0,0.0,1.0,0.0
110961,EW4,90.0,90.0,0.0,1.0,0.0
110962,EW4,90.0,90.0,0.0,1.0,0.0
110963,EW4,90.0,90.0,0.0,1.0,0.0
110964,EW4,90.0,90.0,0.0,1.0,0.0
110965,EW4,90.0,90.0,0.0,1.0,0.0
110966,EW4,90.0,90.0,0.0,1.0,0.0
110967,EW4,90.0,90.0,0.0,1.0,0.0
110968,EW4,90.0,90.0,0.0,1.0,0.0
110969,EW4,90.0,90.0,0.0,1.0,0.0
110970,EW4,90.0,90.0,0.0,1.0,0.0
110971,EW4,90.0,90.0,0.0,1.0,0.0
110972,EW4,90.0,90.0,0.0,1.0,0.0
110973,EW4,90.0,90.0,0.0,1.0,0.0
110974,EW4,90.0,90.0,0.0,1.0,0.0
110975,EW4,90.0,90.0,0.0,1.0,0.0
110976,EW4,90.0,90.0,0.0,1.0,0.0
110977,EW4,90.0,90.0,0.0,1.0,0.0
110978,EW4,90.0,90.0,0.0,1.0,0.0
110979,EW4,90.0,90.0,0.0,1.0,0.0
110980,EW4,90.0,90.0,0.0,1.0,0.0
110981,EW4,90.0,90.0,0.0,1.0,0.0
110982,EW4,90.0,90.0,0.0,1.0,0.0
110983,EW4,90.0,90.0,0.0,1.0,0.0
110984,EW4,90.0,90.0,0.0,1.0,0.0
110985,EW4,90.0,90.0,0.0,1.0,0.0
110986,EW4,90.0,90.0,0.0,1.0,0.0
110987,EW4,90.0,90.0,0.0,1.0,0.0
110988,EW4,90.0,90.0,0.0,1.0,0.0
110989,EW4,90.0,90.0,0.0,1.0,0.0
110990,EW4,90.0,90.0,0.0,1.0,0.0
110991,EW4,90.0,90.0,0.0,1.0,0.0
110992,EW4,90.0,90.0,0.0,1.0,0.0
110993,EW4,90.0,90.0,0.0,1.0,0.0
110994,EW4,90.0,90.0,0.0,1.0,0.0
110995,EW4,90.0,90.0,0.0,1.0,0.0
110996,EW4,90.0,90.0,0.0,1.0,0.0
110997,EW4,90.0,90.0,0.0,1.0,0.0
110998,EW4,90.0,90.0,0.0,1.0,0.0
110999,EW4,90.0,90.0,0.0,1.0,0.0
111000,EW4,90.0,90.0,0.0,1.0,0.0
111001,EW4,90.0,90.0,0.0,1.0,0.0
111002,EW4,90.0,90.0,0.0,1.0,0.0
111003,EW4,90.0,90.0,0.0,1.0,0.0
111004,EW4,90.0,90.0,0.0,1.0,0.0
111005,EW4,90.0,90.0,0.0,1.0,0.0
111006,EW4,90.0,90.0,0.0,1.0,0.0
111007,EW4,90.0,90.0,0.0,1.0,0.0
111008,EW4,90.0,90.0,0.0,1.0,0.0
111009,EW4,90.0,90.0,0.0,1.0,0.0
111010,EW4,90.0,90.0,0.0,1.0,0.0
111011,EW4,90.0,90.0,0.0,1.0,0.0
111012,EW4,90.0,90.0,0.0,1.0,0.0
111013,EW4,90.0,90.0,0.0,1.0,0.0
111014,EW4,90.0,90.0,0.0,1.0,0.0
111015,EW4,90.0,90.0,0.0,1.0,0.0
111016,EW4,90.0,90.0,0.0,1.0,0.0
111017,EW4,90.0,90.0,0.0,1.0,0.0
111018,EW4,90.0,90.0,0.0,1.0,0.0
111019,EW4,90.0,90.0,0.0,1.0,0.0
111020,EW4,90.0,90.0,0.0,1.0,0.0
111021,EW4,90.0,90.0,0.0,1.0,0.0
111022,EW4,90.0,90.0,0.0,1.0,0.0
111023,EW4,90.0,90.0,0.0,1.0,0.0
111024,EW4,90.0,90.0,0.0,1.0,0.0
111025,EW4,90.0,90.0,0.0,1.0,0.0
111026,EW4,90.0,90.0,0.0,1.0,0.0
111027,EW4,90.0,90.0,0.0,1.0,0.0
111028,EW4,90.0,90.0,0.0,1.0,0.0
111029,EW4,90.0,90.0,0.0,1.0,0.0
111030,EW4,90.0,90.0,0.0,1.0,0.0
111031,EW4,90.0,90.0,0.0,1.0,0.0
111032,EW4,90.0,90.0,0.0,1.0,0.0
111033,EW4,90.0,90.0,0.0,1.0,0.0
111034,EW4,90.0,90.0,0.0,1.0,0.0
111035,EW4,90.0,90.0,0.0,1.0,0.0
111036,EW4,90.0,90.0,0.0,1.0,0.0
111037,EW4,90.0,90.0,0.0,1.0,0.0
111038,EW4,90.0,90.0,0.0,1.0,0.0
111039,EW4,90.0,90.0,0.0,1.0,0.0
111040,EW4,90.0,90.0,0.0,1.0,0.0
111041,EW4,90.0,90.0,0.0,1.0,0.0
111042,EW4,90.0,90.0,0.0,1.0,0.0
111043,EW4,90.0,90.0,0.0,1.0,0.0
111044,EW4,90.0,90.0,0.0,1.0,0.0
111045,EW4,90.0,90.0,0.0,1.0,0.0
111046,EW4,90.0,90.0,0.0,1.0,0.0
111047,EW4,90.0,90.0,0.0,1.0,0.0
111048,EW4,90.0,90.0,0.0,1.0,0.0
111049,EW4,90.0,90.0,0.0,1.0,0.0
111050,EW4,90.0,90.0,0.0,1.0,0.0
111051,EW4,90.0,90.0,0.0,1.0,0.0
111052,EW4,90.0,90.0,0.0,1.0,0.0
111053,EW4,90.0,90.0,0.0,1.0,0.0
111054,EW4,90.0,90.0,0.0,1.0,0.0
118560,EW4,90.0,90.0,0.0,1.0,0.0
118561,EW4,90.0,90.0,0.0,1.0,0.0
118562,EW4,90.0,90.0,0.0,1.0,0.0
118563,EW4,90.0,90.0,0.0,1.0,0.0
118564,EW4,90.0,90.0,0.0,1.0,0.0
118565,EW4,90.0,90.0,0.0,1.0,0.0
118566,EW4,90.0,90.0,0.0,1.0,0.0
118567,EW4,90.0,90.0,0.0,1.0,0.0
118568,EW4,90.0,90.0,0.0,1.0,0.0
118569,EW4,90.0,90.0,0.0,1.0,0.0
118570,EW4,90.0,90.0,0.0,1.0,0.0
118571,EW4,90.0,90.0,0.0,1.0,0.0
118572,EW4,90.0,90.0,0.0,1.0,0.0
118573,EW4,90.0,90.0,0.0,1.0,0.0
118574,EW4,90.0,90.0,0.0,1.0,0.0
118575,EW4,90.0,90.0,0.0,1.0,0.0
118576,EW4,90.0,90.0,0.0,1.0,0.0
118577,EW4,90.0,90.0,0.0,1.0,0.0
118578,EW4,90.0,90.0,0.0,1.0,0.0
118579,EW4,90.0,90.0,0.0,1.0,0.0
118580,EW4,90.0,90.0,0.0,1.0,0.0
118581,EW4,90.0,90.0,0.0,1.0,0.0
118582,EW4,90.0,90.0,0.0,1.0,0.0
118583,EW4,90.0,90.0,0.0,1.0,0.0
118584,EW4,90.0,90.0,0.0,1.0,0.0
118585,EW4,90.0,90.0,0.0,1.0,0.0
118586,EW4,90.0,90.0,0.0,1.0,0.0
118587,EW4,90.0,90.0,0.0,1.0,0.0
118588,EW4,90.0,90.0,0.0,1.0,0.0
118589,EW4,90.0,90.0,0.0,1.0,0.0
118590,EW4,90.0,90.0,0.0,1.0,0.0
118591,EW4,90.0,90.0,0.0,1.0,0.0
118592,EW4,90.0,90.0,0.0,1.0,0.0
118593,EW4,90.0,90.0,0.0,1.0,0.0
118594,EW4,90.0,90.0,0.0,1.0,0.0
118595,EW4,90.0,90.0,0.0,1.0,0.0
118596,EW4,90.0,90.0,0.0,1.0,0.0
118597,EW4,90.0,90.0,0.0,1.0,0.0
118598,EW4,90.0,90.0,0.0,1.0,0.0
118599,EW4,90.0,90.0,0.0,1.0,0.0
118600,EW4,90.0,90.0,0.0,1.0,0.0
118601,EW4,90.0,90.0,0.0,1.0,0.0
118602,EW4,90.0,90.0,0.0,1.0,0.0
118603,EW4,90.0,90.0,0.0,1.0,0.0
118604,EW4,90.0,90.0,0.0,1.0,0.0
118605,EW4,90.0,90.0,0.0,1.0,0.0
118606,EW4,90.0,90.0,0.0,1.0,0.0
118607,EW4,90.0,90.0,0.0,1.0,0.0
118608,EW4,90.0,90.0,0.0,1.0,0.0
118609,EW4,90.0,90.0,0.0,1.0,0.0
118610,EW4,90.0,90.0,0.0,1.0,0.0
118611,EW4,90.0,90.0,0.0,1.0,0.0
118612,EW4,90.0,90.0,0.0,1.0,0.0
118613,EW4,90.0,90.0,0.0,1.0,0.0
118614,EW4,90.0,90.0,0.0,1.0,0.0
118615,EW4,90.0,90.0,0.0,1.0,0.0
118616,EW4,90.0,90.0,0.0,1.0,0.0
118617,EW4,90.0,90.0,0.0,1.0,0.0
118618,EW4,90.0,90.0,0.0,1.0,0.0
118619,EW4,90.0,90.0,0.0,1.0,0.0
118620,EW4,90.0,90.0,0.0,1.0,0.0
118621,EW4,90.0,90.0,0.0,1.0,0.0
118622,EW4,90.0,90.0,0.0,1.0,0.0
118623,EW4,90.0,90.0,0.0,1.0,0.0
118624,EW4,90.0,90.0,0.0,1.0,0.0
118625,EW4,90.0,90.0,0.0,1.0,0.0
118626,EW4,90.0,90.0,0.0,1.0,0.0
118627,EW4,90.0,90.0,0.0,1.0,0.0
118628,EW4,90.0,90.0,0.0,1.0,0.0
118629,EW4,90.0,90.0,0.0,1.0,0.0
118630,EW4,90.0,90.0,0.0,1.0,0.0
118631,EW4,90.0,90.0,0.0,1.0,0.0
118632,EW4,90.0,90.0,0.0,1.0,0.0
118633,EW4,90.0,90.0,0.0,1.0,0.0
118634,EW4,90.0,90.0,0.0,1.0,0.0
118635,EW4,90.0,90.0,0.0,1.0,0.0
118636,EW4,90.0,90.0,0.0,1.0,0.0
118637,EW4,90.0,90.0,0.0,1.0,0.0
118638,EW4,90.0,90.0,0.0,1.0,0.0
118639,EW4,90.0,90.0,0.0,1.0,0.0
118640,EW4,90.0,90.0,0.0,1.0,0.0
118641,EW4,90.0,90.0,0.0,1.0,0.0
118642,EW4,90.0,90.0,0.0,1.0,0.0
118643,EW4,90.0,90.0,0.0,1.0,0.0
118644,EW4,90.0,90.0,0.0,1.0,0.0
118645,EW4,90.0,90.0,0.0,1.0,0.0
118646,EW4,90.0,90.0,0.0,1.0,0.0
118647,EW4,90.0,90.0,0.0,1.0,0.0
118648,EW4,90.0,90.0,0.0,1.0,0.0
118649,EW4,90.0,90.0,0.0,1.0,0.0
118650,EW4,90.0,90.0,0.0,1.0,0.0
118651,EW4,90.0,90.0,0.0,1.0,0.0
118652,EW4,90.0,90.0,0.0,1.0,0.0
118653,EW4,90.0,90.0,0.0,1.0,0.0
118654,EW4,90.0,90.0,0.0,1.0,0.0
126160,EW4,90.0,90.0,0.0,1.0,0.0
126161,EW4,90.0,90.0,0.0,1.0,0.0
126162,EW4,90.0,90.0,0.0,1.0,0.0
126163,EW4,90.0,90.0,0.0,1.0,0.0
126164,EW4,90.0,90.0,0.0,1.0,0.0
126165,EW4,90.0,90.0,0.0,1.0,0.0
126166,EW4,90.0,90.0,0.0,1.0,0.0
126167,EW4,90.0,90.0,0.0,1.0,0.0
126168,EW4,90.0,90.0,0.0,1.0,0.0
126169,EW4,90.0,90.0,0.0,1.0,0.0
126170,EW4,90.0,90.0,0.0,1.0,0.0
126171,EW4,90.0,90.0,0.0,1.0,0.0
126172,EW4,90.0,90.0,0.0,1.0,0.0
126173,EW4,90.0,90.0,0.0,1.0,0.0
126174,EW4,90.0,90.0,0.0,1.0,0.0
126175,EW4,90.0,90.0,0.0,1.0,0.0
126176,EW4,90.0,90.0,0.0,1.0,0.0
126177,EW4,90.0,90.0,0.0,1.0,0.0
126178,EW4,90.0,90.0,0.0,1.0,0.0
126179,EW4,90.0,90.0,0.0,1.0,0.0
126180,EW4,90.0,90.0,0.0,1.0,0.0
126181,EW4,90.0,90.0,0.0,1.0,0.0
126182,EW4,90.0,90.0,0.0,1.0,0.0
126183,EW4,90.0,90.0,0.0,1.0,0.0
126184,EW4,90.0,90.0,0.0,1.0,0.0
126185,EW4,90.0,90.0,0.0,1.0,0.0
126186,EW4,90.0,90.0,0.0,1.0,0.0
126187,EW4,90.0,90.0,0.0,1.0,0.0
126188,EW4,90.0,90.0,0.0,1.0,0.0
126189,EW4,90.0,90.0,0.0,1.0,0.0
126190,EW4,90.0,90.0,0.0,1.0,0.0
126191,EW4,90.0,90.0,0.0,1.0,0.0
126192,EW4,90.0,90.0,0.0,1.0,0.0
126193,EW4,90.0,90.0,0.0,1.0,0.0
126194,EW4,90.0,90.0,0.0,1.0,0.0
126195,EW4,90.0,90.0,0.0,1.0,0.0
126196,EW4,90.0,90.0,0.0,1.0,0.0
126197,EW4,90.0,90.0,0.0,1.0,0.0
126198,EW4,90.0,90.0,0.0,1.0,0.0
126199,EW4,90.0,90.0,0.0,1.0,0.0
126200,EW4,90.0,90.0,0.0,1.0,0.0
126201,EW4,90.0,90.0,0.0,1.0,0.0
126202,EW4,90.0,90.0,0.0,1.0,0.0
126203,EW4,90.0,90.0,0.0,1.0,0.0
126204,EW4,90.0,90.0,0.0,1.0,0.0
126205,EW4,90.0,90.0,0.0,1.0,0.0
126206,EW4,90.0,90.0,0.0,1.0,0.0
126207,EW4,90.0,90.0,0.0,1.0,0.0
126208,EW4,90.0,90.0,0.0,1.0,0.0
126209,EW4,90.0,90.0,0.0,1.0,0.0
126210,EW4,90.0,90.0,0.0,1.0,0.0
126211,EW4,90.0,90.0,0.0,1.0,0.0
126212,EW4,90.0,90.0,0.0,1.0,0.0
126213,EW4,90.0,90.0,0.0,1.0,0.0
126214,EW4,90.0,90.0,0.0,1.0,0.0
126215,EW4,90.0,90.0,0.0,1.0,0.0
126216,EW4,90.0,90.0,0.0,1.0,0.0
126217,EW4,90.0,90.0,0.0,1.0,0.0
126218,EW4,90.0,90.0,0.0,1.0,0.0
126219,EW4,90.0,90.0,0.0,1.0,0.0
126220,EW4,90.0,90.0,0.0,1.0,0.0
126221,EW4,90.0,90.0,0.0,1.0,0.0
126222,EW4,90.0,90.0,0.0,1.0,0.0
126223,EW4,90.0,90.0,0.0,1.0,0.0
126224,EW4,90.0,90.0,0.0,1.0,0.0
126225,EW4,90.0,90.0,0.0,1.0,0.0
126226,EW4,90.0,90.0,0.0,1.0,0.0
126227,EW4,90.0,90.0,0.0,1.0,0.0
126228,EW4,90.0,90.0,0.0,1.0,0.0
126229,EW4,90.0,90.0,0.0,1.0,0.0
126230,EW4,90.0,90.0,0.0,1.0,0.0
126231,EW4,90.0,90.0,0.0,1.0,0.0
126232,EW4,90.0,90.0,0.0,1.0,0.0
126233,EW4,90.0,90.0,0.0,1.0,0.0
126234,EW4,90.0,90.0,0.0,1.0,0.0
126235,EW4,90.0,90.0,0.0,1.0,0.0
126236,EW4,90.0,90.0,0.0,1.0,0.0
126237,EW4,90.0,90.0,0.0,1.0,0.0
126238,EW4,90.0,90.0,0.0,1.0,0.0
126239,EW4,90.0,90.0,0.0,1.0,0.0
126240,EW4,90.0,90.0,0.0,1.0,0.0
126241,EW4,90.0,90.0,0.0,1.0,0.0
126242,EW4,90.0,90.0,0.0,1.0,0.0
126243,EW4,90.0,90.0,0.0,1.0,0.0
126244,EW4,90.0,90.0,0.0,1.0,0.0
126245,EW4,90.0,90.0,0.0,1.0,0.0
126246,EW4,90.0,90.0,0.0,1.0,0.0
126247,EW4,90.0,90.0,0.0,1.0,0.0
126248,EW4,90.0,90.0,0.0,1.0,0.0
126249,EW4,90.0,90.0,0.0,1.0,0.0
126250,EW4,90.0,90.0,0.0,1.0,0.0
126251,EW4,90.0,90.0,0.0,1.0,0.0
126252,EW4,90.0,90.0,0.0,1.0,0.0
126253,EW4,90.0,90.0,0.0,1.0,0.0
126254,EW4,90.0,90.0,0.0,1.0,0.0
133760,EW4,90.0,90.0,0.0,1.0,0.0
133761,EW4,90.0,90.0,0.0,1.0,0.0
133762,EW4,90.0,90.0,0.0,1.0,0.0
133763,EW4,90.0,90.0,0.0,1.0,0.0
133764,EW4,90.0,90.0,0.0,1.0,0.0
133765,EW4,90.0,90.0,0.0,1.0,0.0
133766,EW4,90.0,90.0,0.0,1.0,0.0
133767,EW4,90.0,90.0,0.0,1.0,0.0
133768,EW4,90.0,90.0,0.0,1.0,0.0
133769,EW4,90.0,90.0,0.0,1.0,0.0
133770,EW4,90.0,90.0,0.0,1.0,0.0
133771,EW4,90.0,90.0,0.0,1.0,0.0
133772,EW4,90.0,90.0,0.0,1.0,0.0
133773,EW4,90.0,90.0,0.0,1.0,0.0
133774,EW4,90.0,90.0,0.0,1.0,0.0
133775,EW4,90.0,90.0,0.0,1.0,0.0
133776,EW4,90.0,90.0,0.0,1.0,0.0
133777,EW4,90.0,90.0,0.0,1.0,0.0
133778,EW4,90.0,90.0,0.0,1.0,0.0
133779,EW4,90.0,90.0,0.0,1.0,0.0
133780,EW4,90.0,90.0,0.0,1.0,0.0
133781,EW4,90.0,90.0,0.0,1.0,0.0
133782,EW4,90.0,90.0,0.0,1.0,0.0
133783,EW4,90.0,90.0,0.0,1.0,0.0
133784,EW4,90.0,90.0,0.0,1.0,0.0
133785,EW4,90.0,90.0,0.0,1.0,0.0
133786,EW4,90.0,90.0,0.0,1.0,0.0
133787,EW4,90.0,90.0,0.0,1.0,0.0
133788,EW4,90.0,90.0,0.0,1.0,0.0
133789,EW4,90.0,90.0,0.0,1.0,0.0
133790,EW4,90.0,90.0,0.0,1.0,0.0
133791,EW4,90.0,90.0,0.0,1.0,0.0
133792,EW4,90.0,90.0,0.0,1.0,0.0
133793,EW4,90.0,90.0,0.0,1.0,0.0
133794,EW4,90.0,90.0,0.0,1.0,0.0
133795,EW4,90.0,90.0,0.0,1.0,0.0
133796,EW4,90.0,90.0,0.0,1.0,0.0
133797,EW4,90.0,90.0,0.0,1.0,0.0
133798,EW4,90.0,90.0,0.0,1.0,0.0
133799,EW4,90.0,90.0,0.0,1.0,0.0
133800,EW4,90.0,90.0,0.0,1.0,0.0
133801,EW4,90.0,90.0,0.0,1.0,0.0
133802,EW4,90.0,90.0,0.0,1.0,0.0
133803,EW4,90.0,90.0,0.0,1.0,0.0
133804,EW4,90.0,90.0,0.0,1.0,0.0
133805,EW4,90.0,90.0,0.0,1.0,0.0
133806,EW4,90.0,90.0,0.0,1.0,0.0
133807,EW4,90.0,90.0,0.0,1.0,0.0
133808,EW4,90.0,90.0,0.0,1.0,0.0
133809,EW4,90.0,90.0,0.0,1.0,0.0
133810,EW4,90.0,90.0,0.0,1.0,0.0
133811,EW4,90.0,90.0,0.0,1.0,0.0
133812,EW4,90.0,90.0,0.0,1.0,0.0
133813,EW4,90.0,90.0,0.0,1.0,0.0
133814,EW4,90.0,90.0,0.0,1.0,0.0
133815,EW4,90.0,90.0,0.0,1.0,0.0
133816,EW4,90.0,90.0,0.0,1.0,0.0
133817,EW4,90.0,90.0,0.0,1.0,0.0
133818,EW4,90.0,90.0,0.0,1.0,0.0
133819,EW4,90.0,90.0,0.0,1.0,0.0
133820,EW4,90.0,90.0,0.0,1.0,0.0
133821,EW4,90.0,90.0,0.0,1.0,0.0
133822,EW4,90.0,90.0,0.0,1.0,0.0
133823,EW4,90.0,90.0,0.0,1.0,0.0
133824,EW4,90.0,90.0,0.0,1.0,0.0
133825,EW4,90.0,90.0,0.0,1.0,0.0
133826,EW4,90.0,90.0,0.0,1.0,0.0
133827,EW4,90.0,90.0,0.0,1.0,0.0
133828,EW4,90.0,90.0,0.0,1.0,0.0
133829,EW4,90.0,90.0,0.0,1.0,0.0
133830,EW4,90.0,90.0,0.0,1.0,0.0
133831,EW4,90.0,90.0,0.0,1.0,0.0
133832,EW4,90.0,90.0,0.0,1.0,0.0
133833,EW4,90.0,90.0,0.0,1.0,0.0
133834,EW4,90.0,90.0,0.0,1.0,0.0
133835,EW4,90.0,90.0,0.0,1.0,0.0
133836,EW4,90.0,90.0,0.0,1.0,0.0
133837,EW4,90.0,90.0,0.0,1.0,0.0
133838,EW4,90.0,90.0,0.0,1.0,0.0
133839,EW4,90.0,90.0,0.0,1.0,0.0
133840,EW4,90.0,90.0,0.0,1.0,0.0
133841,EW4,90.0,90.0,0.0,1.0,0.0
133842,EW4,90.0,90.0,0.0,1.0,0.0
133843,EW4,90.0,90.0,0.0,1.0,0.0
133844,EW4,90.0,90.0,0.0,1.0,0.0
133845,EW4,90.0,90.0,0.0,1.0,0.0
133846,EW4,90.0,90.0,0.0,1.0,0.0
133847,EW4,90.0,90.0,0.0,1.0,0.0
133848,EW4,90.0,90.0,0.0,1.0,0.0
133849,EW4,90.0,90.0,0.0,1.0,0.0
133850,EW4,90.0,90.0,0.0,1.0,0.0
133851,EW4,90.0,90.0,0.0,1.0,0.0
133852,EW4,90.0,90.0,0.0,1.0,0.0
133853,EW4,90.0,90.0,0.0,1.0,0.0
133854,EW4,90.0,90.0,0.0,1.0,0.0
141360,EW4,90.0,90.0,0.0,1.0,0.0
141361,EW4,90.0,90.0,0.0,1.0,0.0
141362,EW4,90.0,90.0,0.0,1.0,0.0
141363,EW4,90.0,90.0,0.0,1.0,0.0
141364,EW4,90.0,90.0,0.0,1.0,0.0
141365,EW4,90.0,90.0,0.0,1.0,0.0
141366,EW4,90.0,90.0,0.0,1.0,0.0
141367,EW4,90.0,90.0,0.0,1.0,0.0
141368,EW4,90.0,90.0,0.0,1.0,0.0
141369,EW4,90.0,90.0,0.0,1.0,0.0
141370,EW4,90.0,90.0,0.0,1.0,0.0
141371,EW4,90.0,90.0,0.0,1.0,0.0
141372,EW4,90.0,90.0,0.0,1.0,0.0
141373,EW4,90.0,90.0,0.0,1.0,0.0
141374,EW4,90.0,90.0,0.0,1.0,0.0
141375,EW4,90.0,90.0,0.0,1.0,0.0
141376,EW4,90.0,90.0,0.0,1.0,0.0
141377,EW4,90.0,90.0,0.0,1.0,0.0
141378,EW4,90.0,90.0,0.0,1.0,0.0
141379,EW4,90.0,90.0,0.0,1.0,0.0
141380,EW4,90.0,90.0,0.0,1.0,0.0
141381,EW4,90.0,90.0,0.0,1.0,0.0
141382,EW4,90.0,90.0,0.0,1.0,0.0
141383,EW4,90.0,90.0,0.0,1.0,0.0
141384,EW4,90.0,90.0,0.0,1.0,0.0
141385,EW4,90.0,90.0,0.0,1.0,0.0
141386,EW4,90.0,90.0,0.0,1.0,0.0
141387,EW4,90.0,90.0,0.0,1.0,0.0
141388,EW4,90.0,90.0,0.0,1.0,0.0
141389,EW4,90.0,90.0,0.0,1.0,0.0
141390,EW4,90.0,90.0,0.0,1.0,0.0
141391,EW4,90.0,90.0,0.0,1.0,0.0
141392,EW4,90.0,90.0,0.0,1.0,0.0
141393,EW4,90.0,90.0,0.0,1.0,0.0
141394,EW4,90.0,90.0,0.0,1.0,0.0
141395,EW4,90.0,90.0,0.0,1.0,0.0
141396,EW4,90.0,90.0,0.0,1.0,0.0
141397,EW4,90.0,90.0,0.0,1.0,0.0
141398,EW4,90.0,90.0,0.0,1.0,0.0
141399,EW4,90.0,90.0,0.0,1.0,0.0
141400,EW4,90.0,90.0,0.0,1.0,0.0
141401,EW4,90.0,90.0,0.0,1.0,0.0
141402,EW4,90.0,90.0,0.0,1.0,0.0
141403,EW4,90.0,90.0,0.0,1.0,0.0
141404,EW4,90.0,90.0,0.0,1.0,0.0
141405,EW4,90.0,90.0,0.0,1.0,0.0
141406,EW4,90.0,90.0,0.0,1.0,0.0
141407,EW4,90.0,90.0,0.0,1.0,0.0
141408,EW4,90.0,90.0,0.0,1.0,0.0
141409,EW4,90.0,90.0,0.0,1.0,0.0
141410,EW4,90.0,90.0,0.0,1.0,0.0
141411,EW4,90.0,90.0,0.0,1.0,0.0
141412,EW4,90.0,90.0,0.0,1.0,0.0
141413,EW4,90.0,90.0,0.0,1.0,0.0
141414,EW4,90.0,90.0,0.0,1.0,0.0
141415,EW4,90.0,90.0,0.0,1.0,0.0
141416,EW4,90.0,90.0,0.0,1.0,0.0
141417,EW4,90.0,90.0,0.0,1.0,0.0
141418,EW4,90.0,90.0,0.0,1.0,0.0
141419,EW4,90.0,90.0,0.0,1.0,0.0
141420,EW4,90.0,90.0,0.0,1.0,0.0
141421,EW4,90.0,90.0,0.0,1.0,0.0
141422,EW4,90.0,90.0,0.0,1.0,0.0
141423,EW4,90.0,90.0,0.0,1.0,0.0
141424,EW4,90.0,90.0,0.0,1.0,0.0
141425,EW4,90.0,90.0,0.0,1.0,0.0
141426,EW4,90.0,90.0,0.0,1.0,0.0
141427,EW4,90.0,90.0,0.0,1.0,0.0
141428,EW4,90.0,90.0,0.0,1.0,0.0
141429,EW4,90.0,90.0,0.0,1.0,0.0
141430,EW4,90.0,90.0,0.0,1.0,0.0
141431,EW4,90.0,90.0,0.0,1.0,0.0
141432,EW4,90.0,90.0,0.0,1.0,0.0
141433,EW4,90.0,90.0,0.0,1.0,0.0
141434,EW4,90.0,90.0,0.0,1.0,0.0
141435,EW4,90.0,90.0,0.0,1.0,0.0
141436,EW4,90.0,90.0,0.0,1.0,0.0
141437,EW4,90.0,90.0,0.0,1.0,0.0
141438,EW4,90.0,90.0,0.0,1.0,0.0
141439,EW4,90.0,90.0,0.0,1.0,0.0
141440,EW4,90.0,90.0,0.0,1.0,0.0
141441,EW4,90.0,90.0,0.0,1.0,0.0
141442,EW4,90.0,90.0,0.0,1.0,0.0
141443,EW4,90.0,90.0,0.0,1.0,0.0
141444,EW4,90.0,90.0,0.0,1.0,0.0
141445,EW4,90.0,90.0,0.0,1.0,0.0
141446,EW4,90.0,90.0,0.0,1.0,0.0
141447,EW4,90.0,90.0,0.0,1.0,0.0
141448,EW4,90.0,90.0,0.0,1.0,0.0
141449,EW4,90.0,90.0,0.0,1.0,0.0
141450,EW4,90.0,90.0,0.0,1.0,0.0
141451,EW4,90.0,90.0,0.0,1.0,0.0
141452,EW4,90.0,90.0,0.0,1.0,0.0
141453,EW4,90.0,90.0,0.0,1.0,0.0
141454,EW4,90.0,90.0,0.0,1.0,0.0
148960,EW4,90.0,90.0,0.0,1.0,0.0
148961,EW4,90.0,90.0,0.0,1.0,0.0
148962,EW4,90.0,90.0,0.0,1.0,0.0
148963,EW4,90.0,90.0,0.0,1.0,0.0
148964,EW4,90.0,90.0,0.0,1.0,0.0
148965,EW4,90.0,90.0,0.0,1.0,0.0
148966,EW4,90.0,90.0,0.0,1.0,0.0
148967,EW4,90.0,90.0,0.0,1.0,0.0
148968,EW4,90.0,90.0,0.0,1.0,0.0
148969,EW4,90.0,90.0,0.0,1.0,0.0
148970,EW4,90.0,90.0,0.0,1.0,0.0
148971,EW4,90.0,90.0,0.0,1.0,0.0
148972,EW4,90.0,90.0,0.0,1.0,0.0
148973,EW4,90.0,90.0,0.0,1.0,0.0
148974,EW4,90.0,90.0,0.0,1.0,0.0
148975,EW4,90.0,90.0,0.0,1.0,0.0
148976,EW4,90.0,90.0,0.0,1.0,0.0
148977,EW4,90.0,90.0,0.0,1.0,0.0
148978,EW4,90.0,90.0,0.0,1.0,0.0
148979,EW4,90.0,90.0,0.0,1.0,0.0
148980,EW4,90.0,90.0,0.0,1.0,0.0
148981,EW4,90.0,90.0,0.0,1.0,0.0
148982,EW4,90.0,90.0,0.0,1.0,0.0
148983,EW4,90.0,90.0,0.0,1.0,0.0
148984,EW4,90.0,90.0,0.0,1.0,0.0
148985,EW4,90.0,90.0,0.0,1.0,0.0
148986,EW4,90.0,90.0,0.0,1.0,0.0
148987,EW4,90.0,90.0,0.0,1.0,0.0
148988,EW4,90.0,90.0,0.0,1.0,0.0
148989,EW4,90.0,90.0,0.0,1.0,0.0
148990,EW4,90.0,90.0,0.0,1.0,0.0
148991,EW4,90.0,90.0,0.0,1.0,0.0
148992,EW4,90.0,90.0,0.0,1.0,0.0
148993,EW4,90.0,90.0,0.0,1.0,0.0
148994,EW4,90.0,90.0,0.0,1.0,0.0
148995,EW4,90.0,90.0,0.0,1.0,0.0
148996,EW4,90.0,90.0,0.0,1.0,0.0
148997,EW4,90.0,90.0,0.0,1.0,0.0
148998,EW4,90.0,90.0,0.0,1.0,0.0
148999,EW4,90.0,90.0,0.0,1.0,0.0
149000,EW4,90.0,90.0,0.0,1.0,0.0
149001,EW4,90.0,90.0,0.0,1.0,0.0
149002,EW4,90.0,90.0,0.0,1.0,0.0
149003,EW4,90.0,90.0,0.0,1.0,0.0
149004,EW4,90.0,90.0,0.0,1.0,0.0
149005,EW4,90.0,90.0,0.0,1.0,0.0
149006,EW4,90.0,90.0,0.0,1.0,0.0
149007,EW4,90.0,90.0,0.0,1.0,0.0
149008,EW4,90.0,90.0,0.0,1.0,0.0
149009,EW4,90.0,90.0,0.0,1.0,0.0
149010,EW4,90.0,90.0,0.0,1.0,0.0
149011,EW4,90.0,90.0,0.0,1.0,0.0
149012,EW4,90.0,90.0,0.0,1.0,0.0
149013,EW4,90.0,90.0,0.0,1.0,0.0
149014,EW4,90.0,90.0,0.0,1.0,0.0
149015,EW4,90.0,90.0,0.0,1.0,0.0
149016,EW4,90.0,90.0,0.0,1.0,0.0
149017,EW4,90.0,90.0,0.0,1.0,0.0
149018,EW4,90.0,90.0,0.0,1.0,0.0
149019,EW4,90.0,90.0,0.0,1.0,0.0
149020,EW4,90.0,90.0,0.0,1.0,0.0
149021,EW4,90.0,90.0,0.0,1.0,0.0
149022,EW4,90.0,90.0,0.0,1.0,0.0
149023,EW4,90.0,90.0,0.0,1.0,0.0
149024,EW4,90.0,90.0,0.0,1.0,0.0
149025,EW4,90.0,90.0,0.0,1.0,0.0
149026,EW4,90.0,90.0,0.0,1.0,0.0
149027,EW4,90.0,90.0,0.0,1.0,0.0
149028,EW4,90.0,90.0,0.0,1.0,0.0
149029,EW4,90.0,90.0,0.0,1.0,0.0
149030,EW4,90.0,90.0,0.0,1.0,0.0
149031,EW4,90.0,90.0,0.0,1.0,0.0
149032,EW4,90.0,90.0,0.0,1.0,0.0
149033,EW4,90.0,90.0,0.0,1.0,0.0
149034,EW4,90.0,90.0,0.0,1.0,0.0
149035,EW4,90.0,90.0,0.0,1.0,0.0
149036,EW4,90.0,90.0,0.0,1.0,0.0
149037,EW4,90.0,90.0,0.0,1.0,0.0
149038,EW4,90.0,90.0,0.0,1.0,0.0
149039,EW4,90.0,90.0,0.0,1.0,0.0
149040,EW4,90.0,90.0,0.0,1.0,0.0
149041,EW4,90.0,90.0,0.0,1.0,0.0
149042,EW4,90.0,90.0,0.0,1.0,0.0
149043,EW4,90.0,90.0,0.0,1.0,0.0
149044,EW4,90.0,90.0,0.0,1.0,0.0
149045,EW4,90.0,90.0,0.0,1.0,0.0
149046,EW4,90.0,90.0,0.0,1.0,0.0
149047,EW4,90.0,90.0,0.0,1.0,0.0
149048,EW4,90.0,90.0,0.0,1.0,0.0
149049,EW4,90.0,90.0,0.0,1.0,0.0
149050,EW4,90.0,90.0,0.0,1.0,0.0
149051,EW4,90.0,90.0,0.0,1.0,0.0
149052,EW4,90.0,90.0,0.0,1.0,0.0
149053,EW4,90.0,90.0,0.0,1.0,0.0
149054,EW4,90.0,90.0,0.0,1.0,0.0
156560,EW4,90.0,90.0,0.0,1.0,0.0
156561,EW4,90.0,90.0,0.0,1.0,0.0
156562,EW4,90.0,90.0,0.0,1.0,0.0
156563,EW4,90.0,90.0,0.0,1.0,0.0
156564,EW4,90.0,90.0,0.0,1.0,0.0
156565,EW4,90.0,90.0,0.0,1.0,0.0
156566,EW4,90.0,90.0,0.0,1.0,0.0
156567,EW4,90.0,90.0,0.0,1.0,0.0
156568,EW4,90.0,90.0,0.0,1.0,0.0
156569,EW4,90.0,90.0,0.0,1.0,0.0
156570,EW4,90.0,90.0,0.0,1.0,0.0
156571,EW4,90.0,90.0,0.0,1.0,0.0
156572,EW4,90.0,90.0,0.0,1.0,0.0
156573,EW4,90.0,90.0,0.0,1.0,0.0
156574,EW4,90.0,90.0,0.0,1.0,0.0
156575,EW4,90.0,90.0,0.0,1.0,0.0
156576,EW4,90.0,90.0,0.0,1.0,0.0
156577,EW4,90.0,90.0,0.0,1.0,0.0
156578,EW4,90.0,90.0,0.0,1.0,0.0
156579,EW4,90.0,90.0,0.0,1.0,0.0
156580,EW4,90.0,90.0,0.0,1.0,0.0
156581,EW4,90.0,90.0,0.0,1.0,0.0
156582,EW4,90.0,90.0,0.0,1.0,0.0
156583,EW4,90.0,90.0,0.0,1.0,0.0
156584,EW4,90.0,90.0,0.0,1.0,0.0
156585,EW4,90.0,90.0,0.0,1.0,0.0
156586,EW4,90.0,90.0,0.0,1.0,0.0
156587,EW4,90.0,90.0,0.0,1.0,0.0
156588,EW4,90.0,90.0,0.0,1.0,0.0
156589,EW4,90.0,90.0,0.0,1.0,0.0
156590,EW4,90.0,90.0,0.0,1.0,0.0
156591,EW4,90.0,90.0,0.0,1.0,0.0
156592,EW4,90.0,90.0,0.0,1.0,0.0
156593,EW4,90.0,90.0,0.0,1.0,0.0
156594,EW4,90.0,90.0,0.0,1.0,0.0
156595,EW4,90.0,90.0,0.0,1.0,0.0
156596,EW4,90.0,90.0,0.0,1.0,0.0
156597,EW4,90.0,90.0,0.0,1.0,0.0
156598,EW4,90.0,90.0,0.0,1.0,0.0
156599,EW4,90.0,90.0,0.0,1.0,0.0
156600,EW4,90.0,90.0,0.0,1.0,0.0
156601,EW4,90.0,90.0,0.0,1.0,0.0
156602,EW4,90.0,90.0,0.0,1.0,0.0
156603,EW4,90.0,90.0,0.0,1.0,0.0
156604,EW4,90.0,90.0,0.0,1.0,0.0
156605,EW4,90.0,90.0,0.0,1.0,0.0
156606,EW4,90.0,90.0,0.0,1.0,0.0
156607,EW4,90.0,90.0,0.0,1.0,0.0
156608,EW4,90.0,90.0,0.0,1.0,0.0
156609,EW4,90.0,90.0,0.0,1.0,0.0
156610,EW4,90.0,90.0,0.0,1.0,0.0
156611,EW4,90.0,90.0,0.0,1.0,0.0
156612,EW4,90.0,90.0,0.0,1.0,0.0
156613,EW4,90.0,90.0,0.0,1.0,0.0
156614,EW4,90.0,90.0,0.0,1.0,0.0
156615,EW4,90.0,90.0,0.0,1.0,0.0
156616,EW4,90.0,90.0,0.0,1.0,0.0
156617,EW4,90.0,90.0,0.0,1.0,0.0
156618,EW4,90.0,90.0,0.0,1.0,0.0
156619,EW4,90.0,90.0,0.0,1.0,0.0
156620,EW4,90.0,90.0,0.0,1.0,0.0
156621,EW4,90.0,90.0,0.0,1.0,0.0
156622,EW4,90.0,90.0,0.0,1.0,0.0
156623,EW4,90.0,90.0,0.0,1.0,0.0
156624,EW4,90.0,90.0,0.0,1.0,0.0
156625,EW4,90.0,90.0,0.0,1.0,0.0
156626,EW4,90.0,90.0,0.0,1.0,0.0
156627,EW4,90.0,90.0,0.0,1.0,0.0
156628,EW4,90.0,90.0,0.0,1.0,0.0
156629,EW4,90.0,90.0,0.0,1.0,0.0
156630,EW4,90.0,90.0,0.0,1.0,0.0
156631,EW4,90.0,90.0,0.0,1.0,0.0
156632,EW4,90.0,90.0,0.0,1.0,0.0
156633,EW4,90.0,90.0,0.0,1.0,0.0
156634,EW4,90.0,90.0,0.0,1.0,0.0
156635,EW4,90.0,90.0,0.0,1.0,0.0
156636,EW4,90.0,90.0,0.0,1.0,0.0
156637,EW4,90.0,90.0,0.0,1.0,0.0
156638,EW4,90.0,90.0,0.0,1.0,0.0
156639,EW4,90.0,90.0,0.0,1.0,0.0
156640,EW4,90.0,90.0,0.0,1.0,0.0
156641,EW4,90.0,90.0,0.0,1.0,0.0
156642,EW4,90.0,90.0,0.0,1.0,0.0
156643,EW4,90.0,90.0,0.0,1.0,0.0
156644,EW4,90.0,90.0,0.0,1.0,0.0
156645,EW4,90.0,90.0,0.0,1.0,0.0
156646,EW4,90.0,90.0,0.0,1.0,0.0
156647,EW4,90.0,90.0,0.0,1.0,0.0
156648,EW4,90.0,90.0,0.0,1.0,0.0
156649,EW4,90.0,90.0,0.0,1.0,0.0
156650,EW4,90.0,90.0,0.0,1.0,0.0
156651,EW4,90.0,90.0,0.0,1.0,0.0
156652,EW4,90.0,90.0,0.0,1.0,0.0
156653,EW4,90.0,90.0,0.0,1.0,0.0
156654,EW4,90.0,90.0,0.0,1.0,0.0
164160,EW4,90.0,90.0,0.0,1.0,0.0
164161,EW4,90.0,90.0,0.0,1.0,0.0
164162,EW4,90.0,90.0,0.0,1.0,0.0
164163,EW4,90.0,90.0,0.0,1.0,0.0
164164,EW4,90.0,90.0,0.0,1.0,0.0
164165,EW4,90.0,90.0,0.0,1.0,0.0
164166,EW4,90.0,90.0,0.0,1.0,0.0
164167,EW4,90.0,90.0,0.0,1.0,0.0
164168,EW4,90.0,90.0,0.0,1.0,0.0
164169,EW4,90.0,90.0,0.0,1.0,0.0
164170,EW4,90.0,90.0,0.0,1.0,0.0
164171,EW4,90.0,90.0,0.0,1.0,0.0
164172,EW4,90.0,90.0,0.0,1.0,0.0
164173,EW4,90.0,90.0,0.0,1.0,0.0
164174,EW4,90.0,90.0,0.0,1.0,0.0
164175,EW4,90.0,90.0,0.0,1.0,0.0
164176,EW4,90.0,90.0,0.0,1.0,0.0
164177,EW4,90.0,90.0,0.0,1.0,0.0
164178,EW4,90.0,90.0,0.0,1.0,0.0
164179,EW4,90.0,90.0,0.0,1.0,0.0
164180,EW4,90.0,90.0,0.0,1.0,0.0
164181,EW4,90.0,90.0,0.0,1.0,0.0
164182,EW4,90.0,90.0,0.0,1.0,0.0
164183,EW4,90.0,90.0,0.0,1.0,0.0
164184,EW4,90.0,90.0,0.0,1.0,0.0
164185,EW4,90.0,90.0,0.0,1.0,0.0
164186,EW4,90.0,90.0,0.0,1.0,0.0
164187,EW4,90.0,90.0,0.0,1.0,0.0
164188,EW4,90.0,90.0,0.0,1.0,0.0
164189,EW4,90.0,90.0,0.0,1.0,0.0
164190,EW4,90.0,90.0,0.0,1.0,0.0
164191,EW4,90.0,90.0,0.0,1.0,0.0
164192,EW4,90.0,90.0,0.0,1.0,0.0
164193,EW4,90.0,90.0,0.0,1.0,0.0
164194,EW4,90.0,90.0,0.0,1.0,0.0
164195,EW4,90.0,90.0,0.0,1.0,0.0
164196,EW4,90.0,90.0,0.0,1.0,0.0
164197,EW4,90.0,90.0,0.0,1.0,0.0
164198,EW4,90.0,90.0,0.0,1.0,0.0
164199,EW4,90.0,90.0,0.0,1.0,0.0
164200,EW4,90.0,90.0,0.0,1.0,0.0
164201,EW4,90.0,90.0,0.0,1.0,0.0
164202,EW4,90.0,90.0,0.0,1.0,0.0
164203,EW4,90.0,90.0,0.0,1.0,0.0
164204,EW4,90.0,90.0,0.0,1.0,0.0
164205,EW4,90.0,90.0,0.0,1.0,0.0
164206,EW4,90.0,90.0,0.0,1.0,0.0
164207,EW4,90.0,90.0,0.0,1.0,0.0
164208,EW4,90.0,90.0,0.0,1.0,0.0
164209,EW4,90.0,90.0,0.0,1.0,0.0
164210,EW4,90.0,90.0,0.0,1.0,0.0
164211,EW4,90.0,90.0,0.0,1.0,0.0
164212,EW4,90.0,90.0,0.0,1.0,0.0
164213,EW4,90.0,90.0,0.0,1.0,0.0
164214,EW4,90.0,90.0,0.0,1.0,0.0
164215,EW4,90.0,90.0,0.0,1.0,0.0
164216,EW4,90.0,90.0,0.0,1.0,0.0
164217,EW4,90.0,90.0,0.0,1.0,0.0
164218,EW4,90.0,90.0,0.0,1.0,0.0
164219,EW4,90.0,90.0,0.0,1.0,0.0
164220,EW4,90.0,90.0,0.0,1.0,0.0
164221,EW4,90.0,90.0,0.0,1.0,0.0
164222,EW4,90.0,90.0,0.0,1.0,0.0
164223,EW4,90.0,90.0,0.0,1.0,0.0
164224,EW4,90.0,90.0,0.0,1.0,0.0
164225,EW4,90.0,90.0,0.0,1.0,0.0
164226,EW4,90.0,90.0,0.0,1.0,0.0
164227,EW4,90.0,90.0,0.0,1.0,0.0
164228,EW4,90.0,90.0,0.0,1.0,0.0
164229,EW4,90.0,90.0,0.0,1.0,0.0
164230,EW4,90.0,90.0,0.0,1.0,0.0
164231,EW4,90.0,90.0,0.0,1.0,0.0
164232,EW4,90.0,90.0,0.0,1.0,0.0
164233,EW4,90.0,90.0,0.0,1.0,0.0
164234,EW4,90.0,90.0,0.0,1.0,0.0
164235,EW4,90.0,90.0,0.0,1.0,0.0
164236,EW4,90.0,90.0,0.0,1.0,0.0
164237,EW4,90.0,90.0,0.0,1.0,0.0
164238,EW4,90.0,90.0,0.0,1.0,0.0
164239,EW4,90.0,90.0,0.0,1.0,0.0
164240,EW4,90.0,90.0,0.0,1.0,0.0
164241,EW4,90.0,90.0,0.0,1.0,0.0
164242,EW4,90.0,90.0,0.0,1.0,0.0
164243,EW4,90.0,90.0,0.0,1.0,0.0
164244,EW4,90.0,90.0,0.0,1.0,0.0
164245,EW4,90.0,90.0,0.0,1.0,0.0
164246,EW4,90.0,90.0,0.0,1.0,0.0
164247,EW4,90.0,90.0,0.0,1.0,0.0
164248,EW4,90.0,90.0,0.0,1.0,0.0
164249,EW4,90.0,90.0,0.0,1.0,0.0
164250,EW4,90.0,90.0,0.0,1.0,0.0
164251,EW4,90.0,90.0,0.0,1.0,0.0
164252,EW4,90.0,90.0,0.0,1.0,0.0
164253,EW4,90.0,90.0,0.0,1.0,0.0
164254,EW4,90.0,90.0,0.0,1.0,0.0
171760,EW4,90.0,90.0,0.0,1.0,0.0
171761,EW4,90.0,90.0,0.0,1.0,0.0
171762,EW4,90.0,90.0,0.0,1.0,0.0
171763,EW4,90.0,90.0,0.0,1.0,0.0
171764,EW4,90.0,90.0,0.0,1.0,0.0
171765,EW4,90.0,90.0,0.0,1.0,0.0
171766,EW4,90.0,90.0,0.0,1.0,0.0
171767,EW4,90.0,90.0,0.0,1.0,0.0
171768,EW4,90.0,90.0,0.0,1.0,0.0
171769,EW4,90.0,90.0,0.0,1.0,0.0
171770,EW4,90.0,90.0,0.0,1.0,0.0
171771,EW4,90.0,90.0,0.0,1.0,0.0
171772,EW4,90.0,90.0,0.0,1.0,0.0
171773,EW4,90.0,90.0,0.0,1.0,0.0
171774,EW4,90.0,90.0,0.0,1.0,0.0
171775,EW4,90.0,90.0,0.0,1.0,0.0
171776,EW4,90.0,90.0,0.0,1.0,0.0
171777,EW4,90.0,90.0,0.0,1.0,0.0
171778,EW4,90.0,90.0,0.0,1.0,0.0
171779,EW4,90.0,90.0,0.0,1.0,0.0
171780,EW4,90.0,90.0,0.0,1.0,0.0
171781,EW4,90.0,90.0,0.0,1.0,0.0
171782,EW4,90.0,90.0,0.0,1.0,0.0
171783,EW4,90.0,90.0,0.0,1.0,0.0
171784,EW4,90.0,90.0,0.0,1.0,0.0
171785,EW4,90.0,90.0,0.0,1.0,0.0
171786,EW4,90.0,90.0,0.0,1.0,0.0
171787,EW4,90.0,90.0,0.0,1.0,0.0
171788,EW4,90.0,90.0,0.0,1.0,0.0
171789,EW4,90.0,90.0,0.0,1.0,0.0
171790,EW4,90.0,90.0,0.0,1.0,0.0
171791,EW4,90.0,90.0,0.0,1.0,0.0
171792,EW4,90.0,90.0,0.0,1.0,0.0
171793,EW4,90.0,90.0,0.0,1.0,0.0
171794,EW4,90.0,90.0,0.0,1.0,0.0
171795,EW4,90.0,90.0,0.0,1.0,0.0
171796,EW4,90.0,90.0,0.0,1.0,0.0
171797,EW4,90.0,90.0,0.0,1.0,0.0
171798,EW4,90.0,90.0,0.0,1.0,0.0
171799,EW4,90.0,90.0,0.0,1.0,0.0
171800,EW4,90.0,90.0,0.0,1.0,0.0
171801,EW4,90.0,90.0,0.0,1.0,0.0
171802,EW4,90.0,90.0,0.0,1.0,0.0
171803,EW4,90.0,90.0,0.0,1.0,0.0
171804,EW4,90.0,90.0,0.0,1.0,0.0
171805,EW4,90.0,90.0,0.0,1.0,0.0
171806,EW4,90.0,90.0,0.0,1.0,0.0
171807,EW4,90.0,90.0,0.0,1.0,0.0
171808,EW4,90.0,90.0,0.0,1.0,0.0
171809,EW4,90.0,90.0,0.0,1.0,0.0
171810,EW4,90.0,90.0,0.0,1.0,0.0
171811,EW4,90.0,90.0,0.0,1.0,0.0
171812,EW4,90.0,90.0,0.0,1.0,0.0
171813,EW4,90.0,90.0,0.0,1.0,0.0
171814,EW4,90.0,90.0,0.0,1.0,0.0
171815,EW4,90.0,90.0,0.0,1.0,0.0
171816,EW4,90.0,90.0,0.0,1.0,0.0
171817,EW4,90.0,90.0,0.0,1.0,0.0
171818,EW4,90.0,90.0,0.0,1.0,0.0
171819,EW4,90.0,90.0,0.0,1.0,0.0
171820,EW4,90.0,90.0,0.0,1.0,0.0
171821,EW4,90.0,90.0,0.0,1.0,0.0
171822,EW4,90.0,90.0,0.0,1.0,0.0
171823,EW4,90.0,90.0,0.0,1.0,0.0
171824,EW4,90.0,90.0,0.0,1.0,0.0
171825,EW4,90.0,90.0,0.0,1.0,0.0
171826,EW4,90.0,90.0,0.0,1.0,0.0
171827,EW4,90.0,90.0,0.0,1.0,0.0
171828,EW4,90.0,90.0,0.0,1.0,0.0
171829,EW4,90.0,90.0,0.0,1.0,0.0
171830,EW4,90.0,90.0,0.0,1.0,0.0
171831,EW4,90.0,90.0,0.0,1.0,0.0
171832,EW4,90.0,90.0,0.0,1.0,0.0
171833,EW4,90.0,90.0,0.0,1.0,0.0
171834,EW4,90.0,90.0,0.0,1.0,0.0
171835,EW4,90.0,90.0,0.0,1.0,0.0
171836,EW4,90.0,90.0,0.0,1.0,0.0
171837,EW4,90.0,90.0,0.0,1.0,0.0
171838,EW4,90.0,90.0,0.0,1.0,0.0
171839,EW4,90.0,90.0,0.0,1.0,0.0
171840,EW4,90.0,90.0,0.0,1.0,0.0
171841,EW4,90.0,90.0,0.0,1.0,0.0
171842,EW4,90.0,90.0,0.0,1.0,0.0
171843,EW4,90.0,90.0,0.0,1.0,0.0
171844,EW4,90.0,90.0,0.0,1.0,0.0
171845,EW4,90.0,90.0,0.0,1.0,0.0
171846,EW4,90.0,90.0,0.0,1.0,0.0
171847,EW4,90.0,90.0,0.0,1.0,0.0
171848,EW4,90.0,90.0,0.0,1.0,0.0
171849,EW4,90.0,90.0,0.0,1.0,0.0
171850,EW4,90.0,90.0,0.0,1.0,0.0
171851,EW4,90.0,90.0,0.0,1.0,0.0
171852,EW4,90.0,90.0,0.0,1.0,0.0
171853,EW4,90.0,90.0,0.0,1.0,0.0
171854,EW4,90.0,90.0,0.0,1.0,0.0
179360,EW4,90.0,90.0,0.0,1.0,0.0
179361,EW4,90.0,90.0,0.0,1.0,0.0
179362,EW4,90.0,90.0,0.0,1.0,0.0
179363,EW4,90.0,90.0,0.0,1.0,0.0
179364,EW4,90.0,90.0,0.0,1.0,0.0
179365,EW4,90.0,90.0,0.0,1.0,0.0
179366,EW4,90.0,90.0,0.0,1.0,0.0
179367,EW4,90.0,90.0,0.0,1.0,0.0
179368,EW4,90.0,90.0,0.0,1.0,0.0
179369,EW4,90.0,90.0,0.0,1.0,0.0
179370,EW4,90.0,90.0,0.0,1.0,0.0
179371,EW4,90.0,90.0,0.0,1.0,0.0
179372,EW4,90.0,90.0,0.0,1.0,0.0
179373,EW4,90.0,90.0,0.0,1.0,0.0
179374,EW4,90.0,90.0,0.0,1.0,0.0
179375,EW4,90.0,90.0,0.0,1.0,0.0
179376,EW4,90.0,90.0,0.0,1.0,0.0
179377,EW4,90.0,90.0,0.0,1.0,0.0
179378,EW4,90.0,90.0,0.0,1.0,0.0
179379,EW4,90.0,90.0,0.0,1.0,0.0
179380,EW4,90.0,90.0,0.0,1.0,0.0
179381,EW4,90.0,90.0,0.0,1.0,0.0
179382,EW4,90.0,90.0,0.0,1.0,0.0
179383,EW4,90.0,90.0,0.0,1.0,0.0
179384,EW4,90.0,90.0,0.0,1.0,0.0
179385,EW4,90.0,90.0,0.0,1.0,0.0
179386,EW4,90.0,90.0,0.0,1.0,0.0
179387,EW4,90.0,90.0,0.0,1.0,0.0
179388,EW4,90.0,90.0,0.0,1.0,0.0
179389,EW4,90.0,90.0,0.0,1.0,0.0
179390,EW4,90.0,90.0,0.0,1.0,0.0
179391,EW4,90.0,90.0,0.0,1.0,0.0
179392,EW4,90.0,90.0,0.0,1.0,0.0
179393,EW4,90.0,90.0,0.0,1.0,0.0
179394,EW4,90.0,90.0,0.0,1.0,0.0
179395,EW4,90.0,90.0,0.0,1.0,0.0
179396,EW4,90.0,90.0,0.0,1.0,0.0
179397,EW4,90.0,90.0,0.0,1.0,0.0
179398,EW4,90.0,90.0,0.0,1.0,0.0
179399,EW4,90.0,90.0,0.0,1.0,0.0
179400,EW4,90.0,90.0,0.0,1.0,0.0
179401,EW4,90.0,90.0,0.0,1.0,0.0
179402,EW4,90.0,90.0,0.0,1.0,0.0
179403,EW4,90.0,90.0,0.0,1.0,0.0
179404,EW4,90.0,90.0,0.0,1.0,0.0
179405,EW4,90.0,90.0,0.0,1.0,0.0
179406,EW4,90.0,90.0,0.0,1.0,0.0
179407,EW4,90.0,90.0,0.0,1.0,0.0
179408,EW4,90.0,90.0,0.0,1.0,0.0
179409,EW4,90.0,90.0,0.0,1.0,0.0
179410,EW4,90.0,90.0,0.0,1.0,0.0
179411,EW4,90.0,90.0,0.0,1.0,0.0
179412,EW4,90.0,90.0,0.0,1.0,0.0
179413,EW4,90.0,90.0,0.0,1.0,0.0
179414,EW4,90.0,90.0,0.0,1.0,0.0
179415,EW4,90.0,90.0,0.0,1.0,0.0
179416,EW4,90.0,90.0,0.0,1.0,0.0
179417,EW4,90.0,90.0,0.0,1.0,0.0
179418,EW4,90.0,90.0,0.0,1.0,0.0
179419,EW4,90.0,90.0,0.0,1.0,0.0
179420,EW4,90.0,90.0,0.0,1.0,0.0
179421,EW4,90.0,90.0,0.0,1.0,0.0
179422,EW4,90.0,90.0,0.0,1.0,0.0
179423,EW4,90.0,90.0,0.0,1.0,0.0
179424,EW4,90.0,90.0,0.0,1.0,0.0
179425,EW4,90.0,90.0,0.0,1.0,0.0
179426,EW4,90.0,90.0,0.0,1.0,0.0
179427,EW4,90.0,90.0,0.0,1.0,0.0
179428,EW4,90.0,90.0,0.0,1.0,0.0
179429,EW4,90.0,90.0,0.0,1.0,0.0
179430,EW4,90.0,90.0,0.0,1.0,0.0
179431,EW4,90.0,90.0,0.0,1.0,0.0
179432,EW4,90.0,90.0,0.0,1.0,0.0
179433,EW4,90.0,90.0,0.0,1.0,0.0
179434,EW4,90.0,90.0,0.0,1.0,0.0
179435,EW4,90.0,90.0,0.0,1.0,0.0
179436,EW4,90.0,90.0,0.0,1.0,0.0
179437,EW4,90.0,90.0,0.0,1.0,0.0
179438,EW4,90.0,90.0,0.0,1.0,0.0
179439,EW4,90.0,90.0,0.0,1.0,0.0
179440,EW4,90.0,90.0,0.0,1.0,0.0
179441,EW4,90.0,90.0,0.0,1.0,0.0
179442,EW4,90.0,90.0,0.0,1.0,0.0
179443,EW4,90.0,90.0,0.0,1.0,0.0
179444,EW4,90.0,90.0,0.0,1.0,0.0
179445,EW4,90.0,90.0,0.0,1.0,0.0
179446,EW4,90.0,90.0,0.0,1.0,0.0
179447,EW4,90.0,90.0,0.0,1.0,0.0
179448,EW4,90.0,90.0,0.0,1.0,0.0
179449,EW4,90.0,90.0,0.0,1.0,0.0
179450,EW4,90.0,90.0,0.0,1.0,0.0
179451,EW4,90.0,90.0,0.0,1.0,0.0
179452,EW4,90.0,90.0,0.0,1.0,0.0
179453,EW4,90.0,90.0,0.0,1.0,0.0
179454,EW4,90.0,90.0,0.0,1.0,0.0
186960,EW4,90.0,90.0,0.0,1.0,0.0
186961,EW4,90.0,90.0,0.0,1.0,0.0
186962,EW4,90.0,90.0,0.0,1.0,0.0
186963,EW4,90.0,90.0,0.0,1.0,0.0
186964,EW4,90.0,90.0,0.0,1.0,0.0
186965,EW4,90.0,90.0,0.0,1.0,0.0
186966,EW4,90.0,90.0,0.0,1.0,0.0
186967,EW4,90.0,90.0,0.0,1.0,0.0
186968,EW4,90.0,90.0,0.0,1.0,0.0
186969,EW4,90.0,90.0,0.0,1.0,0.0
186970,EW4,90.0,90.0,0.0,1.0,0.0
186971,EW4,90.0,90.0,0.0,1.0,0.0
186972,EW4,90.0,90.0,0.0,1.0,0.0
186973,EW4,90.0,90.0,0.0,1.0,0.0
186974,EW4,90.0,90.0,0.0,1.0,0.0
186975,EW4,90.0,90.0,0.0,1.0,0.0
186976,EW4,90.0,90.0,0.0,1.0,0.0
186977,EW4,90.0,90.0,0.0,1.0,0.0
186978,EW4,90.0,90.0,0.0,1.0,0.0
186979,EW4,90.0,90.0,0.0,1.0,0.0
186980,EW4,90.0,90.0,0.0,1.0,0.0
186981,EW4,90.0,90.0,0.0,1.0,0.0
186982,EW4,90.0,90.0,0.0,1.0,0.0
186983,EW4,90.0,90.0,0.0,1.0,0.0
186984,EW4,90.0,90.0,0.0,1.0,0.0
186985,EW4,90.0,90.0,0.0,1.0,0.0
186986,EW4,90.0,90.0,0.0,1.0,0.0
186987,EW4,90.0,90.0,0.0,1.0,0.0
186988,EW4,90.0,90.0,0.0,1.0,0.0
186989,EW4,90.0,90.0,0.0,1.0,0.0
186990,EW4,90.0,90.0,0.0,1.0,0.0
186991,EW4,90.0,90.0,0.0,1.0,0.0
186992,EW4,90.0,90.0,0.0,1.0,0.0
186993,EW4,90.0,90.0,0.0,1.0,0.0
186994,EW4,90.0,90.0,0.0,1.0,0.0
186995,EW4,90.0,90.0,0.0,1.0,0.0
186996,EW4,90.0,90.0,0.0,1.0,0.0
186997,EW4,90.0,90.0,0.0,1.0,0.0
186998,EW4,90.0,90.0,0.0,1.0,0.0
186999,EW4,90.0,90.0,0.0,1.0,0.0
187000,EW4,90.0,90.0,0.0,1.0,0.0
187001,EW4,90.0,90.0,0.0,1.0,0.0
187002,EW4,90.0,90.0,0.0,1.0,0.0
187003,EW4,90.0,90.0,0.0,1.0,0.0
187004,EW4,90.0,90.0,0.0,1.0,0.0
187005,EW4,90.0,90.0,0.0,1.0,0.0
187006,EW4,90.0,90.0,0.0,1.0,0.0
187007,EW4,90.0,90.0,0.0,1.0,0.0
187008,EW4,90.0,90.0,0.0,1.0,0.0
187009,EW4,90.0,90.0,0.0,1.0,0.0
187010,EW4,90.0,90.0,0.0,1.0,0.0
187011,EW4,90.0,90.0,0.0,1.0,0.0
187012,EW4,90.0,90.0,0.0,1.0,0.0
187013,EW4,90.0,90.0,0.0,1.0,0.0
187014,EW4,90.0,90.0,0.0,1.0,0.0
187015,EW4,90.0,90.0,0.0,1.0,0.0
187016,EW4,90.0,90.0,0.0,1.0,0.0
187017,EW4,90.0,90.0,0.0,1.0,0.0
187018,EW4,90.0,90.0,0.0,1.0,0.0
187019,EW4,90.0,90.0,0.0,1.0,0.0
187020,EW4,90.0,90.0,0.0,1.0,0.0
187021,EW4,90.0,90.0,0.0,1.0,0.0
187022,EW4,90.0,90.0,0.0,1.0,0.0
187023,EW4,90.0,90.0,0.0,1.0,0.0
187024,EW4,90.0,90.0,0.0,1.0,0.0
187025,EW4,90.0,90.0,0.0,1.0,0.0
187026,EW4,90.0,90.0,0.0,1.0,0.0
187027,EW4,90.0,90.0,0.0,1.0,0.0
187028,EW4,90.0,90.0,0.0,1.0,0.0
187029,EW4,90.0,90.0,0.0,1.0,0.0
187030,EW4,90.0,90.0,0.0,1.0,0.0
187031,EW4,90.0,90.0,0.0,1.0,0.0
187032,EW4,90.0,90.0,0.0,1.0,0.0
187033,EW4,90.0,90.0,0.0,1.0,0.0
187034,EW4,90.0,90.0,0.0,1.0,0.0
187035,EW4,90.0,90.0,0.0,1.0,0.0
187036,EW4,90.0,90.0,0.0,1.0,0.0
187037,EW4,90.0,90.0,0.0,1.0,0.0
187038,EW4,90.0,90.0,0.0,1.0,0.0
187039,EW4,90.0,90.0,0.0,1.0,0.0
187040,EW4,90.0,90.0,0.0,1.0,0.0
187041,EW4,90.0,90.0,0.0,1.0,0.0
187042,EW4,90.0,90.0,0.0,1.0,0.0
187043,EW4,90.0,90.0,0.0,1.0,0.0
187044,EW4,90.0,90.0,0.0,1.0,0.0
187045,EW4,90.0,90.0,0.0,1.0,0.0
187046,EW4,90.0,90.0,0.0,1.0,0.0
187047,EW4,90.0,90.0,0.0,1.0,0.0
187048,EW4,90.0,90.0,0.0,1.0,0.0
187049,EW4,90.0,90.0,0.0,1.0,0.0
187050,EW4,90.0,90.0,0.0,1.0,0.0
187051,EW4,90.0,90.0,0.0,1.0,0.0
187052,EW4,90.0,90.0,0.0,1.0,0.0
187053,EW4,90.0,90.0,0.0,1.0,0.0
187054,EW4,90.0,90.0,0.0,1.0,0.0
194560,EW4,90.0,90.0,0.0,1.0,0.0
194561,EW4,90.0,90.0,0.0,1.0,0.0
194562,EW4,90.0,90.0,0.0,1.0,0.0
194563,EW4,90.0,90.0,0.0,1.0,0.0
194564,EW4,90.0,90.0,0.0,1.0,0.0
194565,EW4,90.0,90.0,0.0,1.0,0.0
194566,EW4,90.0,90.0,0.0,1.0,0.0
194567,EW4,90.0,90.0,0.0,1.0,0.0
194568,EW4,90.0,90.0,0.0,1.0,0.0
194569,EW4,90.0,90.0,0.0,1.0,0.0
194570,EW4,90.0,90.0,0.0,1.0,0.0
194571,EW4,90.0,90.0,0.0,1.0,0.0
194572,EW4,90.0,90.0,0.0,1.0,0.0
194573,EW4,90.0,90.0,0.0,1.0,0.0
194574,EW4,90.0,90.0,0.0,1.0,0.0
194575,EW4,90.0,90.0,0.0,1.0,0.0
194576,EW4,90.0,90.0,0.0,1.0,0.0
194577,EW4,90.0,90.0,0.0,1.0,0.0
194578,EW4,90.0,90.0,0.0,1.0,0.0
194579,EW4,90.0,90.0,0.0,1.0,0.0
194580,EW4,90.0,90.0,0.0,1.0,0.0
194581,EW4,90.0,90.0,0.0,1.0,0.0
194582,EW4,90.0,90.0,0.0,1.0,0.0
194583,EW4,90.0,90.0,0.0,1.0,0.0
194584,EW4,90.0,90.0,0.0,1.0,0.0
194585,EW4,90.0,90.0,0.0,1.0,0.0
194586,EW4,90.0,90.0,0.0,1.0,0.0
194587,EW4,90.0,90.0,0.0,1.0,0.0
194588,EW4,90.0,90.0,0.0,1.0,0.0
194589,EW4,90.0,90.0,0.0,1.0,0.0
194590,EW4,90.0,90.0,0.0,1.0,0.0
194591,EW4,90.0,90.0,0.0,1.0,0.0
194592,EW4,90.0,90.0,0.0,1.0,0.0
194593,EW4,90.0,90.0,0.0,1.0,0.0
194594,EW4,90.0,90.0,0.0,1.0,0.0
194595,EW4,90.0,90.0,0.0,1.0,0.0
194596,EW4,90.0,90.0,0.0,1.0,0.0
194597,EW4,90.0,90.0,0.0,1.0,0.0
194598,EW4,90.0,90.0,0.0,1.0,0.0
194599,EW4,90.0,90.0,0.0,1.0,0.0
194600,EW4,90.0,90.0,0.0,1.0,0.0
194601,EW4,90.0,90.0,0.0,1.0,0.0
194602,EW4,90.0,90.0,0.0,1.0,0.0
194603,EW4,90.0,90.0,0.0,1.0,0.0
194604,EW4,90.0,90.0,0.0,1.0,0.0
194605,EW4,90.0,90.0,0.0,1.0,0.0
194606,EW4,90.0,90.0,0.0,1.0,0.0
194607,EW4,90.0,90.0,0.0,1.0,0.0
194608,EW4,90.0,90.0,0.0,1.0,0.0
194609,EW4,90.0,90.0,0.0,1.0,0.0
194610,EW4,90.0,90.0,0.0,1.0,0.0
194611,EW4,90.0,90.0,0.0,1.0,0.0
194612,EW4,90.0,90.0,0.0,1.0,0.0
194613,EW4,90.0,90.0,0.0,1.0,0.0
194614,EW4,90.0,90.0,0.0,1.0,0.0
194615,EW4,90.0,90.0,0.0,1.0,0.0
194616,EW4,90.0,90.0,0.0,1.0,0.0
194617,EW4,90.0,90.0,0.0,1.0,0.0
194618,EW4,90.0,90.0,0.0,1.0,0.0
194619,EW4,90.0,90.0,0.0,1.0,0.0
194620,EW4,90.0,90.0,0.0,1.0,0.0
194621,EW4,90.0,90.0,0.0,1.0,0.0
194622,EW4,90.0,90.0,0.0,1.0,0.0
194623,EW4,90.0,90.0,0.0,1.0,0.0
194624,EW4,90.0,90.0,0.0,1.0,0.0
194625,EW4,90.0,90.0,0.0,1.0,0.0
194626,EW4,90.0,90.0,0.0,1.0,0.0
194627,EW4,90.0,90.0,0.0,1.0,0.0
194628,EW4,90.0,90.0,0.0,1.0,0.0
194629,EW4,90.0,90.0,0.0,1.0,0.0
194630,EW4,90.0,90.0,0.0,1.0,0.0
194631,EW4,90.0,90.0,0.0,1.0,0.0
194632,EW4,90.0,90.0,0.0,1.0,0.0
194633,EW4,90.0,90.0,0.0,1.0,0.0
194634,EW4,90.0,90.0,0.0,1.0,0.0
194635,EW4,90.0,90.0,0.0,1.0,0.0
194636,EW4,90.0,90.0,0.0,1.0,0.0
194637,EW4,90.0,90.0,0.0,1.0,0.0
194638,EW4,90.0,90.0,0.0,1.0,0.0
194639,EW4,90.0,90.0,0.0,1.0,0.0
194640,EW4,90.0,90.0,0.0,1.0,0.0
194641,EW4,90.0,90.0,0.0,1.0,0.0
194642,EW4,90.0,90.0,0.0,1.0,0.0
194643,EW4,90.0,90.0,0.0,1.0,0.0
194644,EW4,90.0,90.0,0.0,1.0,0.0
194645,EW4,90.0,90.0,0.0,1.0,0.0
194646,EW4,90.0,90.0,0.0,1.0,0.0
194647,EW4,90.0,90.0,0.0,1.0,0.0
194648,EW4,90.0,90.0,0.0,1.0,0.0
194649,EW4,90.0,90.0,0.0,1.0,0.0
194650,EW4,90.0,90.0,0.0,1.0,0.0
194651,EW4,90.0,90.0,0.0,1.0,0.0
194652,EW4,90.0,90.0,0.0,1.0,0.0
194653,EW4,90.0,90.0,0.0,1.0,0.0
194654,EW4,90.0,90.0,0.0,1.0,0.0
5605,EW5,90.0,90.0,0.0,1.0,0.0
5606,EW5,90.0,90.0,0.0,1.0,0.0
5607,EW5,90.0,90.0,0.0,1.0,0.0
5608,EW5,90.0,90.0,0.0,1.0,0.0
5609,EW5,90.0,90.0,0.0,1.0,0.0
5610,EW5,90.0,90.0,0.0,1.0,0.0
5611,EW5,90.0,90.0,0.0,1.0,0.0
5612,EW5,90.0,90.0,0.0,1.0,0.0
5613,EW5,90.0,90.0,0.0,1.0,0.0
5614,EW5,90.0,90.0,0.0,1.0,0.0
5615,EW5,90.0,90.0,0.0,1.0,0.0
5616,EW5,90.0,90.0,0.0,1.0,0.0
5617,EW5,90.0,90.0,0.0,1.0,0.0
5618,EW5,90.0,90.0,0.0,1.0,0.0
5619,EW5,90.0,90.0,0.0,1.0,0.0
5620,EW5,90.0,90.0,0.0,1.0,0.0
5621,EW5,90.0,90.0,0.0,1.0,0.0
5622,EW5,90.0,90.0,0.0,1.0,0.0
5623,EW5,90.0,90.0,0.0,1.0,0.0
5624,EW5,90.0,90.0,0.0,1.0,0.0
5625,EW5,90.0,90.0,0.0,1.0,0.0
5626,EW5,90.0,90.0,0.0,1.0,0.0
5627,EW5,90.0,90.0,0.0,1.0,0.0
5628,EW5,90.0,90.0,0.0,1.0,0.0
5629,EW5,90.0,90.0,0.0,1.0,0.0
5630,EW5,90.0,90.0,0.0,1.0,0.0
5631,EW5,90.0,90.0,0.0,1.0,0.0
5632,EW5,90.0,90.0,0.0,1.0,0.0
5633,EW5,90.0,90.0,0.0,1.0,0.0
5634,EW5,90.0,90.0,0.0,1.0,0.0
5635,EW5,90.0,90.0,0.0,1.0,0.0
5636,EW5,90.0,90.0,0.0,1.0,0.0
5637,EW5,90.0,90.0,0.0,1.0,0.0
5638,EW5,90.0,90.0,0.0,1.0,0.0
5639,EW5,90.0,90.0,0.0,1.0,0.0
5640,EW5,90.0,90.0,0.0,1.0,0.0
5641,EW5,90.0,90.0,0.0,1.0,0.0
5642,EW5,90.0,90.0,0.0,1.0,0.0
5643,EW5,90.0,90.0,0.0,1.0,0.0
5644,EW5,90.0,90.0,0.0,1.0,0.0
5645,EW5,90.0,90.0,0.0,1.0,0.0
5646,EW5,90.0,90.0,0.0,1.0,0.0
5647,EW5,90.0,90.0,0.0,1.0,0.0
5648,EW5,90.0,90.0,0.0,1.0,0.0
5649,EW5,90.0,90.0,0.0,1.0,0.0
5650,EW5,90.0,90.0,0.0,1.0,0.0
5651,EW5,90.0,90.0,0.0,1.0,0.0
5652,EW5,90.0,90.0,0.0,1.0,0.0
5653,EW5,90.0,90.0,0.0,1.0,0.0
5654,EW5,90.0,90.0,0.0,1.0,0.0
5655,EW5,90.0,90.0,0.0,1.0,0.0
5656,EW5,90.0,90.0,0.0,1.0,0.0
5657,EW5,90.0,90.0,0.0,1.0,0.0
5658,EW5,90.0,90.0,0.0,1.0,0.0
5659,EW5,90.0,90.0,0.0,1.0,0.0
5660,EW5,90.0,90.0,0.0,1.0,0.0
5661,EW5,90.0,90.0,0.0,1.0,0.0
5662,EW5,90.0,90.0,0.0,1.0,0.0
5663,EW5,90.0,90.0,0.0,1.0,0.0
5664,EW5,90.0,90.0,0.0,1.0,0.0
5665,EW5,90.0,90.0,0.0,1.0,0.0
5666,EW5,90.0,90.0,0.0,1.0,0.0
5667,EW5,90.0,90.0,0.0,1.0,0.0
5668,EW5,90.0,90.0,0.0,1.0,0.0
5669,EW5,90.0,90.0,0.0,1.0,0.0
5670,EW5,90.0,90.0,0.0,1.0,0.0
5671,EW5,90.0,90.0,0.0,1.0,0.0
5672,EW5,90.0,90.0,0.0,1.0,0.0
5673,EW5,90.0,90.0,0.0,1.0,0.0
5674,EW5,90.0,90.0,0.0,1.0,0.0
5675,EW5,90.0,90.0,0.0,1.0,0.0
5676,EW5,90.0,90.0,0.0,1.0,0.0
5677,EW5,90.0,90.0,0.0,1.0,0.0
5678,EW5,90.0,90.0,0.0,1.0,0.0
5679,EW5,90.0,90.0,0.0,1.0,0.0
5680,EW5,90.0,90.0,0.0,1.0,0.0
5681,EW5,90.0,90.0,0.0,1.0,0.0
5682,EW5,90.0,90.0,0.0,1.0,0.0
5683,EW5,90.0,90.0,0.0,1.0,0.0
5684,EW5,90.0,90.0,0.0,1.0,0.0
5685,EW5,90.0,90.0,0.0,1.0,0.0
5686,EW5,90.0,90.0,0.0,1.0,0.0
5687,EW5,90.0,90.0,0.0,1.0,0.0
5688,EW5,90.0,90.0,0.0,1.0,0.0
5689,EW5,90.0,90.0,0.0,1.0,0.0
5690,EW5,90.0,90.0,0.0,1.0,0.0
5691,EW5,90.0,90.0,0.0,1.0,0.0
5692,EW5,90.0,90.0,0.0,1.0,0.0
5693,EW5,90.0,90.0,0.0,1.0,0.0
5694,EW5,90.0,90.0,0.0,1.0,0.0
5695,EW5,90.0,90.0,0.0,1.0,0.0
5696,EW5,90.0,90.0,0.0,1.0,0.0
5697,EW5,90.0,90.0,0.0,1.0,0.0
5698,EW5,90.0,90.0,0.0,1.0,0.0
5699,EW5,90.0,90.0,0.0,1.0,0.0
13205,EW5,90.0,90.0,0.0,1.0,0.0
13206,EW5,90.0,90.0,0.0,1.0,0.0
13207,EW5,90.0,90.0,0.0,1.0,0.0
13208,EW5,90.0,90.0,0.0,1.0,0.0
13209,EW5,90.0,90.0,0.0,1.0,0.0
13210,EW5,90.0,90.0,0.0,1.0,0.0
13211,EW5,90.0,90.0,0.0,1.0,0.0
13212,EW5,90.0,90.0,0.0,1.0,0.0
13213,EW5,90.0,90.0,0.0,1.0,0.0
13214,EW5,90.0,90.0,0.0,1.0,0.0
13215,EW5,90.0,90.0,0.0,1.0,0.0
13216,EW5,90.0,90.0,0.0,1.0,0.0
13217,EW5,90.0,90.0,0.0,1.0,0.0
13218,EW5,90.0,90.0,0.0,1.0,0.0
13219,EW5,90.0,90.0,0.0,1.0,0.0
13220,EW5,90.0,90.0,0.0,1.0,0.0
13221,EW5,90.0,90.0,0.0,1.0,0.0
13222,EW5,90.0,90.0,0.0,1.0,0.0
13223,EW5,90.0,90.0,0.0,1.0,0.0
13224,EW5,90.0,90.0,0.0,1.0,0.0
13225,EW5,90.0,90.0,0.0,1.0,0.0
13226,EW5,90.0,90.0,0.0,1.0,0.0
13227,EW5,90.0,90.0,0.0,1.0,0.0
13228,EW5,90.0,90.0,0.0,1.0,0.0
13229,EW5,90.0,90.0,0.0,1.0,0.0
13230,EW5,90.0,90.0,0.0,1.0,0.0
13231,EW5,90.0,90.0,0.0,1.0,0.0
13232,EW5,90.0,90.0,0.0,1.0,0.0
13233,EW5,90.0,90.0,0.0,1.0,0.0
13234,EW5,90.0,90.0,0.0,1.0,0.0
13235,EW5,90.0,90.0,0.0,1.0,0.0
13236,EW5,90.0,90.0,0.0,1.0,0.0
13237,EW5,90.0,90.0,0.0,1.0,0.0
13238,EW5,90.0,90.0,0.0,1.0,0.0
13239,EW5,90.0,90.0,0.0,1.0,0.0
13240,EW5,90.0,90.0,0.0,1.0,0.0
13241,EW5,90.0,90.0,0.0,1.0,0.0
13242,EW5,90.0,90.0,0.0,1.0,0.0
13243,EW5,90.0,90.0,0.0,1.0,0.0
13244,EW5,90.0,90.0,0.0,1.0,0.0
13245,EW5,90.0,90.0,0.0,1.0,0.0
13246,EW5,90.0,90.0,0.0,1.0,0.0
13247,EW5,90.0,90.0,0.0,1.0,0.0
13248,EW5,90.0,90.0,0.0,1.0,0.0
13249,EW5,90.0,90.0,0.0,1.0,0.0
13250,EW5,90.0,90.0,0.0,1.0,0.0
13251,EW5,90.0,90.0,0.0,1.0,0.0
13252,EW5,90.0,90.0,0.0,1.0,0.0
13253,EW5,90.0,90.0,0.0,1.0,0.0
13254,EW5,90.0,90.0,0.0,1.0,0.0
13255,EW5,90.0,90.0,0.0,1.0,0.0
13256,EW5,90.0,90.0,0.0,1.0,0.0
13257,EW5,90.0,90.0,0.0,1.0,0.0
13258,EW5,90.0,90.0,0.0,1.0,0.0
13259,EW5,90.0,90.0,0.0,1.0,0.0
13260,EW5,90.0,90.0,0.0,1.0,0.0
13261,EW5,90.0,90.0,0.0,1.0,0.0
13262,EW5,90.0,90.0,0.0,1.0,0.0
13263,EW5,90.0,90.0,0.0,1.0,0.0
13264,EW5,90.0,90.0,0.0,1.0,0.0
13265,EW5,90.0,90.0,0.0,1.0,0.0
13266,EW5,90.0,90.0,0.0,1.0,0.0
13267,EW5,90.0,90.0,0.0,1.0,0.0
13268,EW5,90.0,90.0,0.0,1.0,0.0
13269,EW5,90.0,90.0,0.0,1.0,0.0
13270,EW5,90.0,90.0,0.0,1.0,0.0
13271,EW5,90.0,90.0,0.0,1.0,0.0
13272,EW5,90.0,90.0,0.0,1.0,0.0
13273,EW5,90.0,90.0,0.0,1.0,0.0
13274,EW5,90.0,90.0,0.0,1.0,0.0
13275,EW5,90.0,90.0,0.0,1.0,0.0
13276,EW5,90.0,90.0,0.0,1.0,0.0
13277,EW5,90.0,90.0,0.0,1.0,0.0
13278,EW5,90.0,90.0,0.0,1.0,0.0
13279,EW5,90.0,90.0,0.0,1.0,0.0
13280,EW5,90.0,90.0,0.0,1.0,0.0
13281,EW5,90.0,90.0,0.0,1.0,0.0
13282,EW5,90.0,90.0,0.0,1.0,0.0
13283,EW5,90.0,90.0,0.0,1.0,0.0
13284,EW5,90.0,90.0,0.0,1.0,0.0
13285,EW5,90.0,90.0,0.0,1.0,0.0
13286,EW5,90.0,90.0,0.0,1.0,0.0
13287,EW5,90.0,90.0,0.0,1.0,0.0
13288,EW5,90.0,90.0,0.0,1.0,0.0
13289,EW5,90.0,90.0,0.0,1.0,0.0
13290,EW5,90.0,90.0,0.0,1.0,0.0
13291,EW5,90.0,90.0,0.0,1.0,0.0
13292,EW5,90.0,90.0,0.0,1.0,0.0
13293,EW5,90.0,90.0,0.0,1.0,0.0
13294,EW5,90.0,90.0,0.0,1.0,0.0
13295,EW5,90.0,90.0,0.0,1.0,0.0
13296,EW5,90.0,90.0,0.0,1.0,0.0
13297,EW5,90.0,90.0,0.0,1.0,0.0
13298,EW5,90.0,90.0,0.0,1.0,0.0
13299,EW5,90.0,90.0,0.0,1.0,0.0
20805,EW5,90.0,90.0,0.0,1.0,0.0
20806,EW5,90.0,90.0,0.0,1.0,0.0
20807,EW5,90.0,90.0,0.0,1.0,0.0
20808,EW5,90.0,90.0,0.0,1.0,0.0
20809,EW5,90.0,90.0,0.0,1.0,0.0
20810,EW5,90.0,90.0,0.0,1.0,0.0
20811,EW5,90.0,90.0,0.0,1.0,0.0
20812,EW5,90.0,90.0,0.0,1.0,0.0
20813,EW5,90.0,90.0,0.0,1.0,0.0
20814,EW5,90.0,90.0,0.0,1.0,0.0
20815,EW5,90.0,90.0,0.0,1.0,0.0
20816,EW5,90.0,90.0,0.0,1.0,0.0
20817,EW5,90.0,90.0,0.0,1.0,0.0
20818,EW5,90.0,90.0,0.0,1.0,0.0
20819,EW5,90.0,90.0,0.0,1.0,0.0
20820,EW5,90.0,90.0,0.0,1.0,0.0
20821,EW5,90.0,90.0,0.0,1.0,0.0
20822,EW5,90.0,90.0,0.0,1.0,0.0
20823,EW5,90.0,90.0,0.0,1.0,0.0
20824,EW5,90.0,90.0,0.0,1.0,0.0
20825,EW5,90.0,90.0,0.0,1.0,0.0
20826,EW5,90.0,90.0,0.0,1.0,0.0
20827,EW5,90.0,90.0,0.0,1.0,0.0
20828,EW5,90.0,90.0,0.0,1.0,0.0
20829,EW5,90.0,90.0,0.0,1.0,0.0
20830,EW5,90.0,90.0,0.0,1.0,0.0
20831,EW5,90.0,90.0,0.0,1.0,0.0
20832,EW5,90.0,90.0,0.0,1.0,0.0
20833,EW5,90.0,90.0,0.0,1.0,0.0
20834,EW5,90.0,90.0,0.0,1.0,0.0
20835,EW5,90.0,90.0,0.0,1.0,0.0
20836,EW5,90.0,90.0,0.0,1.0,0.0
20837,EW5,90.0,90.0,0.0,1.0,0.0
20838,EW5,90.0,90.0,0.0,1.0,0.0
20839,EW5,90.0,90.0,0.0,1.0,0.0
20840,EW5,90.0,90.0,0.0,1.0,0.0
20841,EW5,90.0,90.0,0.0,1.0,0.0
20842,EW5,90.0,90.0,0.0,1.0,0.0
20843,EW5,90.0,90.0,0.0,1.0,0.0
20844,EW5,90.0,90.0,0.0,1.0,0.0
20845,EW5,90.0,90.0,0.0,1.0,0.0
20846,EW5,90.0,90.0,0.0,1.0,0.0
20847,EW5,90.0,90.0,0.0,1.0,0.0
20848,EW5,90.0,90.0,0.0,1.0,0.0
20849,EW5,90.0,90.0,0.0,1.0,0.0
20850,EW5,90.0,90.0,0.0,1.0,0.0
20851,EW5,90.0,90.0,0.0,1.0,0.0
20852,EW5,90.0,90.0,0.0,1.0,0.0
20853,EW5,90.0,90.0,0.0,1.0,0.0
20854,EW5,90.0,90.0,0.0,1.0,0.0
20855,EW5,90.0,90.0,0.0,1.0,0.0
20856,EW5,90.0,90.0,0.0,1.0,0.0
20857,EW5,90.0,90.0,0.0,1.0,0.0
20858,EW5,90.0,90.0,0.0,1.0,0.0
20859,EW5,90.0,90.0,0.0,1.0,0.0
20860,EW5,90.0,90.0,0.0,1.0,0.0
20861,EW5,90.0,90.0,0.0,1.0,0.0
20862,EW5,90.0,90.0,0.0,1.0,0.0
20863,EW5,90.0,90.0,0.0,1.0,0.0
20864,EW5,90.0,90.0,0.0,1.0,0.0
20865,EW5,90.0,90.0,0.0,1.0,0.0
20866,EW5,90.0,90.0,0.0,1.0,0.0
20867,EW5,90.0,90.0,0.0,1.0,0.0
20868,EW5,90.0,90.0,0.0,1.0,0.0
20869,EW5,90.0,90.0,0.0,1.0,0.0
20870,EW5,90.0,90.0,0.0,1.0,0.0
20871,EW5,90.0,90.0,0.0,1.0,0.0
20872,EW5,90.0,90.0,0.0,1.0,0.0
20873,EW5,90.0,90.0,0.0,1.0,0.0
20874,EW5,90.0,90.0,0.0,1.0,0.0
20875,EW5,90.0,90.0,0.0,1.0,0.0
20876,EW5,90.0,90.0,0.0,1.0,0.0
20877,EW5,90.0,90.0,0.0,1.0,0.0
20878,EW5,90.0,90.0,0.0,1.0,0.0
20879,EW5,90.0,90.0,0.0,1.0,0.0
20880,EW5,90.0,90.0,0.0,1.0,0.0
20881,EW5,90.0,90.0,0.0,1.0,0.0
20882,EW5,90.0,90.0,0.0,1.0,0.0
20883,EW5,90.0,90.0,0.0,1.0,0.0
20884,EW5,90.0,90.0,0.0,1.0,0.0
20885,EW5,90.0,90.0,0.0,1.0,0.0
20886,EW5,90.0,90.0,0.0,1.0,0.0
20887,EW5,90.0,90.0,0.0,1.0,0.0
20888,EW5,90.0,90.0,0.0,1.0,0.0
20889,EW5,90.0,90.0,0.0,1.0,0.0
20890,EW5,90.0,90.0,0.0,1.0,0.0
20891,EW5,90.0,90.0,0.0,1.0,0.0
20892,EW5,90.0,90.0,0.0,1.0,0.0
20893,EW5,90.0,90.0,0.0,1.0,0.0
20894,EW5,90.0,90.0,0.0,1.0,0.0
20895,EW5,90.0,90.0,0.0,1.0,0.0
20896,EW5,90.0,90.0,0.0,1.0,0.0
20897,EW5,90.0,90.0,0.0,1.0,0.0
20898,EW5,90.0,90.0,0.0,1.0,0.0
20899,EW5,90.0,90.0,0.0,1.0,0.0
28405,EW5,90.0,90.0,0.0,1.0,0.0
28406,EW5,90.0,90.0,0.0,1.0,0.0
28407,EW5,90.0,90.0,0.0,1.0,0.0
28408,EW5,90.0,90.0,0.0,1.0,0.0
28409,EW5,90.0,90.0,0.0,1.0,0.0
28410,EW5,90.0,90.0,0.0,1.0,0.0
28411,EW5,90.0,90.0,0.0,1.0,0.0
28412,EW5,90.0,90.0,0.0,1.0,0.0
28413,EW5,90.0,90.0,0.0,1.0,0.0
28414,EW5,90.0,90.0,0.0,1.0,0.0
28415,EW5,90.0,90.0,0.0,1.0,0.0
28416,EW5,90.0,90.0,0.0,1.0,0.0
28417,EW5,90.0,90.0,0.0,1.0,0.0
28418,EW5,90.0,90.0,0.0,1.0,0.0
28419,EW5,90.0,90.0,0.0,1.0,0.0
28420,EW5,90.0,90.0,0.0,1.0,0.0
28421,EW5,90.0,90.0,0.0,1.0,0.0
28422,EW5,90.0,90.0,0.0,1.0,0.0
28423,EW5,90.0,90.0,0.0,1.0,0.0
28424,EW5,90.0,90.0,0.0,1.0,0.0
28425,EW5,90.0,90.0,0.0,1.0,0.0
28426,EW5,90.0,90.0,0.0,1.0,0.0
28427,EW5,90.0,90.0,0.0,1.0,0.0
28428,EW5,90.0,90.0,0.0,1.0,0.0
28429,EW5,90.0,90.0,0.0,1.0,0.0
28430,EW5,90.0,90.0,0.0,1.0,0.0
28431,EW5,90.0,90.0,0.0,1.0,0.0
28432,EW5,90.0,90.0,0.0,1.0,0.0
28433,EW5,90.0,90.0,0.0,1.0,0.0
28434,EW5,90.0,90.0,0.0,1.0,0.0
28435,EW5,90.0,90.0,0.0,1.0,0.0
28436,EW5,90.0,90.0,0.0,1.0,0.0
28437,EW5,90.0,90.0,0.0,1.0,0.0
28438,EW5,90.0,90.0,0.0,1.0,0.0
28439,EW5,90.0,90.0,0.0,1.0,0.0
28440,EW5,90.0,90.0,0.0,1.0,0.0
28441,EW5,90.0,90.0,0.0,1.0,0.0
28442,EW5,90.0,90.0,0.0,1.0,0.0
28443,EW5,90.0,90.0,0.0,1.0,0.0
28444,EW5,90.0,90.0,0.0,1.0,0.0
28445,EW5,90.0,90.0,0.0,1.0,0.0
28446,EW5,90.0,90.0,0.0,1.0,0.0
28447,EW5,90.0,90.0,0.0,1.0,0.0
28448,EW5,90.0,90.0,0.0,1.0,0.0
28449,EW5,90.0,90.0,0.0,1.0,0.0
28450,EW5,90.0,90.0,0.0,1.0,0.0
28451,EW5,90.0,90.0,0.0,1.0,0.0
28452,EW5,90.0,90.0,0.0,1.0,0.0
28453,EW5,90.0,90.0,0.0,1.0,0.0
28454,EW5,90.0,90.0,0.0,1.0,0.0
28455,EW5,90.0,90.0,0.0,1.0,0.0
28456,EW5,90.0,90.0,0.0,1.0,0.0
28457,EW5,90.0,90.0,0.0,1.0,0.0
28458,EW5,90.0,90.0,0.0,1.0,0.0
28459,EW5,90.0,90.0,0.0,1.0,0.0
28460,EW5,90.0,90.0,0.0,1.0,0.0
28461,EW5,90.0,90.0,0.0,1.0,0.0
28462,EW5,90.0,90.0,0.0,1.0,0.0
28463,EW5,90.0,90.0,0.0,1.0,0.0
28464,EW5,90.0,90.0,0.0,1.0,0.0
28465,EW5,90.0,90.0,0.0,1.0,0.0
28466,EW5,90.0,90.0,0.0,1.0,0.0
28467,EW5,90.0,90.0,0.0,1.0,0.0
28468,EW5,90.0,90.0,0.0,1.0,0.0
28469,EW5,90.0,90.0,0.0,1.0,0.0
28470,EW5,90.0,90.0,0.0,1.0,0.0
28471,EW5,90.0,90.0,0.0,1.0,0.0
28472,EW5,90.0,90.0,0.0,1.0,0.0
28473,EW5,90.0,90.0,0.0,1.0,0.0
28474,EW5,90.0,90.0,0.0,1.0,0.0
28475,EW5,90.0,90.0,0.0,1.0,0.0
28476,EW5,90.0,90.0,0.0,1.0,0.0
28477,EW5,90.0,90.0,0.0,1.0,0.0
28478,EW5,90.0,90.0,0.0,1.0,0.0
28479,EW5,90.0,90.0,0.0,1.0,0.0
28480,EW5,90.0,90.0,0.0,1.0,0.0
28481,EW5,90.0,90.0,0.0,1.0,0.0
28482,EW5,90.0,90.0,0.0,1.0,0.0
28483,EW5,90.0,90.0,0.0,1.0,0.0
28484,EW5,90.0,90.0,0.0,1.0,0.0
28485,EW5,90.0,90.0,0.0,1.0,0.0
28486,EW5,90.0,90.0,0.0,1.0,0.0
28487,EW5,90.0,90.0,0.0,1.0,0.0
28488,EW5,90.0,90.0,0.0,1.0,0.0
28489,EW5,90.0,90.0,0.0,1.0,0.0
28490,EW5,90.0,90.0,0.0,1.0,0.0
28491,EW5,90.0,90.0,0.0,1.0,0.0
28492,EW5,90.0,90.0,0.0,1.0,0.0
28493,EW5,90.0,90.0,0.0,1.0,0.0
28494,EW5,90.0,90.0,0.0,1.0,0.0
28495,EW5,90.0,90.0,0.0,1.0,0.0
28496,EW5,90.0,90.0,0.0,1.0,0.0
28497,EW5,90.0,90.0,0.0,1.0,0.0
28498,EW5,90.0,90.0,0.0,1.0,0.0
28499,EW5,90.0,90.0,0.0,1.0,0.0
36005,EW5,90.0,90.0,0.0,1.0,0.0
36006,EW5,90.0,90.0,0.0,1.0,0.0
36007,EW5,90.0,90.0,0.0,1.0,0.0
36008,EW5,90.0,90.0,0.0,1.0,0.0
36009,EW5,90.0,90.0,0.0,1.0,0.0
36010,EW5,90.0,90.0,0.0,1.0,0.0
36011,EW5,90.0,90.0,0.0,1.0,0.0
36012,EW5,90.0,90.0,0.0,1.0,0.0
36013,EW5,90.0,90.0,0.0,1.0,0.0
36014,EW5,90.0,90.0,0.0,1.0,0.0
36015,EW5,90.0,90.0,0.0,1.0,0.0
36016,EW5,90.0,90.0,0.0,1.0,0.0
36017,EW5,90.0,90.0,0.0,1.0,0.0
36018,EW5,90.0,90.0,0.0,1.0,0.0
36019,EW5,90.0,90.0,0.0,1.0,0.0
36020,EW5,90.0,90.0,0.0,1.0,0.0
36021,EW5,90.0,90.0,0.0,1.0,0.0
36022,EW5,90.0,90.0,0.0,1.0,0.0
36023,EW5,90.0,90.0,0.0,1.0,0.0
36024,EW5,90.0,90.0,0.0,1.0,0.0
36025,EW5,90.0,90.0,0.0,1.0,0.0
36026,EW5,90.0,90.0,0.0,1.0,0.0
36027,EW5,90.0,90.0,0.0,1.0,0.0
36028,EW5,90.0,90.0,0.0,1.0,0.0
36029,EW5,90.0,90.0,0.0,1.0,0.0
36030,EW5,90.0,90.0,0.0,1.0,0.0
36031,EW5,90.0,90.0,0.0,1.0,0.0
36032,EW5,90.0,90.0,0.0,1.0,0.0
36033,EW5,90.0,90.0,0.0,1.0,0.0
36034,EW5,90.0,90.0,0.0,1.0,0.0
36035,EW5,90.0,90.0,0.0,1.0,0.0
36036,EW5,90.0,90.0,0.0,1.0,0.0
36037,EW5,90.0,90.0,0.0,1.0,0.0
36038,EW5,90.0,90.0,0.0,1.0,0.0
36039,EW5,90.0,90.0,0.0,1.0,0.0
36040,EW5,90.0,90.0,0.0,1.0,0.0
36041,EW5,90.0,90.0,0.0,1.0,0.0
36042,EW5,90.0,90.0,0.0,1.0,0.0
36043,EW5,90.0,90.0,0.0,1.0,0.0
36044,EW5,90.0,90.0,0.0,1.0,0.0
36045,EW5,90.0,90.0,0.0,1.0,0.0
36046,EW5,90.0,90.0,0.0,1.0,0.0
36047,EW5,90.0,90.0,0.0,1.0,0.0
36048,EW5,90.0,90.0,0.0,1.0,0.0
36049,EW5,90.0,90.0,0.0,1.0,0.0
36050,EW5,90.0,90.0,0.0,1.0,0.0
36051,EW5,90.0,90.0,0.0,1.0,0.0
36052,EW5,90.0,90.0,0.0,1.0,0.0
36053,EW5,90.0,90.0,0.0,1.0,0.0
36054,EW5,90.0,90.0,0.0,1.0,0.0
36055,EW5,90.0,90.0,0.0,1.0,0.0
36056,EW5,90.0,90.0,0.0,1.0,0.0
36057,EW5,90.0,90.0,0.0,1.0,0.0
36058,EW5,90.0,90.0,0.0,1.0,0.0
36059,EW5,90.0,90.0,0.0,1.0,0.0
36060,EW5,90.0,90.0,0.0,1.0,0.0
36061,EW5,90.0,90.0,0.0,1.0,0.0
36062,EW5,90.0,90.0,0.0,1.0,0.0
36063,EW5,90.0,90.0,0.0,1.0,0.0
36064,EW5,90.0,90.0,0.0,1.0,0.0
36065,EW5,90.0,90.0,0.0,1.0,0.0
36066,EW5,90.0,90.0,0.0,1.0,0.0
36067,EW5,90.0,90.0,0.0,1.0,0.0
36068,EW5,90.0,90.0,0.0,1.0,0.0
36069,EW5,90.0,90.0,0.0,1.0,0.0
36070,EW5,90.0,90.0,0.0,1.0,0.0
36071,EW5,90.0,90.0,0.0,1.0,0.0
36072,EW5,90.0,90.0,0.0,1.0,0.0
36073,EW5,90.0,90.0,0.0,1.0,0.0
36074,EW5,90.0,90.0,0.0,1.0,0.0
36075,EW5,90.0,90.0,0.0,1.0,0.0
36076,EW5,90.0,90.0,0.0,1.0,0.0
36077,EW5,90.0,90.0,0.0,1.0,0.0
36078,EW5,90.0,90.0,0.0,1.0,0.0
36079,EW5,90.0,90.0,0.0,1.0,0.0
36080,EW5,90.0,90.0,0.0,1.0,0.0
36081,EW5,90.0,90.0,0.0,1.0,0.0
36082,EW5,90.0,90.0,0.0,1.0,0.0
36083,EW5,90.0,90.0,0.0,1.0,0.0
36084,EW5,90.0,90.0,0.0,1.0,0.0
36085,EW5,90.0,90.0,0.0,1.0,0.0
36086,EW5,90.0,90.0,0.0,1.0,0.0
36087,EW5,90.0,90.0,0.0,1.0,0.0
36088,EW5,90.0,90.0,0.0,1.0,0.0
36089,EW5,90.0,90.0,0.0,1.0,0.0
36090,EW5,90.0,90.0,0.0,1.0,0.0
36091,EW5,90.0,90.0,0.0,1.0,0.0
36092,EW5,90.0,90.0,0.0,1.0,0.0
36093,EW5,90.0,90.0,0.0,1.0,0.0
36094,EW5,90.0,90.0,0.0,1.0,0.0
36095,EW5,90.0,90.0,0.0,1.0,0.0
36096,EW5,90.0,90.0,0.0,1.0,0.0
36097,EW5,90.0,90.0,0.0,1.0,0.0
36098,EW5,90.0,90.0,0.0,1.0,0.0
36099,EW5,90.0,90.0,0.0,1.0,0.0
43605,EW5,90.0,90.0,0.0,1.0,0.0
43606,EW5,90.0,90.0,0.0,1.0,0.0
43607,EW5,90.0,90.0,0.0,1.0,0.0
43608,EW5,90.0,90.0,0.0,1.0,0.0
43609,EW5,90.0,90.0,0.0,1.0,0.0
43610,EW5,90.0,90.0,0.0,1.0,0.0
43611,EW5,90.0,90.0,0.0,1.0,0.0
43612,EW5,90.0,90.0,0.0,1.0,0.0
43613,EW5,90.0,90.0,0.0,1.0,0.0
43614,EW5,90.0,90.0,0.0,1.0,0.0
43615,EW5,90.0,90.0,0.0,1.0,0.0
43616,EW5,90.0,90.0,0.0,1.0,0.0
43617,EW5,90.0,90.0,0.0,1.0,0.0
43618,EW5,90.0,90.0,0.0,1.0,0.0
43619,EW5,90.0,90.0,0.0,1.0,0.0
43620,EW5,90.0,90.0,0.0,1.0,0.0
43621,EW5,90.0,90.0,0.0,1.0,0.0
43622,EW5,90.0,90.0,0.0,1.0,0.0
43623,EW5,90.0,90.0,0.0,1.0,0.0
43624,EW5,90.0,90.0,0.0,1.0,0.0
43625,EW5,90.0,90.0,0.0,1.0,0.0
43626,EW5,90.0,90.0,0.0,1.0,0.0
43627,EW5,90.0,90.0,0.0,1.0,0.0
43628,EW5,90.0,90.0,0.0,1.0,0.0
43629,EW5,90.0,90.0,0.0,1.0,0.0
43630,EW5,90.0,90.0,0.0,1.0,0.0
43631,EW5,90.0,90.0,0.0,1.0,0.0
43632,EW5,90.0,90.0,0.0,1.0,0.0
43633,EW5,90.0,90.0,0.0,1.0,0.0
43634,EW5,90.0,90.0,0.0,1.0,0.0
43635,EW5,90.0,90.0,0.0,1.0,0.0
43636,EW5,90.0,90.0,0.0,1.0,0.0
43637,EW5,90.0,90.0,0.0,1.0,0.0
43638,EW5,90.0,90.0,0.0,1.0,0.0
43639,EW5,90.0,90.0,0.0,1.0,0.0
43640,EW5,90.0,90.0,0.0,1.0,0.0
43641,EW5,90.0,90.0,0.0,1.0,0.0
43642,EW5,90.0,90.0,0.0,1.0,0.0
43643,EW5,90.0,90.0,0.0,1.0,0.0
43644,EW5,90.0,90.0,0.0,1.0,0.0
43645,EW5,90.0,90.0,0.0,1.0,0.0
43646,EW5,90.0,90.0,0.0,1.0,0.0
43647,EW5,90.0,90.0,0.0,1.0,0.0
43648,EW5,90.0,90.0,0.0,1.0,0.0
43649,EW5,90.0,90.0,0.0,1.0,0.0
43650,EW5,90.0,90.0,0.0,1.0,0.0
43651,EW5,90.0,90.0,0.0,1.0,0.0
43652,EW5,90.0,90.0,0.0,1.0,0.0
43653,EW5,90.0,90.0,0.0,1.0,0.0
43654,EW5,90.0,90.0,0.0,1.0,0.0
43655,EW5,90.0,90.0,0.0,1.0,0.0
43656,EW5,90.0,90.0,0.0,1.0,0.0
43657,EW5,90.0,90.0,0.0,1.0,0.0
43658,EW5,90.0,90.0,0.0,1.0,0.0
43659,EW5,90.0,90.0,0.0,1.0,0.0
43660,EW5,90.0,90.0,0.0,1.0,0.0
43661,EW5,90.0,90.0,0.0,1.0,0.0
43662,EW5,90.0,90.0,0.0,1.0,0.0
43663,EW5,90.0,90.0,0.0,1.0,0.0
43664,EW5,90.0,90.0,0.0,1.0,0.0
43665,EW5,90.0,90.0,0.0,1.0,0.0
43666,EW5,90.0,90.0,0.0,1.0,0.0
43667,EW5,90.0,90.0,0.0,1.0,0.0
43668,EW5,90.0,90.0,0.0,1.0,0.0
43669,EW5,90.0,90.0,0.0,1.0,0.0
43670,EW5,90.0,90.0,0.0,1.0,0.0
43671,EW5,90.0,90.0,0.0,1.0,0.0
43672,EW5,90.0,90.0,0.0,1.0,0.0
43673,EW5,90.0,90.0,0.0,1.0,0.0
43674,EW5,90.0,90.0,0.0,1.0,0.0
43675,EW5,90.0,90.0,0.0,1.0,0.0
43676,EW5,90.0,90.0,0.0,1.0,0.0
43677,EW5,90.0,90.0,0.0,1.0,0.0
43678,EW5,90.0,90.0,0.0,1.0,0.0
43679,EW5,90.0,90.0,0.0,1.0,0.0
43680,EW5,90.0,90.0,0.0,1.0,0.0
43681,EW5,90.0,90.0,0.0,1.0,0.0
43682,EW5,90.0,90.0,0.0,1.0,0.0
43683,EW5,90.0,90.0,0.0,1.0,0.0
43684,EW5,90.0,90.0,0.0,1.0,0.0
43685,EW5,90.0,90.0,0.0,1.0,0.0
43686,EW5,90.0,90.0,0.0,1.0,0.0
43687,EW5,90.0,90.0,0.0,1.0,0.0
43688,EW5,90.0,90.0,0.0,1.0,0.0
43689,EW5,90.0,90.0,0.0,1.0,0.0
43690,EW5,90.0,90.0,0.0,1.0,0.0
43691,EW5,90.0,90.0,0.0,1.0,0.0
43692,EW5,90.0,90.0,0.0,1.0,0.0
43693,EW5,90.0,90.0,0.0,1.0,0.0
43694,EW5,90.0,90.0,0.0,1.0,0.0
43695,EW5,90.0,90.0,0.0,1.0,0.0
43696,EW5,90.0,90.0,0.0,1.0,0.0
43697,EW5,90.0,90.0,0.0,1.0,0.0
43698,EW5,90.0,90.0,0.0,1.0,0.0
43699,EW5,90.0,90.0,0.0,1.0,0.0
51205,EW5,90.0,90.0,0.0,1.0,0.0
51206,EW5,90.0,90.0,0.0,1.0,0.0
51207,EW5,90.0,90.0,0.0,1.0,0.0
51208,EW5,90.0,90.0,0.0,1.0,0.0
51209,EW5,90.0,90.0,0.0,1.0,0.0
51210,EW5,90.0,90.0,0.0,1.0,0.0
51211,EW5,90.0,90.0,0.0,1.0,0.0
51212,EW5,90.0,90.0,0.0,1.0,0.0
51213,EW5,90.0,90.0,0.0,1.0,0.0
51214,EW5,90.0,90.0,0.0,1.0,0.0
51215,EW5,90.0,90.0,0.0,1.0,0.0
51216,EW5,90.0,90.0,0.0,1.0,0.0
51217,EW5,90.0,90.0,0.0,1.0,0.0
51218,EW5,90.0,90.0,0.0,1.0,0.0
51219,EW5,90.0,90.0,0.0,1.0,0.0
51220,EW5,90.0,90.0,0.0,1.0,0.0
51221,EW5,90.0,90.0,0.0,1.0,0.0
51222,EW5,90.0,90.0,0.0,1.0,0.0
51223,EW5,90.0,90.0,0.0,1.0,0.0
51224,EW5,90.0,90.0,0.0,1.0,0.0
51225,EW5,90.0,90.0,0.0,1.0,0.0
51226,EW5,90.0,90.0,0.0,1.0,0.0
51227,EW5,90.0,90.0,0.0,1.0,0.0
51228,EW5,90.0,90.0,0.0,1.0,0.0
51229,EW5,90.0,90.0,0.0,1.0,0.0
51230,EW5,90.0,90.0,0.0,1.0,0.0
51231,EW5,90.0,90.0,0.0,1.0,0.0
51232,EW5,90.0,90.0,0.0,1.0,0.0
51233,EW5,90.0,90.0,0.0,1.0,0.0
51234,EW5,90.0,90.0,0.0,1.0,0.0
51235,EW5,90.0,90.0,0.0,1.0,0.0
51236,EW5,90.0,90.0,0.0,1.0,0.0
51237,EW5,90.0,90.0,0.0,1.0,0.0
51238,EW5,90.0,90.0,0.0,1.0,0.0
51239,EW5,90.0,90.0,0.0,1.0,0.0
51240,EW5,90.0,90.0,0.0,1.0,0.0
51241,EW5,90.0,90.0,0.0,1.0,0.0
51242,EW5,90.0,90.0,0.0,1.0,0.0
51243,EW5,90.0,90.0,0.0,1.0,0.0
51244,EW5,90.0,90.0,0.0,1.0,0.0
51245,EW5,90.0,90.0,0.0,1.0,0.0
51246,EW5,90.0,90.0,0.0,1.0,0.0
51247,EW5,90.0,90.0,0.0,1.0,0.0
51248,EW5,90.0,90.0,0.0,1.0,0.0
51249,EW5,90.0,90.0,0.0,1.0,0.0
51250,EW5,90.0,90.0,0.0,1.0,0.0
51251,EW5,90.0,90.0,0.0,1.0,0.0
51252,EW5,90.0,90.0,0.0,1.0,0.0
51253,EW5,90.0,90.0,0.0,1.0,0.0
51254,EW5,90.0,90.0,0.0,1.0,0.0
51255,EW5,90.0,90.0,0.0,1.0,0.0
51256,EW5,90.0,90.0,0.0,1.0,0.0
51257,EW5,90.0,90.0,0.0,1.0,0.0
51258,EW5,90.0,90.0,0.0,1.0,0.0
51259,EW5,90.0,90.0,0.0,1.0,0.0
51260,EW5,90.0,90.0,0.0,1.0,0.0
51261,EW5,90.0,90.0,0.0,1.0,0.0
51262,EW5,90.0,90.0,0.0,1.0,0.0
51263,EW5,90.0,90.0,0.0,1.0,0.0
51264,EW5,90.0,90.0,0.0,1.0,0.0
51265,EW5,90.0,90.0,0.0,1.0,0.0
51266,EW5,90.0,90.0,0.0,1.0,0.0
51267,EW5,90.0,90.0,0.0,1.0,0.0
51268,EW5,90.0,90.0,0.0,1.0,0.0
51269,EW5,90.0,90.0,0.0,1.0,0.0
51270,EW5,90.0,90.0,0.0,1.0,0.0
51271,EW5,90.0,90.0,0.0,1.0,0.0
51272,EW5,90.0,90.0,0.0,1.0,0.0
51273,EW5,90.0,90.0,0.0,1.0,0.0
51274,EW5,90.0,90.0,0.0,1.0,0.0
51275,EW5,90.0,90.0,0.0,1.0,0.0
51276,EW5,90.0,90.0,0.0,1.0,0.0
51277,EW5,90.0,90.0,0.0,1.0,0.0
51278,EW5,90.0,90.0,0.0,1.0,0.0
51279,EW5,90.0,90.0,0.0,1.0,0.0
51280,EW5,90.0,90.0,0.0,1.0,0.0
51281,EW5,90.0,90.0,0.0,1.0,0.0
51282,EW5,90.0,90.0,0.0,1.0,0.0
51283,EW5,90.0,90.0,0.0,1.0,0.0
51284,EW5,90.0,90.0,0.0,1.0,0.0
51285,EW5,90.0,90.0,0.0,1.0,0.0
51286,EW5,90.0,90.0,0.0,1.0,0.0
51287,EW5,90.0,90.0,0.0,1.0,0.0
51288,EW5,90.0,90.0,0.0,1.0,0.0
51289,EW5,90.0,90.0,0.0,1.0,0.0
51290,EW5,90.0,90.0,0.0,1.0,0.0
51291,EW5,90.0,90.0,0.0,1.0,0.0
51292,EW5,90.0,90.0,0.0,1.0,0.0
51293,EW5,90.0,90.0,0.0,1.0,0.0
51294,EW5,90.0,90.0,0.0,1.0,0.0
51295,EW5,90.0,90.0,0.0,1.0,0.0
51296,EW5,90.0,90.0,0.0,1.0,0.0
51297,EW5,90.0,90.0,0.0,1.0,0.0
51298,EW5,90.0,90.0,0.0,1.0,0.0
51299,EW5,90.0,90.0,0.0,1.0,0.0
58805,EW5,90.0,90.0,0.0,1.0,0.0
58806,EW5,90.0,90.0,0.0,1.0,0.0
58807,EW5,90.0,90.0,0.0,1.0,0.0
58808,EW5,90.0,90.0,0.0,1.0,0.0
58809,EW5,90.0,90.0,0.0,1.0,0.0
58810,EW5,90.0,90.0,0.0,1.0,0.0
58811,EW5,90.0,90.0,0.0,1.0,0.0
58812,EW5,90.0,90.0,0.0,1.0,0.0
58813,EW5,90.0,90.0,0.0,1.0,0.0
58814,EW5,90.0,90.0,0.0,1.0,0.0
58815,EW5,90.0,90.0,0.0,1.0,0.0
58816,EW5,90.0,90.0,0.0,1.0,0.0
58817,EW5,90.0,90.0,0.0,1.0,0.0
58818,EW5,90.0,90.0,0.0,1.0,0.0
58819,EW5,90.0,90.0,0.0,1.0,0.0
58820,EW5,90.0,90.0,0.0,1.0,0.0
58821,EW5,90.0,90.0,0.0,1.0,0.0
58822,EW5,90.0,90.0,0.0,1.0,0.0
58823,EW5,90.0,90.0,0.0,1.0,0.0
58824,EW5,90.0,90.0,0.0,1.0,0.0
58825,EW5,90.0,90.0,0.0,1.0,0.0
58826,EW5,90.0,90.0,0.0,1.0,0.0
58827,EW5,90.0,90.0,0.0,1.0,0.0
58828,EW5,90.0,90.0,0.0,1.0,0.0
58829,EW5,90.0,90.0,0.0,1.0,0.0
58830,EW5,90.0,90.0,0.0,1.0,0.0
58831,EW5,90.0,90.0,0.0,1.0,0.0
58832,EW5,90.0,90.0,0.0,1.0,0.0
58833,EW5,90.0,90.0,0.0,1.0,0.0
58834,EW5,90.0,90.0,0.0,1.0,0.0
58835,EW5,90.0,90.0,0.0,1.0,0.0
58836,EW5,90.0,90.0,0.0,1.0,0.0
58837,EW5,90.0,90.0,0.0,1.0,0.0
58838,EW5,90.0,90.0,0.0,1.0,0.0
58839,EW5,90.0,90.0,0.0,1.0,0.0
58840,EW5,90.0,90.0,0.0,1.0,0.0
58841,EW5,90.0,90.0,0.0,1.0,0.0
58842,EW5,90.0,90.0,0.0,1.0,0.0
58843,EW5,90.0,90.0,0.0,1.0,0.0
58844,EW5,90.0,90.0,0.0,1.0,0.0
58845,EW5,90.0,90.0,0.0,1.0,0.0
58846,EW5,90.0,90.0,0.0,1.0,0.0
58847,EW5,90.0,90.0,0.0,1.0,0.0
58848,EW5,90.0,90.0,0.0,1.0,0.0
58849,EW5,90.0,90.0,0.0,1.0,0.0
58850,EW5,90.0,90.0,0.0,1.0,0.0
58851,EW5,90.0,90.0,0.0,1.0,0.0
58852,EW5,90.0,90.0,0.0,1.0,0.0
58853,EW5,90.0,90.0,0.0,1.0,0.0
58854,EW5,90.0,90.0,0.0,1.0,0.0
58855,EW5,90.0,90.0,0.0,1.0,0.0
58856,EW5,90.0,90.0,0.0,1.0,0.0
58857,EW5,90.0,90.0,0.0,1.0,0.0
58858,EW5,90.0,90.0,0.0,1.0,0.0
58859,EW5,90.0,90.0,0.0,1.0,0.0
58860,EW5,90.0,90.0,0.0,1.0,0.0
58861,EW5,90.0,90.0,0.0,1.0,0.0
58862,EW5,90.0,90.0,0.0,1.0,0.0
58863,EW5,90.0,90.0,0.0,1.0,0.0
58864,EW5,90.0,90.0,0.0,1.0,0.0
58865,EW5,90.0,90.0,0.0,1.0,0.0
58866,EW5,90.0,90.0,0.0,1.0,0.0
58867,EW5,90.0,90.0,0.0,1.0,0.0
58868,EW5,90.0,90.0,0.0,1.0,0.0
58869,EW5,90.0,90.0,0.0,1.0,0.0
58870,EW5,90.0,90.0,0.0,1.0,0.0
58871,EW5,90.0,90.0,0.0,1.0,0.0
58872,EW5,90.0,90.0,0.0,1.0,0.0
58873,EW5,90.0,90.0,0.0,1.0,0.0
58874,EW5,90.0,90.0,0.0,1.0,0.0
58875,EW5,90.0,90.0,0.0,1.0,0.0
58876,EW5,90.0,90.0,0.0,1.0,0.0
58877,EW5,90.0,90.0,0.0,1.0,0.0
58878,EW5,90.0,90.0,0.0,1.0,0.0
58879,EW5,90.0,90.0,0.0,1.0,0.0
58880,EW5,90.0,90.0,0.0,1.0,0.0
58881,EW5,90.0,90.0,0.0,1.0,0.0
58882,EW5,90.0,90.0,0.0,1.0,0.0
58883,EW5,90.0,90.0,0.0,1.0,0.0
58884,EW5,90.0,90.0,0.0,1.0,0.0
58885,EW5,90.0,90.0,0.0,1.0,0.0
58886,EW5,90.0,90.0,0.0,1.0,0.0
58887,EW5,90.0,90.0,0.0,1.0,0.0
58888,EW5,90.0,90.0,0.0,1.0,0.0
58889,EW5,90.0,90.0,0.0,1.0,0.0
58890,EW5,90.0,90.0,0.0,1.0,0.0
58891,EW5,90.0,90.0,0.0,1.0,0.0
58892,EW5,90.0,90.0,0.0,1.0,0.0
58893,EW5,90.0,90.0,0.0,1.0,0.0
58894,EW5,90.0,90.0,0.0,1.0,0.0
58895,EW5,90.0,90.0,0.0,1.0,0.0
58896,EW5,90.0,90.0,0.0,1.0,0.0
58897,EW5,90.0,90.0,0.0,1.0,0.0
58898,EW5,90.0,90.0,0.0,1.0,0.0
58899,EW5,90.0,90.0,0.0,1.0,0.0
66405,EW5,90.0,90.0,0.0,1.0,0.0
66406,EW5,90.0,90.0,0.0,1.0,0.0
66407,EW5,90.0,90.0,0.0,1.0,0.0
66408,EW5,90.0,90.0,0.0,1.0,0.0
66409,EW5,90.0,90.0,0.0,1.0,0.0
66410,EW5,90.0,90.0,0.0,1.0,0.0
66411,EW5,90.0,90.0,0.0,1.0,0.0
66412,EW5,90.0,90.0,0.0,1.0,0.0
66413,EW5,90.0,90.0,0.0,1.0,0.0
66414,EW5,90.0,90.0,0.0,1.0,0.0
66415,EW5,90.0,90.0,0.0,1.0,0.0
66416,EW5,90.0,90.0,0.0,1.0,0.0
66417,EW5,90.0,90.0,0.0,1.0,0.0
66418,EW5,90.0,90.0,0.0,1.0,0.0
66419,EW5,90.0,90.0,0.0,1.0,0.0
66420,EW5,90.0,90.0,0.0,1.0,0.0
66421,EW5,90.0,90.0,0.0,1.0,0.0
66422,EW5,90.0,90.0,0.0,1.0,0.0
66423,EW5,90.0,90.0,0.0,1.0,0.0
66424,EW5,90.0,90.0,0.0,1.0,0.0
66425,EW5,90.0,90.0,0.0,1.0,0.0
66426,EW5,90.0,90.0,0.0,1.0,0.0
66427,EW5,90.0,90.0,0.0,1.0,0.0
66428,EW5,90.0,90.0,0.0,1.0,0.0
66429,EW5,90.0,90.0,0.0,1.0,0.0
66430,EW5,90.0,90.0,0.0,1.0,0.0
66431,EW5,90.0,90.0,0.0,1.0,0.0
66432,EW5,90.0,90.0,0.0,1.0,0.0
66433,EW5,90.0,90.0,0.0,1.0,0.0
66434,EW5,90.0,90.0,0.0,1.0,0.0
66435,EW5,90.0,90.0,0.0,1.0,0.0
66436,EW5,90.0,90.0,0.0,1.0,0.0
66437,EW5,90.0,90.0,0.0,1.0,0.0
66438,EW5,90.0,90.0,0.0,1.0,0.0
66439,EW5,90.0,90.0,0.0,1.0,0.0
66440,EW5,90.0,90.0,0.0,1.0,0.0
66441,EW5,90.0,90.0,0.0,1.0,0.0
66442,EW5,90.0,90.0,0.0,1.0,0.0
66443,EW5,90.0,90.0,0.0,1.0,0.0
66444,EW5,90.0,90.0,0.0,1.0,0.0
66445,EW5,90.0,90.0,0.0,1.0,0.0
66446,EW5,90.0,90.0,0.0,1.0,0.0
66447,EW5,90.0,90.0,0.0,1.0,0.0
66448,EW5,90.0,90.0,0.0,1.0,0.0
66449,EW5,90.0,90.0,0.0,1.0,0.0
66450,EW5,90.0,90.0,0.0,1.0,0.0
66451,EW5,90.0,90.0,0.0,1.0,0.0
66452,EW5,90.0,90.0,0.0,1.0,0.0
66453,EW5,90.0,90.0,0.0,1.0,0.0
66454,EW5,90.0,90.0,0.0,1.0,0.0
66455,EW5,90.0,90.0,0.0,1.0,0.0
66456,EW5,90.0,90.0,0.0,1.0,0.0
66457,EW5,90.0,90.0,0.0,1.0,0.0
66458,EW5,90.0,90.0,0.0,1.0,0.0
66459,EW5,90.0,90.0,0.0,1.0,0.0
66460,EW5,90.0,90.0,0.0,1.0,0.0
66461,EW5,90.0,90.0,0.0,1.0,0.0
66462,EW5,90.0,90.0,0.0,1.0,0.0
66463,EW5,90.0,90.0,0.0,1.0,0.0
66464,EW5,90.0,90.0,0.0,1.0,0.0
66465,EW5,90.0,90.0,0.0,1.0,0.0
66466,EW5,90.0,90.0,0.0,1.0,0.0
66467,EW5,90.0,90.0,0.0,1.0,0.0
66468,EW5,90.0,90.0,0.0,1.0,0.0
66469,EW5,90.0,90.0,0.0,1.0,0.0
66470,EW5,90.0,90.0,0.0,1.0,0.0
66471,EW5,90.0,90.0,0.0,1.0,0.0
66472,EW5,90.0,90.0,0.0,1.0,0.0
66473,EW5,90.0,90.0,0.0,1.0,0.0
66474,EW5,90.0,90.0,0.0,1.0,0.0
66475,EW5,90.0,90.0,0.0,1.0,0.0
66476,EW5,90.0,90.0,0.0,1.0,0.0
66477,EW5,90.0,90.0,0.0,1.0,0.0
66478,EW5,90.0,90.0,0.0,1.0,0.0
66479,EW5,90.0,90.0,0.0,1.0,0.0
66480,EW5,90.0,90.0,0.0,1.0,0.0
66481,EW5,90.0,90.0,0.0,1.0,0.0
66482,EW5,90.0,90.0,0.0,1.0,0.0
66483,EW5,90.0,90.0,0.0,1.0,0.0
66484,EW5,90.0,90.0,0.0,1.0,0.0
66485,EW5,90.0,90.0,0.0,1.0,0.0
66486,EW5,90.0,90.0,0.0,1.0,0.0
66487,EW5,90.0,90.0,0.0,1.0,0.0
66488,EW5,90.0,90.0,0.0,1.0,0.0
66489,EW5,90.0,90.0,0.0,1.0,0.0
66490,EW5,90.0,90.0,0.0,1.0,0.0
66491,EW5,90.0,90.0,0.0,1.0,0.0
66492,EW5,90.0,90.0,0.0,1.0,0.0
66493,EW5,90.0,90.0,0.0,1.0,0.0
66494,EW5,90.0,90.0,0.0,1.0,0.0
66495,EW5,90.0,90.0,0.0,1.0,0.0
66496,EW5,90.0,90.0,0.0,1.0,0.0
66497,EW5,90.0,90.0,0.0,1.0,0.0
66498,EW5,90.0,90.0,0.0,1.0,0.0
66499,EW5,90.0,90.0,0.0,1.0,0.0
74005,EW5,90.0,90.0,0.0,1.0,0.0
74006,EW5,90.0,90.0,0.0,1.0,0.0
74007,EW5,90.0,90.0,0.0,1.0,0.0
74008,EW5,90.0,90.0,0.0,1.0,0.0
74009,EW5,90.0,90.0,0.0,1.0,0.0
74010,EW5,90.0,90.0,0.0,1.0,0.0
74011,EW5,90.0,90.0,0.0,1.0,0.0
74012,EW5,90.0,90.0,0.0,1.0,0.0
74013,EW5,90.0,90.0,0.0,1.0,0.0
74014,EW5,90.0,90.0,0.0,1.0,0.0
74015,EW5,90.0,90.0,0.0,1.0,0.0
74016,EW5,90.0,90.0,0.0,1.0,0.0
74017,EW5,90.0,90.0,0.0,1.0,0.0
74018,EW5,90.0,90.0,0.0,1.0,0.0
74019,EW5,90.0,90.0,0.0,1.0,0.0
74020,EW5,90.0,90.0,0.0,1.0,0.0
74021,EW5,90.0,90.0,0.0,1.0,0.0
74022,EW5,90.0,90.0,0.0,1.0,0.0
74023,EW5,90.0,90.0,0.0,1.0,0.0
74024,EW5,90.0,90.0,0.0,1.0,0.0
74025,EW5,90.0,90.0,0.0,1.0,0.0
74026,EW5,90.0,90.0,0.0,1.0,0.0
74027,EW5,90.0,90.0,0.0,1.0,0.0
74028,EW5,90.0,90.0,0.0,1.0,0.0
74029,EW5,90.0,90.0,0.0,1.0,0.0
74030,EW5,90.0,90.0,0.0,1.0,0.0
74031,EW5,90.0,90.0,0.0,1.0,0.0
74032,EW5,90.0,90.0,0.0,1.0,0.0
74033,EW5,90.0,90.0,0.0,1.0,0.0
74034,EW5,90.0,90.0,0.0,1.0,0.0
74035,EW5,90.0,90.0,0.0,1.0,0.0
74036,EW5,90.0,90.0,0.0,1.0,0.0
74037,EW5,90.0,90.0,0.0,1.0,0.0
74038,EW5,90.0,90.0,0.0,1.0,0.0
74039,EW5,90.0,90.0,0.0,1.0,0.0
74040,EW5,90.0,90.0,0.0,1.0,0.0
74041,EW5,90.0,90.0,0.0,1.0,0.0
74042,EW5,90.0,90.0,0.0,1.0,0.0
74043,EW5,90.0,90.0,0.0,1.0,0.0
74044,EW5,90.0,90.0,0.0,1.0,0.0
74045,EW5,90.0,90.0,0.0,1.0,0.0
74046,EW5,90.0,90.0,0.0,1.0,0.0
74047,EW5,90.0,90.0,0.0,1.0,0.0
74048,EW5,90.0,90.0,0.0,1.0,0.0
74049,EW5,90.0,90.0,0.0,1.0,0.0
74050,EW5,90.0,90.0,0.0,1.0,0.0
74051,EW5,90.0,90.0,0.0,1.0,0.0
74052,EW5,90.0,90.0,0.0,1.0,0.0
74053,EW5,90.0,90.0,0.0,1.0,0.0
74054,EW5,90.0,90.0,0.0,1.0,0.0
74055,EW5,90.0,90.0,0.0,1.0,0.0
74056,EW5,90.0,90.0,0.0,1.0,0.0
74057,EW5,90.0,90.0,0.0,1.0,0.0
74058,EW5,90.0,90.0,0.0,1.0,0.0
74059,EW5,90.0,90.0,0.0,1.0,0.0
74060,EW5,90.0,90.0,0.0,1.0,0.0
74061,EW5,90.0,90.0,0.0,1.0,0.0
74062,EW5,90.0,90.0,0.0,1.0,0.0
74063,EW5,90.0,90.0,0.0,1.0,0.0
74064,EW5,90.0,90.0,0.0,1.0,0.0
74065,EW5,90.0,90.0,0.0,1.0,0.0
74066,EW5,90.0,90.0,0.0,1.0,0.0
74067,EW5,90.0,90.0,0.0,1.0,0.0
74068,EW5,90.0,90.0,0.0,1.0,0.0
74069,EW5,90.0,90.0,0.0,1.0,0.0
74070,EW5,90.0,90.0,0.0,1.0,0.0
74071,EW5,90.0,90.0,0.0,1.0,0.0
74072,EW5,90.0,90.0,0.0,1.0,0.0
74073,EW5,90.0,90.0,0.0,1.0,0.0
74074,EW5,90.0,90.0,0.0,1.0,0.0
74075,EW5,90.0,90.0,0.0,1.0,0.0
74076,EW5,90.0,90.0,0.0,1.0,0.0
74077,EW5,90.0,90.0,0.0,1.0,0.0
74078,EW5,90.0,90.0,0.0,1.0,0.0
74079,EW5,90.0,90.0,0.0,1.0,0.0
74080,EW5,90.0,90.0,0.0,1.0,0.0
74081,EW5,90.0,90.0,0.0,1.0,0.0
74082,EW5,90.0,90.0,0.0,1.0,0.0
74083,EW5,90.0,90.0,0.0,1.0,0.0
74084,EW5,90.0,90.0,0.0,1.0,0.0
74085,EW5,90.0,90.0,0.0,1.0,0.0
74086,EW5,90.0,90.0,0.0,1.0,0.0
74087,EW5,90.0,90.0,0.0,1.0,0.0
74088,EW5,90.0,90.0,0.0,1.0,0.0
74089,EW5,90.0,90.0,0.0,1.0,0.0
74090,EW5,90.0,90.0,0.0,1.0,0.0
74091,EW5,90.0,90.0,0.0,1.0,0.0
74092,EW5,90.0,90.0,0.0,1.0,0.0
74093,EW5,90.0,90.0,0.0,1.0,0.0
74094,EW5,90.0,90.0,0.0,1.0,0.0
74095,EW5,90.0,90.0,0.0,1.0,0.0
74096,EW5,90.0,90.0,0.0,1.0,0.0
74097,EW5,90.0,90.0,0.0,1.0,0.0
74098,EW5,90.0,90.0,0.0,1.0,0.0
74099,EW5,90.0,90.0,0.0,1.0,0.0
81605,EW5,90.0,90.0,0.0,1.0,0.0
81606,EW5,90.0,90.0,0.0,1.0,0.0
81607,EW5,90.0,90.0,0.0,1.0,0.0
81608,EW5,90.0,90.0,0.0,1.0,0.0
81609,EW5,90.0,90.0,0.0,1.0,0.0
81610,EW5,90.0,90.0,0.0,1.0,0.0
81611,EW5,90.0,90.0,0.0,1.0,0.0
81612,EW5,90.0,90.0,0.0,1.0,0.0
81613,EW5,90.0,90.0,0.0,1.0,0.0
81614,EW5,90.0,90.0,0.0,1.0,0.0
81615,EW5,90.0,90.0,0.0,1.0,0.0
81616,EW5,90.0,90.0,0.0,1.0,0.0
81617,EW5,90.0,90.0,0.0,1.0,0.0
81618,EW5,90.0,90.0,0.0,1.0,0.0
81619,EW5,90.0,90.0,0.0,1.0,0.0
81620,EW5,90.0,90.0,0.0,1.0,0.0
81621,EW5,90.0,90.0,0.0,1.0,0.0
81622,EW5,90.0,90.0,0.0,1.0,0.0
81623,EW5,90.0,90.0,0.0,1.0,0.0
81624,EW5,90.0,90.0,0.0,1.0,0.0
81625,EW5,90.0,90.0,0.0,1.0,0.0
81626,EW5,90.0,90.0,0.0,1.0,0.0
81627,EW5,90.0,90.0,0.0,1.0,0.0
81628,EW5,90.0,90.0,0.0,1.0,0.0
81629,EW5,90.0,90.0,0.0,1.0,0.0
81630,EW5,90.0,90.0,0.0,1.0,0.0
81631,EW5,90.0,90.0,0.0,1.0,0.0
81632,EW5,90.0,90.0,0.0,1.0,0.0
81633,EW5,90.0,90.0,0.0,1.0,0.0
81634,EW5,90.0,90.0,0.0,1.0,0.0
81635,EW5,90.0,90.0,0.0,1.0,0.0
81636,EW5,90.0,90.0,0.0,1.0,0.0
81637,EW5,90.0,90.0,0.0,1.0,0.0
81638,EW5,90.0,90.0,0.0,1.0,0.0
81639,EW5,90.0,90.0,0.0,1.0,0.0
81640,EW5,90.0,90.0,0.0,1.0,0.0
81641,EW5,90.0,90.0,0.0,1.0,0.0
81642,EW5,90.0,90.0,0.0,1.0,0.0
81643,EW5,90.0,90.0,0.0,1.0,0.0
81644,EW5,90.0,90.0,0.0,1.0,0.0
81645,EW5,90.0,90.0,0.0,1.0,0.0
81646,EW5,90.0,90.0,0.0,1.0,0.0
81647,EW5,90.0,90.0,0.0,1.0,0.0
81648,EW5,90.0,90.0,0.0,1.0,0.0
81649,EW5,90.0,90.0,0.0,1.0,0.0
81650,EW5,90.0,90.0,0.0,1.0,0.0
81651,EW5,90.0,90.0,0.0,1.0,0.0
81652,EW5,90.0,90.0,0.0,1.0,0.0
81653,EW5,90.0,90.0,0.0,1.0,0.0
81654,EW5,90.0,90.0,0.0,1.0,0.0
81655,EW5,90.0,90.0,0.0,1.0,0.0
81656,EW5,90.0,90.0,0.0,1.0,0.0
81657,EW5,90.0,90.0,0.0,1.0,0.0
81658,EW5,90.0,90.0,0.0,1.0,0.0
81659,EW5,90.0,90.0,0.0,1.0,0.0
81660,EW5,90.0,90.0,0.0,1.0,0.0
81661,EW5,90.0,90.0,0.0,1.0,0.0
81662,EW5,90.0,90.0,0.0,1.0,0.0
81663,EW5,90.0,90.0,0.0,1.0,0.0
81664,EW5,90.0,90.0,0.0,1.0,0.0
81665,EW5,90.0,90.0,0.0,1.0,0.0
81666,EW5,90.0,90.0,0.0,1.0,0.0
81667,EW5,90.0,90.0,0.0,1.0,0.0
81668,EW5,90.0,90.0,0.0,1.0,0.0
81669,EW5,90.0,90.0,0.0,1.0,0.0
81670,EW5,90.0,90.0,0.0,1.0,0.0
81671,EW5,90.0,90.0,0.0,1.0,0.0
81672,EW5,90.0,90.0,0.0,1.0,0.0
81673,EW5,90.0,90.0,0.0,1.0,0.0
81674,EW5,90.0,90.0,0.0,1.0,0.0
81675,EW5,90.0,90.0,0.0,1.0,0.0
81676,EW5,90.0,90.0,0.0,1.0,0.0
81677,EW5,90.0,90.0,0.0,1.0,0.0
81678,EW5,90.0,90.0,0.0,1.0,0.0
81679,EW5,90.0,90.0,0.0,1.0,0.0
81680,EW5,90.0,90.0,0.0,1.0,0.0
81681,EW5,90.0,90.0,0.0,1.0,0.0
81682,EW5,90.0,90.0,0.0,1.0,0.0
81683,EW5,90.0,90.0,0.0,1.0,0.0
81684,EW5,90.0,90.0,0.0,1.0,0.0
81685,EW5,90.0,90.0,0.0,1.0,0.0
81686,EW5,90.0,90.0,0.0,1.0,0.0
81687,EW5,90.0,90.0,0.0,1.0,0.0
81688,EW5,90.0,90.0,0.0,1.0,0.0
81689,EW5,90.0,90.0,0.0,1.0,0.0
81690,EW5,90.0,90.0,0.0,1.0,0.0
81691,EW5,90.0,90.0,0.0,1.0,0.0
81692,EW5,90.0,90.0,0.0,1.0,0.0
81693,EW5,90.0,90.0,0.0,1.0,0.0
81694,EW5,90.0,90.0,0.0,1.0,0.0
81695,EW5,90.0,90.0,0.0,1.0,0.0
81696,EW5,90.0,90.0,0.0,1.0,0.0
81697,EW5,90.0,90.0,0.0,1.0,0.0
81698,EW5,90.0,90.0,0.0,1.0,0.0
81699,EW5,90.0,90.0,0.0,1.0,0.0
89205,EW5,90.0,90.0,0.0,1.0,0.0
89206,EW5,90.0,90.0,0.0,1.0,0.0
89207,EW5,90.0,90.0,0.0,1.0,0.0
89208,EW5,90.0,90.0,0.0,1.0,0.0
89209,EW5,90.0,90.0,0.0,1.0,0.0
89210,EW5,90.0,90.0,0.0,1.0,0.0
89211,EW5,90.0,90.0,0.0,1.0,0.0
89212,EW5,90.0,90.0,0.0,1.0,0.0
89213,EW5,90.0,90.0,0.0,1.0,0.0
89214,EW5,90.0,90.0,0.0,1.0,0.0
89215,EW5,90.0,90.0,0.0,1.0,0.0
89216,EW5,90.0,90.0,0.0,1.0,0.0
89217,EW5,90.0,90.0,0.0,1.0,0.0
89218,EW5,90.0,90.0,0.0,1.0,0.0
89219,EW5,90.0,90.0,0.0,1.0,0.0
89220,EW5,90.0,90.0,0.0,1.0,0.0
89221,EW5,90.0,90.0,0.0,1.0,0.0
89222,EW5,90.0,90.0,0.0,1.0,0.0
89223,EW5,90.0,90.0,0.0,1.0,0.0
89224,EW5,90.0,90.0,0.0,1.0,0.0
89225,EW5,90.0,90.0,0.0,1.0,0.0
89226,EW5,90.0,90.0,0.0,1.0,0.0
89227,EW5,90.0,90.0,0.0,1.0,0.0
89228,EW5,90.0,90.0,0.0,1.0,0.0
89229,EW5,90.0,90.0,0.0,1.0,0.0
89230,EW5,90.0,90.0,0.0,1.0,0.0
89231,EW5,90.0,90.0,0.0,1.0,0.0
89232,EW5,90.0,90.0,0.0,1.0,0.0
89233,EW5,90.0,90.0,0.0,1.0,0.0
89234,EW5,90.0,90.0,0.0,1.0,0.0
89235,EW5,90.0,90.0,0.0,1.0,0.0
89236,EW5,90.0,90.0,0.0,1.0,0.0
89237,EW5,90.0,90.0,0.0,1.0,0.0
89238,EW5,90.0,90.0,0.0,1.0,0.0
89239,EW5,90.0,90.0,0.0,1.0,0.0
89240,EW5,90.0,90.0,0.0,1.0,0.0
89241,EW5,90.0,90.0,0.0,1.0,0.0
89242,EW5,90.0,90.0,0.0,1.0,0.0
89243,EW5,90.0,90.0,0.0,1.0,0.0
89244,EW5,90.0,90.0,0.0,1.0,0.0
89245,EW5,90.0,90.0,0.0,1.0,0.0
89246,EW5,90.0,90.0,0.0,1.0,0.0
89247,EW5,90.0,90.0,0.0,1.0,0.0
89248,EW5,90.0,90.0,0.0,1.0,0.0
89249,EW5,90.0,90.0,0.0,1.0,0.0
89250,EW5,90.0,90.0,0.0,1.0,0.0
89251,EW5,90.0,90.0,0.0,1.0,0.0
89252,EW5,90.0,90.0,0.0,1.0,0.0
89253,EW5,90.0,90.0,0.0,1.0,0.0
89254,EW5,90.0,90.0,0.0,1.0,0.0
89255,EW5,90.0,90.0,0.0,1.0,0.0
89256,EW5,90.0,90.0,0.0,1.0,0.0
89257,EW5,90.0,90.0,0.0,1.0,0.0
89258,EW5,90.0,90.0,0.0,1.0,0.0
89259,EW5,90.0,90.0,0.0,1.0,0.0
89260,EW5,90.0,90.0,0.0,1.0,0.0
89261,EW5,90.0,90.0,0.0,1.0,0.0
89262,EW5,90.0,90.0,0.0,1.0,0.0
89263,EW5,90.0,90.0,0.0,1.0,0.0
89264,EW5,90.0,90.0,0.0,1.0,0.0
89265,EW5,90.0,90.0,0.0,1.0,0.0
89266,EW5,90.0,90.0,0.0,1.0,0.0
89267,EW5,90.0,90.0,0.0,1.0,0.0
89268,EW5,90.0,90.0,0.0,1.0,0.0
89269,EW5,90.0,90.0,0.0,1.0,0.0
89270,EW5,90.0,90.0,0.0,1.0,0.0
89271,EW5,90.0,90.0,0.0,1.0,0.0
89272,EW5,90.0,90.0,0.0,1.0,0.0
89273,EW5,90.0,90.0,0.0,1.0,0.0
89274,EW5,90.0,90.0,0.0,1.0,0.0
89275,EW5,90.0,90.0,0.0,1.0,0.0
89276,EW5,90.0,90.0,0.0,1.0,0.0
89277,EW5,90.0,90.0,0.0,1.0,0.0
89278,EW5,90.0,90.0,0.0,1.0,0.0
89279,EW5,90.0,90.0,0.0,1.0,0.0
89280,EW5,90.0,90.0,0.0,1.0,0.0
89281,EW5,90.0,90.0,0.0,1.0,0.0
89282,EW5,90.0,90.0,0.0,1.0,0.0
89283,EW5,90.0,90.0,0.0,1.0,0.0
89284,EW5,90.0,90.0,0.0,1.0,0.0
89285,EW5,90.0,90.0,0.0,1.0,0.0
89286,EW5,90.0,90.0,0.0,1.0,0.0
89287,EW5,90.0,90.0,0.0,1.0,0.0
89288,EW5,90.0,90.0,0.0,1.0,0.0
89289,EW5,90.0,90.0,0.0,1.0,0.0
89290,EW5,90.0,90.0,0.0,1.0,0.0
89291,EW5,90.0,90.0,0.0,1.0,0.0
89292,EW5,90.0,90.0,0.0,1.0,0.0
89293,EW5,90.0,90.0,0.0,1.0,0.0
89294,EW5,90.0,90.0,0.0,1.0,0.0
89295,EW5,90.0,90.0,0.0,1.0,0.0
89296,EW5,90.0,90.0,0.0,1.0,0.0
89297,EW5,90.0,90.0,0.0,1.0,0.0
89298,EW5,90.0,90.0,0.0,1.0,0.0
89299,EW5,90.0,90.0,0.0,1.0,0.0
96805,EW5,90.0,90.0,0.0,1.0,0.0
96806,EW5,90.0,90.0,0.0,1.0,0.0
96807,EW5,90.0,90.0,0.0,1.0,0.0
96808,EW5,90.0,90.0,0.0,1.0,0.0
96809,EW5,90.0,90.0,0.0,1.0,0.0
96810,EW5,90.0,90.0,0.0,1.0,0.0
96811,EW5,90.0,90.0,0.0,1.0,0.0
96812,EW5,90.0,90.0,0.0,1.0,0.0
96813,EW5,90.0,90.0,0.0,1.0,0.0
96814,EW5,90.0,90.0,0.0,1.0,0.0
96815,EW5,90.0,90.0,0.0,1.0,0.0
96816,EW5,90.0,90.0,0.0,1.0,0.0
96817,EW5,90.0,90.0,0.0,1.0,0.0
96818,EW5,90.0,90.0,0.0,1.0,0.0
96819,EW5,90.0,90.0,0.0,1.0,0.0
96820,EW5,90.0,90.0,0.0,1.0,0.0
96821,EW5,90.0,90.0,0.0,1.0,0.0
96822,EW5,90.0,90.0,0.0,1.0,0.0
96823,EW5,90.0,90.0,0.0,1.0,0.0
96824,EW5,90.0,90.0,0.0,1.0,0.0
96825,EW5,90.0,90.0,0.0,1.0,0.0
96826,EW5,90.0,90.0,0.0,1.0,0.0
96827,EW5,90.0,90.0,0.0,1.0,0.0
96828,EW5,90.0,90.0,0.0,1.0,0.0
96829,EW5,90.0,90.0,0.0,1.0,0.0
96830,EW5,90.0,90.0,0.0,1.0,0.0
96831,EW5,90.0,90.0,0.0,1.0,0.0
96832,EW5,90.0,90.0,0.0,1.0,0.0
96833,EW5,90.0,90.0,0.0,1.0,0.0
96834,EW5,90.0,90.0,0.0,1.0,0.0
96835,EW5,90.0,90.0,0.0,1.0,0.0
96836,EW5,90.0,90.0,0.0,1.0,0.0
96837,EW5,90.0,90.0,0.0,1.0,0.0
96838,EW5,90.0,90.0,0.0,1.0,0.0
96839,EW5,90.0,90.0,0.0,1.0,0.0
96840,EW5,90.0,90.0,0.0,1.0,0.0
96841,EW5,90.0,90.0,0.0,1.0,0.0
96842,EW5,90.0,90.0,0.0,1.0,0.0
96843,EW5,90.0,90.0,0.0,1.0,0.0
96844,EW5,90.0,90.0,0.0,1.0,0.0
96845,EW5,90.0,90.0,0.0,1.0,0.0
96846,EW5,90.0,90.0,0.0,1.0,0.0
96847,EW5,90.0,90.0,0.0,1.0,0.0
96848,EW5,90.0,90.0,0.0,1.0,0.0
96849,EW5,90.0,90.0,0.0,1.0,0.0
96850,EW5,90.0,90.0,0.0,1.0,0.0
96851,EW5,90.0,90.0,0.0,1.0,0.0
96852,EW5,90.0,90.0,0.0,1.0,0.0
96853,EW5,90.0,90.0,0.0,1.0,0.0
96854,EW5,90.0,90.0,0.0,1.0,0.0
96855,EW5,90.0,90.0,0.0,1.0,0.0
96856,EW5,90.0,90.0,0.0,1.0,0.0
96857,EW5,90.0,90.0,0.0,1.0,0.0
96858,EW5,90.0,90.0,0.0,1.0,0.0
96859,EW5,90.0,90.0,0.0,1.0,0.0
96860,EW5,90.0,90.0,0.0,1.0,0.0
96861,EW5,90.0,90.0,0.0,1.0,0.0
96862,EW5,90.0,90.0,0.0,1.0,0.0
96863,EW5,90.0,90.0,0.0,1.0,0.0
96864,EW5,90.0,90.0,0.0,1.0,0.0
96865,EW5,90.0,90.0,0.0,1.0,0.0
96866,EW5,90.0,90.0,0.0,1.0,0.0
96867,EW5,90.0,90.0,0.0,1.0,0.0
96868,EW5,90.0,90.0,0.0,1.0,0.0
96869,EW5,90.0,90.0,0.0,1.0,0.0
96870,EW5,90.0,90.0,0.0,1.0,0.0
96871,EW5,90.0,90.0,0.0,1.0,0.0
96872,EW5,90.0,90.0,0.0,1.0,0.0
96873,EW5,90.0,90.0,0.0,1.0,0.0
96874,EW5,90.0,90.0,0.0,1.0,0.0
96875,EW5,90.0,90.0,0.0,1.0,0.0
96876,EW5,90.0,90.0,0.0,1.0,0.0
96877,EW5,90.0,90.0,0.0,1.0,0.0
96878,EW5,90.0,90.0,0.0,1.0,0.0
96879,EW5,90.0,90.0,0.0,1.0,0.0
96880,EW5,90.0,90.0,0.0,1.0,0.0
96881,EW5,90.0,90.0,0.0,1.0,0.0
96882,EW5,90.0,90.0,0.0,1.0,0.0
96883,EW5,90.0,90.0,0.0,1.0,0.0
96884,EW5,90.0,90.0,0.0,1.0,0.0
96885,EW5,90.0,90.0,0.0,1.0,0.0
96886,EW5,90.0,90.0,0.0,1.0,0.0
96887,EW5,90.0,90.0,0.0,1.0,0.0
96888,EW5,90.0,90.0,0.0,1.0,0.0
96889,EW5,90.0,90.0,0.0,1.0,0.0
96890,EW5,90.0,90.0,0.0,1.0,0.0
96891,EW5,90.0,90.0,0.0,1.0,0.0
96892,EW5,90.0,90.0,0.0,1.0,0.0
96893,EW5,90.0,90.0,0.0,1.0,0.0
96894,EW5,90.0,90.0,0.0,1.0,0.0
96895,EW5,90.0,90.0,0.0,1.0,0.0
96896,EW5,90.0,90.0,0.0,1.0,0.0
96897,EW5,90.0,90.0,0.0,1.0,0.0
96898,EW5,90.0,90.0,0.0,1.0,0.0
96899,EW5,90.0,90.0,0.0,1.0,0.0
104405,EW5,90.0,90.0,0.0,1.0,0.0
104406,EW5,90.0,90.0,0.0,1.0,0.0
104407,EW5,90.0,90.0,0.0,1.0,0.0
104408,EW5,90.0,90.0,0.0,1.0,0.0
104409,EW5,90.0,90.0,0.0,1.0,0.0
104410,EW5,90.0,90.0,0.0,1.0,0.0
104411,EW5,90.0,90.0,0.0,1.0,0.0
104412,EW5,90.0,90.0,0.0,1.0,0.0
104413,EW5,90.0,90.0,0.0,1.0,0.0
104414,EW5,90.0,90.0,0.0,1.0,0.0
104415,EW5,90.0,90.0,0.0,1.0,0.0
104416,EW5,90.0,90.0,0.0,1.0,0.0
104417,EW5,90.0,90.0,0.0,1.0,0.0
104418,EW5,90.0,90.0,0.0,1.0,0.0
104419,EW5,90.0,90.0,0.0,1.0,0.0
104420,EW5,90.0,90.0,0.0,1.0,0.0
104421,EW5,90.0,90.0,0.0,1.0,0.0
104422,EW5,90.0,90.0,0.0,1.0,0.0
104423,EW5,90.0,90.0,0.0,1.0,0.0
104424,EW5,90.0,90.0,0.0,1.0,0.0
104425,EW5,90.0,90.0,0.0,1.0,0.0
104426,EW5,90.0,90.0,0.0,1.0,0.0
104427,EW5,90.0,90.0,0.0,1.0,0.0
104428,EW5,90.0,90.0,0.0,1.0,0.0
104429,EW5,90.0,90.0,0.0,1.0,0.0
104430,EW5,90.0,90.0,0.0,1.0,0.0
104431,EW5,90.0,90.0,0.0,1.0,0.0
104432,EW5,90.0,90.0,0.0,1.0,0.0
104433,EW5,90.0,90.0,0.0,1.0,0.0
104434,EW5,90.0,90.0,0.0,1.0,0.0
104435,EW5,90.0,90.0,0.0,1.0,0.0
104436,EW5,90.0,90.0,0.0,1.0,0.0
104437,EW5,90.0,90.0,0.0,1.0,0.0
104438,EW5,90.0,90.0,0.0,1.0,0.0
104439,EW5,90.0,90.0,0.0,1.0,0.0
104440,EW5,90.0,90.0,0.0,1.0,0.0
104441,EW5,90.0,90.0,0.0,1.0,0.0
104442,EW5,90.0,90.0,0.0,1.0,0.0
104443,EW5,90.0,90.0,0.0,1.0,0.0
104444,EW5,90.0,90.0,0.0,1.0,0.0
104445,EW5,90.0,90.0,0.0,1.0,0.0
104446,EW5,90.0,90.0,0.0,1.0,0.0
104447,EW5,90.0,90.0,0.0,1.0,0.0
104448,EW5,90.0,90.0,0.0,1.0,0.0
104449,EW5,90.0,90.0,0.0,1.0,0.0
104450,EW5,90.0,90.0,0.0,1.0,0.0
104451,EW5,90.0,90.0,0.0,1.0,0.0
104452,EW5,90.0,90.0,0.0,1.0,0.0
104453,EW5,90.0,90.0,0.0,1.0,0.0
104454,EW5,90.0,90.0,0.0,1.0,0.0
104455,EW5,90.0,90.0,0.0,1.0,0.0
104456,EW5,90.0,90.0,0.0,1.0,0.0
104457,EW5,90.0,90.0,0.0,1.0,0.0
104458,EW5,90.0,90.0,0.0,1.0,0.0
104459,EW5,90.0,90.0,0.0,1.0,0.0
104460,EW5,90.0,90.0,0.0,1.0,0.0
104461,EW5,90.0,90.0,0.0,1.0,0.0
104462,EW5,90.0,90.0,0.0,1.0,0.0
104463,EW5,90.0,90.0,0.0,1.0,0.0
104464,EW5,90.0,90.0,0.0,1.0,0.0
104465,EW5,90.0,90.0,0.0,1.0,0.0
104466,EW5,90.0,90.0,0.0,1.0,0.0
104467,EW5,90.0,90.0,0.0,1.0,0.0
104468,EW5,90.0,90.0,0.0,1.0,0.0
104469,EW5,90.0,90.0,0.0,1.0,0.0
104470,EW5,90.0,90.0,0.0,1.0,0.0
104471,EW5,90.0,90.0,0.0,1.0,0.0
104472,EW5,90.0,90.0,0.0,1.0,0.0
104473,EW5,90.0,90.0,0.0,1.0,0.0
104474,EW5,90.0,90.0,0.0,1.0,0.0
104475,EW5,90.0,90.0,0.0,1.0,0.0
104476,EW5,90.0,90.0,0.0,1.0,0.0
104477,EW5,90.0,90.0,0.0,1.0,0.0
104478,EW5,90.0,90.0,0.0,1.0,0.0
104479,EW5,90.0,90.0,0.0,1.0,0.0
104480,EW5,90.0,90.0,0.0,1.0,0.0
104481,EW5,90.0,90.0,0.0,1.0,0.0
104482,EW5,90.0,90.0,0.0,1.0,0.0
104483,EW5,90.0,90.0,0.0,1.0,0.0
104484,EW5,90.0,90.0,0.0,1.0,0.0
104485,EW5,90.0,90.0,0.0,1.0,0.0
104486,EW5,90.0,90.0,0.0,1.0,0.0
104487,EW5,90.0,90.0,0.0,1.0,0.0
104488,EW5,90.0,90.0,0.0,1.0,0.0
104489,EW5,90.0,90.0,0.0,1.0,0.0
104490,EW5,90.0,90.0,0.0,1.0,0.0
104491,EW5,90.0,90.0,0.0,1.0,0.0
104492,EW5,90.0,90.0,0.0,1.0,0.0
104493,EW5,90.0,90.0,0.0,1.0,0.0
104494,EW5,90.0,90.0,0.0,1.0,0.0
104495,EW5,90.0,90.0,0.0,1.0,0.0
104496,EW5,90.0,90.0,0.0,1.0,0.0
104497,EW5,90.0,90.0,0.0,1.0,0.0
104498,EW5,90.0,90.0,0.0,1.0,0.0
104499,EW5,90.0,90.0,0.0,1.0,0.0
112005,EW5,90.0,90.0,0.0,1.0,0.0
112006,EW5,90.0,90.0,0.0,1.0,0.0
112007,EW5,90.0,90.0,0.0,1.0,0.0
112008,EW5,90.0,90.0,0.0,1.0,0.0
112009,EW5,90.0,90.0,0.0,1.0,0.0
112010,EW5,90.0,90.0,0.0,1.0,0.0
112011,EW5,90.0,90.0,0.0,1.0,0.0
112012,EW5,90.0,90.0,0.0,1.0,0.0
112013,EW5,90.0,90.0,0.0,1.0,0.0
112014,EW5,90.0,90.0,0.0,1.0,0.0
112015,EW5,90.0,90.0,0.0,1.0,0.0
112016,EW5,90.0,90.0,0.0,1.0,0.0
112017,EW5,90.0,90.0,0.0,1.0,0.0
112018,EW5,90.0,90.0,0.0,1.0,0.0
112019,EW5,90.0,90.0,0.0,1.0,0.0
112020,EW5,90.0,90.0,0.0,1.0,0.0
112021,EW5,90.0,90.0,0.0,1.0,0.0
112022,EW5,90.0,90.0,0.0,1.0,0.0
112023,EW5,90.0,90.0,0.0,1.0,0.0
112024,EW5,90.0,90.0,0.0,1.0,0.0
112025,EW5,90.0,90.0,0.0,1.0,0.0
112026,EW5,90.0,90.0,0.0,1.0,0.0
112027,EW5,90.0,90.0,0.0,1.0,0.0
112028,EW5,90.0,90.0,0.0,1.0,0.0
112029,EW5,90.0,90.0,0.0,1.0,0.0
112030,EW5,90.0,90.0,0.0,1.0,0.0
112031,EW5,90.0,90.0,0.0,1.0,0.0
112032,EW5,90.0,90.0,0.0,1.0,0.0
112033,EW5,90.0,90.0,0.0,1.0,0.0
112034,EW5,90.0,90.0,0.0,1.0,0.0
112035,EW5,90.0,90.0,0.0,1.0,0.0
112036,EW5,90.0,90.0,0.0,1.0,0.0
112037,EW5,90.0,90.0,0.0,1.0,0.0
112038,EW5,90.0,90.0,0.0,1.0,0.0
112039,EW5,90.0,90.0,0.0,1.0,0.0
112040,EW5,90.0,90.0,0.0,1.0,0.0
112041,EW5,90.0,90.0,0.0,1.0,0.0
112042,EW5,90.0,90.0,0.0,1.0,0.0
112043,EW5,90.0,90.0,0.0,1.0,0.0
112044,EW5,90.0,90.0,0.0,1.0,0.0
112045,EW5,90.0,90.0,0.0,1.0,0.0
112046,EW5,90.0,90.0,0.0,1.0,0.0
112047,EW5,90.0,90.0,0.0,1.0,0.0
112048,EW5,90.0,90.0,0.0,1.0,0.0
112049,EW5,90.0,90.0,0.0,1.0,0.0
112050,EW5,90.0,90.0,0.0,1.0,0.0
112051,EW5,90.0,90.0,0.0,1.0,0.0
112052,EW5,90.0,90.0,0.0,1.0,0.0
112053,EW5,90.0,90.0,0.0,1.0,0.0
112054,EW5,90.0,90.0,0.0,1.0,0.0
112055,EW5,90.0,90.0,0.0,1.0,0.0
112056,EW5,90.0,90.0,0.0,1.0,0.0
112057,EW5,90.0,90.0,0.0,1.0,0.0
112058,EW5,90.0,90.0,0.0,1.0,0.0
112059,EW5,90.0,90.0,0.0,1.0,0.0
112060,EW5,90.0,90.0,0.0,1.0,0.0
112061,EW5,90.0,90.0,0.0,1.0,0.0
112062,EW5,90.0,90.0,0.0,1.0,0.0
112063,EW5,90.0,90.0,0.0,1.0,0.0
112064,EW5,90.0,90.0,0.0,1.0,0.0
112065,EW5,90.0,90.0,0.0,1.0,0.0
112066,EW5,90.0,90.0,0.0,1.0,0.0
112067,EW5,90.0,90.0,0.0,1.0,0.0
112068,EW5,90.0,90.0,0.0,1.0,0.0
112069,EW5,90.0,90.0,0.0,1.0,0.0
112070,EW5,90.0,90.0,0.0,1.0,0.0
112071,EW5,90.0,90.0,0.0,1.0,0.0
112072,EW5,90.0,90.0,0.0,1.0,0.0
112073,EW5,90.0,90.0,0.0,1.0,0.0
112074,EW5,90.0,90.0,0.0,1.0,0.0
112075,EW5,90.0,90.0,0.0,1.0,0.0
112076,EW5,90.0,90.0,0.0,1.0,0.0
112077,EW5,90.0,90.0,0.0,1.0,0.0
112078,EW5,90.0,90.0,0.0,1.0,0.0
112079,EW5,90.0,90.0,0.0,1.0,0.0
112080,EW5,90.0,90.0,0.0,1.0,0.0
112081,EW5,90.0,90.0,0.0,1.0,0.0
112082,EW5,90.0,90.0,0.0,1.0,0.0
112083,EW5,90.0,90.0,0.0,1.0,0.0
112084,EW5,90.0,90.0,0.0,1.0,0.0
112085,EW5,90.0,90.0,0.0,1.0,0.0
112086,EW5,90.0,90.0,0.0,1.0,0.0
112087,EW5,90.0,90.0,0.0,1.0,0.0
112088,EW5,90.0,90.0,0.0,1.0,0.0
112089,EW5,90.0,90.0,0.0,1.0,0.0
112090,EW5,90.0,90.0,0.0,1.0,0.0
112091,EW5,90.0,90.0,0.0,1.0,0.0
112092,EW5,90.0,90.0,0.0,1.0,0.0
112093,EW5,90.0,90.0,0.0,1.0,0.0
112094,EW5,90.0,90.0,0.0,1.0,0.0
112095,EW5,90.0,90.0,0.0,1.0,0.0
112096,EW5,90.0,90.0,0.0,1.0,0.0
112097,EW5,90.0,90.0,0.0,1.0,0.0
112098,EW5,90.0,90.0,0.0,1.0,0.0
112099,EW5,90.0,90.0,0.0,1.0,0.0
119605,EW5,90.0,90.0,0.0,1.0,0.0
119606,EW5,90.0,90.0,0.0,1.0,0.0
119607,EW5,90.0,90.0,0.0,1.0,0.0
119608,EW5,90.0,90.0,0.0,1.0,0.0
119609,EW5,90.0,90.0,0.0,1.0,0.0
119610,EW5,90.0,90.0,0.0,1.0,0.0
119611,EW5,90.0,90.0,0.0,1.0,0.0
119612,EW5,90.0,90.0,0.0,1.0,0.0
119613,EW5,90.0,90.0,0.0,1.0,0.0
119614,EW5,90.0,90.0,0.0,1.0,0.0
119615,EW5,90.0,90.0,0.0,1.0,0.0
119616,EW5,90.0,90.0,0.0,1.0,0.0
119617,EW5,90.0,90.0,0.0,1.0,0.0
119618,EW5,90.0,90.0,0.0,1.0,0.0
119619,EW5,90.0,90.0,0.0,1.0,0.0
119620,EW5,90.0,90.0,0.0,1.0,0.0
119621,EW5,90.0,90.0,0.0,1.0,0.0
119622,EW5,90.0,90.0,0.0,1.0,0.0
119623,EW5,90.0,90.0,0.0,1.0,0.0
119624,EW5,90.0,90.0,0.0,1.0,0.0
119625,EW5,90.0,90.0,0.0,1.0,0.0
119626,EW5,90.0,90.0,0.0,1.0,0.0
119627,EW5,90.0,90.0,0.0,1.0,0.0
119628,EW5,90.0,90.0,0.0,1.0,0.0
119629,EW5,90.0,90.0,0.0,1.0,0.0
119630,EW5,90.0,90.0,0.0,1.0,0.0
119631,EW5,90.0,90.0,0.0,1.0,0.0
119632,EW5,90.0,90.0,0.0,1.0,0.0
119633,EW5,90.0,90.0,0.0,1.0,0.0
119634,EW5,90.0,90.0,0.0,1.0,0.0
119635,EW5,90.0,90.0,0.0,1.0,0.0
119636,EW5,90.0,90.0,0.0,1.0,0.0
119637,EW5,90.0,90.0,0.0,1.0,0.0
119638,EW5,90.0,90.0,0.0,1.0,0.0
119639,EW5,90.0,90.0,0.0,1.0,0.0
119640,EW5,90.0,90.0,0.0,1.0,0.0
119641,EW5,90.0,90.0,0.0,1.0,0.0
119642,EW5,90.0,90.0,0.0,1.0,0.0
119643,EW5,90.0,90.0,0.0,1.0,0.0
119644,EW5,90.0,90.0,0.0,1.0,0.0
119645,EW5,90.0,90.0,0.0,1.0,0.0
119646,EW5,90.0,90.0,0.0,1.0,0.0
119647,EW5,90.0,90.0,0.0,1.0,0.0
119648,EW5,90.0,90.0,0.0,1.0,0.0
119649,EW5,90.0,90.0,0.0,1.0,0.0
119650,EW5,90.0,90.0,0.0,1.0,0.0
119651,EW5,90.0,90.0,0.0,1.0,0.0
119652,EW5,90.0,90.0,0.0,1.0,0.0
119653,EW5,90.0,90.0,0.0,1.0,0.0
119654,EW5,90.0,90.0,0.0,1.0,0.0
119655,EW5,90.0,90.0,0.0,1.0,0.0
119656,EW5,90.0,90.0,0.0,1.0,0.0
119657,EW5,90.0,90.0,0.0,1.0,0.0
119658,EW5,90.0,90.0,0.0,1.0,0.0
119659,EW5,90.0,90.0,0.0,1.0,0.0
119660,EW5,90.0,90.0,0.0,1.0,0.0
119661,EW5,90.0,90.0,0.0,1.0,0.0
119662,EW5,90.0,90.0,0.0,1.0,0.0
119663,EW5,90.0,90.0,0.0,1.0,0.0
119664,EW5,90.0,90.0,0.0,1.0,0.0
119665,EW5,90.0,90.0,0.0,1.0,0.0
119666,EW5,90.0,90.0,0.0,1.0,0.0
119667,EW5,90.0,90.0,0.0,1.0,0.0
119668,EW5,90.0,90.0,0.0,1.0,0.0
119669,EW5,90.0,90.0,0.0,1.0,0.0
119670,EW5,90.0,90.0,0.0,1.0,0.0
119671,EW5,90.0,90.0,0.0,1.0,0.0
119672,EW5,90.0,90.0,0.0,1.0,0.0
119673,EW5,90.0,90.0,0.0,1.0,0.0
119674,EW5,90.0,90.0,0.0,1.0,0.0
119675,EW5,90.0,90.0,0.0,1.0,0.0
119676,EW5,90.0,90.0,0.0,1.0,0.0
119677,EW5,90.0,90.0,0.0,1.0,0.0
119678,EW5,90.0,90.0,0.0,1.0,0.0
119679,EW5,90.0,90.0,0.0,1.0,0.0
119680,EW5,90.0,90.0,0.0,1.0,0.0
119681,EW5,90.0,90.0,0.0,1.0,0.0
119682,EW5,90.0,90.0,0.0,1.0,0.0
119683,EW5,90.0,90.0,0.0,1.0,0.0
119684,EW5,90.0,90.0,0.0,1.0,0.0
119685,EW5,90.0,90.0,0.0,1.0,0.0
119686,EW5,90.0,90.0,0.0,1.0,0.0
119687,EW5,90.0,90.0,0.0,1.0,0.0
119688,EW5,90.0,90.0,0.0,1.0,0.0
119689,EW5,90.0,90.0,0.0,1.0,0.0
119690,EW5,90.0,90.0,0.0,1.0,0.0
119691,EW5,90.0,90.0,0.0,1.0,0.0
119692,EW5,90.0,90.0,0.0,1.0,0.0
119693,EW5,90.0,90.0,0.0,1.0,0.0
119694,EW5,90.0,90.0,0.0,1.0,0.0
119695,EW5,90.0,90.0,0.0,1.0,0.0
119696,EW5,90.0,90.0,0.0,1.0,0.0
119697,EW5,90.0,90.0,0.0,1.0,0.0
119698,EW5,90.0,90.0,0.0,1.0,0.0
119699,EW5,90.0,90.0,0.0,1.0,0.0
127205,EW5,90.0,90.0,0.0,1.0,0.0
127206,EW5,90.0,90.0,0.0,1.0,0.0
127207,EW5,90.0,90.0,0.0,1.0,0.0
127208,EW5,90.0,90.0,0.0,1.0,0.0
127209,EW5,90.0,90.0,0.0,1.0,0.0
127210,EW5,90.0,90.0,0.0,1.0,0.0
127211,EW5,90.0,90.0,0.0,1.0,0.0
127212,EW5,90.0,90.0,0.0,1.0,0.0
127213,EW5,90.0,90.0,0.0,1.0,0.0
127214,EW5,90.0,90.0,0.0,1.0,0.0
127215,EW5,90.0,90.0,0.0,1.0,0.0
127216,EW5,90.0,90.0,0.0,1.0,0.0
127217,EW5,90.0,90.0,0.0,1.0,0.0
127218,EW5,90.0,90.0,0.0,1.0,0.0
127219,EW5,90.0,90.0,0.0,1.0,0.0
127220,EW5,90.0,90.0,0.0,1.0,0.0
127221,EW5,90.0,90.0,0.0,1.0,0.0
127222,EW5,90.0,90.0,0.0,1.0,0.0
127223,EW5,90.0,90.0,0.0,1.0,0.0
127224,EW5,90.0,90.0,0.0,1.0,0.0
127225,EW5,90.0,90.0,0.0,1.0,0.0
127226,EW5,90.0,90.0,0.0,1.0,0.0
127227,EW5,90.0,90.0,0.0,1.0,0.0
127228,EW5,90.0,90.0,0.0,1.0,0.0
127229,EW5,90.0,90.0,0.0,1.0,0.0
127230,EW5,90.0,90.0,0.0,1.0,0.0
127231,EW5,90.0,90.0,0.0,1.0,0.0
127232,EW5,90.0,90.0,0.0,1.0,0.0
127233,EW5,90.0,90.0,0.0,1.0,0.0
127234,EW5,90.0,90.0,0.0,1.0,0.0
127235,EW5,90.0,90.0,0.0,1.0,0.0
127236,EW5,90.0,90.0,0.0,1.0,0.0
127237,EW5,90.0,90.0,0.0,1.0,0.0
127238,EW5,90.0,90.0,0.0,1.0,0.0
127239,EW5,90.0,90.0,0.0,1.0,0.0
127240,EW5,90.0,90.0,0.0,1.0,0.0
127241,EW5,90.0,90.0,0.0,1.0,0.0
127242,EW5,90.0,90.0,0.0,1.0,0.0
127243,EW5,90.0,90.0,0.0,1.0,0.0
127244,EW5,90.0,90.0,0.0,1.0,0.0
127245,EW5,90.0,90.0,0.0,1.0,0.0
127246,EW5,90.0,90.0,0.0,1.0,0.0
127247,EW5,90.0,90.0,0.0,1.0,0.0
127248,EW5,90.0,90.0,0.0,1.0,0.0
127249,EW5,90.0,90.0,0.0,1.0,0.0
127250,EW5,90.0,90.0,0.0,1.0,0.0
127251,EW5,90.0,90.0,0.0,1.0,0.0
127252,EW5,90.0,90.0,0.0,1.0,0.0
127253,EW5,90.0,90.0,0.0,1.0,0.0
127254,EW5,90.0,90.0,0.0,1.0,0.0
127255,EW5,90.0,90.0,0.0,1.0,0.0
127256,EW5,90.0,90.0,0.0,1.0,0.0
127257,EW5,90.0,90.0,0.0,1.0,0.0
127258,EW5,90.0,90.0,0.0,1.0,0.0
127259,EW5,90.0,90.0,0.0,1.0,0.0
127260,EW5,90.0,90.0,0.0,1.0,0.0
127261,EW5,90.0,90.0,0.0,1.0,0.0
127262,EW5,90.0,90.0,0.0,1.0,0.0
127263,EW5,90.0,90.0,0.0,1.0,0.0
127264,EW5,90.0,90.0,0.0,1.0,0.0
127265,EW5,90.0,90.0,0.0,1.0,0.0
127266,EW5,90.0,90.0,0.0,1.0,0.0
127267,EW5,90.0,90.0,0.0,1.0,0.0
127268,EW5,90.0,90.0,0.0,1.0,0.0
127269,EW5,90.0,90.0,0.0,1.0,0.0
127270,EW5,90.0,90.0,0.0,1.0,0.0
127271,EW5,90.0,90.0,0.0,1.0,0.0
127272,EW5,90.0,90.0,0.0,1.0,0.0
127273,EW5,90.0,90.0,0.0,1.0,0.0
127274,EW5,90.0,90.0,0.0,1.0,0.0
127275,EW5,90.0,90.0,0.0,1.0,0.0
127276,EW5,90.0,90.0,0.0,1.0,0.0
127277,EW5,90.0,90.0,0.0,1.0,0.0
127278,EW5,90.0,90.0,0.0,1.0,0.0
127279,EW5,90.0,90.0,0.0,1.0,0.0
127280,EW5,90.0,90.0,0.0,1.0,0.0
127281,EW5,90.0,90.0,0.0,1.0,0.0
127282,EW5,90.0,90.0,0.0,1.0,0.0
127283,EW5,90.0,90.0,0.0,1.0,0.0
127284,EW5,90.0,90.0,0.0,1.0,0.0
127285,EW5,90.0,90.0,0.0,1.0,0.0
127286,EW5,90.0,90.0,0.0,1.0,0.0
127287,EW5,90.0,90.0,0.0,1.0,0.0
127288,EW5,90.0,90.0,0.0,1.0,0.0
127289,EW5,90.0,90.0,0.0,1.0,0.0
127290,EW5,90.0,90.0,0.0,1.0,0.0
127291,EW5,90.0,90.0,0.0,1.0,0.0
127292,EW5,90.0,90.0,0.0,1.0,0.0
127293,EW5,90.0,90.0,0.0,1.0,0.0
127294,EW5,90.0,90.0,0.0,1.0,0.0
127295,EW5,90.0,90.0,0.0,1.0,0.0
127296,EW5,90.0,90.0,0.0,1.0,0.0
127297,EW5,90.0,90.0,0.0,1.0,0.0
127298,EW5,90.0,90.0,0.0,1.0,0.0
127299,EW5,90.0,90.0,0.0,1.0,0.0
134805,EW5,90.0,90.0,0.0,1.0,0.0
134806,EW5,90.0,90.0,0.0,1.0,0.0
134807,EW5,90.0,90.0,0.0,1.0,0.0
134808,EW5,90.0,90.0,0.0,1.0,0.0
134809,EW5,90.0,90.0,0.0,1.0,0.0
134810,EW5,90.0,90.0,0.0,1.0,0.0
134811,EW5,90.0,90.0,0.0,1.0,0.0
134812,EW5,90.0,90.0,0.0,1.0,0.0
134813,EW5,90.0,90.0,0.0,1.0,0.0
134814,EW5,90.0,90.0,0.0,1.0,0.0
134815,EW5,90.0,90.0,0.0,1.0,0.0
134816,EW5,90.0,90.0,0.0,1.0,0.0
134817,EW5,90.0,90.0,0.0,1.0,0.0
134818,EW5,90.0,90.0,0.0,1.0,0.0
134819,EW5,90.0,90.0,0.0,1.0,0.0
134820,EW5,90.0,90.0,0.0,1.0,0.0
134821,EW5,90.0,90.0,0.0,1.0,0.0
134822,EW5,90.0,90.0,0.0,1.0,0.0
134823,EW5,90.0,90.0,0.0,1.0,0.0
134824,EW5,90.0,90.0,0.0,1.0,0.0
134825,EW5,90.0,90.0,0.0,1.0,0.0
134826,EW5,90.0,90.0,0.0,1.0,0.0
134827,EW5,90.0,90.0,0.0,1.0,0.0
134828,EW5,90.0,90.0,0.0,1.0,0.0
134829,EW5,90.0,90.0,0.0,1.0,0.0
134830,EW5,90.0,90.0,0.0,1.0,0.0
134831,EW5,90.0,90.0,0.0,1.0,0.0
134832,EW5,90.0,90.0,0.0,1.0,0.0
134833,EW5,90.0,90.0,0.0,1.0,0.0
134834,EW5,90.0,90.0,0.0,1.0,0.0
134835,EW5,90.0,90.0,0.0,1.0,0.0
134836,EW5,90.0,90.0,0.0,1.0,0.0
134837,EW5,90.0,90.0,0.0,1.0,0.0
134838,EW5,90.0,90.0,0.0,1.0,0.0
134839,EW5,90.0,90.0,0.0,1.0,0.0
134840,EW5,90.0,90.0,0.0,1.0,0.0
134841,EW5,90.0,90.0,0.0,1.0,0.0
134842,EW5,90.0,90.0,0.0,1.0,0.0
134843,EW5,90.0,90.0,0.0,1.0,0.0
134844,EW5,90.0,90.0,0.0,1.0,0.0
134845,EW5,90.0,90.0,0.0,1.0,0.0
134846,EW5,90.0,90.0,0.0,1.0,0.0
134847,EW5,90.0,90.0,0.0,1.0,0.0
134848,EW5,90.0,90.0,0.0,1.0,0.0
134849,EW5,90.0,90.0,0.0,1.0,0.0
134850,EW5,90.0,90.0,0.0,1.0,0.0
134851,EW5,90.0,90.0,0.0,1.0,0.0
134852,EW5,90.0,90.0,0.0,1.0,0.0
134853,EW5,90.0,90.0,0.0,1.0,0.0
134854,EW5,90.0,90.0,0.0,1.0,0.0
134855,EW5,90.0,90.0,0.0,1.0,0.0
134856,EW5,90.0,90.0,0.0,1.0,0.0
134857,EW5,90.0,90.0,0.0,1.0,0.0
134858,EW5,90.0,90.0,0.0,1.0,0.0
134859,EW5,90.0,90.0,0.0,1.0,0.0
134860,EW5,90.0,90.0,0.0,1.0,0.0
134861,EW5,90.0,90.0,0.0,1.0,0.0
134862,EW5,90.0,90.0,0.0,1.0,0.0
134863,EW5,90.0,90.0,0.0,1.0,0.0
134864,EW5,90.0,90.0,0.0,1.0,0.0
134865,EW5,90.0,90.0,0.0,1.0,0.0
134866,EW5,90.0,90.0,0.0,1.0,0.0
134867,EW5,90.0,90.0,0.0,1.0,0.0
134868,EW5,90.0,90.0,0.0,1.0,0.0
134869,EW5,90.0,90.0,0.0,1.0,0.0
134870,EW5,90.0,90.0,0.0,1.0,0.0
134871,EW5,90.0,90.0,0.0,1.0,0.0
134872,EW5,90.0,90.0,0.0,1.0,0.0
134873,EW5,90.0,90.0,0.0,1.0,0.0
134874,EW5,90.0,90.0,0.0,1.0,0.0
134875,EW5,90.0,90.0,0.0,1.0,0.0
134876,EW5,90.0,90.0,0.0,1.0,0.0
134877,EW5,90.0,90.0,0.0,1.0,0.0
134878,EW5,90.0,90.0,0.0,1.0,0.0
134879,EW5,90.0,90.0,0.0,1.0,0.0
134880,EW5,90.0,90.0,0.0,1.0,0.0
134881,EW5,90.0,90.0,0.0,1.0,0.0
134882,EW5,90.0,90.0,0.0,1.0,0.0
134883,EW5,90.0,90.0,0.0,1.0,0.0
134884,EW5,90.0,90.0,0.0,1.0,0.0
134885,EW5,90.0,90.0,0.0,1.0,0.0
134886,EW5,90.0,90.0,0.0,1.0,0.0
134887,EW5,90.0,90.0,0.0,1.0,0.0
134888,EW5,90.0,90.0,0.0,1.0,0.0
134889,EW5,90.0,90.0,0.0,1.0,0.0
134890,EW5,90.0,90.0,0.0,1.0,0.0
134891,EW5,90.0,90.0,0.0,1.0,0.0
134892,EW5,90.0,90.0,0.0,1.0,0.0
134893,EW5,90.0,90.0,0.0,1.0,0.0
134894,EW5,90.0,90.0,0.0,1.0,0.0
134895,EW5,90.0,90.0,0.0,1.0,0.0
134896,EW5,90.0,90.0,0.0,1.0,0.0
134897,EW5,90.0,90.0,0.0,1.0,0.0
134898,EW5,90.0,90.0,0.0,1.0,0.0
134899,EW5,90.0,90.0,0.0,1.0,0.0
142405,EW5,90.0,90.0,0.0,1.0,0.0
142406,EW5,90.0,90.0,0.0,1.0,0.0
142407,EW5,90.0,90.0,0.0,1.0,0.0
142408,EW5,90.0,90.0,0.0,1.0,0.0
142409,EW5,90.0,90.0,0.0,1.0,0.0
142410,EW5,90.0,90.0,0.0,1.0,0.0
142411,EW5,90.0,90.0,0.0,1.0,0.0
142412,EW5,90.0,90.0,0.0,1.0,0.0
142413,EW5,90.0,90.0,0.0,1.0,0.0
142414,EW5,90.0,90.0,0.0,1.0,0.0
142415,EW5,90.0,90.0,0.0,1.0,0.0
142416,EW5,90.0,90.0,0.0,1.0,0.0
142417,EW5,90.0,90.0,0.0,1.0,0.0
142418,EW5,90.0,90.0,0.0,1.0,0.0
142419,EW5,90.0,90.0,0.0,1.0,0.0
142420,EW5,90.0,90.0,0.0,1.0,0.0
142421,EW5,90.0,90.0,0.0,1.0,0.0
142422,EW5,90.0,90.0,0.0,1.0,0.0
142423,EW5,90.0,90.0,0.0,1.0,0.0
142424,EW5,90.0,90.0,0.0,1.0,0.0
142425,EW5,90.0,90.0,0.0,1.0,0.0
142426,EW5,90.0,90.0,0.0,1.0,0.0
142427,EW5,90.0,90.0,0.0,1.0,0.0
142428,EW5,90.0,90.0,0.0,1.0,0.0
142429,EW5,90.0,90.0,0.0,1.0,0.0
142430,EW5,90.0,90.0,0.0,1.0,0.0
142431,EW5,90.0,90.0,0.0,1.0,0.0
142432,EW5,90.0,90.0,0.0,1.0,0.0
142433,EW5,90.0,90.0,0.0,1.0,0.0
142434,EW5,90.0,90.0,0.0,1.0,0.0
142435,EW5,90.0,90.0,0.0,1.0,0.0
142436,EW5,90.0,90.0,0.0,1.0,0.0
142437,EW5,90.0,90.0,0.0,1.0,0.0
142438,EW5,90.0,90.0,0.0,1.0,0.0
142439,EW5,90.0,90.0,0.0,1.0,0.0
142440,EW5,90.0,90.0,0.0,1.0,0.0
142441,EW5,90.0,90.0,0.0,1.0,0.0
142442,EW5,90.0,90.0,0.0,1.0,0.0
142443,EW5,90.0,90.0,0.0,1.0,0.0
142444,EW5,90.0,90.0,0.0,1.0,0.0
142445,EW5,90.0,90.0,0.0,1.0,0.0
142446,EW5,90.0,90.0,0.0,1.0,0.0
142447,EW5,90.0,90.0,0.0,1.0,0.0
142448,EW5,90.0,90.0,0.0,1.0,0.0
142449,EW5,90.0,90.0,0.0,1.0,0.0
142450,EW5,90.0,90.0,0.0,1.0,0.0
142451,EW5,90.0,90.0,0.0,1.0,0.0
142452,EW5,90.0,90.0,0.0,1.0,0.0
142453,EW5,90.0,90.0,0.0,1.0,0.0
142454,EW5,90.0,90.0,0.0,1.0,0.0
142455,EW5,90.0,90.0,0.0,1.0,0.0
142456,EW5,90.0,90.0,0.0,1.0,0.0
142457,EW5,90.0,90.0,0.0,1.0,0.0
142458,EW5,90.0,90.0,0.0,1.0,0.0
142459,EW5,90.0,90.0,0.0,1.0,0.0
142460,EW5,90.0,90.0,0.0,1.0,0.0
142461,EW5,90.0,90.0,0.0,1.0,0.0
142462,EW5,90.0,90.0,0.0,1.0,0.0
142463,EW5,90.0,90.0,0.0,1.0,0.0
142464,EW5,90.0,90.0,0.0,1.0,0.0
142465,EW5,90.0,90.0,0.0,1.0,0.0
142466,EW5,90.0,90.0,0.0,1.0,0.0
142467,EW5,90.0,90.0,0.0,1.0,0.0
142468,EW5,90.0,90.0,0.0,1.0,0.0
142469,EW5,90.0,90.0,0.0,1.0,0.0
142470,EW5,90.0,90.0,0.0,1.0,0.0
142471,EW5,90.0,90.0,0.0,1.0,0.0
142472,EW5,90.0,90.0,0.0,1.0,0.0
142473,EW5,90.0,90.0,0.0,1.0,0.0
142474,EW5,90.0,90.0,0.0,1.0,0.0
142475,EW5,90.0,90.0,0.0,1.0,0.0
142476,EW5,90.0,90.0,0.0,1.0,0.0
142477,EW5,90.0,90.0,0.0,1.0,0.0
142478,EW5,90.0,90.0,0.0,1.0,0.0
142479,EW5,90.0,90.0,0.0,1.0,0.0
142480,EW5,90.0,90.0,0.0,1.0,0.0
142481,EW5,90.0,90.0,0.0,1.0,0.0
142482,EW5,90.0,90.0,0.0,1.0,0.0
142483,EW5,90.0,90.0,0.0,1.0,0.0
142484,EW5,90.0,90.0,0.0,1.0,0.0
142485,EW5,90.0,90.0,0.0,1.0,0.0
142486,EW5,90.0,90.0,0.0,1.0,0.0
142487,EW5,90.0,90.0,0.0,1.0,0.0
142488,EW5,90.0,90.0,0.0,1.0,0.0
142489,EW5,90.0,90.0,0.0,1.0,0.0
142490,EW5,90.0,90.0,0.0,1.0,0.0
142491,EW5,90.0,90.0,0.0,1.0,0.0
142492,EW5,90.0,90.0,0.0,1.0,0.0
142493,EW5,90.0,90.0,0.0,1.0,0.0
142494,EW5,90.0,90.0,0.0,1.0,0.0
142495,EW5,90.0,90.0,0.0,1.0,0.0
142496,EW5,90.0,90.0,0.0,1.0,0.0
142497,EW5,90.0,90.0,0.0,1.0,0.0
142498,EW5,90.0,90.0,0.0,1.0,0.0
142499,EW5,90.0,90.0,0.0,1.0,0.0
150005,EW5,90.0,90.0,0.0,1.0,0.0
150006,EW5,90.0,90.0,0.0,1.0,0.0
150007,EW5,90.0,90.0,0.0,1.0,0.0
150008,EW5,90.0,90.0,0.0,1.0,0.0
150009,EW5,90.0,90.0,0.0,1.0,0.0
150010,EW5,90.0,90.0,0.0,1.0,0.0
150011,EW5,90.0,90.0,0.0,1.0,0.0
150012,EW5,90.0,90.0,0.0,1.0,0.0
150013,EW5,90.0,90.0,0.0,1.0,0.0
150014,EW5,90.0,90.0,0.0,1.0,0.0
150015,EW5,90.0,90.0,0.0,1.0,0.0
150016,EW5,90.0,90.0,0.0,1.0,0.0
150017,EW5,90.0,90.0,0.0,1.0,0.0
150018,EW5,90.0,90.0,0.0,1.0,0.0
150019,EW5,90.0,90.0,0.0,1.0,0.0
150020,EW5,90.0,90.0,0.0,1.0,0.0
150021,EW5,90.0,90.0,0.0,1.0,0.0
150022,EW5,90.0,90.0,0.0,1.0,0.0
150023,EW5,90.0,90.0,0.0,1.0,0.0
150024,EW5,90.0,90.0,0.0,1.0,0.0
150025,EW5,90.0,90.0,0.0,1.0,0.0
150026,EW5,90.0,90.0,0.0,1.0,0.0
150027,EW5,90.0,90.0,0.0,1.0,0.0
150028,EW5,90.0,90.0,0.0,1.0,0.0
150029,EW5,90.0,90.0,0.0,1.0,0.0
150030,EW5,90.0,90.0,0.0,1.0,0.0
150031,EW5,90.0,90.0,0.0,1.0,0.0
150032,EW5,90.0,90.0,0.0,1.0,0.0
150033,EW5,90.0,90.0,0.0,1.0,0.0
150034,EW5,90.0,90.0,0.0,1.0,0.0
150035,EW5,90.0,90.0,0.0,1.0,0.0
150036,EW5,90.0,90.0,0.0,1.0,0.0
150037,EW5,90.0,90.0,0.0,1.0,0.0
150038,EW5,90.0,90.0,0.0,1.0,0.0
150039,EW5,90.0,90.0,0.0,1.0,0.0
150040,EW5,90.0,90.0,0.0,1.0,0.0
150041,EW5,90.0,90.0,0.0,1.0,0.0
150042,EW5,90.0,90.0,0.0,1.0,0.0
150043,EW5,90.0,90.0,0.0,1.0,0.0
150044,EW5,90.0,90.0,0.0,1.0,0.0
150045,EW5,90.0,90.0,0.0,1.0,0.0
150046,EW5,90.0,90.0,0.0,1.0,0.0
150047,EW5,90.0,90.0,0.0,1.0,0.0
150048,EW5,90.0,90.0,0.0,1.0,0.0
150049,EW5,90.0,90.0,0.0,1.0,0.0
150050,EW5,90.0,90.0,0.0,1.0,0.0
150051,EW5,90.0,90.0,0.0,1.0,0.0
150052,EW5,90.0,90.0,0.0,1.0,0.0
150053,EW5,90.0,90.0,0.0,1.0,0.0
150054,EW5,90.0,90.0,0.0,1.0,0.0
150055,EW5,90.0,90.0,0.0,1.0,0.0
150056,EW5,90.0,90.0,0.0,1.0,0.0
150057,EW5,90.0,90.0,0.0,1.0,0.0
150058,EW5,90.0,90.0,0.0,1.0,0.0
150059,EW5,90.0,90.0,0.0,1.0,0.0
150060,EW5,90.0,90.0,0.0,1.0,0.0
150061,EW5,90.0,90.0,0.0,1.0,0.0
150062,EW5,90.0,90.0,0.0,1.0,0.0
150063,EW5,90.0,90.0,0.0,1.0,0.0
150064,EW5,90.0,90.0,0.0,1.0,0.0
150065,EW5,90.0,90.0,0.0,1.0,0.0
150066,EW5,90.0,90.0,0.0,1.0,0.0
150067,EW5,90.0,90.0,0.0,1.0,0.0
150068,EW5,90.0,90.0,0.0,1.0,0.0
150069,EW5,90.0,90.0,0.0,1.0,0.0
150070,EW5,90.0,90.0,0.0,1.0,0.0
150071,EW5,90.0,90.0,0.0,1.0,0.0
150072,EW5,90.0,90.0,0.0,1.0,0.0
150073,EW5,90.0,90.0,0.0,1.0,0.0
150074,EW5,90.0,90.0,0.0,1.0,0.0
150075,EW5,90.0,90.0,0.0,1.0,0.0
150076,EW5,90.0,90.0,0.0,1.0,0.0
150077,EW5,90.0,90.0,0.0,1.0,0.0
150078,EW5,90.0,90.0,0.0,1.0,0.0
150079,EW5,90.0,90.0,0.0,1.0,0.0
150080,EW5,90.0,90.0,0.0,1.0,0.0
150081,EW5,90.0,90.0,0.0,1.0,0.0
150082,EW5,90.0,90.0,0.0,1.0,0.0
150083,EW5,90.0,90.0,0.0,1.0,0.0
150084,EW5,90.0,90.0,0.0,1.0,0.0
150085,EW5,90.0,90.0,0.0,1.0,0.0
150086,EW5,90.0,90.0,0.0,1.0,0.0
150087,EW5,90.0,90.0,0.0,1.0,0.0
150088,EW5,90.0,90.0,0.0,1.0,0.0
150089,EW5,90.0,90.0,0.0,1.0,0.0
150090,EW5,90.0,90.0,0.0,1.0,0.0
150091,EW5,90.0,90.0,0.0,1.0,0.0
150092,EW5,90.0,90.0,0.0,1.0,0.0
150093,EW5,90.0,90.0,0.0,1.0,0.0
150094,EW5,90.0,90.0,0.0,1.0,0.0
150095,EW5,90.0,90.0,0.0,1.0,0.0
150096,EW5,90.0,90.0,0.0,1.0,0.0
150097,EW5,90.0,90.0,0.0,1.0,0.0
150098,EW5,90.0,90.0,0.0,1.0,0.0
150099,EW5,90.0,90.0,0.0,1.0,0.0
157605,EW5,90.0,90.0,0.0,1.0,0.0
157606,EW5,90.0,90.0,0.0,1.0,0.0
157607,EW5,90.0,90.0,0.0,1.0,0.0
157608,EW5,90.0,90.0,0.0,1.0,0.0
157609,EW5,90.0,90.0,0.0,1.0,0.0
157610,EW5,90.0,90.0,0.0,1.0,0.0
157611,EW5,90.0,90.0,0.0,1.0,0.0
157612,EW5,90.0,90.0,0.0,1.0,0.0
157613,EW5,90.0,90.0,0.0,1.0,0.0
157614,EW5,90.0,90.0,0.0,1.0,0.0
157615,EW5,90.0,90.0,0.0,1.0,0.0
157616,EW5,90.0,90.0,0.0,1.0,0.0
157617,EW5,90.0,90.0,0.0,1.0,0.0
157618,EW5,90.0,90.0,0.0,1.0,0.0
157619,EW5,90.0,90.0,0.0,1.0,0.0
157620,EW5,90.0,90.0,0.0,1.0,0.0
157621,EW5,90.0,90.0,0.0,1.0,0.0
157622,EW5,90.0,90.0,0.0,1.0,0.0
157623,EW5,90.0,90.0,0.0,1.0,0.0
157624,EW5,90.0,90.0,0.0,1.0,0.0
157625,EW5,90.0,90.0,0.0,1.0,0.0
157626,EW5,90.0,90.0,0.0,1.0,0.0
157627,EW5,90.0,90.0,0.0,1.0,0.0
157628,EW5,90.0,90.0,0.0,1.0,0.0
157629,EW5,90.0,90.0,0.0,1.0,0.0
157630,EW5,90.0,90.0,0.0,1.0,0.0
157631,EW5,90.0,90.0,0.0,1.0,0.0
157632,EW5,90.0,90.0,0.0,1.0,0.0
157633,EW5,90.0,90.0,0.0,1.0,0.0
157634,EW5,90.0,90.0,0.0,1.0,0.0
157635,EW5,90.0,90.0,0.0,1.0,0.0
157636,EW5,90.0,90.0,0.0,1.0,0.0
157637,EW5,90.0,90.0,0.0,1.0,0.0
157638,EW5,90.0,90.0,0.0,1.0,0.0
157639,EW5,90.0,90.0,0.0,1.0,0.0
157640,EW5,90.0,90.0,0.0,1.0,0.0
157641,EW5,90.0,90.0,0.0,1.0,0.0
157642,EW5,90.0,90.0,0.0,1.0,0.0
157643,EW5,90.0,90.0,0.0,1.0,0.0
157644,EW5,90.0,90.0,0.0,1.0,0.0
157645,EW5,90.0,90.0,0.0,1.0,0.0
157646,EW5,90.0,90.0,0.0,1.0,0.0
157647,EW5,90.0,90.0,0.0,1.0,0.0
157648,EW5,90.0,90.0,0.0,1.0,0.0
157649,EW5,90.0,90.0,0.0,1.0,0.0
157650,EW5,90.0,90.0,0.0,1.0,0.0
157651,EW5,90.0,90.0,0.0,1.0,0.0
157652,EW5,90.0,90.0,0.0,1.0,0.0
157653,EW5,90.0,90.0,0.0,1.0,0.0
157654,EW5,90.0,90.0,0.0,1.0,0.0
157655,EW5,90.0,90.0,0.0,1.0,0.0
157656,EW5,90.0,90.0,0.0,1.0,0.0
157657,EW5,90.0,90.0,0.0,1.0,0.0
157658,EW5,90.0,90.0,0.0,1.0,0.0
157659,EW5,90.0,90.0,0.0,1.0,0.0
157660,EW5,90.0,90.0,0.0,1.0,0.0
157661,EW5,90.0,90.0,0.0,1.0,0.0
157662,EW5,90.0,90.0,0.0,1.0,0.0
157663,EW5,90.0,90.0,0.0,1.0,0.0
157664,EW5,90.0,90.0,0.0,1.0,0.0
157665,EW5,90.0,90.0,0.0,1.0,0.0
157666,EW5,90.0,90.0,0.0,1.0,0.0
157667,EW5,90.0,90.0,0.0,1.0,0.0
157668,EW5,90.0,90.0,0.0,1.0,0.0
157669,EW5,90.0,90.0,0.0,1.0,0.0
157670,EW5,90.0,90.0,0.0,1.0,0.0
157671,EW5,90.0,90.0,0.0,1.0,0.0
157672,EW5,90.0,90.0,0.0,1.0,0.0
157673,EW5,90.0,90.0,0.0,1.0,0.0
157674,EW5,90.0,90.0,0.0,1.0,0.0
157675,EW5,90.0,90.0,0.0,1.0,0.0
157676,EW5,90.0,90.0,0.0,1.0,0.0
157677,EW5,90.0,90.0,0.0,1.0,0.0
157678,EW5,90.0,90.0,0.0,1.0,0.0
157679,EW5,90.0,90.0,0.0,1.0,0.0
157680,EW5,90.0,90.0,0.0,1.0,0.0
157681,EW5,90.0,90.0,0.0,1.0,0.0
157682,EW5,90.0,90.0,0.0,1.0,0.0
157683,EW5,90.0,90.0,0.0,1.0,0.0
157684,EW5,90.0,90.0,0.0,1.0,0.0
157685,EW5,90.0,90.0,0.0,1.0,0.0
157686,EW5,90.0,90.0,0.0,1.0,0.0
157687,EW5,90.0,90.0,0.0,1.0,0.0
157688,EW5,90.0,90.0,0.0,1.0,0.0
157689,EW5,90.0,90.0,0.0,1.0,0.0
157690,EW5,90.0,90.0,0.0,1.0,0.0
157691,EW5,90.0,90.0,0.0,1.0,0.0
157692,EW5,90.0,90.0,0.0,1.0,0.0
157693,EW5,90.0,90.0,0.0,1.0,0.0
157694,EW5,90.0,90.0,0.0,1.0,0.0
157695,EW5,90.0,90.0,0.0,1.0,0.0
157696,EW5,90.0,90.0,0.0,1.0,0.0
157697,EW5,90.0,90.0,0.0,1.0,0.0
157698,EW5,90.0,90.0,0.0,1.0,0.0
157699,EW5,90.0,90.0,0.0,1.0,0.0
165205,EW5,90.0,90.0,0.0,1.0,0.0
165206,EW5,90.0,90.0,0.0,1.0,0.0
165207,EW5,90.0,90.0,0.0,1.0,0.0
165208,EW5,90.0,90.0,0.0,1.0,0.0
165209,EW5,90.0,90.0,0.0,1.0,0.0
165210,EW5,90.0,90.0,0.0,1.0,0.0
165211,EW5,90.0,90.0,0.0,1.0,0.0
165212,EW5,90.0,90.0,0.0,1.0,0.0
165213,EW5,90.0,90.0,0.0,1.0,0.0
165214,EW5,90.0,90.0,0.0,1.0,0.0
165215,EW5,90.0,90.0,0.0,1.0,0.0
165216,EW5,90.0,90.0,0.0,1.0,0.0
165217,EW5,90.0,90.0,0.0,1.0,0.0
165218,EW5,90.0,90.0,0.0,1.0,0.0
165219,EW5,90.0,90.0,0.0,1.0,0.0
165220,EW5,90.0,90.0,0.0,1.0,0.0
165221,EW5,90.0,90.0,0.0,1.0,0.0
165222,EW5,90.0,90.0,0.0,1.0,0.0
165223,EW5,90.0,90.0,0.0,1.0,0.0
165224,EW5,90.0,90.0,0.0,1.0,0.0
165225,EW5,90.0,90.0,0.0,1.0,0.0
165226,EW5,90.0,90.0,0.0,1.0,0.0
165227,EW5,90.0,90.0,0.0,1.0,0.0
165228,EW5,90.0,90.0,0.0,1.0,0.0
165229,EW5,90.0,90.0,0.0,1.0,0.0
165230,EW5,90.0,90.0,0.0,1.0,0.0
165231,EW5,90.0,90.0,0.0,1.0,0.0
165232,EW5,90.0,90.0,0.0,1.0,0.0
165233,EW5,90.0,90.0,0.0,1.0,0.0
165234,EW5,90.0,90.0,0.0,1.0,0.0
165235,EW5,90.0,90.0,0.0,1.0,0.0
165236,EW5,90.0,90.0,0.0,1.0,0.0
165237,EW5,90.0,90.0,0.0,1.0,0.0
165238,EW5,90.0,90.0,0.0,1.0,0.0
165239,EW5,90.0,90.0,0.0,1.0,0.0
165240,EW5,90.0,90.0,0.0,1.0,0.0
165241,EW5,90.0,90.0,0.0,1.0,0.0
165242,EW5,90.0,90.0,0.0,1.0,0.0
165243,EW5,90.0,90.0,0.0,1.0,0.0
165244,EW5,90.0,90.0,0.0,1.0,0.0
165245,EW5,90.0,90.0,0.0,1.0,0.0
165246,EW5,90.0,90.0,0.0,1.0,0.0
165247,EW5,90.0,90.0,0.0,1.0,0.0
165248,EW5,90.0,90.0,0.0,1.0,0.0
165249,EW5,90.0,90.0,0.0,1.0,0.0
165250,EW5,90.0,90.0,0.0,1.0,0.0
165251,EW5,90.0,90.0,0.0,1.0,0.0
165252,EW5,90.0,90.0,0.0,1.0,0.0
165253,EW5,90.0,90.0,0.0,1.0,0.0
165254,EW5,90.0,90.0,0.0,1.0,0.0
165255,EW5,90.0,90.0,0.0,1.0,0.0
165256,EW5,90.0,90.0,0.0,1.0,0.0
165257,EW5,90.0,90.0,0.0,1.0,0.0
165258,EW5,90.0,90.0,0.0,1.0,0.0
165259,EW5,90.0,90.0,0.0,1.0,0.0
165260,EW5,90.0,90.0,0.0,1.0,0.0
165261,EW5,90.0,90.0,0.0,1.0,0.0
165262,EW5,90.0,90.0,0.0,1.0,0.0
165263,EW5,90.0,90.0,0.0,1.0,0.0
165264,EW5,90.0,90.0,0.0,1.0,0.0
165265,EW5,90.0,90.0,0.0,1.0,0.0
165266,EW5,90.0,90.0,0.0,1.0,0.0
165267,EW5,90.0,90.0,0.0,1.0,0.0
165268,EW5,90.0,90.0,0.0,1.0,0.0
165269,EW5,90.0,90.0,0.0,1.0,0.0
165270,EW5,90.0,90.0,0.0,1.0,0.0
165271,EW5,90.0,90.0,0.0,1.0,0.0
165272,EW5,90.0,90.0,0.0,1.0,0.0
165273,EW5,90.0,90.0,0.0,1.0,0.0
165274,EW5,90.0,90.0,0.0,1.0,0.0
165275,EW5,90.0,90.0,0.0,1.0,0.0
165276,EW5,90.0,90.0,0.0,1.0,0.0
165277,EW5,90.0,90.0,0.0,1.0,0.0
165278,EW5,90.0,90.0,0.0,1.0,0.0
165279,EW5,90.0,90.0,0.0,1.0,0.0
165280,EW5,90.0,90.0,0.0,1.0,0.0
165281,EW5,90.0,90.0,0.0,1.0,0.0
165282,EW5,90.0,90.0,0.0,1.0,0.0
165283,EW5,90.0,90.0,0.0,1.0,0.0
165284,EW5,90.0,90.0,0.0,1.0,0.0
165285,EW5,90.0,90.0,0.0,1.0,0.0
165286,EW5,90.0,90.0,0.0,1.0,0.0
165287,EW5,90.0,90.0,0.0,1.0,0.0
165288,EW5,90.0,90.0,0.0,1.0,0.0
165289,EW5,90.0,90.0,0.0,1.0,0.0
165290,EW5,90.0,90.0,0.0,1.0,0.0
165291,EW5,90.0,90.0,0.0,1.0,0.0
165292,EW5,90.0,90.0,0.0,1.0,0.0
165293,EW5,90.0,90.0,0.0,1.0,0.0
165294,EW5,90.0,90.0,0.0,1.0,0.0
165295,EW5,90.0,90.0,0.0,1.0,0.0
165296,EW5,90.0,90.0,0.0,1.0,0.0
165297,EW5,90.0,90.0,0.0,1.0,0.0
165298,EW5,90.0,90.0,0.0,1.0,0.0
165299,EW5,90.0,90.0,0.0,1.0,0.0
172805,EW5,90.0,90.0,0.0,1.0,0.0
172806,EW5,90.0,90.0,0.0,1.0,0.0
172807,EW5,90.0,90.0,0.0,1.0,0.0
172808,EW5,90.0,90.0,0.0,1.0,0.0
172809,EW5,90.0,90.0,0.0,1.0,0.0
172810,EW5,90.0,90.0,0.0,1.0,0.0
172811,EW5,90.0,90.0,0.0,1.0,0.0
172812,EW5,90.0,90.0,0.0,1.0,0.0
172813,EW5,90.0,90.0,0.0,1.0,0.0
172814,EW5,90.0,90.0,0.0,1.0,0.0
172815,EW5,90.0,90.0,0.0,1.0,0.0
172816,EW5,90.0,90.0,0.0,1.0,0.0
172817,EW5,90.0,90.0,0.0,1.0,0.0
172818,EW5,90.0,90.0,0.0,1.0,0.0
172819,EW5,90.0,90.0,0.0,1.0,0.0
172820,EW5,90.0,90.0,0.0,1.0,0.0
172821,EW5,90.0,90.0,0.0,1.0,0.0
172822,EW5,90.0,90.0,0.0,1.0,0.0
172823,EW5,90.0,90.0,0.0,1.0,0.0
172824,EW5,90.0,90.0,0.0,1.0,0.0
172825,EW5,90.0,90.0,0.0,1.0,0.0
172826,EW5,90.0,90.0,0.0,1.0,0.0
172827,EW5,90.0,90.0,0.0,1.0,0.0
172828,EW5,90.0,90.0,0.0,1.0,0.0
172829,EW5,90.0,90.0,0.0,1.0,0.0
172830,EW5,90.0,90.0,0.0,1.0,0.0
172831,EW5,90.0,90.0,0.0,1.0,0.0
172832,EW5,90.0,90.0,0.0,1.0,0.0
172833,EW5,90.0,90.0,0.0,1.0,0.0
172834,EW5,90.0,90.0,0.0,1.0,0.0
172835,EW5,90.0,90.0,0.0,1.0,0.0
172836,EW5,90.0,90.0,0.0,1.0,0.0
172837,EW5,90.0,90.0,0.0,1.0,0.0
172838,EW5,90.0,90.0,0.0,1.0,0.0
172839,EW5,90.0,90.0,0.0,1.0,0.0
172840,EW5,90.0,90.0,0.0,1.0,0.0
172841,EW5,90.0,90.0,0.0,1.0,0.0
172842,EW5,90.0,90.0,0.0,1.0,0.0
172843,EW5,90.0,90.0,0.0,1.0,0.0
172844,EW5,90.0,90.0,0.0,1.0,0.0
172845,EW5,90.0,90.0,0.0,1.0,0.0
172846,EW5,90.0,90.0,0.0,1.0,0.0
172847,EW5,90.0,90.0,0.0,1.0,0.0
172848,EW5,90.0,90.0,0.0,1.0,0.0
172849,EW5,90.0,90.0,0.0,1.0,0.0
172850,EW5,90.0,90.0,0.0,1.0,0.0
172851,EW5,90.0,90.0,0.0,1.0,0.0
172852,EW5,90.0,90.0,0.0,1.0,0.0
172853,EW5,90.0,90.0,0.0,1.0,0.0
172854,EW5,90.0,90.0,0.0,1.0,0.0
172855,EW5,90.0,90.0,0.0,1.0,0.0
172856,EW5,90.0,90.0,0.0,1.0,0.0
172857,EW5,90.0,90.0,0.0,1.0,0.0
172858,EW5,90.0,90.0,0.0,1.0,0.0
172859,EW5,90.0,90.0,0.0,1.0,0.0
172860,EW5,90.0,90.0,0.0,1.0,0.0
172861,EW5,90.0,90.0,0.0,1.0,0.0
172862,EW5,90.0,90.0,0.0,1.0,0.0
172863,EW5,90.0,90.0,0.0,1.0,0.0
172864,EW5,90.0,90.0,0.0,1.0,0.0
172865,EW5,90.0,90.0,0.0,1.0,0.0
172866,EW5,90.0,90.0,0.0,1.0,0.0
172867,EW5,90.0,90.0,0.0,1.0,0.0
172868,EW5,90.0,90.0,0.0,1.0,0.0
172869,EW5,90.0,90.0,0.0,1.0,0.0
172870,EW5,90.0,90.0,0.0,1.0,0.0
172871,EW5,90.0,90.0,0.0,1.0,0.0
172872,EW5,90.0,90.0,0.0,1.0,0.0
172873,EW5,90.0,90.0,0.0,1.0,0.0
172874,EW5,90.0,90.0,0.0,1.0,0.0
172875,EW5,90.0,90.0,0.0,1.0,0.0
172876,EW5,90.0,90.0,0.0,1.0,0.0
172877,EW5,90.0,90.0,0.0,1.0,0.0
172878,EW5,90.0,90.0,0.0,1.0,0.0
172879,EW5,90.0,90.0,0.0,1.0,0.0
172880,EW5,90.0,90.0,0.0,1.0,0.0
172881,EW5,90.0,90.0,0.0,1.0,0.0
172882,EW5,90.0,90.0,0.0,1.0,0.0
172883,EW5,90.0,90.0,0.0,1.0,0.0
172884,EW5,90.0,90.0,0.0,1.0,0.0
172885,EW5,90.0,90.0,0.0,1.0,0.0
172886,EW5,90.0,90.0,0.0,1.0,0.0
172887,EW5,90.0,90.0,0.0,1.0,0.0
172888,EW5,90.0,90.0,0.0,1.0,0.0
172889,EW5,90.0,90.0,0.0,1.0,0.0
172890,EW5,90.0,90.0,0.0,1.0,0.0
172891,EW5,90.0,90.0,0.0,1.0,0.0
172892,EW5,90.0,90.0,0.0,1.0,0.0
172893,EW5,90.0,90.0,0.0,1.0,0.0
172894,EW5,90.0,90.0,0.0,1.0,0.0
172895,EW5,90.0,90.0,0.0,1.0,0.0
172896,EW5,90.0,90.0,0.0,1.0,0.0
172897,EW5,90.0,90.0,0.0,1.0,0.0
172898,EW5,90.0,90.0,0.0,1.0,0.0
172899,EW5,90.0,90.0,0.0,1.0,0.0
180405,EW5,90.0,90.0,0.0,1.0,0.0
180406,EW5,90.0,90.0,0.0,1.0,0.0
180407,EW5,90.0,90.0,0.0,1.0,0.0
180408,EW5,90.0,90.0,0.0,1.0,0.0
180409,EW5,90.0,90.0,0.0,1.0,0.0
180410,EW5,90.0,90.0,0.0,1.0,0.0
180411,EW5,90.0,90.0,0.0,1.0,0.0
180412,EW5,90.0,90.0,0.0,1.0,0.0
180413,EW5,90.0,90.0,0.0,1.0,0.0
180414,EW5,90.0,90.0,0.0,1.0,0.0
180415,EW5,90.0,90.0,0.0,1.0,0.0
180416,EW5,90.0,90.0,0.0,1.0,0.0
180417,EW5,90.0,90.0,0.0,1.0,0.0
180418,EW5,90.0,90.0,0.0,1.0,0.0
180419,EW5,90.0,90.0,0.0,1.0,0.0
180420,EW5,90.0,90.0,0.0,1.0,0.0
180421,EW5,90.0,90.0,0.0,1.0,0.0
180422,EW5,90.0,90.0,0.0,1.0,0.0
180423,EW5,90.0,90.0,0.0,1.0,0.0
180424,EW5,90.0,90.0,0.0,1.0,0.0
180425,EW5,90.0,90.0,0.0,1.0,0.0
180426,EW5,90.0,90.0,0.0,1.0,0.0
180427,EW5,90.0,90.0,0.0,1.0,0.0
180428,EW5,90.0,90.0,0.0,1.0,0.0
180429,EW5,90.0,90.0,0.0,1.0,0.0
180430,EW5,90.0,90.0,0.0,1.0,0.0
180431,EW5,90.0,90.0,0.0,1.0,0.0
180432,EW5,90.0,90.0,0.0,1.0,0.0
180433,EW5,90.0,90.0,0.0,1.0,0.0
180434,EW5,90.0,90.0,0.0,1.0,0.0
180435,EW5,90.0,90.0,0.0,1.0,0.0
180436,EW5,90.0,90.0,0.0,1.0,0.0
180437,EW5,90.0,90.0,0.0,1.0,0.0
180438,EW5,90.0,90.0,0.0,1.0,0.0
180439,EW5,90.0,90.0,0.0,1.0,0.0
180440,EW5,90.0,90.0,0.0,1.0,0.0
180441,EW5,90.0,90.0,0.0,1.0,0.0
180442,EW5,90.0,90.0,0.0,1.0,0.0
180443,EW5,90.0,90.0,0.0,1.0,0.0
180444,EW5,90.0,90.0,0.0,1.0,0.0
180445,EW5,90.0,90.0,0.0,1.0,0.0
180446,EW5,90.0,90.0,0.0,1.0,0.0
180447,EW5,90.0,90.0,0.0,1.0,0.0
180448,EW5,90.0,90.0,0.0,1.0,0.0
180449,EW5,90.0,90.0,0.0,1.0,0.0
180450,EW5,90.0,90.0,0.0,1.0,0.0
180451,EW5,90.0,90.0,0.0,1.0,0.0
180452,EW5,90.0,90.0,0.0,1.0,0.0
180453,EW5,90.0,90.0,0.0,1.0,0.0
180454,EW5,90.0,90.0,0.0,1.0,0.0
180455,EW5,90.0,90.0,0.0,1.0,0.0
180456,EW5,90.0,90.0,0.0,1.0,0.0
180457,EW5,90.0,90.0,0.0,1.0,0.0
180458,EW5,90.0,90.0,0.0,1.0,0.0
180459,EW5,90.0,90.0,0.0,1.0,0.0
180460,EW5,90.0,90.0,0.0,1.0,0.0
180461,EW5,90.0,90.0,0.0,1.0,0.0
180462,EW5,90.0,90.0,0.0,1.0,0.0
180463,EW5,90.0,90.0,0.0,1.0,0.0
180464,EW5,90.0,90.0,0.0,1.0,0.0
180465,EW5,90.0,90.0,0.0,1.0,0.0
180466,EW5,90.0,90.0,0.0,1.0,0.0
180467,EW5,90.0,90.0,0.0,1.0,0.0
180468,EW5,90.0,90.0,0.0,1.0,0.0
180469,EW5,90.0,90.0,0.0,1.0,0.0
180470,EW5,90.0,90.0,0.0,1.0,0.0
180471,EW5,90.0,90.0,0.0,1.0,0.0
180472,EW5,90.0,90.0,0.0,1.0,0.0
180473,EW5,90.0,90.0,0.0,1.0,0.0
180474,EW5,90.0,90.0,0.0,1.0,0.0
180475,EW5,90.0,90.0,0.0,1.0,0.0
180476,EW5,90.0,90.0,0.0,1.0,0.0
180477,EW5,90.0,90.0,0.0,1.0,0.0
180478,EW5,90.0,90.0,0.0,1.0,0.0
180479,EW5,90.0,90.0,0.0,1.0,0.0
180480,EW5,90.0,90.0,0.0,1.0,0.0
180481,EW5,90.0,90.0,0.0,1.0,0.0
180482,EW5,90.0,90.0,0.0,1.0,0.0
180483,EW5,90.0,90.0,0.0,1.0,0.0
180484,EW5,90.0,90.0,0.0,1.0,0.0
180485,EW5,90.0,90.0,0.0,1.0,0.0
180486,EW5,90.0,90.0,0.0,1.0,0.0
180487,EW5,90.0,90.0,0.0,1.0,0.0
180488,EW5,90.0,90.0,0.0,1.0,0.0
180489,EW5,90.0,90.0,0.0,1.0,0.0
180490,EW5,90.0,90.0,0.0,1.0,0.0
180491,EW5,90.0,90.0,0.0,1.0,0.0
180492,EW5,90.0,90.0,0.0,1.0,0.0
180493,EW5,90.0,90.0,0.0,1.0,0.0
180494,EW5,90.0,90.0,0.0,1.0,0.0
180495,EW5,90.0,90.0,0.0,1.0,0.0
180496,EW5,90.0,90.0,0.0,1.0,0.0
180497,EW5,90.0,90.0,0.0,1.0,0.0
180498,EW5,90.0,90.0,0.0,1.0,0.0
180499,EW5,90.0,90.0,0.0,1.0,0.0
188005,EW5,90.0,90.0,0.0,1.0,0.0
188006,EW5,90.0,90.0,0.0,1.0,0.0
188007,EW5,90.0,90.0,0.0,1.0,0.0
188008,EW5,90.0,90.0,0.0,1.0,0.0
188009,EW5,90.0,90.0,0.0,1.0,0.0
188010,EW5,90.0,90.0,0.0,1.0,0.0
188011,EW5,90.0,90.0,0.0,1.0,0.0
188012,EW5,90.0,90.0,0.0,1.0,0.0
188013,EW5,90.0,90.0,0.0,1.0,0.0
188014,EW5,90.0,90.0,0.0,1.0,0.0
188015,EW5,90.0,90.0,0.0,1.0,0.0
188016,EW5,90.0,90.0,0.0,1.0,0.0
188017,EW5,90.0,90.0,0.0,1.0,0.0
188018,EW5,90.0,90.0,0.0,1.0,0.0
188019,EW5,90.0,90.0,0.0,1.0,0.0
188020,EW5,90.0,90.0,0.0,1.0,0.0
188021,EW5,90.0,90.0,0.0,1.0,0.0
188022,EW5,90.0,90.0,0.0,1.0,0.0
188023,EW5,90.0,90.0,0.0,1.0,0.0
188024,EW5,90.0,90.0,0.0,1.0,0.0
188025,EW5,90.0,90.0,0.0,1.0,0.0
188026,EW5,90.0,90.0,0.0,1.0,0.0
188027,EW5,90.0,90.0,0.0,1.0,0.0
188028,EW5,90.0,90.0,0.0,1.0,0.0
188029,EW5,90.0,90.0,0.0,1.0,0.0
188030,EW5,90.0,90.0,0.0,1.0,0.0
188031,EW5,90.0,90.0,0.0,1.0,0.0
188032,EW5,90.0,90.0,0.0,1.0,0.0
188033,EW5,90.0,90.0,0.0,1.0,0.0
188034,EW5,90.0,90.0,0.0,1.0,0.0
188035,EW5,90.0,90.0,0.0,1.0,0.0
188036,EW5,90.0,90.0,0.0,1.0,0.0
188037,EW5,90.0,90.0,0.0,1.0,0.0
188038,EW5,90.0,90.0,0.0,1.0,0.0
188039,EW5,90.0,90.0,0.0,1.0,0.0
188040,EW5,90.0,90.0,0.0,1.0,0.0
188041,EW5,90.0,90.0,0.0,1.0,0.0
188042,EW5,90.0,90.0,0.0,1.0,0.0
188043,EW5,90.0,90.0,0.0,1.0,0.0
188044,EW5,90.0,90.0,0.0,1.0,0.0
188045,EW5,90.0,90.0,0.0,1.0,0.0
188046,EW5,90.0,90.0,0.0,1.0,0.0
188047,EW5,90.0,90.0,0.0,1.0,0.0
188048,EW5,90.0,90.0,0.0,1.0,0.0
188049,EW5,90.0,90.0,0.0,1.0,0.0
188050,EW5,90.0,90.0,0.0,1.0,0.0
188051,EW5,90.0,90.0,0.0,1.0,0.0
188052,EW5,90.0,90.0,0.0,1.0,0.0
188053,EW5,90.0,90.0,0.0,1.0,0.0
188054,EW5,90.0,90.0,0.0,1.0,0.0
188055,EW5,90.0,90.0,0.0,1.0,0.0
188056,EW5,90.0,90.0,0.0,1.0,0.0
188057,EW5,90.0,90.0,0.0,1.0,0.0
188058,EW5,90.0,90.0,0.0,1.0,0.0
188059,EW5,90.0,90.0,0.0,1.0,0.0
188060,EW5,90.0,90.0,0.0,1.0,0.0
188061,EW5,90.0,90.0,0.0,1.0,0.0
188062,EW5,90.0,90.0,0.0,1.0,0.0
188063,EW5,90.0,90.0,0.0,1.0,0.0
188064,EW5,90.0,90.0,0.0,1.0,0.0
188065,EW5,90.0,90.0,0.0,1.0,0.0
188066,EW5,90.0,90.0,0.0,1.0,0.0
188067,EW5,90.0,90.0,0.0,1.0,0.0
188068,EW5,90.0,90.0,0.0,1.0,0.0
188069,EW5,90.0,90.0,0.0,1.0,0.0
188070,EW5,90.0,90.0,0.0,1.0,0.0
188071,EW5,90.0,90.0,0.0,1.0,0.0
188072,EW5,90.0,90.0,0.0,1.0,0.0
188073,EW5,90.0,90.0,0.0,1.0,0.0
188074,EW5,90.0,90.0,0.0,1.0,0.0
188075,EW5,90.0,90.0,0.0,1.0,0.0
188076,EW5,90.0,90.0,0.0,1.0,0.0
188077,EW5,90.0,90.0,0.0,1.0,0.0
188078,EW5,90.0,90.0,0.0,1.0,0.0
188079,EW5,90.0,90.0,0.0,1.0,0.0
188080,EW5,90.0,90.0,0.0,1.0,0.0
188081,EW5,90.0,90.0,0.0,1.0,0.0
188082,EW5,90.0,90.0,0.0,1.0,0.0
188083,EW5,90.0,90.0,0.0,1.0,0.0
188084,EW5,90.0,90.0,0.0,1.0,0.0
188085,EW5,90.0,90.0,0.0,1.0,0.0
188086,EW5,90.0,90.0,0.0,1.0,0.0
188087,EW5,90.0,90.0,0.0,1.0,0.0
188088,EW5,90.0,90.0,0.0,1.0,0.0
188089,EW5,90.0,90.0,0.0,1.0,0.0
188090,EW5,90.0,90.0,0.0,1.0,0.0
188091,EW5,90.0,90.0,0.0,1.0,0.0
188092,EW5,90.0,90.0,0.0,1.0,0.0
188093,EW5,90.0,90.0,0.0,1.0,0.0
188094,EW5,90.0,90.0,0.0,1.0,0.0
188095,EW5,90.0,90.0,0.0,1.0,0.0
188096,EW5,90.0,90.0,0.0,1.0,0.0
188097,EW5,90.0,90.0,0.0,1.0,0.0
188098,EW5,90.0,90.0,0.0,1.0,0.0
188099,EW5,90.0,90.0,0.0,1.0,0.0
195605,EW5,90.0,90.0,0.0,1.0,0.0
195606,EW5,90.0,90.0,0.0,1.0,0.0
195607,EW5,90.0,90.0,0.0,1.0,0.0
195608,EW5,90.0,90.0,0.0,1.0,0.0
195609,EW5,90.0,90.0,0.0,1.0,0.0
195610,EW5,90.0,90.0,0.0,1.0,0.0
195611,EW5,90.0,90.0,0.0,1.0,0.0
195612,EW5,90.0,90.0,0.0,1.0,0.0
195613,EW5,90.0,90.0,0.0,1.0,0.0
195614,EW5,90.0,90.0,0.0,1.0,0.0
195615,EW5,90.0,90.0,0.0,1.0,0.0
195616,EW5,90.0,90.0,0.0,1.0,0.0
195617,EW5,90.0,90.0,0.0,1.0,0.0
195618,EW5,90.0,90.0,0.0,1.0,0.0
195619,EW5,90.0,90.0,0.0,1.0,0.0
195620,EW5,90.0,90.0,0.0,1.0,0.0
195621,EW5,90.0,90.0,0.0,1.0,0.0
195622,EW5,90.0,90.0,0.0,1.0,0.0
195623,EW5,90.0,90.0,0.0,1.0,0.0
195624,EW5,90.0,90.0,0.0,1.0,0.0
195625,EW5,90.0,90.0,0.0,1.0,0.0
195626,EW5,90.0,90.0,0.0,1.0,0.0
195627,EW5,90.0,90.0,0.0,1.0,0.0
195628,EW5,90.0,90.0,0.0,1.0,0.0
195629,EW5,90.0,90.0,0.0,1.0,0.0
195630,EW5,90.0,90.0,0.0,1.0,0.0
195631,EW5,90.0,90.0,0.0,1.0,0.0
195632,EW5,90.0,90.0,0.0,1.0,0.0
195633,EW5,90.0,90.0,0.0,1.0,0.0
195634,EW5,90.0,90.0,0.0,1.0,0.0
195635,EW5,90.0,90.0,0.0,1.0,0.0
195636,EW5,90.0,90.0,0.0,1.0,0.0
195637,EW5,90.0,90.0,0.0,1.0,0.0
195638,EW5,90.0,90.0,0.0,1.0,0.0
195639,EW5,90.0,90.0,0.0,1.0,0.0
195640,EW5,90.0,90.0,0.0,1.0,0.0
195641,EW5,90.0,90.0,0.0,1.0,0.0
195642,EW5,90.0,90.0,0.0,1.0,0.0
195643,EW5,90.0,90.0,0.0,1.0,0.0
195644,EW5,90.0,90.0,0.0,1.0,0.0
195645,EW5,90.0,90.0,0.0,1.0,0.0
195646,EW5,90.0,90.0,0.0,1.0,0.0
195647,EW5,90.0,90.0,0.0,1.0,0.0
195648,EW5,90.0,90.0,0.0,1.0,0.0
195649,EW5,90.0,90.0,0.0,1.0,0.0
195650,EW5,90.0,90.0,0.0,1.0,0.0
195651,EW5,90.0,90.0,0.0,1.0,0.0
195652,EW5,90.0,90.0,0.0,1.0,0.0
195653,EW5,90.0,90.0,0.0,1.0,0.0
195654,EW5,90.0,90.0,0.0,1.0,0.0
195655,EW5,90.0,90.0,0.0,1.0,0.0
195656,EW5,90.0,90.0,0.0,1.0,0.0
195657,EW5,90.0,90.0,0.0,1.0,0.0
195658,EW5,90.0,90.0,0.0,1.0,0.0
195659,EW5,90.0,90.0,0.0,1.0,0.0
195660,EW5,90.0,90.0,0.0,1.0,0.0
195661,EW5,90.0,90.0,0.0,1.0,0.0
195662,EW5,90.0,90.0,0.0,1.0,0.0
195663,EW5,90.0,90.0,0.0,1.0,0.0
195664,EW5,90.0,90.0,0.0,1.0,0.0
195665,EW5,90.0,90.0,0.0,1.0,0.0
195666,EW5,90.0,90.0,0.0,1.0,0.0
195667,EW5,90.0,90.0,0.0,1.0,0.0
195668,EW5,90.0,90.0,0.0,1.0,0.0
195669,EW5,90.0,90.0,0.0,1.0,0.0
195670,EW5,90.0,90.0,0.0,1.0,0.0
195671,EW5,90.0,90.0,0.0,1.0,0.0
195672,EW5,90.0,90.0,0.0,1.0,0.0
195673,EW5,90.0,90.0,0.0,1.0,0.0
195674,EW5,90.0,90.0,0.0,1.0,0.0
195675,EW5,90.0,90.0,0.0,1.0,0.0
195676,EW5,90.0,90.0,0.0,1.0,0.0
195677,EW5,90.0,90.0,0.0,1.0,0.0
195678,EW5,90.0,90.0,0.0,1.0,0.0
195679,EW5,90.0,90.0,0.0,1.0,0.0
195680,EW5,90.0,90.0,0.0,1.0,0.0
195681,EW5,90.0,90.0,0.0,1.0,0.0
195682,EW5,90.0,90.0,0.0,1.0,0.0
195683,EW5,90.0,90.0,0.0,1.0,0.0
195684,EW5,90.0,90.0,0.0,1.0,0.0
195685,EW5,90.0,90.0,0.0,1.0,0.0
195686,EW5,90.0,90.0,0.0,1.0,0.0
195687,EW5,90.0,90.0,0.0,1.0,0.0
195688,EW5,90.0,90.0,0.0,1.0,0.0
195689,EW5,90.0,90.0,0.0,1.0,0.0
195690,EW5,90.0,90.0,0.0,1.0,0.0
195691,EW5,90.0,90.0,0.0,1.0,0.0
195692,EW5,90.0,90.0,0.0,1.0,0.0
195693,EW5,90.0,90.0,0.0,1.0,0.0
195694,EW5,90.0,90.0,0.0,1.0,0.0
195695,EW5,90.0,90.0,0.0,1.0,0.0
195696,EW5,90.0,90.0,0.0,1.0,0.0
195697,EW5,90.0,90.0,0.0,1.0,0.0
195698,EW5,90.0,90.0,0.0,1.0,0.0
195699,EW5,90.0,90.0,0.0,1.0,0.0
23,NS1,0.0,90.0,1.0,0.0,0.0
24,NS1,0.0,90.0,1.0,0.0,0.0
118,NS1,0.0,90.0,1.0,0.0,0.0
119,NS1,0.0,90.0,1.0,0.0,0.0
213,NS1,0.0,90.0,1.0,0.0,0.0
214,NS1,0.0,90.0,1.0,0.0,0.0
308,NS1,0.0,90.0,1.0,0.0,0.0
309,NS1,0.0,90.0,1.0,0.0,0.0
403,NS1,0.0,90.0,1.0,0.0,0.0
404,NS1,0.0,90.0,1.0,0.0,0.0
498,NS1,0.0,90.0,1.0,0.0,0.0
499,NS1,0.0,90.0,1.0,0.0,0.0
593,NS1,0.0,90.0,1.0,0.0,0.0
594,NS1,0.0,90.0,1.0,0.0,0.0
688,NS1,0.0,90.0,1.0,0.0,0.0
689,NS1,0.0,90.0,1.0,0.0,0.0
783,NS1,0.0,90.0,1.0,0.0,0.0
784,NS1,0.0,90.0,1.0,0.0,0.0
878,NS1,0.0,90.0,1.0,0.0,0.0
879,NS1,0.0,90.0,1.0,0.0,0.0
973,NS1,0.0,90.0,1.0,0.0,0.0
974,NS1,0.0,90.0,1.0,0.0,0.0
1068,NS1,0.0,90.0,1.0,0.0,0.0
1069,NS1,0.0,90.0,1.0,0.0,0.0
1163,NS1,0.0,90.0,1.0,0.0,0.0
1164,NS1,0.0,90.0,1.0,0.0,0.0
1258,NS1,0.0,90.0,1.0,0.0,0.0
1259,NS1,0.0,90.0,1.0,0.0,0.0
1353,NS1,0.0,90.0,1.0,0.0,0.0
1354,NS1,0.0,90.0,1.0,0.0,0.0
1448,NS1,0.0,90.0,1.0,0.0,0.0
1449,NS1,0.0,90.0,1.0,0.0,0.0
1450,NS1,0.0,90.0,1.0,0.0,0.0
1451,NS1,0.0,90.0,1.0,0.0,0.0
1545,NS1,0.0,90.0,1.0,0.0,0.0
1546,NS1,0.0,90.0,1.0,0.0,0.0
1640,NS1,0.0,90.0,1.0,0.0,0.0
1641,NS1,0.0,90.0,1.0,0.0,0.0
1735,NS1,0.0,90.0,1.0,0.0,0.0
1736,NS1,0.0,90.0,1.0,0.0,0.0
1830,NS1,0.0,90.0,1.0,0.0,0.0
1831,NS1,0.0,90.0,1.0,0.0,0.0
1925,NS1,0.0,90.0,1.0,0.0,0.0
1926,NS1,0.0,90.0,1.0,0.0,0.0
2020,NS1,0.0,90.0,1.0,0.0,0.0
2021,NS1,0.0,90.0,1.0,0.0,0.0
2115,NS1,0.0,90.0,1.0,0.0,0.0
2116,NS1,0.0,90.0,1.0,0.0,0.0
2210,NS1,0.0,90.0,1.0,0.0,0.0
2211,NS1,0.0,90.0,1.0,0.0,0.0
2305,NS1,0.0,90.0,1.0,0.0,0.0
2306,NS1,0.0,90.0,1.0,0.0,0.0
2400,NS1,0.0,90.0,1.0,0.0,0.0
2401,NS1,0.0,90.0,1.0,0.0,0.0
2495,NS1,0.0,90.0,1.0,0.0,0.0
2496,NS1,0.0,90.0,1.0,0.0,0.0
2497,NS1,0.0,90.0,1.0,0.0,0.0
2498,NS1,0.0,90.0,1.0,0.0,0.0
2592,NS1,0.0,90.0,1.0,0.0,0.0
2593,NS1,0.0,90.0,1.0,0.0,0.0
2687,NS1,0.0,90.0,1.0,0.0,0.0
2688,NS1,0.0,90.0,1.0,0.0,0.0
2782,NS1,0.0,90.0,1.0,0.0,0.0
2783,NS1,0.0,90.0,1.0,0.0,0.0
2877,NS1,0.0,90.0,1.0,0.0,0.0
2878,NS1,0.0,90.0,1.0,0.0,0.0
2972,NS1,0.0,90.0,1.0,0.0,0.0
2973,NS1,0.0,90.0,1.0,0.0,0.0
3067,NS1,0.0,90.0,1.0,0.0,0.0
3068,NS1,0.0,90.0,1.0,0.0,0.0
3162,NS1,0.0,90.0,1.0,0.0,0.0
3163,NS1,0.0,90.0,1.0,0.0,0.0
3257,NS1,0.0,90.0,1.0,0.0,0.0
3258,NS1,0.0,90.0,1.0,0.0,0.0
3352,NS1,0.0,90.0,1.0,0.0,0.0
3353,NS1,0.0,90.0,1.0,0.0,0.0
3447,NS1,0.0,90.0,1.0,0.0,0.0
3448,NS1,0.0,90.0,1.0,0.0,0.0
3542,NS1,0.0,90.0,1.0,0.0,0.0
3543,NS1,0.0,90.0,1.0,0.0,0.0
3544,NS1,0.0,90.0,1.0,0.0,0.0
3545,NS1,0.0,90.0,1.0,0.0,0.0
3639,NS1,0.0,90.0,1.0,0.0,0.0
3640,NS1,0.0,90.0,1.0,0.0,0.0
3734,NS1,0.0,90.0,1.0,0.0,0.0
3735,NS1,0.0,90.0,1.0,0.0,0.0
3829,NS1,0.0,90.0,1.0,0.0,0.0
3830,NS1,0.0,90.0,1.0,0.0,0.0
3924,NS1,0.0,90.0,1.0,0.0,0.0
3925,NS1,0.0,90.0,1.0,0.0,0.0
4019,NS1,0.0,90.0,1.0,0.0,0.0
4020,NS1,0.0,90.0,1.0,0.0,0.0
4114,NS1,0.0,90.0,1.0,0.0,0.0
4115,NS1,0.0,90.0,1.0,0.0,0.0
4209,NS1,0.0,90.0,1.0,0.0,0.0
4210,NS1,0.0,90.0,1.0,0.0,0.0
4304,NS1,0.0,90.0,1.0,0.0,0.0
4305,NS1,0.0,90.0,1.0,0.0,0.0
4399,NS1,0.0,90.0,1.0,0.0,0.0
4400,NS1,0.0,90.0,1.0,0.0,0.0
4494,NS1,0.0,90.0,1.0,0.0,0.0
4495,NS1,0.0,90.0,1.0,0.0,0.0
4589,NS1,0.0,90.0,1.0,0.0,0.0
4590,NS1,0.0,90.0,1.0,0.0,0.0
4591,NS1,0.0,90.0,1.0,0.0,0.0
4592,NS1,0.0,90.0,1.0,0.0,0.0
4686,NS1,0.0,90.0,1.0,0.0,0.0
4687,NS1,0.0,90.0,1.0,0.0,0.0
4781,NS1,0.0,90.0,1.0,0.0,0.0
4782,NS1,0.0,90.0,1.0,0.0,0.0
4876,NS1,0.0,90.0,1.0,0.0,0.0
4877,NS1,0.0,90.0,1.0,0.0,0.0
4971,NS1,0.0,90.0,1.0,0.0,0.0
4972,NS1,0.0,90.0,1.0,0.0,0.0
5066,NS1,0.0,90.0,1.0,0.0,0.0
5067,NS1,0.0,90.0,1.0,0.0,0.0
5161,NS1,0.0,90.0,1.0,0.0,0.0
5162,NS1,0.0,90.0,1.0,0.0,0.0
5256,NS1,0.0,90.0,1.0,0.0,0.0
5257,NS1,0.0,90.0,1.0,0.0,0.0
5351,NS1,0.0,90.0,1.0,0.0,0.0
5352,NS1,0.0,90.0,1.0,0.0,0.0
5446,NS1,0.0,90.0,1.0,0.0,0.0
5447,NS1,0.0,90.0,1.0,0.0,0.0
5541,NS1,0.0,90.0,1.0,0.0,0.0
5542,NS1,0.0,90.0,1.0,0.0,0.0
5636,NS1,0.0,90.0,1.0,0.0,0.0
5637,NS1,0.0,90.0,1.0,0.0,0.0
5638,NS1,0.0,90.0,1.0,0.0,0.0
5733,NS1,0.0,90.0,1.0,0.0,0.0
5828,NS1,0.0,90.0,1.0,0.0,0.0
5923,NS1,0.0,90.0,1.0,0.0,0.0
6018,NS1,0.0,90.0,1.0,0.0,0.0
6113,NS1,0.0,90.0,1.0,0.0,0.0
6208,NS1,0.0,90.0,1.0,0.0,0.0
6303,NS1,0.0,90.0,1.0,0.0,0.0
6398,NS1,0.0,90.0,1.0,0.0,0.0
6493,NS1,0.0,90.0,1.0,0.0,0.0
6588,NS1,0.0,90.0,1.0,0.0,0.0
6683,NS1,0.0,90.0,1.0,0.0,0.0
6778,NS1,0.0,90.0,1.0,0.0,0.0
6873,NS1,0.0,90.0,1.0,0.0,0.0
6968,NS1,0.0,90.0,1.0,0.0,0.0
7063,NS1,0.0,90.0,1.0,0.0,0.0
7158,NS1,0.0,90.0,1.0,0.0,0.0
7253,NS1,0.0,90.0,1.0,0.0,0.0
7348,NS1,0.0,90.0,1.0,0.0,0.0
7443,NS1,0.0,90.0,1.0,0.0,0.0
7538,NS1,0.0,90.0,1.0,0.0,0.0
7623,NS1,0.0,90.0,1.0,0.0,0.0
7624,NS1,0.0,90.0,1.0,0.0,0.0
7718,NS1,0.0,90.0,1.0,0.0,0.0
7719,NS1,0.0,90.0,1.0,0.0,0.0
7813,NS1,0.0,90.0,1.0,0.0,0.0
7814,NS1,0.0,90.0,1.0,0.0,0.0
7908,NS1,0.0,90.0,1.0,0.0,0.0
7909,NS1,0.0,90.0,1.0,0.0,0.0
8003,NS1,0.0,90.0,1.0,0.0,0.0
8004,NS1,0.0,90.0,1.0,0.0,0.0
8098,NS1,0.0,90.0,1.0,0.0,0.0
8099,NS1,0.0,90.0,1.0,0.0,0.0
8193,NS1,0.0,90.0,1.0,0.0,0.0
8194,NS1,0.0,90.0,1.0,0.0,0.0
8288,NS1,0.0,90.0,1.0,0.0,0.0
8289,NS1,0.0,90.0,1.0,0.0,0.0
8383,NS1,0.0,90.0,1.0,0.0,0.0
8384,NS1,0.0,90.0,1.0,0.0,0.0
8478,NS1,0.0,90.0,1.0,0.0,0.0
8479,NS1,0.0,90.0,1.0,0.0,0.0
8573,NS1,0.0,90.0,1.0,0.0,0.0
8574,NS1,0.0,90.0,1.0,0.0,0.0
8668,NS1,0.0,90.0,1.0,0.0,0.0
8669,NS1,0.0,90.0,1.0,0.0,0.0
8763,NS1,0.0,90.0,1.0,0.0,0.0
8764,NS1,0.0,90.0,1.0,0.0,0.0
8858,NS1,0.0,90.0,1.0,0.0,0.0
8859,NS1,0.0,90.0,1.0,0.0,0.0
8953,NS1,0.0,90.0,1.0,0.0,0.0
8954,NS1,0.0,90.0,1.0,0.0,0.0
9048,NS1,0.0,90.0,1.0,0.0,0.0
9049,NS1,0.0,90.0,1.0,0.0,0.0
9050,NS1,0.0,90.0,1.0,0.0,0.0
9051,NS1,0.0,90.0,1.0,0.0,0.0
9145,NS1,0.0,90.0,1.0,0.0,0.0
9146,NS1,0.0,90.0,1.0,0.0,0.0
9240,NS1,0.0,90.0,1.0,0.0,0.0
9241,NS1,0.0,90.0,1.0,0.0,0.0
9335,NS1,0.0,90.0,1.0,0.0,0.0
9336,NS1,0.0,90.0,1.0,0.0,0.0
9430,NS1,0.0,90.0,1.0,0.0,0.0
9431,NS1,0.0,90.0,1.0,0.0,0.0
9525,NS1,0.0,90.0,1.0,0.0,0.0
9526,NS1,0.0,90.0,1.0,0.0,0.0
9620,NS1,0.0,90.0,1.0,0.0,0.0
9621,NS1,0.0,90.0,1.0,0.0,0.0
9715,NS1,0.0,90.0,1.0,0.0,0.0
9716,NS1,0.0,90.0,1.0,0.0,0.0
9810,NS1,0.0,90.0,1.0,0.0,0.0
9811,NS1,0.0,90.0,1.0,0.0,0.0
9905,NS1,0.0,90.0,1.0,0.0,0.0
9906,NS1,0.0,90.0,1.0,0.0,0.0
10000,NS1,0.0,90.0,1.0,0.0,0.0
10001,NS1,0.0,90.0,1.0,0.0,0.0
10095,NS1,0.0,90.0,1.0,0.0,0.0
10096,NS1,0.0,90.0,1.0,0.0,0.0
10097,NS1,0.0,90.0,1.0,0.0,0.0
10098,NS1,0.0,90.0,1.0,0.0,0.0
10192,NS1,0.0,90.0,1.0,0.0,0.0
10193,NS1,0.0,90.0,1.0,0.0,0.0
10287,NS1,0.0,90.0,1.0,0.0,0.0
10288,NS1,0.0,90.0,1.0,0.0,0.0
10382,NS1,0.0,90.0,1.0,0.0,0.0
10383,NS1,0.0,90.0,1.0,0.0,0.0
10477,NS1,0.0,90.0,1.0,0.0,0.0
10478,NS1,0.0,90.0,1.0,0.0,0.0
10572,NS1,0.0,90.0,1.0,0.0,0.0
10573,NS1,0.0,90.0,1.0,0.0,0.0
10667,NS1,0.0,90.0,1.0,0.0,0.0
10668,NS1,0.0,90.0,1.0,0.0,0.0
10762,NS1,0.0,90.0,1.0,0.0,0.0
10763,NS1,0.0,90.0,1.0,0.0,0.0
10857,NS1,0.0,90.0,1.0,0.0,0.0
10858,NS1,0.0,90.0,1.0,0.0,0.0
10952,NS1,0.0,90.0,1.0,0.0,0.0
10953,NS1,0.0,90.0,1.0,0.0,0.0
11047,NS1,0.0,90.0,1.0,0.0,0.0
11048,NS1,0.0,90.0,1.0,0.0,0.0
11142,NS1,0.0,90.0,1.0,0.0,0.0
11143,NS1,0.0,90.0,1.0,0.0,0.0
11144,NS1,0.0,90.0,1.0,0.0,0.0
11145,NS1,0.0,90.0,1.0,0.0,0.0
11239,NS1,0.0,90.0,1.0,0.0,0.0
11240,NS1,0.0,90.0,1.0,0.0,0.0
11334,NS1,0.0,90.0,1.0,0.0,0.0
11335,NS1,0.0,90.0,1.0,0.0,0.0
11429,NS1,0.0,90.0,1.0,0.0,0.0
11430,NS1,0.0,90.0,1.0,0.0,0.0
11524,NS1,0.0,90.0,1.0,0.0,0.0
11525,NS1,0.0,90.0,1.0,0.0,0.0
11619,NS1,0.0,90.0,1.0,0.0,0.0
11620,NS1,0.0,90.0,1.0,0.0,0.0
11714,NS1,0.0,90.0,1.0,0.0,0.0
11715,NS1,0.0,90.0,1.0,0.0,0.0
11809,NS1,0.0,90.0,1.0,0.0,0.0
11810,NS1,0.0,90.0,1.0,0.0,0.0
11904,NS1,0.0,90.0,1.0,0.0,0.0
11905,NS1,0.0,90.0,1.0,0.0,0.0
11999,NS1,0.0,90.0,1.0,0.0,0.0
12000,NS1,0.0,90.0,1.0,0.0,0.0
12094,NS1,0.0,90.0,1.0,0.0,0.0
12095,NS1,0.0,90.0,1.0,0.0,0.0
12189,NS1,0.0,90.0,1.0,0.0,0.0
12190,NS1,0.0,90.0,1.0,0.0,0.0
12191,NS1,0.0,90.0,1.0,0.0,0.0
12192,NS1,0.0,90.0,1.0,0.0,0.0
12286,NS1,0.0,90.0,1.0,0.0,0.0
12287,NS1,0.0,90.0,1.0,0.0,0.0
12381,NS1,0.0,90.0,1.0,0.0,0.0
12382,NS1,0.0,90.0,1.0,0.0,0.0
12476,NS1,0.0,90.0,1.0,0.0,0.0
12477,NS1,0.0,90.0,1.0,0.0,0.0
12571,NS1,0.0,90.0,1.0,0.0,0.0
12572,NS1,0.0,90.0,1.0,0.0,0.0
12666,NS1,0.0,90.0,1.0,0.0,0.0
12667,NS1,0.0,90.0,1.0,0.0,0.0
12761,NS1,0.0,90.0,1.0,0.0,0.0
12762,NS1,0.0,90.0,1.0,0.0,0.0
12856,NS1,0.0,90.0,1.0,0.0,0.0
12857,NS1,0.0,90.0,1.0,0.0,0.0
12951,NS1,0.0,90.0,1.0,0.0,0.0
12952,NS1,0.0,90.0,1.0,0.0,0.0
13046,NS1,0.0,90.0,1.0,0.0,0.0
13047,NS1,0.0,90.0,1.0,0.0,0.0
13141,NS1,0.0,90.0,1.0,0.0,0.0
13142,NS1,0.0,90.0,1.0,0.0,0.0
13236,NS1,0.0,90.0,1.0,0.0,0.0
13237,NS1,0.0,90.0,1.0,0.0,0.0
13238,NS1,0.0,90.0,1.0,0.0,0.0
13333,NS1,0.0,90.0,1.0,0.0,0.0
13428,NS1,0.0,90.0,1.0,0.0,0.0
13523,NS1,0.0,90.0,1.0,0.0,0.0
13618,NS1,0.0,90.0,1.0,0.0,0.0
13713,NS1,0.0,90.0,1.0,0.0,0.0
13808,NS1,0.0,90.0,1.0,0.0,0.0
13903,NS1,0.0,90.0,1.0,0.0,0.0
13998,NS1,0.0,90.0,1.0,0.0,0.0
14093,NS1,0.0,90.0,1.0,0.0,0.0
14188,NS1,0.0,90.0,1.0,0.0,0.0
14283,NS1,0.0,90.0,1.0,0.0,0.0
14378,NS1,0.0,90.0,1.0,0.0,0.0
14473,NS1,0.0,90.0,1.0,0.0,0.0
14568,NS1,0.0,90.0,1.0,0.0,0.0
14663,NS1,0.0,90.0,1.0,0.0,0.0
14758,NS1,0.0,90.0,1.0,0.0,0.0
14853,NS1,0.0,90.0,1.0,0.0,0.0
14948,NS1,0.0,90.0,1.0,0.0,0.0
15043,NS1,0.0,90.0,1.0,0.0,0.0
15138,NS1,0.0,90.0,1.0,0.0,0.0
15223,NS1,0.0,90.0,1.0,0.0,0.0
15224,NS1,0.0,90.0,1.0,0.0,0.0
15318,NS1,0.0,90.0,1.0,0.0,0.0
15319,NS1,0.0,90.0,1.0,0.0,0.0
15413,NS1,0.0,90.0,1.0,0.0,0.0
15414,NS1,0.0,90.0,1.0,0.0,0.0
15508,NS1,0.0,90.0,1.0,0.0,0.0
15509,NS1,0.0,90.0,1.0,0.0,0.0
15603,NS1,0.0,90.0,1.0,0.0,0.0
15604,NS1,0.0,90.0,1.0,0.0,0.0
15698,NS1,0.0,90.0,1.0,0.0,0.0
15699,NS1,0.0,90.0,1.0,0.0,0.0
15793,NS1,0.0,90.0,1.0,0.0,0.0
15794,NS1,0.0,90.0,1.0,0.0,0.0
15888,NS1,0.0,90.0,1.0,0.0,0.0
15889,NS1,0.0,90.0,1.0,0.0,0.0
15983,NS1,0.0,90.0,1.0,0.0,0.0
15984,NS1,0.0,90.0,1.0,0.0,0.0
16078,NS1,0.0,90.0,1.0,0.0,0.0
16079,NS1,0.0,90.0,1.0,0.0,0.0
16173,NS1,0.0,90.0,1.0,0.0,0.0
16174,NS1,0.0,90.0,1.0,0.0,0.0
16268,NS1,0.0,90.0,1.0,0.0,0.0
16269,NS1,0.0,90.0,1.0,0.0,0.0
16363,NS1,0.0,90.0,1.0,0.0,0.0
16364,NS1,0.0,90.0,1.0,0.0,0.0
16458,NS1,0.0,90.0,1.0,0.0,0.0
16459,NS1,0.0,90.0,1.0,0.0,0.0
16553,NS1,0.0,90.0,1.0,0.0,0.0
16554,NS1,0.0,90.0,1.0,0.0,0.0
16648,NS1,0.0,90.0,1.0,0.0,0.0
16649,NS1,0.0,90.0,1.0,0.0,0.0
16650,NS1,0.0,90.0,1.0,0.0,0.0
16651,NS1,0.0,90.0,1.0,0.0,0.0
16745,NS1,0.0,90.0,1.0,0.0,0.0
16746,NS1,0.0,90.0,1.0,0.0,0.0
16840,NS1,0.0,90.0,1.0,0.0,0.0
16841,NS1,0.0,90.0,1.0,0.0,0.0
16935,NS1,0.0,90.0,1.0,0.0,0.0
16936,NS1,0.0,90.0,1.0,0.0,0.0
17030,NS1,0.0,90.0,1.0,0.0,0.0
17031,NS1,0.0,90.0,1.0,0.0,0.0
17125,NS1,0.0,90.0,1.0,0.0,0.0
17126,NS1,0.0,90.0,1.0,0.0,0.0
17220,NS1,0.0,90.0,1.0,0.0,0.0
17221,NS1,0.0,90.0,1.0,0.0,0.0
17315,NS1,0.0,90.0,1.0,0.0,0.0
17316,NS1,0.0,90.0,1.0,0.0,0.0
17410,NS1,0.0,90.0,1.0,0.0,0.0
17411,NS1,0.0,90.0,1.0,0.0,0.0
17505,NS1,0.0,90.0,1.0,0.0,0.0
17506,NS1,0.0,90.0,1.0,0.0,0.0
17600,NS1,0.0,90.0,1.0,0.0,0.0
17601,NS1,0.0,90.0,1.0,0.0,0.0
17695,NS1,0.0,90.0,1.0,0.0,0.0
17696,NS1,0.0,90.0,1.0,0.0,0.0
17697,NS1,0.0,90.0,1.0,0.0,0.0
17698,NS1,0.0,90.0,1.0,0.0,0.0
17792,NS1,0.0,90.0,1.0,0.0,0.0
17793,NS1,0.0,90.0,1.0,0.0,0.0
17887,NS1,0.0,90.0,1.0,0.0,0.0
17888,NS1,0.0,90.0,1.0,0.0,0.0
17982,NS1,0.0,90.0,1.0,0.0,0.0
17983,NS1,0.0,90.0,1.0,0.0,0.0
18077,NS1,0.0,90.0,1.0,0.0,0.0
18078,NS1,0.0,90.0,1.0,0.0,0.0
18172,NS1,0.0,90.0,1.0,0.0,0.0
18173,NS1,0.0,90.0,1.0,0.0,0.0
18267,NS1,0.0,90.0,1.0,0.0,0.0
18268,NS1,0.0,90.0,1.0,0.0,0.0
18362,NS1,0.0,90.0,1.0,0.0,0.0
18363,NS1,0.0,90.0,1.0,0.0,0.0
18457,NS1,0.0,90.0,1.0,0.0,0.0
18458,NS1,0.0,90.0,1.0,0.0,0.0
18552,NS1,0.0,90.0,1.0,0.0,0.0
18553,NS1,0.0,90.0,1.0,0.0,0.0
18647,NS1,0.0,90.0,1.0,0.0,0.0
18648,NS1,0.0,90.0,1.0,0.0,0.0
18742,NS1,0.0,90.0,1.0,0.0,0.0
18743,NS1,0.0,90.0,1.0,0.0,0.0
18744,NS1,0.0,90.0,1.0,0.0,0.0
18745,NS1,0.0,90.0,1.0,0.0,0.0
18839,NS1,0.0,90.0,1.0,0.0,0.0
18840,NS1,0.0,90.0,1.0,0.0,0.0
18934,NS1,0.0,90.0,1.0,0.0,0.0
18935,NS1,0.0,90.0,1.0,0.0,0.0
19029,NS1,0.0,90.0,1.0,0.0,0.0
19030,NS1,0.0,90.0,1.0,0.0,0.0
19124,NS1,0.0,90.0,1.0,0.0,0.0
19125,NS1,0.0,90.0,1.0,0.0,0.0
19219,NS1,0.0,90.0,1.0,0.0,0.0
19220,NS1,0.0,90.0,1.0,0.0,0.0
19314,NS1,0.0,90.0,1.0,0.0,0.0
19315,NS1,0.0,90.0,1.0,0.0,0.0
19409,NS1,0.0,90.0,1.0,0.0,0.0
19410,NS1,0.0,90.0,1.0,0.0,0.0
19504,NS1,0.0,90.0,1.0,0.0,0.0
19505,NS1,0.0,90.0,1.0,0.0,0.0
19599,NS1,0.0,90.0,1.0,0.0,0.0
19600,NS1,0.0,90.0,1.0,0.0,0.0
19694,NS1,0.0,90.0,1.0,0.0,0.0
19695,NS1,0.0,90.0,1.0,0.0,0.0
19789,NS1,0.0,90.0,1.0,0.0,0.0
19790,NS1,0.0,90.0,1.0,0.0,0.0
19791,NS1,0.0,90.0,1.0,0.0,0.0
19792,NS1,0.0,90.0,1.0,0.0,0.0
19886,NS1,0.0,90.0,1.0,0.0,0.0
19887,NS1,0.0,90.0,1.0,0.0,0.0
19981,NS1,0.0,90.0,1.0,0.0,0.0
19982,NS1,0.0,90.0,1.0,0.0,0.0
20076,NS1,0.0,90.0,1.0,0.0,0.0
20077,NS1,0.0,90.0,1.0,0.0,0.0
20171,NS1,0.0,90.0,1.0,0.0,0.0
20172,NS1,0.0,90.0,1.0,0.0,0.0
20266,NS1,0.0,90.0,1.0,0.0,0.0
20267,NS1,0.0,90.0,1.0,0.0,0.0
20361,NS1,0.0,90.0,1.0,0.0,0.0
20362,NS1,0.0,90.0,1.0,0.0,0.0
20456,NS1,0.0,90.0,1.0,0.0,0.0
20457,NS1,0.0,90.0,1.0,0.0,0.0
20551,NS1,0.0,90.0,1.0,0.0,0.0
20552,NS1,0.0,90.0,1.0,0.0,0.0
20646,NS1,0.0,90.0,1.0,0.0,0.0
20647,NS1,0.0,90.0,1.0,0.0,0.0
20741,NS1,0.0,90.0,1.0,0.0,0.0
20742,NS1,0.0,90.0,1.0,0.0,0.0
20836,NS1,0.0,90.0,1.0,0.0,0.0
20837,NS1,0.0,90.0,1.0,0.0,0.0
20838,NS1,0.0,90.0,1.0,0.0,0.0
20933,NS1,0.0,90.0,1.0,0.0,0.0
21028,NS1,0.0,90.0,1.0,0.0,0.0
21123,NS1,0.0,90.0,1.0,0.0,0.0
21218,NS1,0.0,90.0,1.0,0.0,0.0
21313,NS1,0.0,90.0,1.0,0.0,0.0
21408,NS1,0.0,90.0,1.0,0.0,0.0
21503,NS1,0.0,90.0,1.0,0.0,0.0
21598,NS1,0.0,90.0,1.0,0.0,0.0
21693,NS1,0.0,90.0,1.0,0.0,0.0
21788,NS1,0.0,90.0,1.0,0.0,0.0
21883,NS1,0.0,90.0,1.0,0.0,0.0
21978,NS1,0.0,90.0,1.0,0.0,0.0
22073,NS1,0.0,90.0,1.0,0.0,0.0
22168,NS1,0.0,90.0,1.0,0.0,0.0
22263,NS1,0.0,90.0,1.0,0.0,0.0
22358,NS1,0.0,90.0,1.0,0.0,0.0
22453,NS1,0.0,90.0,1.0,0.0,0.0
22548,NS1,0.0,90.0,1.0,0.0,0.0
22643,NS1,0.0,90.0,1.0,0.0,0.0
22738,NS1,0.0,90.0,1.0,0.0,0.0
22823,NS1,0.0,90.0,1.0,0.0,0.0
22824,NS1,0.0,90.0,1.0,0.0,0.0
22918,NS1,0.0,90.0,1.0,0.0,0.0
22919,NS1,0.0,90.0,1.0,0.0,0.0
23013,NS1,0.0,90.0,1.0,0.0,0.0
23014,NS1,0.0,90.0,1.0,0.0,0.0
23108,NS1,0.0,90.0,1.0,0.0,0.0
23109,NS1,0.0,90.0,1.0,0.0,0.0
23203,NS1,0.0,90.0,1.0,0.0,0.0
23204,NS1,0.0,90.0,1.0,0.0,0.0
23298,NS1,0.0,90.0,1.0,0.0,0.0
23299,NS1,0.0,90.0,1.0,0.0,0.0
23393,NS1,0.0,90.0,1.0,0.0,0.0
23394,NS1,0.0,90.0,1.0,0.0,0.0
23488,NS1,0.0,90.0,1.0,0.0,0.0
23489,NS1,0.0,90.0,1.0,0.0,0.0
23583,NS1,0.0,90.0,1.0,0.0,0.0
23584,NS1,0.0,90.0,1.0,0.0,0.0
23678,NS1,0.0,90.0,1.0,0.0,0.0
23679,NS1,0.0,90.0,1.0,0.0,0.0
23773,NS1,0.0,90.0,1.0,0.0,0.0
23774,NS1,0.0,90.0,1.0,0.0,0.0
23868,NS1,0.0,90.0,1.0,0.0,0.0
23869,NS1,0.0,90.0,1.0,0.0,0.0
23963,NS1,0.0,90.0,1.0,0.0,0.0
23964,NS1,0.0,90.0,1.0,0.0,0.0
24058,NS1,0.0,90.0,1.0,0.0,0.0
24059,NS1,0.0,90.0,1.0,0.0,0.0
24153,NS1,0.0,90.0,1.0,0.0,0.0
24154,NS1,0.0,90.0,1.0,0.0,0.0
24248,NS1,0.0,90.0,1.0,0.0,0.0
24249,NS1,0.0,90.0,1.0,0.0,0.0
24250,NS1,0.0,90.0,1.0,0.0,0.0
24251,NS1,0.0,90.0,1.0,0.0,0.0
24345,NS1,0.0,90.0,1.0,0.0,0.0
24346,NS1,0.0,90.0,1.0,0.0,0.0
24440,NS1,0.0,90.0,1.0,0.0,0.0
24441,NS1,0.0,90.0,1.0,0.0,0.0
24535,NS1,0.0,90.0,1.0,0.0,0.0
24536,NS1,0.0,90.0,1.0,0.0,0.0
24630,NS1,0.0,90.0,1.0,0.0,0.0
24631,NS1,0.0,90.0,1.0,0.0,0.0
24725,NS1,0.0,90.0,1.0,0.0,0.0
24726,NS1,0.0,90.0,1.0,0.0,0.0
24820,NS1,0.0,90.0,1.0,0.0,0.0
24821,NS1,0.0,90.0,1.0,0.0,0.0
24915,NS1,0.0,90.0,1.0,0.0,0.0
24916,NS1,0.0,90.0,1.0,0.0,0.0
25010,NS1,0.0,90.0,1.0,0.0,0.0
25011,NS1,0.0,90.0,1.0,0.0,0.0
25105,NS1,0.0,90.0,1.0,0.0,0.0
25106,NS1,0.0,90.0,1.0,0.0,0.0
25200,NS1,0.0,90.0,1.0,0.0,0.0
25201,NS1,0.0,90.0,1.0,0.0,0.0
25295,NS1,0.0,90.0,1.0,0.0,0.0
25296,NS1,0.0,90.0,1.0,0.0,0.0
25297,NS1,0.0,90.0,1.0,0.0,0.0
25298,NS1,0.0,90.0,1.0,0.0,0.0
25392,NS1,0.0,90.0,1.0,0.0,0.0
25393,NS1,0.0,90.0,1.0,0.0,0.0
25487,NS1,0.0,90.0,1.0,0.0,0.0
25488,NS1,0.0,90.0,1.0,0.0,0.0
25582,NS1,0.0,90.0,1.0,0.0,0.0
25583,NS1,0.0,90.0,1.0,0.0,0.0
25677,NS1,0.0,90.0,1.0,0.0,0.0
25678,NS1,0.0,90.0,1.0,0.0,0.0
25772,NS1,0.0,90.0,1.0,0.0,0.0
25773,NS1,0.0,90.0,1.0,0.0,0.0
25867,NS1,0.0,90.0,1.0,0.0,0.0
25868,NS1,0.0,90.0,1.0,0.0,0.0
25962,NS1,0.0,90.0,1.0,0.0,0.0
25963,NS1,0.0,90.0,1.0,0.0,0.0
26057,NS1,0.0,90.0,1.0,0.0,0.0
26058,NS1,0.0,90.0,1.0,0.0,0.0
26152,NS1,0.0,90.0,1.0,0.0,0.0
26153,NS1,0.0,90.0,1.0,0.0,0.0
26247,NS1,0.0,90.0,1.0,0.0,0.0
26248,NS1,0.0,90.0,1.0,0.0,0.0
26342,NS1,0.0,90.0,1.0,0.0,0.0
26343,NS1,0.0,90.0,1.0,0.0,0.0
26344,NS1,0.0,90.0,1.0,0.0,0.0
26345,NS1,0.0,90.0,1.0,0.0,0.0
26439,NS1,0.0,90.0,1.0,0.0,0.0
26440,NS1,0.0,90.0,1.0,0.0,0.0
26534,NS1,0.0,90.0,1.0,0.0,0.0
26535,NS1,0.0,90.0,1.0,0.0,0.0
26629,NS1,0.0,90.0,1.0,0.0,0.0
26630,NS1,0.0,90.0,1.0,0.0,0.0
26724,NS1,0.0,90.0,1.0,0.0,0.0
26725,NS1,0.0,90.0,1.0,0.0,0.0
26819,NS1,0.0,90.0,1.0,0.0,0.0
26820,NS1,0.0,90.0,1.0,0.0,0.0
26914,NS1,0.0,90.0,1.0,0.0,0.0
26915,NS1,0.0,90.0,1.0,0.0,0.0
27009,NS1,0.0,90.0,1.0,0.0,0.0
27010,NS1,0.0,90.0,1.0,0.0,0.0
27104,NS1,0.0,90.0,1.0,0.0,0.0
27105,NS1,0.0,90.0,1.0,0.0,0.0
27199,NS1,0.0,90.0,1.0,0.0,0.0
27200,NS1,0.0,90.0,1.0,0.0,0.0
27294,NS1,0.0,90.0,1.0,0.0,0.0
27295,NS1,0.0,90.0,1.0,0.0,0.0
27389,NS1,0.0,90.0,1.0,0.0,0.0
27390,NS1,0.0,90.0,1.0,0.0,0.0
27391,NS1,0.0,90.0,1.0,0.0,0.0
27392,NS1,0.0,90.0,1.0,0.0,0.0
27486,NS1,0.0,90.0,1.0,0.0,0.0
27487,NS1,0.0,90.0,1.0,0.0,0.0
27581,NS1,0.0,90.0,1.0,0.0,0.0
27582,NS1,0.0,90.0,1.0,0.0,0.0
27676,NS1,0.0,90.0,1.0,0.0,0.0
27677,NS1,0.0,90.0,1.0,0.0,0.0
27771,NS1,0.0,90.0,1.0,0.0,0.0
27772,NS1,0.0,90.0,1.0,0.0,0.0
27866,NS1,0.0,90.0,1.0,0.0,0.0
27867,NS1,0.0,90.0,1.0,0.0,0.0
27961,NS1,0.0,90.0,1.0,0.0,0.0
27962,NS1,0.0,90.0,1.0,0.0,0.0
28056,NS1,0.0,90.0,1.0,0.0,0.0
28057,NS1,0.0,90.0,1.0,0.0,0.0
28151,NS1,0.0,90.0,1.0,0.0,0.0
28152,NS1,0.0,90.0,1.0,0.0,0.0
28246,NS1,0.0,90.0,1.0,0.0,0.0
28247,NS1,0.0,90.0,1.0,0.0,0.0
28341,NS1,0.0,90.0,1.0,0.0,0.0
28342,NS1,0.0,90.0,1.0,0.0,0.0
28436,NS1,0.0,90.0,1.0,0.0,0.0
28437,NS1,0.0,90.0,1.0,0.0,0.0
28438,NS1,0.0,90.0,1.0,0.0,0.0
28533,NS1,0.0,90.0,1.0,0.0,0.0
28628,NS1,0.0,90.0,1.0,0.0,0.0
28723,NS1,0.0,90.0,1.0,0.0,0.0
28818,NS1,0.0,90.0,1.0,0.0,0.0
28913,NS1,0.0,90.0,1.0,0.0,0.0
29008,NS1,0.0,90.0,1.0,0.0,0.0
29103,NS1,0.0,90.0,1.0,0.0,0.0
29198,NS1,0.0,90.0,1.0,0.0,0.0
29293,NS1,0.0,90.0,1.0,0.0,0.0
29388,NS1,0.0,90.0,1.0,0.0,0.0
29483,NS1,0.0,90.0,1.0,0.0,0.0
29578,NS1,0.0,90.0,1.0,0.0,0.0
29673,NS1,0.0,90.0,1.0,0.0,0.0
29768,NS1,0.0,90.0,1.0,0.0,0.0
29863,NS1,0.0,90.0,1.0,0.0,0.0
29958,NS1,0.0,90.0,1.0,0.0,0.0
30053,NS1,0.0,90.0,1.0,0.0,0.0
30148,NS1,0.0,90.0,1.0,0.0,0.0
30243,NS1,0.0,90.0,1.0,0.0,0.0
30338,NS1,0.0,90.0,1.0,0.0,0.0
30423,NS1,0.0,90.0,1.0,0.0,0.0
30424,NS1,0.0,90.0,1.0,0.0,0.0
30518,NS1,0.0,90.0,1.0,0.0,0.0
30519,NS1,0.0,90.0,1.0,0.0,0.0
30613,NS1,0.0,90.0,1.0,0.0,0.0
30614,NS1,0.0,90.0,1.0,0.0,0.0
30708,NS1,0.0,90.0,1.0,0.0,0.0
30709,NS1,0.0,90.0,1.0,0.0,0.0
30803,NS1,0.0,90.0,1.0,0.0,0.0
30804,NS1,0.0,90.0,1.0,0.0,0.0
30898,NS1,0.0,90.0,1.0,0.0,0.0
30899,NS1,0.0,90.0,1.0,0.0,0.0
30993,NS1,0.0,90.0,1.0,0.0,0.0
30994,NS1,0.0,90.0,1.0,0.0,0.0
31088,NS1,0.0,90.0,1.0,0.0,0.0
31089,NS1,0.0,90.0,1.0,0.0,0.0
31183,NS1,0.0,90.0,1.0,0.0,0.0
31184,NS1,0.0,90.0,1.0,0.0,0.0
31278,NS1,0.0,90.0,1.0,0.0,0.0
31279,NS1,0.0,90.0,1.0,0.0,0.0
31373,NS1,0.0,90.0,1.0,0.0,0.0
31374,NS1,0.0,90.0,1.0,0.0,0.0
31468,NS1,0.0,90.0,1.0,0.0,0.0
31469,NS1,0.0,90.0,1.0,0.0,0.0
31563,NS1,0.0,90.0,1.0,0.0,0.0
31564,NS1,0.0,90.0,1.0,0.0,0.0
31658,NS1,0.0,90.0,1.0,0.0,0.0
31659,NS1,0.0,90.0,1.0,0.0,0.0
31753,NS1,0.0,90.0,1.0,0.0,0.0
31754,NS1,0.0,90.0,1.0,0.0,0.0
31848,NS1,0.0,90.0,1.0,0.0,0.0
31849,NS1,0.0,90.0,1.0,0.0,0.0
31850,NS1,0.0,90.0,1.0,0.0,0.0
31851,NS1,0.0,90.0,1.0,0.0,0.0
31945,NS1,0.0,90.0,1.0,0.0,0.0
31946,NS1,0.0,90.0,1.0,0.0,0.0
32040,NS1,0.0,90.0,1.0,0.0,0.0
32041,NS1,0.0,90.0,1.0,0.0,0.0
32135,NS1,0.0,90.0,1.0,0.0,0.0
32136,NS1,0.0,90.0,1.0,0.0,0.0
32230,NS1,0.0,90.0,1.0,0.0,0.0
32231,NS1,0.0,90.0,1.0,0.0,0.0
32325,NS1,0.0,90.0,1.0,0.0,0.0
32326,NS1,0.0,90.0,1.0,0.0,0.0
32420,NS1,0.0,90.0,1.0,0.0,0.0
32421,NS1,0.0,90.0,1.0,0.0,0.0
32515,NS1,0.0,90.0,1.0,0.0,0.0
32516,NS1,0.0,90.0,1.0,0.0,0.0
32610,NS1,0.0,90.0,1.0,0.0,0.0
32611,NS1,0.0,90.0,1.0,0.0,0.0
32705,NS1,0.0,90.0,1.0,0.0,0.0
32706,NS1,0.0,90.0,1.0,0.0,0.0
32800,NS1,0.0,90.0,1.0,0.0,0.0
32801,NS1,0.0,90.0,1.0,0.0,0.0
32895,NS1,0.0,90.0,1.0,0.0,0.0
32896,NS1,0.0,90.0,1.0,0.0,0.0
32897,NS1,0.0,90.0,1.0,0.0,0.0
32898,NS1,0.0,90.0,1.0,0.0,0.0
32992,NS1,0.0,90.0,1.0,0.0,0.0
32993,NS1,0.0,90.0,1.0,0.0,0.0
33087,NS1,0.0,90.0,1.0,0.0,0.0
33088,NS1,0.0,90.0,1.0,0.0,0.0
33182,NS1,0.0,90.0,1.0,0.0,0.0
33183,NS1,0.0,90.0,1.0,0.0,0.0
33277,NS1,0.0,90.0,1.0,0.0,0.0
33278,NS1,0.0,90.0,1.0,0.0,0.0
33372,NS1,0.0,90.0,1.0,0.0,0.0
33373,NS1,0.0,90.0,1.0,0.0,0.0
33467,NS1,0.0,90.0,1.0,0.0,0.0
33468,NS1,0.0,90.0,1.0,0.0,0.0
33562,NS1,0.0,90.0,1.0,0.0,0.0
33563,NS1,0.0,90.0,1.0,0.0,0.0
33657,NS1,0.0,90.0,1.0,0.0,0.0
33658,NS1,0.0,90.0,1.0,0.0,0.0
33752,NS1,0.0,90.0,1.0,0.0,0.0
33753,NS1,0.0,90.0,1.0,0.0,0.0
33847,NS1,0.0,90.0,1.0,0.0,0.0
33848,NS1,0.0,90.0,1.0,0.0,0.0
33942,NS1,0.0,90.0,1.0,0.0,0.0
33943,NS1,0.0,90.0,1.0,0.0,0.0
33944,NS1,0.0,90.0,1.0,0.0,0.0
33945,NS1,0.0,90.0,1.0,0.0,0.0
34039,NS1,0.0,90.0,1.0,0.0,0.0
34040,NS1,0.0,90.0,1.0,0.0,0.0
34134,NS1,0.0,90.0,1.0,0.0,0.0
34135,NS1,0.0,90.0,1.0,0.0,0.0
34229,NS1,0.0,90.0,1.0,0.0,0.0
34230,NS1,0.0,90.0,1.0,0.0,0.0
34324,NS1,0.0,90.0,1.0,0.0,0.0
34325,NS1,0.0,90.0,1.0,0.0,0.0
34419,NS1,0.0,90.0,1.0,0.0,0.0
34420,NS1,0.0,90.0,1.0,0.0,0.0
34514,NS1,0.0,90.0,1.0,0.0,0.0
34515,NS1,0.0,90.0,1.0,0.0,0.0
34609,NS1,0.0,90.0,1.0,0.0,0.0
34610,NS1,0.0,90.0,1.0,0.0,0.0
34704,NS1,0.0,90.0,1.0,0.0,0.0
34705,NS1,0.0,90.0,1.0,0.0,0.0
34799,NS1,0.0,90.0,1.0,0.0,0.0
34800,NS1,0.0,90.0,1.0,0.0,0.0
34894,NS1,0.0,90.0,1.0,0.0,0.0
34895,NS1,0.0,90.0,1.0,0.0,0.0
34989,NS1,0.0,90.0,1.0,0.0,0.0
34990,NS1,0.0,90.0,1.0,0.0,0.0
34991,NS1,0.0,90.0,1.0,0.0,0.0
34992,NS1,0.0,90.0,1.0,0.0,0.0
35086,NS1,0.0,90.0,1.0,0.0,0.0
35087,NS1,0.0,90.0,1.0,0.0,0.0
35181,NS1,0.0,90.0,1.0,0.0,0.0
35182,NS1,0.0,90.0,1.0,0.0,0.0
35276,NS1,0.0,90.0,1.0,0.0,0.0
35277,NS1,0.0,90.0,1.0,0.0,0.0
35371,NS1,0.0,90.0,1.0,0.0,0.0
35372,NS1,0.0,90.0,1.0,0.0,0.0
35466,NS1,0.0,90.0,1.0,0.0,0.0
35467,NS1,0.0,90.0,1.0,0.0,0.0
35561,NS1,0.0,90.0,1.0,0.0,0.0
35562,NS1,0.0,90.0,1.0,0.0,0.0
35656,NS1,0.0,90.0,1.0,0.0,0.0
35657,NS1,0.0,90.0,1.0,0.0,0.0
35751,NS1,0.0,90.0,1.0,0.0,0.0
35752,NS1,0.0,90.0,1.0,0.0,0.0
35846,NS1,0.0,90.0,1.0,0.0,0.0
35847,NS1,0.0,90.0,1.0,0.0,0.0
35941,NS1,0.0,90.0,1.0,0.0,0.0
35942,NS1,0.0,90.0,1.0,0.0,0.0
36036,NS1,0.0,90.0,1.0,0.0,0.0
36037,NS1,0.0,90.0,1.0,0.0,0.0
36038,NS1,0.0,90.0,1.0,0.0,0.0
36133,NS1,0.0,90.0,1.0,0.0,0.0
36228,NS1,0.0,90.0,1.0,0.0,0.0
36323,NS1,0.0,90.0,1.0,0.0,0.0
36418,NS1,0.0,90.0,1.0,0.0,0.0
36513,NS1,0.0,90.0,1.0,0.0,0.0
36608,NS1,0.0,90.0,1.0,0.0,0.0
36703,NS1,0.0,90.0,1.0,0.0,0.0
36798,NS1,0.0,90.0,1.0,0.0,0.0
36893,NS1,0.0,90.0,1.0,0.0,0.0
36988,NS1,0.0,90.0,1.0,0.0,0.0
37083,NS1,0.0,90.0,1.0,0.0,0.0
37178,NS1,0.0,90.0,1.0,0.0,0.0
37273,NS1,0.0,90.0,1.0,0.0,0.0
37368,NS1,0.0,90.0,1.0,0.0,0.0
37463,NS1,0.0,90.0,1.0,0.0,0.0
37558,NS1,0.0,90.0,1.0,0.0,0.0
37653,NS1,0.0,90.0,1.0,0.0,0.0
37748,NS1,0.0,90.0,1.0,0.0,0.0
37843,NS1,0.0,90.0,1.0,0.0,0.0
37938,NS1,0.0,90.0,1.0,0.0,0.0
38023,NS1,0.0,90.0,1.0,0.0,0.0
38024,NS1,0.0,90.0,1.0,0.0,0.0
38118,NS1,0.0,90.0,1.0,0.0,0.0
38119,NS1,0.0,90.0,1.0,0.0,0.0
38213,NS1,0.0,90.0,1.0,0.0,0.0
38214,NS1,0.0,90.0,1.0,0.0,0.0
38308,NS1,0.0,90.0,1.0,0.0,0.0
38309,NS1,0.0,90.0,1.0,0.0,0.0
38403,NS1,0.0,90.0,1.0,0.0,0.0
38404,NS1,0.0,90.0,1.0,0.0,0.0
38498,NS1,0.0,90.0,1.0,0.0,0.0
38499,NS1,0.0,90.0,1.0,0.0,0.0
38593,NS1,0.0,90.0,1.0,0.0,0.0
38594,NS1,0.0,90.0,1.0,0.0,0.0
38688,NS1,0.0,90.0,1.0,0.0,0.0
38689,NS1,0.0,90.0,1.0,0.0,0.0
38783,NS1,0.0,90.0,1.0,0.0,0.0
38784,NS1,0.0,90.0,1.0,0.0,0.0
38878,NS1,0.0,90.0,1.0,0.0,0.0
38879,NS1,0.0,90.0,1.0,0.0,0.0
38973,NS1,0.0,90.0,1.0,0.0,0.0
38974,NS1,0.0,90.0,1.0,0.0,0.0
39068,NS1,0.0,90.0,1.0,0.0,0.0
39069,NS1,0.0,90.0,1.0,0.0,0.0
39163,NS1,0.0,90.0,1.0,0.0,0.0
39164,NS1,0.0,90.0,1.0,0.0,0.0
39258,NS1,0.0,90.0,1.0,0.0,0.0
39259,NS1,0.0,90.0,1.0,0.0,0.0
39353,NS1,0.0,90.0,1.0,0.0,0.0
39354,NS1,0.0,90.0,1.0,0.0,0.0
39448,NS1,0.0,90.0,1.0,0.0,0.0
39449,NS1,0.0,90.0,1.0,0.0,0.0
39450,NS1,0.0,90.0,1.0,0.0,0.0
39451,NS1,0.0,90.0,1.0,0.0,0.0
39545,NS1,0.0,90.0,1.0,0.0,0.0
39546,NS1,0.0,90.0,1.0,0.0,0.0
39640,NS1,0.0,90.0,1.0,0.0,0.0
39641,NS1,0.0,90.0,1.0,0.0,0.0
39735,NS1,0.0,90.0,1.0,0.0,0.0
39736,NS1,0.0,90.0,1.0,0.0,0.0
39830,NS1,0.0,90.0,1.0,0.0,0.0
39831,NS1,0.0,90.0,1.0,0.0,0.0
39925,NS1,0.0,90.0,1.0,0.0,0.0
39926,NS1,0.0,90.0,1.0,0.0,0.0
40020,NS1,0.0,90.0,1.0,0.0,0.0
40021,NS1,0.0,90.0,1.0,0.0,0.0
40115,NS1,0.0,90.0,1.0,0.0,0.0
40116,NS1,0.0,90.0,1.0,0.0,0.0
40210,NS1,0.0,90.0,1.0,0.0,0.0
40211,NS1,0.0,90.0,1.0,0.0,0.0
40305,NS1,0.0,90.0,1.0,0.0,0.0
40306,NS1,0.0,90.0,1.0,0.0,0.0
40400,NS1,0.0,90.0,1.0,0.0,0.0
40401,NS1,0.0,90.0,1.0,0.0,0.0
40495,NS1,0.0,90.0,1.0,0.0,0.0
40496,NS1,0.0,90.0,1.0,0.0,0.0
40497,NS1,0.0,90.0,1.0,0.0,0.0
40498,NS1,0.0,90.0,1.0,0.0,0.0
40592,NS1,0.0,90.0,1.0,0.0,0.0
40593,NS1,0.0,90.0,1.0,0.0,0.0
40687,NS1,0.0,90.0,1.0,0.0,0.0
40688,NS1,0.0,90.0,1.0,0.0,0.0
40782,NS1,0.0,90.0,1.0,0.0,0.0
40783,NS1,0.0,90.0,1.0,0.0,0.0
40877,NS1,0.0,90.0,1.0,0.0,0.0
40878,NS1,0.0,90.0,1.0,0.0,0.0
40972,NS1,0.0,90.0,1.0,0.0,0.0
40973,NS1,0.0,90.0,1.0,0.0,0.0
41067,NS1,0.0,90.0,1.0,0.0,0.0
41068,NS1,0.0,90.0,1.0,0.0,0.0
41162,NS1,0.0,90.0,1.0,0.0,0.0
41163,NS1,0.0,90.0,1.0,0.0,0.0
41257,NS1,0.0,90.0,1.0,0.0,0.0
41258,NS1,0.0,90.0,1.0,0.0,0.0
41352,NS1,0.0,90.0,1.0,0.0,0.0
41353,NS1,0.0,90.0,1.0,0.0,0.0
41447,NS1,0.0,90.0,1.0,0.0,0.0
41448,NS1,0.0,90.0,1.0,0.0,0.0
41542,NS1,0.0,90.0,1.0,0.0,0.0
41543,NS1,0.0,90.0,1.0,0.0,0.0
41544,NS1,0.0,90.0,1.0,0.0,0.0
41545,NS1,0.0,90.0,1.0,0.0,0.0
41639,NS1,0.0,90.0,1.0,0.0,0.0
41640,NS1,0.0,90.0,1.0,0.0,0.0
41734,NS1,0.0,90.0,1.0,0.0,0.0
41735,NS1,0.0,90.0,1.0,0.0,0.0
41829,NS1,0.0,90.0,1.0,0.0,0.0
41830,NS1,0.0,90.0,1.0,0.0,0.0
41924,NS1,0.0,90.0,1.0,0.0,0.0
41925,NS1,0.0,90.0,1.0,0.0,0.0
42019,NS1,0.0,90.0,1.0,0.0,0.0
42020,NS1,0.0,90.0,1.0,0.0,0.0
42114,NS1,0.0,90.0,1.0,0.0,0.0
42115,NS1,0.0,90.0,1.0,0.0,0.0
42209,NS1,0.0,90.0,1.0,0.0,0.0
42210,NS1,0.0,90.0,1.0,0.0,0.0
42304,NS1,0.0,90.0,1.0,0.0,0.0
42305,NS1,0.0,90.0,1.0,0.0,0.0
42399,NS1,0.0,90.0,1.0,0.0,0.0
42400,NS1,0.0,90.0,1.0,0.0,0.0
42494,NS1,0.0,90.0,1.0,0.0,0.0
42495,NS1,0.0,90.0,1.0,0.0,0.0
42589,NS1,0.0,90.0,1.0,0.0,0.0
42590,NS1,0.0,90.0,1.0,0.0,0.0
42591,NS1,0.0,90.0,1.0,0.0,0.0
42592,NS1,0.0,90.0,1.0,0.0,0.0
42686,NS1,0.0,90.0,1.0,0.0,0.0
42687,NS1,0.0,90.0,1.0,0.0,0.0
42781,NS1,0.0,90.0,1.0,0.0,0.0
42782,NS1,0.0,90.0,1.0,0.0,0.0
42876,NS1,0.0,90.0,1.0,0.0,0.0
42877,NS1,0.0,90.0,1.0,0.0,0.0
42971,NS1,0.0,90.0,1.0,0.0,0.0
42972,NS1,0.0,90.0,1.0,0.0,0.0
43066,NS1,0.0,90.0,1.0,0.0,0.0
43067,NS1,0.0,90.0,1.0,0.0,0.0
43161,NS1,0.0,90.0,1.0,0.0,0.0
43162,NS1,0.0,90.0,1.0,0.0,0.0
43256,NS1,0.0,90.0,1.0,0.0,0.0
43257,NS1,0.0,90.0,1.0,0.0,0.0
43351,NS1,0.0,90.0,1.0,0.0,0.0
43352,NS1,0.0,90.0,1.0,0.0,0.0
43446,NS1,0.0,90.0,1.0,0.0,0.0
43447,NS1,0.0,90.0,1.0,0.0,0.0
43541,NS1,0.0,90.0,1.0,0.0,0.0
43542,NS1,0.0,90.0,1.0,0.0,0.0
43636,NS1,0.0,90.0,1.0,0.0,0.0
43637,NS1,0.0,90.0,1.0,0.0,0.0
43638,NS1,0.0,90.0,1.0,0.0,0.0
43733,NS1,0.0,90.0,1.0,0.0,0.0
43828,NS1,0.0,90.0,1.0,0.0,0.0
43923,NS1,0.0,90.0,1.0,0.0,0.0
44018,NS1,0.0,90.0,1.0,0.0,0.0
44113,NS1,0.0,90.0,1.0,0.0,0.0
44208,NS1,0.0,90.0,1.0,0.0,0.0
44303,NS1,0.0,90.0,1.0,0.0,0.0
44398,NS1,0.0,90.0,1.0,0.0,0.0
44493,NS1,0.0,90.0,1.0,0.0,0.0
44588,NS1,0.0,90.0,1.0,0.0,0.0
44683,NS1,0.0,90.0,1.0,0.0,0.0
44778,NS1,0.0,90.0,1.0,0.0,0.0
44873,NS1,0.0,90.0,1.0,0.0,0.0
44968,NS1,0.0,90.0,1.0,0.0,0.0
45063,NS1,0.0,90.0,1.0,0.0,0.0
45158,NS1,0.0,90.0,1.0,0.0,0.0
45253,NS1,0.0,90.0,1.0,0.0,0.0
45348,NS1,0.0,90.0,1.0,0.0,0.0
45443,NS1,0.0,90.0,1.0,0.0,0.0
45538,NS1,0.0,90.0,1.0,0.0,0.0
45623,NS1,0.0,90.0,1.0,0.0,0.0
45624,NS1,0.0,90.0,1.0,0.0,0.0
45718,NS1,0.0,90.0,1.0,0.0,0.0
45719,NS1,0.0,90.0,1.0,0.0,0.0
45813,NS1,0.0,90.0,1.0,0.0,0.0
45814,NS1,0.0,90.0,1.0,0.0,0.0
45908,NS1,0.0,90.0,1.0,0.0,0.0
45909,NS1,0.0,90.0,1.0,0.0,0.0
46003,NS1,0.0,90.0,1.0,0.0,0.0
46004,NS1,0.0,90.0,1.0,0.0,0.0
46098,NS1,0.0,90.0,1.0,0.0,0.0
46099,NS1,0.0,90.0,1.0,0.0,0.0
46193,NS1,0.0,90.0,1.0,0.0,0.0
46194,NS1,0.0,90.0,1.0,0.0,0.0
46288,NS1,0.0,90.0,1.0,0.0,0.0
46289,NS1,0.0,90.0,1.0,0.0,0.0
46383,NS1,0.0,90.0,1.0,0.0,0.0
46384,NS1,0.0,90.0,1.0,0.0,0.0
46478,NS1,0.0,90.0,1.0,0.0,0.0
46479,NS1,0.0,90.0,1.0,0.0,0.0
46573,NS1,0.0,90.0,1.0,0.0,0.0
46574,NS1,0.0,90.0,1.0,0.0,0.0
46668,NS1,0.0,90.0,1.0,0.0,0.0
46669,NS1,0.0,90.0,1.0,0.0,0.0
46763,NS1,0.0,90.0,1.0,0.0,0.0
46764,NS1,0.0,90.0,1.0,0.0,0.0
46858,NS1,0.0,90.0,1.0,0.0,0.0
46859,NS1,0.0,90.0,1.0,0.0,0.0
46953,NS1,0.0,90.0,1.0,0.0,0.0
46954,NS1,0.0,90.0,1.0,0.0,0.0
47048,NS1,0.0,90.0,1.0,0.0,0.0
47049,NS1,0.0,90.0,1.0,0.0,0.0
47050,NS1,0.0,90.0,1.0,0.0,0.0
47051,NS1,0.0,90.0,1.0,0.0,0.0
47145,NS1,0.0,90.0,1.0,0.0,0.0
47146,NS1,0.0,90.0,1.0,0.0,0.0
47240,NS1,0.0,90.0,1.0,0.0,0.0
47241,NS1,0.0,90.0,1.0,0.0,0.0
47335,NS1,0.0,90.0,1.0,0.0,0.0
47336,NS1,0.0,90.0,1.0,0.0,0.0
47430,NS1,0.0,90.0,1.0,0.0,0.0
47431,NS1,0.0,90.0,1.0,0.0,0.0
47525,NS1,0.0,90.0,1.0,0.0,0.0
47526,NS1,0.0,90.0,1.0,0.0,0.0
47620,NS1,0.0,90.0,1.0,0.0,0.0
47621,NS1,0.0,90.0,1.0,0.0,0.0
47715,NS1,0.0,90.0,1.0,0.0,0.0
47716,NS1,0.0,90.0,1.0,0.0,0.0
47810,NS1,0.0,90.0,1.0,0.0,0.0
47811,NS1,0.0,90.0,1.0,0.0,0.0
47905,NS1,0.0,90.0,1.0,0.0,0.0
47906,NS1,0.0,90.0,1.0,0.0,0.0
48000,NS1,0.0,90.0,1.0,0.0,0.0
48001,NS1,0.0,90.0,1.0,0.0,0.0
48095,NS1,0.0,90.0,1.0,0.0,0.0
48096,NS1,0.0,90.0,1.0,0.0,0.0
48097,NS1,0.0,90.0,1.0,0.0,0.0
48098,NS1,0.0,90.0,1.0,0.0,0.0
48192,NS1,0.0,90.0,1.0,0.0,0.0
48193,NS1,0.0,90.0,1.0,0.0,0.0
48287,NS1,0.0,90.0,1.0,0.0,0.0
48288,NS1,0.0,90.0,1.0,0.0,0.0
48382,NS1,0.0,90.0,1.0,0.0,0.0
48383,NS1,0.0,90.0,1.0,0.0,0.0
48477,NS1,0.0,90.0,1.0,0.0,0.0
48478,NS1,0.0,90.0,1.0,0.0,0.0
48572,NS1,0.0,90.0,1.0,0.0,0.0
48573,NS1,0.0,90.0,1.0,0.0,0.0
48667,NS1,0.0,90.0,1.0,0.0,0.0
48668,NS1,0.0,90.0,1.0,0.0,0.0
48762,NS1,0.0,90.0,1.0,0.0,0.0
48763,NS1,0.0,90.0,1.0,0.0,0.0
48857,NS1,0.0,90.0,1.0,0.0,0.0
48858,NS1,0.0,90.0,1.0,0.0,0.0
48952,NS1,0.0,90.0,1.0,0.0,0.0
48953,NS1,0.0,90.0,1.0,0.0,0.0
49047,NS1,0.0,90.0,1.0,0.0,0.0
49048,NS1,0.0,90.0,1.0,0.0,0.0
49142,NS1,0.0,90.0,1.0,0.0,0.0
49143,NS1,0.0,90.0,1.0,0.0,0.0
49144,NS1,0.0,90.0,1.0,0.0,0.0
49145,NS1,0.0,90.0,1.0,0.0,0.0
49239,NS1,0.0,90.0,1.0,0.0,0.0
49240,NS1,0.0,90.0,1.0,0.0,0.0
49334,NS1,0.0,90.0,1.0,0.0,0.0
49335,NS1,0.0,90.0,1.0,0.0,0.0
49429,NS1,0.0,90.0,1.0,0.0,0.0
49430,NS1,0.0,90.0,1.0,0.0,0.0
49524,NS1,0.0,90.0,1.0,0.0,0.0
49525,NS1,0.0,90.0,1.0,0.0,0.0
49619,NS1,0.0,90.0,1.0,0.0,0.0
49620,NS1,0.0,90.0,1.0,0.0,0.0
49714,NS1,0.0,90.0,1.0,0.0,0.0
49715,NS1,0.0,90.0,1.0,0.0,0.0
49809,NS1,0.0,90.0,1.0,0.0,0.0
49810,NS1,0.0,90.0,1.0,0.0,0.0
49904,NS1,0.0,90.0,1.0,0.0,0.0
49905,NS1,0.0,90.0,1.0,0.0,0.0
49999,NS1,0.0,90.0,1.0,0.0,0.0
50000,NS1,0.0,90.0,1.0,0.0,0.0
50094,NS1,0.0,90.0,1.0,0.0,0.0
50095,NS1,0.0,90.0,1.0,0.0,0.0
50189,NS1,0.0,90.0,1.0,0.0,0.0
50190,NS1,0.0,90.0,1.0,0.0,0.0
50191,NS1,0.0,90.0,1.0,0.0,0.0
50192,NS1,0.0,90.0,1.0,0.0,0.0
50286,NS1,0.0,90.0,1.0,0.0,0.0
50287,NS1,0.0,90.0,1.0,0.0,0.0
50381,NS1,0.0,90.0,1.0,0.0,0.0
50382,NS1,0.0,90.0,1.0,0.0,0.0
50476,NS1,0.0,90.0,1.0,0.0,0.0
50477,NS1,0.0,90.0,1.0,0.0,0.0
50571,NS1,0.0,90.0,1.0,0.0,0.0
50572,NS1,0.0,90.0,1.0,0.0,0.0
50666,NS1,0.0,90.0,1.0,0.0,0.0
50667,NS1,0.0,90.0,1.0,0.0,0.0
50761,NS1,0.0,90.0,1.0,0.0,0.0
50762,NS1,0.0,90.0,1.0,0.0,0.0
50856,NS1,0.0,90.0,1.0,0.0,0.0
50857,NS1,0.0,90.0,1.0,0.0,0.0
50951,NS1,0.0,90.0,1.0,0.0,0.0
50952,NS1,0.0,90.0,1.0,0.0,0.0
51046,NS1,0.0,90.0,1.0,0.0,0.0
51047,NS1,0.0,90.0,1.0,0.0,0.0
51141,NS1,0.0,90.0,1.0,0.0,0.0
51142,NS1,0.0,90.0,1.0,0.0,0.0
51236,NS1,0.0,90.0,1.0,0.0,0.0
51237,NS1,0.0,90.0,1.0,0.0,0.0
51238,NS1,0.0,90.0,1.0,0.0,0.0
51333,NS1,0.0,90.0,1.0,0.0,0.0
51428,NS1,0.0,90.0,1.0,0.0,0.0
51523,NS1,0.0,90.0,1.0,0.0,0.0
51618,NS1,0.0,90.0,1.0,0.0,0.0
51713,NS1,0.0,90.0,1.0,0.0,0.0
51808,NS1,0.0,90.0,1.0,0.0,0.0
51903,NS1,0.0,90.0,1.0,0.0,0.0
51998,NS1,0.0,90.0,1.0,0.0,0.0
52093,NS1,0.0,90.0,1.0,0.0,0.0
52188,NS1,0.0,90.0,1.0,0.0,0.0
52283,NS1,0.0,90.0,1.0,0.0,0.0
52378,NS1,0.0,90.0,1.0,0.0,0.0
52473,NS1,0.0,90.0,1.0,0.0,0.0
52568,NS1,0.0,90.0,1.0,0.0,0.0
52663,NS1,0.0,90.0,1.0,0.0,0.0
52758,NS1,0.0,90.0,1.0,0.0,0.0
52853,NS1,0.0,90.0,1.0,0.0,0.0
52948,NS1,0.0,90.0,1.0,0.0,0.0
53043,NS1,0.0,90.0,1.0,0.0,0.0
53138,NS1,0.0,90.0,1.0,0.0,0.0
53223,NS1,0.0,90.0,1.0,0.0,0.0
53224,NS1,0.0,90.0,1.0,0.0,0.0
53318,NS1,0.0,90.0,1.0,0.0,0.0
53319,NS1,0.0,90.0,1.0,0.0,0.0
53413,NS1,0.0,90.0,1.0,0.0,0.0
53414,NS1,0.0,90.0,1.0,0.0,0.0
53508,NS1,0.0,90.0,1.0,0.0,0.0
53509,NS1,0.0,90.0,1.0,0.0,0.0
53603,NS1,0.0,90.0,1.0,0.0,0.0
53604,NS1,0.0,90.0,1.0,0.0,0.0
53698,NS1,0.0,90.0,1.0,0.0,0.0
53699,NS1,0.0,90.0,1.0,0.0,0.0
53793,NS1,0.0,90.0,1.0,0.0,0.0
53794,NS1,0.0,90.0,1.0,0.0,0.0
53888,NS1,0.0,90.0,1.0,0.0,0.0
53889,NS1,0.0,90.0,1.0,0.0,0.0
53983,NS1,0.0,90.0,1.0,0.0,0.0
53984,NS1,0.0,90.0,1.0,0.0,0.0
54078,NS1,0.0,90.0,1.0,0.0,0.0
54079,NS1,0.0,90.0,1.0,0.0,0.0
54173,NS1,0.0,90.0,1.0,0.0,0.0
54174,NS1,0.0,90.0,1.0,0.0,0.0
54268,NS1,0.0,90.0,1.0,0.0,0.0
54269,NS1,0.0,90.0,1.0,0.0,0.0
54363,NS1,0.0,90.0,1.0,0.0,0.0
54364,NS1,0.0,90.0,1.0,0.0,0.0
54458,NS1,0.0,90.0,1.0,0.0,0.0
54459,NS1,0.0,90.0,1.0,0.0,0.0
54553,NS1,0.0,90.0,1.0,0.0,0.0
54554,NS1,0.0,90.0,1.0,0.0,0.0
54648,NS1,0.0,90.0,1.0,0.0,0.0
54649,NS1,0.0,90.0,1.0,0.0,0.0
54650,NS1,0.0,90.0,1.0,0.0,0.0
54651,NS1,0.0,90.0,1.0,0.0,0.0
54745,NS1,0.0,90.0,1.0,0.0,0.0
54746,NS1,0.0,90.0,1.0,0.0,0.0
54840,NS1,0.0,90.0,1.0,0.0,0.0
54841,NS1,0.0,90.0,1.0,0.0,0.0
54935,NS1,0.0,90.0,1.0,0.0,0.0
54936,NS1,0.0,90.0,1.0,0.0,0.0
55030,NS1,0.0,90.0,1.0,0.0,0.0
55031,NS1,0.0,90.0,1.0,0.0,0.0
55125,NS1,0.0,90.0,1.0,0.0,0.0
55126,NS1,0.0,90.0,1.0,0.0,0.0
55220,NS1,0.0,90.0,1.0,0.0,0.0
55221,NS1,0.0,90.0,1.0,0.0,0.0
55315,NS1,0.0,90.0,1.0,0.0,0.0
55316,NS1,0.0,90.0,1.0,0.0,0.0
55410,NS1,0.0,90.0,1.0,0.0,0.0
55411,NS1,0.0,90.0,1.0,0.0,0.0
55505,NS1,0.0,90.0,1.0,0.0,0.0
55506,NS1,0.0,90.0,1.0,0.0,0.0
55600,NS1,0.0,90.0,1.0,0.0,0.0
55601,NS1,0.0,90.0,1.0,0.0,0.0
55695,NS1,0.0,90.0,1.0,0.0,0.0
55696,NS1,0.0,90.0,1.0,0.0,0.0
55697,NS1,0.0,90.0,1.0,0.0,0.0
55698,NS1,0.0,90.0,1.0,0.0,0.0
55792,NS1,0.0,90.0,1.0,0.0,0.0
55793,NS1,0.0,90.0,1.0,0.0,0.0
55887,NS1,0.0,90.0,1.0,0.0,0.0
55888,NS1,0.0,90.0,1.0,0.0,0.0
55982,NS1,0.0,90.0,1.0,0.0,0.0
55983,NS1,0.0,90.0,1.0,0.0,0.0
56077,NS1,0.0,90.0,1.0,0.0,0.0
56078,NS1,0.0,90.0,1.0,0.0,0.0
56172,NS1,0.0,90.0,1.0,0.0,0.0
56173,NS1,0.0,90.0,1.0,0.0,0.0
56267,NS1,0.0,90.0,1.0,0.0,0.0
56268,NS1,0.0,90.0,1.0,0.0,0.0
56362,NS1,0.0,90.0,1.0,0.0,0.0
56363,NS1,0.0,90.0,1.0,0.0,0.0
56457,NS1,0.0,90.0,1.0,0.0,0.0
56458,NS1,0.0,90.0,1.0,0.0,0.0
56552,NS1,0.0,90.0,1.0,0.0,0.0
56553,NS1,0.0,90.0,1.0,0.0,0.0
56647,NS1,0.0,90.0,1.0,0.0,0.0
56648,NS1,0.0,90.0,1.0,0.0,0.0
56742,NS1,0.0,90.0,1.0,0.0,0.0
56743,NS1,0.0,90.0,1.0,0.0,0.0
56744,NS1,0.0,90.0,1.0,0.0,0.0
56745,NS1,0.0,90.0,1.0,0.0,0.0
56839,NS1,0.0,90.0,1.0,0.0,0.0
56840,NS1,0.0,90.0,1.0,0.0,0.0
56934,NS1,0.0,90.0,1.0,0.0,0.0
56935,NS1,0.0,90.0,1.0,0.0,0.0
57029,NS1,0.0,90.0,1.0,0.0,0.0
57030,NS1,0.0,90.0,1.0,0.0,0.0
57124,NS1,0.0,90.0,1.0,0.0,0.0
57125,NS1,0.0,90.0,1.0,0.0,0.0
57219,NS1,0.0,90.0,1.0,0.0,0.0
57220,NS1,0.0,90.0,1.0,0.0,0.0
57314,NS1,0.0,90.0,1.0,0.0,0.0
57315,NS1,0.0,90.0,1.0,0.0,0.0
57409,NS1,0.0,90.0,1.0,0.0,0.0
57410,NS1,0.0,90.0,1.0,0.0,0.0
57504,NS1,0.0,90.0,1.0,0.0,0.0
57505,NS1,0.0,90.0,1.0,0.0,0.0
57599,NS1,0.0,90.0,1.0,0.0,0.0
57600,NS1,0.0,90.0,1.0,0.0,0.0
57694,NS1,0.0,90.0,1.0,0.0,0.0
57695,NS1,0.0,90.0,1.0,0.0,0.0
57789,NS1,0.0,90.0,1.0,0.0,0.0
57790,NS1,0.0,90.0,1.0,0.0,0.0
57791,NS1,0.0,90.0,1.0,0.0,0.0
57792,NS1,0.0,90.0,1.0,0.0,0.0
57886,NS1,0.0,90.0,1.0,0.0,0.0
57887,NS1,0.0,90.0,1.0,0.0,0.0
57981,NS1,0.0,90.0,1.0,0.0,0.0
57982,NS1,0.0,90.0,1.0,0.0,0.0
58076,NS1,0.0,90.0,1.0,0.0,0.0
58077,NS1,0.0,90.0,1.0,0.0,0.0
58171,NS1,0.0,90.0,1.0,0.0,0.0
58172,NS1,0.0,90.0,1.0,0.0,0.0
58266,NS1,0.0,90.0,1.0,0.0,0.0
58267,NS1,0.0,90.0,1.0,0.0,0.0
58361,NS1,0.0,90.0,1.0,0.0,0.0
58362,NS1,0.0,90.0,1.0,0.0,0.0
58456,NS1,0.0,90.0,1.0,0.0,0.0
58457,NS1,0.0,90.0,1.0,0.0,0.0
58551,NS1,0.0,90.0,1.0,0.0,0.0
58552,NS1,0.0,90.0,1.0,0.0,0.0
58646,NS1,0.0,90.0,1.0,0.0,0.0
58647,NS1,0.0,90.0,1.0,0.0,0.0
58741,NS1,0.0,90.0,1.0,0.0,0.0
58742,NS1,0.0,90.0,1.0,0.0,0.0
58836,NS1,0.0,90.0,1.0,0.0,0.0
58837,NS1,0.0,90.0,1.0,0.0,0.0
58838,NS1,0.0,90.0,1.0,0.0,0.0
58933,NS1,0.0,90.0,1.0,0.0,0.0
59028,NS1,0.0,90.0,1.0,0.0,0.0
59123,NS1,0.0,90.0,1.0,0.0,0.0
59218,NS1,0.0,90.0,1.0,0.0,0.0
59313,NS1,0.0,90.0,1.0,0.0,0.0
59408,NS1,0.0,90.0,1.0,0.0,0.0
59503,NS1,0.0,90.0,1.0,0.0,0.0
59598,NS1,0.0,90.0,1.0,0.0,0.0
59693,NS1,0.0,90.0,1.0,0.0,0.0
59788,NS1,0.0,90.0,1.0,0.0,0.0
59883,NS1,0.0,90.0,1.0,0.0,0.0
59978,NS1,0.0,90.0,1.0,0.0,0.0
60073,NS1,0.0,90.0,1.0,0.0,0.0
60168,NS1,0.0,90.0,1.0,0.0,0.0
60263,NS1,0.0,90.0,1.0,0.0,0.0
60358,NS1,0.0,90.0,1.0,0.0,0.0
60453,NS1,0.0,90.0,1.0,0.0,0.0
60548,NS1,0.0,90.0,1.0,0.0,0.0
60643,NS1,0.0,90.0,1.0,0.0,0.0
60738,NS1,0.0,90.0,1.0,0.0,0.0
60823,NS1,0.0,90.0,1.0,0.0,0.0
60824,NS1,0.0,90.0,1.0,0.0,0.0
60918,NS1,0.0,90.0,1.0,0.0,0.0
60919,NS1,0.0,90.0,1.0,0.0,0.0
61013,NS1,0.0,90.0,1.0,0.0,0.0
61014,NS1,0.0,90.0,1.0,0.0,0.0
61108,NS1,0.0,90.0,1.0,0.0,0.0
61109,NS1,0.0,90.0,1.0,0.0,0.0
61203,NS1,0.0,90.0,1.0,0.0,0.0
61204,NS1,0.0,90.0,1.0,0.0,0.0
61298,NS1,0.0,90.0,1.0,0.0,0.0
61299,NS1,0.0,90.0,1.0,0.0,0.0
61393,NS1,0.0,90.0,1.0,0.0,0.0
61394,NS1,0.0,90.0,1.0,0.0,0.0
61488,NS1,0.0,90.0,1.0,0.0,0.0
61489,NS1,0.0,90.0,1.0,0.0,0.0
61583,NS1,0.0,90.0,1.0,0.0,0.0
61584,NS1,0.0,90.0,1.0,0.0,0.0
61678,NS1,0.0,90.0,1.0,0.0,0.0
61679,NS1,0.0,90.0,1.0,0.0,0.0
61773,NS1,0.0,90.0,1.0,0.0,0.0
61774,NS1,0.0,90.0,1.0,0.0,0.0
61868,NS1,0.0,90.0,1.0,0.0,0.0
61869,NS1,0.0,90.0,1.0,0.0,0.0
61963,NS1,0.0,90.0,1.0,0.0,0.0
61964,NS1,0.0,90.0,1.0,0.0,0.0
62058,NS1,0.0,90.0,1.0,0.0,0.0
62059,NS1,0.0,90.0,1.0,0.0,0.0
62153,NS1,0.0,90.0,1.0,0.0,0.0
62154,NS1,0.0,90.0,1.0,0.0,0.0
62248,NS1,0.0,90.0,1.0,0.0,0.0
62249,NS1,0.0,90.0,1.0,0.0,0.0
62250,NS1,0.0,90.0,1.0,0.0,0.0
62251,NS1,0.0,90.0,1.0,0.0,0.0
62345,NS1,0.0,90.0,1.0,0.0,0.0
62346,NS1,0.0,90.0,1.0,0.0,0.0
62440,NS1,0.0,90.0,1.0,0.0,0.0
62441,NS1,0.0,90.0,1.0,0.0,0.0
62535,NS1,0.0,90.0,1.0,0.0,0.0
62536,NS1,0.0,90.0,1.0,0.0,0.0
62630,NS1,0.0,90.0,1.0,0.0,0.0
62631,NS1,0.0,90.0,1.0,0.0,0.0
62725,NS1,0.0,90.0,1.0,0.0,0.0
62726,NS1,0.0,90.0,1.0,0.0,0.0
62820,NS1,0.0,90.0,1.0,0.0,0.0
62821,NS1,0.0,90.0,1.0,0.0,0.0
62915,NS1,0.0,90.0,1.0,0.0,0.0
62916,NS1,0.0,90.0,1.0,0.0,0.0
63010,NS1,0.0,90.0,1.0,0.0,0.0
63011,NS1,0.0,90.0,1.0,0.0,0.0
63105,NS1,0.0,90.0,1.0,0.0,0.0
63106,NS1,0.0,90.0,1.0,0.0,0.0
63200,NS1,0.0,90.0,1.0,0.0,0.0
63201,NS1,0.0,90.0,1.0,0.0,0.0
63295,NS1,0.0,90.0,1.0,0.0,0.0
63296,NS1,0.0,90.0,1.0,0.0,0.0
63297,NS1,0.0,90.0,1.0,0.0,0.0
63298,NS1,0.0,90.0,1.0,0.0,0.0
63392,NS1,0.0,90.0,1.0,0.0,0.0
63393,NS1,0.0,90.0,1.0,0.0,0.0
63487,NS1,0.0,90.0,1.0,0.0,0.0
63488,NS1,0.0,90.0,1.0,0.0,0.0
63582,NS1,0.0,90.0,1.0,0.0,0.0
63583,NS1,0.0,90.0,1.0,0.0,0.0
63677,NS1,0.0,90.0,1.0,0.0,0.0
63678,NS1,0.0,90.0,1.0,0.0,0.0
63772,NS1,0.0,90.0,1.0,0.0,0.0
63773,NS1,0.0,90.0,1.0,0.0,0.0
63867,NS1,0.0,90.0,1.0,0.0,0.0
63868,NS1,0.0,90.0,1.0,0.0,0.0
63962,NS1,0.0,90.0,1.0,0.0,0.0
63963,NS1,0.0,90.0,1.0,0.0,0.0
64057,NS1,0.0,90.0,1.0,0.0,0.0
64058,NS1,0.0,90.0,1.0,0.0,0.0
64152,NS1,0.0,90.0,1.0,0.0,0.0
64153,NS1,0.0,90.0,1.0,0.0,0.0
64247,NS1,0.0,90.0,1.0,0.0,0.0
64248,NS1,0.0,90.0,1.0,0.0,0.0
64342,NS1,0.0,90.0,1.0,0.0,0.0
64343,NS1,0.0,90.0,1.0,0.0,0.0
64344,NS1,0.0,90.0,1.0,0.0,0.0
64345,NS1,0.0,90.0,1.0,0.0,0.0
64439,NS1,0.0,90.0,1.0,0.0,0.0
64440,NS1,0.0,90.0,1.0,0.0,0.0
64534,NS1,0.0,90.0,1.0,0.0,0.0
64535,NS1,0.0,90.0,1.0,0.0,0.0
64629,NS1,0.0,90.0,1.0,0.0,0.0
64630,NS1,0.0,90.0,1.0,0.0,0.0
64724,NS1,0.0,90.0,1.0,0.0,0.0
64725,NS1,0.0,90.0,1.0,0.0,0.0
64819,NS1,0.0,90.0,1.0,0.0,0.0
64820,NS1,0.0,90.0,1.0,0.0,0.0
64914,NS1,0.0,90.0,1.0,0.0,0.0
64915,NS1,0.0,90.0,1.0,0.0,0.0
65009,NS1,0.0,90.0,1.0,0.0,0.0
65010,NS1,0.0,90.0,1.0,0.0,0.0
65104,NS1,0.0,90.0,1.0,0.0,0.0
65105,NS1,0.0,90.0,1.0,0.0,0.0
65199,NS1,0.0,90.0,1.0,0.0,0.0
65200,NS1,0.0,90.0,1.0,0.0,0.0
65294,NS1,0.0,90.0,1.0,0.0,0.0
65295,NS1,0.0,90.0,1.0,0.0,0.0
65389,NS1,0.0,90.0,1.0,0.0,0.0
65390,NS1,0.0,90.0,1.0,0.0,0.0
65391,NS1,0.0,90.0,1.0,0.0,0.0
65392,NS1,0.0,90.0,1.0,0.0,0.0
65486,NS1,0.0,90.0,1.0,0.0,0.0
65487,NS1,0.0,90.0,1.0,0.0,0.0
65581,NS1,0.0,90.0,1.0,0.0,0.0
65582,NS1,0.0,90.0,1.0,0.0,0.0
65676,NS1,0.0,90.0,1.0,0.0,0.0
65677,NS1,0.0,90.0,1.0,0.0,0.0
65771,NS1,0.0,90.0,1.0,0.0,0.0
65772,NS1,0.0,90.0,1.0,0.0,0.0
65866,NS1,0.0,90.0,1.0,0.0,0.0
65867,NS1,0.0,90.0,1.0,0.0,0.0
65961,NS1,0.0,90.0,1.0,0.0,0.0
65962,NS1,0.0,90.0,1.0,0.0,0.0
66056,NS1,0.0,90.0,1.0,0.0,0.0
66057,NS1,0.0,90.0,1.0,0.0,0.0
66151,NS1,0.0,90.0,1.0,0.0,0.0
66152,NS1,0.0,90.0,1.0,0.0,0.0
66246,NS1,0.0,90.0,1.0,0.0,0.0
66247,NS1,0.0,90.0,1.0,0.0,0.0
66341,NS1,0.0,90.0,1.0,0.0,0.0
66342,NS1,0.0,90.0,1.0,0.0,0.0
66436,NS1,0.0,90.0,1.0,0.0,0.0
66437,NS1,0.0,90.0,1.0,0.0,0.0
66438,NS1,0.0,90.0,1.0,0.0,0.0
66533,NS1,0.0,90.0,1.0,0.0,0.0
66628,NS1,0.0,90.0,1.0,0.0,0.0
66723,NS1,0.0,90.0,1.0,0.0,0.0
66818,NS1,0.0,90.0,1.0,0.0,0.0
66913,NS1,0.0,90.0,1.0,0.0,0.0
67008,NS1,0.0,90.0,1.0,0.0,0.0
67103,NS1,0.0,90.0,1.0,0.0,0.0
67198,NS1,0.0,90.0,1.0,0.0,0.0
67293,NS1,0.0,90.0,1.0,0.0,0.0
67388,NS1,0.0,90.0,1.0,0.0,0.0
67483,NS1,0.0,90.0,1.0,0.0,0.0
67578,NS1,0.0,90.0,1.0,0.0,0.0
67673,NS1,0.0,90.0,1.0,0.0,0.0
67768,NS1,0.0,90.0,1.0,0.0,0.0
67863,NS1,0.0,90.0,1.0,0.0,0.0
67958,NS1,0.0,90.0,1.0,0.0,0.0
68053,NS1,0.0,90.0,1.0,0.0,0.0
68148,NS1,0.0,90.0,1.0,0.0,0.0
68243,NS1,0.0,90.0,1.0,0.0,0.0
68338,NS1,0.0,90.0,1.0,0.0,0.0
68423,NS1,0.0,90.0,1.0,0.0,0.0
68424,NS1,0.0,90.0,1.0,0.0,0.0
68518,NS1,0.0,90.0,1.0,0.0,0.0
68519,NS1,0.0,90.0,1.0,0.0,0.0
68613,NS1,0.0,90.0,1.0,0.0,0.0
68614,NS1,0.0,90.0,1.0,0.0,0.0
68708,NS1,0.0,90.0,1.0,0.0,0.0
68709,NS1,0.0,90.0,1.0,0.0,0.0
68803,NS1,0.0,90.0,1.0,0.0,0.0
68804,NS1,0.0,90.0,1.0,0.0,0.0
68898,NS1,0.0,90.0,1.0,0.0,0.0
68899,NS1,0.0,90.0,1.0,0.0,0.0
68993,NS1,0.0,90.0,1.0,0.0,0.0
68994,NS1,0.0,90.0,1.0,0.0,0.0
69088,NS1,0.0,90.0,1.0,0.0,0.0
69089,NS1,0.0,90.0,1.0,0.0,0.0
69183,NS1,0.0,90.0,1.0,0.0,0.0
69184,NS1,0.0,90.0,1.0,0.0,0.0
69278,NS1,0.0,90.0,1.0,0.0,0.0
69279,NS1,0.0,90.0,1.0,0.0,0.0
69373,NS1,0.0,90.0,1.0,0.0,0.0
69374,NS1,0.0,90.0,1.0,0.0,0.0
69468,NS1,0.0,90.0,1.0,0.0,0.0
69469,NS1,0.0,90.0,1.0,0.0,0.0
69563,NS1,0.0,90.0,1.0,0.0,0.0
69564,NS1,0.0,90.0,1.0,0.0,0.0
69658,NS1,0.0,90.0,1.0,0.0,0.0
69659,NS1,0.0,90.0,1.0,0.0,0.0
69753,NS1,0.0,90.0,1.0,0.0,0.0
69754,NS1,0.0,90.0,1.0,0.0,0.0
69848,NS1,0.0,90.0,1.0,0.0,0.0
69849,NS1,0.0,90.0,1.0,0.0,0.0
69850,NS1,0.0,90.0,1.0,0.0,0.0
69851,NS1,0.0,90.0,1.0,0.0,0.0
69945,NS1,0.0,90.0,1.0,0.0,0.0
69946,NS1,0.0,90.0,1.0,0.0,0.0
70040,NS1,0.0,90.0,1.0,0.0,0.0
70041,NS1,0.0,90.0,1.0,0.0,0.0
70135,NS1,0.0,90.0,1.0,0.0,0.0
70136,NS1,0.0,90.0,1.0,0.0,0.0
70230,NS1,0.0,90.0,1.0,0.0,0.0
70231,NS1,0.0,90.0,1.0,0.0,0.0
70325,NS1,0.0,90.0,1.0,0.0,0.0
70326,NS1,0.0,90.0,1.0,0.0,0.0
70420,NS1,0.0,90.0,1.0,0.0,0.0
70421,NS1,0.0,90.0,1.0,0.0,0.0
70515,NS1,0.0,90.0,1.0,0.0,0.0
70516,NS1,0.0,90.0,1.0,0.0,0.0
70610,NS1,0.0,90.0,1.0,0.0,0.0
70611,NS1,0.0,90.0,1.0,0.0,0.0
70705,NS1,0.0,90.0,1.0,0.0,0.0
70706,NS1,0.0,90.0,1.0,0.0,0.0
70800,NS1,0.0,90.0,1.0,0.0,0.0
70801,NS1,0.0,90.0,1.0,0.0,0.0
70895,NS1,0.0,90.0,1.0,0.0,0.0
70896,NS1,0.0,90.0,1.0,0.0,0.0
70897,NS1,0.0,90.0,1.0,0.0,0.0
70898,NS1,0.0,90.0,1.0,0.0,0.0
70992,NS1,0.0,90.0,1.0,0.0,0.0
70993,NS1,0.0,90.0,1.0,0.0,0.0
71087,NS1,0.0,90.0,1.0,0.0,0.0
71088,NS1,0.0,90.0,1.0,0.0,0.0
71182,NS1,0.0,90.0,1.0,0.0,0.0
71183,NS1,0.0,90.0,1.0,0.0,0.0
71277,NS1,0.0,90.0,1.0,0.0,0.0
71278,NS1,0.0,90.0,1.0,0.0,0.0
71372,NS1,0.0,90.0,1.0,0.0,0.0
71373,NS1,0.0,90.0,1.0,0.0,0.0
71467,NS1,0.0,90.0,1.0,0.0,0.0
71468,NS1,0.0,90.0,1.0,0.0,0.0
71562,NS1,0.0,90.0,1.0,0.0,0.0
71563,NS1,0.0,90.0,1.0,0.0,0.0
71657,NS1,0.0,90.0,1.0,0.0,0.0
71658,NS1,0.0,90.0,1.0,0.0,0.0
71752,NS1,0.0,90.0,1.0,0.0,0.0
71753,NS1,0.0,90.0,1.0,0.0,0.0
71847,NS1,0.0,90.0,1.0,0.0,0.0
71848,NS1,0.0,90.0,1.0,0.0,0.0
71942,NS1,0.0,90.0,1.0,0.0,0.0
71943,NS1,0.0,90.0,1.0,0.0,0.0
71944,NS1,0.0,90.0,1.0,0.0,0.0
71945,NS1,0.0,90.0,1.0,0.0,0.0
72039,NS1,0.0,90.0,1.0,0.0,0.0
72040,NS1,0.0,90.0,1.0,0.0,0.0
72134,NS1,0.0,90.0,1.0,0.0,0.0
72135,NS1,0.0,90.0,1.0,0.0,0.0
72229,NS1,0.0,90.0,1.0,0.0,0.0
72230,NS1,0.0,90.0,1.0,0.0,0.0
72324,NS1,0.0,90.0,1.0,0.0,0.0
72325,NS1,0.0,90.0,1.0,0.0,0.0
72419,NS1,0.0,90.0,1.0,0.0,0.0
72420,NS1,0.0,90.0,1.0,0.0,0.0
72514,NS1,0.0,90.0,1.0,0.0,0.0
72515,NS1,0.0,90.0,1.0,0.0,0.0
72609,NS1,0.0,90.0,1.0,0.0,0.0
72610,NS1,0.0,90.0,1.0,0.0,0.0
72704,NS1,0.0,90.0,1.0,0.0,0.0
72705,NS1,0.0,90.0,1.0,0.0,0.0
72799,NS1,0.0,90.0,1.0,0.0,0.0
72800,NS1,0.0,90.0,1.0,0.0,0.0
72894,NS1,0.0,90.0,1.0,0.0,0.0
72895,NS1,0.0,90.0,1.0,0.0,0.0
72989,NS1,0.0,90.0,1.0,0.0,0.0
72990,NS1,0.0,90.0,1.0,0.0,0.0
72991,NS1,0.0,90.0,1.0,0.0,0.0
72992,NS1,0.0,90.0,1.0,0.0,0.0
73086,NS1,0.0,90.0,1.0,0.0,0.0
73087,NS1,0.0,90.0,1.0,0.0,0.0
73181,NS1,0.0,90.0,1.0,0.0,0.0
73182,NS1,0.0,90.0,1.0,0.0,0.0
73276,NS1,0.0,90.0,1.0,0.0,0.0
73277,NS1,0.0,90.0,1.0,0.0,0.0
73371,NS1,0.0,90.0,1.0,0.0,0.0
73372,NS1,0.0,90.0,1.0,0.0,0.0
73466,NS1,0.0,90.0,1.0,0.0,0.0
73467,NS1,0.0,90.0,1.0,0.0,0.0
73561,NS1,0.0,90.0,1.0,0.0,0.0
73562,NS1,0.0,90.0,1.0,0.0,0.0
73656,NS1,0.0,90.0,1.0,0.0,0.0
73657,NS1,0.0,90.0,1.0,0.0,0.0
73751,NS1,0.0,90.0,1.0,0.0,0.0
73752,NS1,0.0,90.0,1.0,0.0,0.0
73846,NS1,0.0,90.0,1.0,0.0,0.0
73847,NS1,0.0,90.0,1.0,0.0,0.0
73941,NS1,0.0,90.0,1.0,0.0,0.0
73942,NS1,0.0,90.0,1.0,0.0,0.0
74036,NS1,0.0,90.0,1.0,0.0,0.0
74037,NS1,0.0,90.0,1.0,0.0,0.0
74038,NS1,0.0,90.0,1.0,0.0,0.0
74133,NS1,0.0,90.0,1.0,0.0,0.0
74228,NS1,0.0,90.0,1.0,0.0,0.0
74323,NS1,0.0,90.0,1.0,0.0,0.0
74418,NS1,0.0,90.0,1.0,0.0,0.0
74513,NS1,0.0,90.0,1.0,0.0,0.0
74608,NS1,0.0,90.0,1.0,0.0,0.0
74703,NS1,0.0,90.0,1.0,0.0,0.0
74798,NS1,0.0,90.0,1.0,0.0,0.0
74893,NS1,0.0,90.0,1.0,0.0,0.0
74988,NS1,0.0,90.0,1.0,0.0,0.0
75083,NS1,0.0,90.0,1.0,0.0,0.0
75178,NS1,0.0,90.0,1.0,0.0,0.0
75273,NS1,0.0,90.0,1.0,0.0,0.0
75368,NS1,0.0,90.0,1.0,0.0,0.0
75463,NS1,0.0,90.0,1.0,0.0,0.0
75558,NS1,0.0,90.0,1.0,0.0,0.0
75653,NS1,0.0,90.0,1.0,0.0,0.0
75748,NS1,0.0,90.0,1.0,0.0,0.0
75843,NS1,0.0,90.0,1.0,0.0,0.0
75938,NS1,0.0,90.0,1.0,0.0,0.0
76023,NS1,0.0,90.0,1.0,0.0,0.0
76024,NS1,0.0,90.0,1.0,0.0,0.0
76118,NS1,0.0,90.0,1.0,0.0,0.0
76119,NS1,0.0,90.0,1.0,0.0,0.0
76213,NS1,0.0,90.0,1.0,0.0,0.0
76214,NS1,0.0,90.0,1.0,0.0,0.0
76308,NS1,0.0,90.0,1.0,0.0,0.0
76309,NS1,0.0,90.0,1.0,0.0,0.0
76403,NS1,0.0,90.0,1.0,0.0,0.0
76404,NS1,0.0,90.0,1.0,0.0,0.0
76498,NS1,0.0,90.0,1.0,0.0,0.0
76499,NS1,0.0,90.0,1.0,0.0,0.0
76593,NS1,0.0,90.0,1.0,0.0,0.0
76594,NS1,0.0,90.0,1.0,0.0,0.0
76688,NS1,0.0,90.0,1.0,0.0,0.0
76689,NS1,0.0,90.0,1.0,0.0,0.0
76783,NS1,0.0,90.0,1.0,0.0,0.0
76784,NS1,0.0,90.0,1.0,0.0,0.0
76878,NS1,0.0,90.0,1.0,0.0,0.0
76879,NS1,0.0,90.0,1.0,0.0,0.0
76973,NS1,0.0,90.0,1.0,0.0,0.0
76974,NS1,0.0,90.0,1.0,0.0,0.0
77068,NS1,0.0,90.0,1.0,0.0,0.0
77069,NS1,0.0,90.0,1.0,0.0,0.0
77163,NS1,0.0,90.0,1.0,0.0,0.0
77164,NS1,0.0,90.0,1.0,0.0,0.0
77258,NS1,0.0,90.0,1.0,0.0,0.0
77259,NS1,0.0,90.0,1.0,0.0,0.0
77353,NS1,0.0,90.0,1.0,0.0,0.0
77354,NS1,0.0,90.0,1.0,0.0,0.0
77448,NS1,0.0,90.0,1.0,0.0,0.0
77449,NS1,0.0,90.0,1.0,0.0,0.0
77450,NS1,0.0,90.0,1.0,0.0,0.0
77451,NS1,0.0,90.0,1.0,0.0,0.0
77545,NS1,0.0,90.0,1.0,0.0,0.0
77546,NS1,0.0,90.0,1.0,0.0,0.0
77640,NS1,0.0,90.0,1.0,0.0,0.0
77641,NS1,0.0,90.0,1.0,0.0,0.0
77735,NS1,0.0,90.0,1.0,0.0,0.0
77736,NS1,0.0,90.0,1.0,0.0,0.0
77830,NS1,0.0,90.0,1.0,0.0,0.0
77831,NS1,0.0,90.0,1.0,0.0,0.0
77925,NS1,0.0,90.0,1.0,0.0,0.0
77926,NS1,0.0,90.0,1.0,0.0,0.0
78020,NS1,0.0,90.0,1.0,0.0,0.0
78021,NS1,0.0,90.0,1.0,0.0,0.0
78115,NS1,0.0,90.0,1.0,0.0,0.0
78116,NS1,0.0,90.0,1.0,0.0,0.0
78210,NS1,0.0,90.0,1.0,0.0,0.0
78211,NS1,0.0,90.0,1.0,0.0,0.0
78305,NS1,0.0,90.0,1.0,0.0,0.0
78306,NS1,0.0,90.0,1.0,0.0,0.0
78400,NS1,0.0,90.0,1.0,0.0,0.0
78401,NS1,0.0,90.0,1.0,0.0,0.0
78495,NS1,0.0,90.0,1.0,0.0,0.0
78496,NS1,0.0,90.0,1.0,0.0,0.0
78497,NS1,0.0,90.0,1.0,0.0,0.0
78498,NS1,0.0,90.0,1.0,0.0,0.0
78592,NS1,0.0,90.0,1.0,0.0,0.0
78593,NS1,0.0,90.0,1.0,0.0,0.0
78687,NS1,0.0,90.0,1.0,0.0,0.0
78688,NS1,0.0,90.0,1.0,0.0,0.0
78782,NS1,0.0,90.0,1.0,0.0,0.0
78783,NS1,0.0,90.0,1.0,0.0,0.0
78877,NS1,0.0,90.0,1.0,0.0,0.0
78878,NS1,0.0,90.0,1.0,0.0,0.0
78972,NS1,0.0,90.0,1.0,0.0,0.0
78973,NS1,0.0,90.0,1.0,0.0,0.0
79067,NS1,0.0,90.0,1.0,0.0,0.0
79068,NS1,0.0,90.0,1.0,0.0,0.0
79162,NS1,0.0,90.0,1.0,0.0,0.0
79163,NS1,0.0,90.0,1.0,0.0,0.0
79257,NS1,0.0,90.0,1.0,0.0,0.0
79258,NS1,0.0,90.0,1.0,0.0,0.0
79352,NS1,0.0,90.0,1.0,0.0,0.0
79353,NS1,0.0,90.0,1.0,0.0,0.0
79447,NS1,0.0,90.0,1.0,0.0,0.0
79448,NS1,0.0,90.0,1.0,0.0,0.0
79542,NS1,0.0,90.0,1.0,0.0,0.0
79543,NS1,0.0,90.0,1.0,0.0,0.0
79544,NS1,0.0,90.0,1.0,0.0,0.0
79545,NS1,0.0,90.0,1.0,0.0,0.0
79639,NS1,0.0,90.0,1.0,0.0,0.0
79640,NS1,0.0,90.0,1.0,0.0,0.0
79734,NS1,0.0,90.0,1.0,0.0,0.0
79735,NS1,0.0,90.0,1.0,0.0,0.0
79829,NS1,0.0,90.0,1.0,0.0,0.0
79830,NS1,0.0,90.0,1.0,0.0,0.0
79924,NS1,0.0,90.0,1.0,0.0,0.0
79925,NS1,0.0,90.0,1.0,0.0,0.0
80019,NS1,0.0,90.0,1.0,0.0,0.0
80020,NS1,0.0,90.0,1.0,0.0,0.0
80114,NS1,0.0,90.0,1.0,0.0,0.0
80115,NS1,0.0,90.0,1.0,0.0,0.0
80209,NS1,0.0,90.0,1.0,0.0,0.0
80210,NS1,0.0,90.0,1.0,0.0,0.0
80304,NS1,0.0,90.0,1.0,0.0,0.0
80305,NS1,0.0,90.0,1.0,0.0,0.0
80399,NS1,0.0,90.0,1.0,0.0,0.0
80400,NS1,0.0,90.0,1.0,0.0,0.0
80494,NS1,0.0,90.0,1.0,0.0,0.0
80495,NS1,0.0,90.0,1.0,0.0,0.0
80589,NS1,0.0,90.0,1.0,0.0,0.0
80590,NS1,0.0,90.0,1.0,0.0,0.0
80591,NS1,0.0,90.0,1.0,0.0,0.0
80592,NS1,0.0,90.0,1.0,0.0,0.0
80686,NS1,0.0,90.0,1.0,0.0,0.0
80687,NS1,0.0,90.0,1.0,0.0,0.0
80781,NS1,0.0,90.0,1.0,0.0,0.0
80782,NS1,0.0,90.0,1.0,0.0,0.0
80876,NS1,0.0,90.0,1.0,0.0,0.0
80877,NS1,0.0,90.0,1.0,0.0,0.0
80971,NS1,0.0,90.0,1.0,0.0,0.0
80972,NS1,0.0,90.0,1.0,0.0,0.0
81066,NS1,0.0,90.0,1.0,0.0,0.0
81067,NS1,0.0,90.0,1.0,0.0,0.0
81161,NS1,0.0,90.0,1.0,0.0,0.0
81162,NS1,0.0,90.0,1.0,0.0,0.0
81256,NS1,0.0,90.0,1.0,0.0,0.0
81257,NS1,0.0,90.0,1.0,0.0,0.0
81351,NS1,0.0,90.0,1.0,0.0,0.0
81352,NS1,0.0,90.0,1.0,0.0,0.0
81446,NS1,0.0,90.0,1.0,0.0,0.0
81447,NS1,0.0,90.0,1.0,0.0,0.0
81541,NS1,0.0,90.0,1.0,0.0,0.0
81542,NS1,0.0,90.0,1.0,0.0,0.0
81636,NS1,0.0,90.0,1.0,0.0,0.0
81637,NS1,0.0,90.0,1.0,0.0,0.0
81638,NS1,0.0,90.0,1.0,0.0,0.0
81733,NS1,0.0,90.0,1.0,0.0,0.0
81828,NS1,0.0,90.0,1.0,0.0,0.0
81923,NS1,0.0,90.0,1.0,0.0,0.0
82018,NS1,0.0,90.0,1.0,0.0,0.0
82113,NS1,0.0,90.0,1.0,0.0,0.0
82208,NS1,0.0,90.0,1.0,0.0,0.0
82303,NS1,0.0,90.0,1.0,0.0,0.0
82398,NS1,0.0,90.0,1.0,0.0,0.0
82493,NS1,0.0,90.0,1.0,0.0,0.0
82588,NS1,0.0,90.0,1.0,0.0,0.0
82683,NS1,0.0,90.0,1.0,0.0,0.0
82778,NS1,0.0,90.0,1.0,0.0,0.0
82873,NS1,0.0,90.0,1.0,0.0,0.0
82968,NS1,0.0,90.0,1.0,0.0,0.0
83063,NS1,0.0,90.0,1.0,0.0,0.0
83158,NS1,0.0,90.0,1.0,0.0,0.0
83253,NS1,0.0,90.0,1.0,0.0,0.0
83348,NS1,0.0,90.0,1.0,0.0,0.0
83443,NS1,0.0,90.0,1.0,0.0,0.0
83538,NS1,0.0,90.0,1.0,0.0,0.0
83623,NS1,0.0,90.0,1.0,0.0,0.0
83624,NS1,0.0,90.0,1.0,0.0,0.0
83718,NS1,0.0,90.0,1.0,0.0,0.0
83719,NS1,0.0,90.0,1.0,0.0,0.0
83813,NS1,0.0,90.0,1.0,0.0,0.0
83814,NS1,0.0,90.0,1.0,0.0,0.0
83908,NS1,0.0,90.0,1.0,0.0,0.0
83909,NS1,0.0,90.0,1.0,0.0,0.0
84003,NS1,0.0,90.0,1.0,0.0,0.0
84004,NS1,0.0,90.0,1.0,0.0,0.0
84098,NS1,0.0,90.0,1.0,0.0,0.0
84099,NS1,0.0,90.0,1.0,0.0,0.0
84193,NS1,0.0,90.0,1.0,0.0,0.0
84194,NS1,0.0,90.0,1.0,0.0,0.0
84288,NS1,0.0,90.0,1.0,0.0,0.0
84289,NS1,0.0,90.0,1.0,0.0,0.0
84383,NS1,0.0,90.0,1.0,0.0,0.0
84384,NS1,0.0,90.0,1.0,0.0,0.0
84478,NS1,0.0,90.0,1.0,0.0,0.0
84479,NS1,0.0,90.0,1.0,0.0,0.0
84573,NS1,0.0,90.0,1.0,0.0,0.0
84574,NS1,0.0,90.0,1.0,0.0,0.0
84668,NS1,0.0,90.0,1.0,0.0,0.0
84669,NS1,0.0,90.0,1.0,0.0,0.0
84763,NS1,0.0,90.0,1.0,0.0,0.0
84764,NS1,0.0,90.0,1.0,0.0,0.0
84858,NS1,0.0,90.0,1.0,0.0,0.0
84859,NS1,0.0,90.0,1.0,0.0,0.0
84953,NS1,0.0,90.0,1.0,0.0,0.0
84954,NS1,0.0,90.0,1.0,0.0,0.0
85048,NS1,0.0,90.0,1.0,0.0,0.0
85049,NS1,0.0,90.0,1.0,0.0,0.0
85050,NS1,0.0,90.0,1.0,0.0,0.0
85051,NS1,0.0,90.0,1.0,0.0,0.0
85145,NS1,0.0,90.0,1.0,0.0,0.0
85146,NS1,0.0,90.0,1.0,0.0,0.0
85240,NS1,0.0,90.0,1.0,0.0,0.0
85241,NS1,0.0,90.0,1.0,0.0,0.0
85335,NS1,0.0,90.0,1.0,0.0,0.0
85336,NS1,0.0,90.0,1.0,0.0,0.0
85430,NS1,0.0,90.0,1.0,0.0,0.0
85431,NS1,0.0,90.0,1.0,0.0,0.0
85525,NS1,0.0,90.0,1.0,0.0,0.0
85526,NS1,0.0,90.0,1.0,0.0,0.0
85620,NS1,0.0,90.0,1.0,0.0,0.0
85621,NS1,0.0,90.0,1.0,0.0,0.0
85715,NS1,0.0,90.0,1.0,0.0,0.0
85716,NS1,0.0,90.0,1.0,0.0,0.0
85810,NS1,0.0,90.0,1.0,0.0,0.0
85811,NS1,0.0,90.0,1.0,0.0,0.0
85905,NS1,0.0,90.0,1.0,0.0,0.0
85906,NS1,0.0,90.0,1.0,0.0,0.0
86000,NS1,0.0,90.0,1.0,0.0,0.0
86001,NS1,0.0,90.0,1.0,0.0,0.0
86095,NS1,0.0,90.0,1.0,0.0,0.0
86096,NS1,0.0,90.0,1.0,0.0,0.0
86097,NS1,0.0,90.0,1.0,0.0,0.0
86098,NS1,0.0,90.0,1.0,0.0,0.0
86192,NS1,0.0,90.0,1.0,0.0,0.0
86193,NS1,0.0,90.0,1.0,0.0,0.0
86287,NS1,0.0,90.0,1.0,0.0,0.0
86288,NS1,0.0,90.0,1.0,0.0,0.0
86382,NS1,0.0,90.0,1.0,0.0,0.0
86383,NS1,0.0,90.0,1.0,0.0,0.0
86477,NS1,0.0,90.0,1.0,0.0,0.0
86478,NS1,0.0,90.0,1.0,0.0,0.0
86572,NS1,0.0,90.0,1.0,0.0,0.0
86573,NS1,0.0,90.0,1.0,0.0,0.0
86667,NS1,0.0,90.0,1.0,0.0,0.0
86668,NS1,0.0,90.0,1.0,0.0,0.0
86762,NS1,0.0,90.0,1.0,0.0,0.0
86763,NS1,0.0,90.0,1.0,0.0,0.0
86857,NS1,0.0,90.0,1.0,0.0,0.0
86858,NS1,0.0,90.0,1.0,0.0,0.0
86952,NS1,0.0,90.0,1.0,0.0,0.0
86953,NS1,0.0,90.0,1.0,0.0,0.0
87047,NS1,0.0,90.0,1.0,0.0,0.0
87048,NS1,0.0,90.0,1.0,0.0,0.0
87142,NS1,0.0,90.0,1.0,0.0,0.0
87143,NS1,0.0,90.0,1.0,0.0,0.0
87144,NS1,0.0,90.0,1.0,0.0,0.0
87145,NS1,0.0,90.0,1.0,0.0,0.0
87239,NS1,0.0,90.0,1.0,0.0,0.0
87240,NS1,0.0,90.0,1.0,0.0,0.0
87334,NS1,0.0,90.0,1.0,0.0,0.0
87335,NS1,0.0,90.0,1.0,0.0,0.0
87429,NS1,0.0,90.0,1.0,0.0,0.0
87430,NS1,0.0,90.0,1.0,0.0,0.0
87524,NS1,0.0,90.0,1.0,0.0,0.0
87525,NS1,0.0,90.0,1.0,0.0,0.0
87619,NS1,0.0,90.0,1.0,0.0,0.0
87620,NS1,0.0,90.0,1.0,0.0,0.0
87714,NS1,0.0,90.0,1.0,0.0,0.0
87715,NS1,0.0,90.0,1.0,0.0,0.0
87809,NS1,0.0,90.0,1.0,0.0,0.0
87810,NS1,0.0,90.0,1.0,0.0,0.0
87904,NS1,0.0,90.0,1.0,0.0,0.0
87905,NS1,0.0,90.0,1.0,0.0,0.0
87999,NS1,0.0,90.0,1.0,0.0,0.0
88000,NS1,0.0,90.0,1.0,0.0,0.0
88094,NS1,0.0,90.0,1.0,0.0,0.0
88095,NS1,0.0,90.0,1.0,0.0,0.0
88189,NS1,0.0,90.0,1.0,0.0,0.0
88190,NS1,0.0,90.0,1.0,0.0,0.0
88191,NS1,0.0,90.0,1.0,0.0,0.0
88192,NS1,0.0,90.0,1.0,0.0,0.0
88286,NS1,0.0,90.0,1.0,0.0,0.0
88287,NS1,0.0,90.0,1.0,0.0,0.0
88381,NS1,0.0,90.0,1.0,0.0,0.0
88382,NS1,0.0,90.0,1.0,0.0,0.0
88476,NS1,0.0,90.0,1.0,0.0,0.0
88477,NS1,0.0,90.0,1.0,0.0,0.0
88571,NS1,0.0,90.0,1.0,0.0,0.0
88572,NS1,0.0,90.0,1.0,0.0,0.0
88666,NS1,0.0,90.0,1.0,0.0,0.0
88667,NS1,0.0,90.0,1.0,0.0,0.0
88761,NS1,0.0,90.0,1.0,0.0,0.0
88762,NS1,0.0,90.0,1.0,0.0,0.0
88856,NS1,0.0,90.0,1.0,0.0,0.0
88857,NS1,0.0,90.0,1.0,0.0,0.0
88951,NS1,0.0,90.0,1.0,0.0,0.0
88952,NS1,0.0,90.0,1.0,0.0,0.0
89046,NS1,0.0,90.0,1.0,0.0,0.0
89047,NS1,0.0,90.0,1.0,0.0,0.0
89141,NS1,0.0,90.0,1.0,0.0,0.0
89142,NS1,0.0,90.0,1.0,0.0,0.0
89236,NS1,0.0,90.0,1.0,0.0,0.0
89237,NS1,0.0,90.0,1.0,0.0,0.0
89238,NS1,0.0,90.0,1.0,0.0,0.0
89333,NS1,0.0,90.0,1.0,0.0,0.0
89428,NS1,0.0,90.0,1.0,0.0,0.0
89523,NS1,0.0,90.0,1.0,0.0,0.0
89618,NS1,0.0,90.0,1.0,0.0,0.0
89713,NS1,0.0,90.0,1.0,0.0,0.0
89808,NS1,0.0,90.0,1.0,0.0,0.0
89903,NS1,0.0,90.0,1.0,0.0,0.0
89998,NS1,0.0,90.0,1.0,0.0,0.0
90093,NS1,0.0,90.0,1.0,0.0,0.0
90188,NS1,0.0,90.0,1.0,0.0,0.0
90283,NS1,0.0,90.0,1.0,0.0,0.0
90378,NS1,0.0,90.0,1.0,0.0,0.0
90473,NS1,0.0,90.0,1.0,0.0,0.0
90568,NS1,0.0,90.0,1.0,0.0,0.0
90663,NS1,0.0,90.0,1.0,0.0,0.0
90758,NS1,0.0,90.0,1.0,0.0,0.0
90853,NS1,0.0,90.0,1.0,0.0,0.0
90948,NS1,0.0,90.0,1.0,0.0,0.0
91043,NS1,0.0,90.0,1.0,0.0,0.0
91138,NS1,0.0,90.0,1.0,0.0,0.0
91223,NS1,0.0,90.0,1.0,0.0,0.0
91224,NS1,0.0,90.0,1.0,0.0,0.0
91318,NS1,0.0,90.0,1.0,0.0,0.0
91319,NS1,0.0,90.0,1.0,0.0,0.0
91413,NS1,0.0,90.0,1.0,0.0,0.0
91414,NS1,0.0,90.0,1.0,0.0,0.0
91508,NS1,0.0,90.0,1.0,0.0,0.0
91509,NS1,0.0,90.0,1.0,0.0,0.0
91603,NS1,0.0,90.0,1.0,0.0,0.0
91604,NS1,0.0,90.0,1.0,0.0,0.0
91698,NS1,0.0,90.0,1.0,0.0,0.0
91699,NS1,0.0,90.0,1.0,0.0,0.0
91793,NS1,0.0,90.0,1.0,0.0,0.0
91794,NS1,0.0,90.0,1.0,0.0,0.0
91888,NS1,0.0,90.0,1.0,0.0,0.0
91889,NS1,0.0,90.0,1.0,0.0,0.0
91983,NS1,0.0,90.0,1.0,0.0,0.0
91984,NS1,0.0,90.0,1.0,0.0,0.0
92078,NS1,0.0,90.0,1.0,0.0,0.0
92079,NS1,0.0,90.0,1.0,0.0,0.0
92173,NS1,0.0,90.0,1.0,0.0,0.0
92174,NS1,0.0,90.0,1.0,0.0,0.0
92268,NS1,0.0,90.0,1.0,0.0,0.0
92269,NS1,0.0,90.0,1.0,0.0,0.0
92363,NS1,0.0,90.0,1.0,0.0,0.0
92364,NS1,0.0,90.0,1.0,0.0,0.0
92458,NS1,0.0,90.0,1.0,0.0,0.0
92459,NS1,0.0,90.0,1.0,0.0,0.0
92553,NS1,0.0,90.0,1.0,0.0,0.0
92554,NS1,0.0,90.0,1.0,0.0,0.0
92648,NS1,0.0,90.0,1.0,0.0,0.0
92649,NS1,0.0,90.0,1.0,0.0,0.0
92650,NS1,0.0,90.0,1.0,0.0,0.0
92651,NS1,0.0,90.0,1.0,0.0,0.0
92745,NS1,0.0,90.0,1.0,0.0,0.0
92746,NS1,0.0,90.0,1.0,0.0,0.0
92840,NS1,0.0,90.0,1.0,0.0,0.0
92841,NS1,0.0,90.0,1.0,0.0,0.0
92935,NS1,0.0,90.0,1.0,0.0,0.0
92936,NS1,0.0,90.0,1.0,0.0,0.0
93030,NS1,0.0,90.0,1.0,0.0,0.0
93031,NS1,0.0,90.0,1.0,0.0,0.0
93125,NS1,0.0,90.0,1.0,0.0,0.0
93126,NS1,0.0,90.0,1.0,0.0,0.0
93220,NS1,0.0,90.0,1.0,0.0,0.0
93221,NS1,0.0,90.0,1.0,0.0,0.0
93315,NS1,0.0,90.0,1.0,0.0,0.0
93316,NS1,0.0,90.0,1.0,0.0,0.0
93410,NS1,0.0,90.0,1.0,0.0,0.0
93411,NS1,0.0,90.0,1.0,0.0,0.0
93505,NS1,0.0,90.0,1.0,0.0,0.0
93506,NS1,0.0,90.0,1.0,0.0,0.0
93600,NS1,0.0,90.0,1.0,0.0,0.0
93601,NS1,0.0,90.0,1.0,0.0,0.0
93695,NS1,0.0,90.0,1.0,0.0,0.0
93696,NS1,0.0,90.0,1.0,0.0,0.0
93697,NS1,0.0,90.0,1.0,0.0,0.0
93698,NS1,0.0,90.0,1.0,0.0,0.0
93792,NS1,0.0,90.0,1.0,0.0,0.0
93793,NS1,0.0,90.0,1.0,0.0,0.0
93887,NS1,0.0,90.0,1.0,0.0,0.0
93888,NS1,0.0,90.0,1.0,0.0,0.0
93982,NS1,0.0,90.0,1.0,0.0,0.0
93983,NS1,0.0,90.0,1.0,0.0,0.0
94077,NS1,0.0,90.0,1.0,0.0,0.0
94078,NS1,0.0,90.0,1.0,0.0,0.0
94172,NS1,0.0,90.0,1.0,0.0,0.0
94173,NS1,0.0,90.0,1.0,0.0,0.0
94267,NS1,0.0,90.0,1.0,0.0,0.0
94268,NS1,0.0,90.0,1.0,0.0,0.0
94362,NS1,0.0,90.0,1.0,0.0,0.0
94363,NS1,0.0,90.0,1.0,0.0,0.0
94457,NS1,0.0,90.0,1.0,0.0,0.0
94458,NS1,0.0,90.0,1.0,0.0,0.0
94552,NS1,0.0,90.0,1.0,0.0,0.0
94553,NS1,0.0,90.0,1.0,0.0,0.0
94647,NS1,0.0,90.0,1.0,0.0,0.0
94648,NS1,0.0,90.0,1.0,0.0,0.0
94742,NS1,0.0,90.0,1.0,0.0,0.0
94743,NS1,0.0,90.0,1.0,0.0,0.0
94744,NS1,0.0,90.0,1.0,0.0,0.0
94745,NS1,0.0,90.0,1.0,0.0,0.0
94839,NS1,0.0,90.0,1.0,0.0,0.0
94840,NS1,0.0,90.0,1.0,0.0,0.0
94934,NS1,0.0,90.0,1.0,0.0,0.0
94935,NS1,0.0,90.0,1.0,0.0,0.0
95029,NS1,0.0,90.0,1.0,0.0,0.0
95030,NS1,0.0,90.0,1.0,0.0,0.0
95124,NS1,0.0,90.0,1.0,0.0,0.0
95125,NS1,0.0,90.0,1.0,0.0,0.0
95219,NS1,0.0,90.0,1.0,0.0,0.0
95220,NS1,0.0,90.0,1.0,0.0,0.0
95314,NS1,0.0,90.0,1.0,0.0,0.0
95315,NS1,0.0,90.0,1.0,0.0,0.0
95409,NS1,0.0,90.0,1.0,0.0,0.0
95410,NS1,0.0,90.0,1.0,0.0,0.0
95504,NS1,0.0,90.0,1.0,0.0,0.0
95505,NS1,0.0,90.0,1.0,0.0,0.0
95599,NS1,0.0,90.0,1.0,0.0,0.0
95600,NS1,0.0,90.0,1.0,0.0,0.0
95694,NS1,0.0,90.0,1.0,0.0,0.0
95695,NS1,0.0,90.0,1.0,0.0,0.0
95789,NS1,0.0,90.0,1.0,0.0,0.0
95790,NS1,0.0,90.0,1.0,0.0,0.0
95791,NS1,0.0,90.0,1.0,0.0,0.0
95792,NS1,0.0,90.0,1.0,0.0,0.0
95886,NS1,0.0,90.0,1.0,0.0,0.0
95887,NS1,0.0,90.0,1.0,0.0,0.0
95981,NS1,0.0,90.0,1.0,0.0,0.0
95982,NS1,0.0,90.0,1.0,0.0,0.0
96076,NS1,0.0,90.0,1.0,0.0,0.0
96077,NS1,0.0,90.0,1.0,0.0,0.0
96171,NS1,0.0,90.0,1.0,0.0,0.0
96172,NS1,0.0,90.0,1.0,0.0,0.0
96266,NS1,0.0,90.0,1.0,0.0,0.0
96267,NS1,0.0,90.0,1.0,0.0,0.0
96361,NS1,0.0,90.0,1.0,0.0,0.0
96362,NS1,0.0,90.0,1.0,0.0,0.0
96456,NS1,0.0,90.0,1.0,0.0,0.0
96457,NS1,0.0,90.0,1.0,0.0,0.0
96551,NS1,0.0,90.0,1.0,0.0,0.0
96552,NS1,0.0,90.0,1.0,0.0,0.0
96646,NS1,0.0,90.0,1.0,0.0,0.0
96647,NS1,0.0,90.0,1.0,0.0,0.0
96741,NS1,0.0,90.0,1.0,0.0,0.0
96742,NS1,0.0,90.0,1.0,0.0,0.0
96836,NS1,0.0,90.0,1.0,0.0,0.0
96837,NS1,0.0,90.0,1.0,0.0,0.0
96838,NS1,0.0,90.0,1.0,0.0,0.0
96933,NS1,0.0,90.0,1.0,0.0,0.0
97028,NS1,0.0,90.0,1.0,0.0,0.0
97123,NS1,0.0,90.0,1.0,0.0,0.0
97218,NS1,0.0,90.0,1.0,0.0,0.0
97313,NS1,0.0,90.0,1.0,0.0,0.0
97408,NS1,0.0,90.0,1.0,0.0,0.0
97503,NS1,0.0,90.0,1.0,0.0,0.0
97598,NS1,0.0,90.0,1.0,0.0,0.0
97693,NS1,0.0,90.0,1.0,0.0,0.0
97788,NS1,0.0,90.0,1.0,0.0,0.0
97883,NS1,0.0,90.0,1.0,0.0,0.0
97978,NS1,0.0,90.0,1.0,0.0,0.0
98073,NS1,0.0,90.0,1.0,0.0,0.0
98168,NS1,0.0,90.0,1.0,0.0,0.0
98263,NS1,0.0,90.0,1.0,0.0,0.0
98358,NS1,0.0,90.0,1.0,0.0,0.0
98453,NS1,0.0,90.0,1.0,0.0,0.0
98548,NS1,0.0,90.0,1.0,0.0,0.0
98643,NS1,0.0,90.0,1.0,0.0,0.0
98738,NS1,0.0,90.0,1.0,0.0,0.0
98823,NS1,0.0,90.0,1.0,0.0,0.0
98824,NS1,0.0,90.0,1.0,0.0,0.0
98918,NS1,0.0,90.0,1.0,0.0,0.0
98919,NS1,0.0,90.0,1.0,0.0,0.0
99013,NS1,0.0,90.0,1.0,0.0,0.0
99014,NS1,0.0,90.0,1.0,0.0,0.0
99108,NS1,0.0,90.0,1.0,0.0,0.0
99109,NS1,0.0,90.0,1.0,0.0,0.0
99203,NS1,0.0,90.0,1.0,0.0,0.0
99204,NS1,0.0,90.0,1.0,0.0,0.0
99298,NS1,0.0,90.0,1.0,0.0,0.0
99299,NS1,0.0,90.0,1.0,0.0,0.0
99393,NS1,0.0,90.0,1.0,0.0,0.0
99394,NS1,0.0,90.0,1.0,0.0,0.0
99488,NS1,0.0,90.0,1.0,0.0,0.0
99489,NS1,0.0,90.0,1.0,0.0,0.0
99583,NS1,0.0,90.0,1.0,0.0,0.0
99584,NS1,0.0,90.0,1.0,0.0,0.0
99678,NS1,0.0,90.0,1.0,0.0,0.0
99679,NS1,0.0,90.0,1.0,0.0,0.0
99773,NS1,0.0,90.0,1.0,0.0,0.0
99774,NS1,0.0,90.0,1.0,0.0,0.0
99868,NS1,0.0,90.0,1.0,0.0,0.0
99869,NS1,0.0,90.0,1.0,0.0,0.0
99963,NS1,0.0,90.0,1.0,0.0,0.0
99964,NS1,0.0,90.0,1.0,0.0,0.0
100058,NS1,0.0,90.0,1.0,0.0,0.0
100059,NS1,0.0,90.0,1.0,0.0,0.0
100153,NS1,0.0,90.0,1.0,0.0,0.0
100154,NS1,0.0,90.0,1.0,0.0,0.0
100248,NS1,0.0,90.0,1.0,0.0,0.0
100249,NS1,0.0,90.0,1.0,0.0,0.0
100250,NS1,0.0,90.0,1.0,0.0,0.0
100251,NS1,0.0,90.0,1.0,0.0,0.0
100345,NS1,0.0,90.0,1.0,0.0,0.0
100346,NS1,0.0,90.0,1.0,0.0,0.0
100440,NS1,0.0,90.0,1.0,0.0,0.0
100441,NS1,0.0,90.0,1.0,0.0,0.0
100535,NS1,0.0,90.0,1.0,0.0,0.0
100536,NS1,0.0,90.0,1.0,0.0,0.0
100630,NS1,0.0,90.0,1.0,0.0,0.0
100631,NS1,0.0,90.0,1.0,0.0,0.0
100725,NS1,0.0,90.0,1.0,0.0,0.0
100726,NS1,0.0,90.0,1.0,0.0,0.0
100820,NS1,0.0,90.0,1.0,0.0,0.0
100821,NS1,0.0,90.0,1.0,0.0,0.0
100915,NS1,0.0,90.0,1.0,0.0,0.0
100916,NS1,0.0,90.0,1.0,0.0,0.0
101010,NS1,0.0,90.0,1.0,0.0,0.0
101011,NS1,0.0,90.0,1.0,0.0,0.0
101105,NS1,0.0,90.0,1.0,0.0,0.0
101106,NS1,0.0,90.0,1.0,0.0,0.0
101200,NS1,0.0,90.0,1.0,0.0,0.0
101201,NS1,0.0,90.0,1.0,0.0,0.0
101295,NS1,0.0,90.0,1.0,0.0,0.0
101296,NS1,0.0,90.0,1.0,0.0,0.0
101297,NS1,0.0,90.0,1.0,0.0,0.0
101298,NS1,0.0,90.0,1.0,0.0,0.0
101392,NS1,0.0,90.0,1.0,0.0,0.0
101393,NS1,0.0,90.0,1.0,0.0,0.0
101487,NS1,0.0,90.0,1.0,0.0,0.0
101488,NS1,0.0,90.0,1.0,0.0,0.0
101582,NS1,0.0,90.0,1.0,0.0,0.0
101583,NS1,0.0,90.0,1.0,0.0,0.0
101677,NS1,0.0,90.0,1.0,0.0,0.0
101678,NS1,0.0,90.0,1.0,0.0,0.0
101772,NS1,0.0,90.0,1.0,0.0,0.0
101773,NS1,0.0,90.0,1.0,0.0,0.0
101867,NS1,0.0,90.0,1.0,0.0,0.0
101868,NS1,0.0,90.0,1.0,0.0,0.0
101962,NS1,0.0,90.0,1.0,0.0,0.0
101963,NS1,0.0,90.0,1.0,0.0,0.0
102057,NS1,0.0,90.0,1.0,0.0,0.0
102058,NS1,0.0,90.0,1.0,0.0,0.0
102152,NS1,0.0,90.0,1.0,0.0,0.0
102153,NS1,0.0,90.0,1.0,0.0,0.0
102247,NS1,0.0,90.0,1.0,0.0,0.0
102248,NS1,0.0,90.0,1.0,0.0,0.0
102342,NS1,0.0,90.0,1.0,0.0,0.0
102343,NS1,0.0,90.0,1.0,0.0,0.0
102344,NS1,0.0,90.0,1.0,0.0,0.0
102345,NS1,0.0,90.0,1.0,0.0,0.0
102439,NS1,0.0,90.0,1.0,0.0,0.0
102440,NS1,0.0,90.0,1.0,0.0,0.0
102534,NS1,0.0,90.0,1.0,0.0,0.0
102535,NS1,0.0,90.0,1.0,0.0,0.0
102629,NS1,0.0,90.0,1.0,0.0,0.0
102630,NS1,0.0,90.0,1.0,0.0,0.0
102724,NS1,0.0,90.0,1.0,0.0,0.0
102725,NS1,0.0,90.0,1.0,0.0,0.0
102819,NS1,0.0,90.0,1.0,0.0,0.0
102820,NS1,0.0,90.0,1.0,0.0,0.0
102914,NS1,0.0,90.0,1.0,0.0,0.0
102915,NS1,0.0,90.0,1.0,0.0,0.0
103009,NS1,0.0,90.0,1.0,0.0,0.0
103010,NS1,0.0,90.0,1.0,0.0,0.0
103104,NS1,0.0,90.0,1.0,0.0,0.0
103105,NS1,0.0,90.0,1.0,0.0,0.0
103199,NS1,0.0,90.0,1.0,0.0,0.0
103200,NS1,0.0,90.0,1.0,0.0,0.0
103294,NS1,0.0,90.0,1.0,0.0,0.0
103295,NS1,0.0,90.0,1.0,0.0,0.0
103389,NS1,0.0,90.0,1.0,0.0,0.0
103390,NS1,0.0,90.0,1.0,0.0,0.0
103391,NS1,0.0,90.0,1.0,0.0,0.0
103392,NS1,0.0,90.0,1.0,0.0,0.0
103486,NS1,0.0,90.0,1.0,0.0,0.0
103487,NS1,0.0,90.0,1.0,0.0,0.0
103581,NS1,0.0,90.0,1.0,0.0,0.0
103582,NS1,0.0,90.0,1.0,0.0,0.0
103676,NS1,0.0,90.0,1.0,0.0,0.0
103677,NS1,0.0,90.0,1.0,0.0,0.0
103771,NS1,0.0,90.0,1.0,0.0,0.0
103772,NS1,0.0,90.0,1.0,0.0,0.0
103866,NS1,0.0,90.0,1.0,0.0,0.0
103867,NS1,0.0,90.0,1.0,0.0,0.0
103961,NS1,0.0,90.0,1.0,0.0,0.0
103962,NS1,0.0,90.0,1.0,0.0,0.0
104056,NS1,0.0,90.0,1.0,0.0,0.0
104057,NS1,0.0,90.0,1.0,0.0,0.0
104151,NS1,0.0,90.0,1.0,0.0,0.0
104152,NS1,0.0,90.0,1.0,0.0,0.0
104246,NS1,0.0,90.0,1.0,0.0,0.0
104247,NS1,0.0,90.0,1.0,0.0,0.0
104341,NS1,0.0,90.0,1.0,0.0,0.0
104342,NS1,0.0,90.0,1.0,0.0,0.0
104436,NS1,0.0,90.0,1.0,0.0,0.0
104437,NS1,0.0,90.0,1.0,0.0,0.0
104438,NS1,0.0,90.0,1.0,0.0,0.0
104533,NS1,0.0,90.0,1.0,0.0,0.0
104628,NS1,0.0,90.0,1.0,0.0,0.0
104723,NS1,0.0,90.0,1.0,0.0,0.0
104818,NS1,0.0,90.0,1.0,0.0,0.0
104913,NS1,0.0,90.0,1.0,0.0,0.0
105008,NS1,0.0,90.0,1.0,0.0,0.0
105103,NS1,0.0,90.0,1.0,0.0,0.0
105198,NS1,0.0,90.0,1.0,0.0,0.0
105293,NS1,0.0,90.0,1.0,0.0,0.0
105388,NS1,0.0,90.0,1.0,0.0,0.0
105483,NS1,0.0,90.0,1.0,0.0,0.0
105578,NS1,0.0,90.0,1.0,0.0,0.0
105673,NS1,0.0,90.0,1.0,0.0,0.0
105768,NS1,0.0,90.0,1.0,0.0,0.0
105863,NS1,0.0,90.0,1.0,0.0,0.0
105958,NS1,0.0,90.0,1.0,0.0,0.0
106053,NS1,0.0,90.0,1.0,0.0,0.0
106148,NS1,0.0,90.0,1.0,0.0,0.0
106243,NS1,0.0,90.0,1.0,0.0,0.0
106338,NS1,0.0,90.0,1.0,0.0,0.0
106423,NS1,0.0,90.0,1.0,0.0,0.0
106424,NS1,0.0,90.0,1.0,0.0,0.0
106518,NS1,0.0,90.0,1.0,0.0,0.0
106519,NS1,0.0,90.0,1.0,0.0,0.0
106613,NS1,0.0,90.0,1.0,0.0,0.0
106614,NS1,0.0,90.0,1.0,0.0,0.0
106708,NS1,0.0,90.0,1.0,0.0,0.0
106709,NS1,0.0,90.0,1.0,0.0,0.0
106803,NS1,0.0,90.0,1.0,0.0,0.0
106804,NS1,0.0,90.0,1.0,0.0,0.0
106898,NS1,0.0,90.0,1.0,0.0,0.0
106899,NS1,0.0,90.0,1.0,0.0,0.0
106993,NS1,0.0,90.0,1.0,0.0,0.0
106994,NS1,0.0,90.0,1.0,0.0,0.0
107088,NS1,0.0,90.0,1.0,0.0,0.0
107089,NS1,0.0,90.0,1.0,0.0,0.0
107183,NS1,0.0,90.0,1.0,0.0,0.0
107184,NS1,0.0,90.0,1.0,0.0,0.0
107278,NS1,0.0,90.0,1.0,0.0,0.0
107279,NS1,0.0,90.0,1.0,0.0,0.0
107373,NS1,0.0,90.0,1.0,0.0,0.0
107374,NS1,0.0,90.0,1.0,0.0,0.0
107468,NS1,0.0,90.0,1.0,0.0,0.0
107469,NS1,0.0,90.0,1.0,0.0,0.0
107563,NS1,0.0,90.0,1.0,0.0,0.0
107564,NS1,0.0,90.0,1.0,0.0,0.0
107658,NS1,0.0,90.0,1.0,0.0,0.0
107659,NS1,0.0,90.0,1.0,0.0,0.0
107753,NS1,0.0,90.0,1.0,0.0,0.0
107754,NS1,0.0,90.0,1.0,0.0,0.0
107848,NS1,0.0,90.0,1.0,0.0,0.0
107849,NS1,0.0,90.0,1.0,0.0,0.0
107850,NS1,0.0,90.0,1.0,0.0,0.0
107851,NS1,0.0,90.0,1.0,0.0,0.0
107945,NS1,0.0,90.0,1.0,0.0,0.0
107946,NS1,0.0,90.0,1.0,0.0,0.0
108040,NS1,0.0,90.0,1.0,0.0,0.0
108041,NS1,0.0,90.0,1.0,0.0,0.0
108135,NS1,0.0,90.0,1.0,0.0,0.0
108136,NS1,0.0,90.0,1.0,0.0,0.0
108230,NS1,0.0,90.0,1.0,0.0,0.0
108231,NS1,0.0,90.0,1.0,0.0,0.0
108325,NS1,0.0,90.0,1.0,0.0,0.0
108326,NS1,0.0,90.0,1.0,0.0,0.0
108420,NS1,0.0,90.0,1.0,0.0,0.0
108421,NS1,0.0,90.0,1.0,0.0,0.0
108515,NS1,0.0,90.0,1.0,0.0,0.0
108516,NS1,0.0,90.0,1.0,0.0,0.0
108610,NS1,0.0,90.0,1.0,0.0,0.0
108611,NS1,0.0,90.0,1.0,0.0,0.0
108705,NS1,0.0,90.0,1.0,0.0,0.0
108706,NS1,0.0,90.0,1.0,0.0,0.0
108800,NS1,0.0,90.0,1.0,0.0,0.0
108801,NS1,0.0,90.0,1.0,0.0,0.0
108895,NS1,0.0,90.0,1.0,0.0,0.0
108896,NS1,0.0,90.0,1.0,0.0,0.0
108897,NS1,0.0,90.0,1.0,0.0,0.0
108898,NS1,0.0,90.0,1.0,0.0,0.0
108992,NS1,0.0,90.0,1.0,0.0,0.0
108993,NS1,0.0,90.0,1.0,0.0,0.0
109087,NS1,0.0,90.0,1.0,0.0,0.0
109088,NS1,0.0,90.0,1.0,0.0,0.0
109182,NS1,0.0,90.0,1.0,0.0,0.0
109183,NS1,0.0,90.0,1.0,0.0,0.0
109277,NS1,0.0,90.0,1.0,0.0,0.0
109278,NS1,0.0,90.0,1.0,0.0,0.0
109372,NS1,0.0,90.0,1.0,0.0,0.0
109373,NS1,0.0,90.0,1.0,0.0,0.0
109467,NS1,0.0,90.0,1.0,0.0,0.0
109468,NS1,0.0,90.0,1.0,0.0,0.0
109562,NS1,0.0,90.0,1.0,0.0,0.0
109563,NS1,0.0,90.0,1.0,0.0,0.0
109657,NS1,0.0,90.0,1.0,0.0,0.0
109658,NS1,0.0,90.0,1.0,0.0,0.0
109752,NS1,0.0,90.0,1.0,0.0,0.0
109753,NS1,0.0,90.0,1.0,0.0,0.0
109847,NS1,0.0,90.0,1.0,0.0,0.0
109848,NS1,0.0,90.0,1.0,0.0,0.0
109942,NS1,0.0,90.0,1.0,0.0,0.0
109943,NS1,0.0,90.0,1.0,0.0,0.0
109944,NS1,0.0,90.0,1.0,0.0,0.0
109945,NS1,0.0,90.0,1.0,0.0,0.0
110039,NS1,0.0,90.0,1.0,0.0,0.0
110040,NS1,0.0,90.0,1.0,0.0,0.0
110134,NS1,0.0,90.0,1.0,0.0,0.0
110135,NS1,0.0,90.0,1.0,0.0,0.0
110229,NS1,0.0,90.0,1.0,0.0,0.0
110230,NS1,0.0,90.0,1.0,0.0,0.0
110324,NS1,0.0,90.0,1.0,0.0,0.0
110325,NS1,0.0,90.0,1.0,0.0,0.0
110419,NS1,0.0,90.0,1.0,0.0,0.0
110420,NS1,0.0,90.0,1.0,0.0,0.0
110514,NS1,0.0,90.0,1.0,0.0,0.0
110515,NS1,0.0,90.0,1.0,0.0,0.0
110609,NS1,0.0,90.0,1.0,0.0,0.0
110610,NS1,0.0,90.0,1.0,0.0,0.0
110704,NS1,0.0,90.0,1.0,0.0,0.0
110705,NS1,0.0,90.0,1.0,0.0,0.0
110799,NS1,0.0,90.0,1.0,0.0,0.0
110800,NS1,0.0,90.0,1.0,0.0,0.0
110894,NS1,0.0,90.0,1.0,0.0,0.0
110895,NS1,0.0,90.0,1.0,0.0,0.0
110989,NS1,0.0,90.0,1.0,0.0,0.0
110990,NS1,0.0,90.0,1.0,0.0,0.0
110991,NS1,0.0,90.0,1.0,0.0,0.0
110992,NS1,0.0,90.0,1.0,0.0,0.0
111086,NS1,0.0,90.0,1.0,0.0,0.0
111087,NS1,0.0,90.0,1.0,0.0,0.0
111181,NS1,0.0,90.0,1.0,0.0,0.0
111182,NS1,0.0,90.0,1.0,0.0,0.0
111276,NS1,0.0,90.0,1.0,0.0,0.0
111277,NS1,0.0,90.0,1.0,0.0,0.0
111371,NS1,0.0,90.0,1.0,0.0,0.0
111372,NS1,0.0,90.0,1.0,0.0,0.0
111466,NS1,0.0,90.0,1.0,0.0,0.0
111467,NS1,0.0,90.0,1.0,0.0,0.0
111561,NS1,0.0,90.0,1.0,0.0,0.0
111562,NS1,0.0,90.0,1.0,0.0,0.0
111656,NS1,0.0,90.0,1.0,0.0,0.0
111657,NS1,0.0,90.0,1.0,0.0,0.0
111751,NS1,0.0,90.0,1.0,0.0,0.0
111752,NS1,0.0,90.0,1.0,0.0,0.0
111846,NS1,0.0,90.0,1.0,0.0,0.0
111847,NS1,0.0,90.0,1.0,0.0,0.0
111941,NS1,0.0,90.0,1.0,0.0,0.0
111942,NS1,0.0,90.0,1.0,0.0,0.0
112036,NS1,0.0,90.0,1.0,0.0,0.0
112037,NS1,0.0,90.0,1.0,0.0,0.0
112038,NS1,0.0,90.0,1.0,0.0,0.0
112133,NS1,0.0,90.0,1.0,0.0,0.0
112228,NS1,0.0,90.0,1.0,0.0,0.0
112323,NS1,0.0,90.0,1.0,0.0,0.0
112418,NS1,0.0,90.0,1.0,0.0,0.0
112513,NS1,0.0,90.0,1.0,0.0,0.0
112608,NS1,0.0,90.0,1.0,0.0,0.0
112703,NS1,0.0,90.0,1.0,0.0,0.0
112798,NS1,0.0,90.0,1.0,0.0,0.0
112893,NS1,0.0,90.0,1.0,0.0,0.0
112988,NS1,0.0,90.0,1.0,0.0,0.0
113083,NS1,0.0,90.0,1.0,0.0,0.0
113178,NS1,0.0,90.0,1.0,0.0,0.0
113273,NS1,0.0,90.0,1.0,0.0,0.0
113368,NS1,0.0,90.0,1.0,0.0,0.0
113463,NS1,0.0,90.0,1.0,0.0,0.0
113558,NS1,0.0,90.0,1.0,0.0,0.0
113653,NS1,0.0,90.0,1.0,0.0,0.0
113748,NS1,0.0,90.0,1.0,0.0,0.0
113843,NS1,0.0,90.0,1.0,0.0,0.0
113938,NS1,0.0,90.0,1.0,0.0,0.0
114023,NS1,0.0,90.0,1.0,0.0,0.0
114024,NS1,0.0,90.0,1.0,0.0,0.0
114118,NS1,0.0,90.0,1.0,0.0,0.0
114119,NS1,0.0,90.0,1.0,0.0,0.0
114213,NS1,0.0,90.0,1.0,0.0,0.0
114214,NS1,0.0,90.0,1.0,0.0,0.0
114308,NS1,0.0,90.0,1.0,0.0,0.0
114309,NS1,0.0,90.0,1.0,0.0,0.0
114403,NS1,0.0,90.0,1.0,0.0,0.0
114404,NS1,0.0,90.0,1.0,0.0,0.0
114498,NS1,0.0,90.0,1.0,0.0,0.0
114499,NS1,0.0,90.0,1.0,0.0,0.0
114593,NS1,0.0,90.0,1.0,0.0,0.0
114594,NS1,0.0,90.0,1.0,0.0,0.0
114688,NS1,0.0,90.0,1.0,0.0,0.0
114689,NS1,0.0,90.0,1.0,0.0,0.0
114783,NS1,0.0,90.0,1.0,0.0,0.0
114784,NS1,0.0,90.0,1.0,0.0,0.0
114878,NS1,0.0,90.0,1.0,0.0,0.0
114879,NS1,0.0,90.0,1.0,0.0,0.0
114973,NS1,0.0,90.0,1.0,0.0,0.0
114974,NS1,0.0,90.0,1.0,0.0,0.0
115068,NS1,0.0,90.0,1.0,0.0,0.0
115069,NS1,0.0,90.0,1.0,0.0,0.0
115163,NS1,0.0,90.0,1.0,0.0,0.0
115164,NS1,0.0,90.0,1.0,0.0,0.0
115258,NS1,0.0,90.0,1.0,0.0,0.0
115259,NS1,0.0,90.0,1.0,0.0,0.0
115353,NS1,0.0,90.0,1.0,0.0,0.0
115354,NS1,0.0,90.0,1.0,0.0,0.0
115448,NS1,0.0,90.0,1.0,0.0,0.0
115449,NS1,0.0,90.0,1.0,0.0,0.0
115450,NS1,0.0,90.0,1.0,0.0,0.0
115451,NS1,0.0,90.0,1.0,0.0,0.0
115545,NS1,0.0,90.0,1.0,0.0,0.0
115546,NS1,0.0,90.0,1.0,0.0,0.0
115640,NS1,0.0,90.0,1.0,0.0,0.0
115641,NS1,0.0,90.0,1.0,0.0,0.0
115735,NS1,0.0,90.0,1.0,0.0,0.0
115736,NS1,0.0,90.0,1.0,0.0,0.0
115830,NS1,0.0,90.0,1.0,0.0,0.0
115831,NS1,0.0,90.0,1.0,0.0,0.0
115925,NS1,0.0,90.0,1.0,0.0,0.0
115926,NS1,0.0,90.0,1.0,0.0,0.0
116020,NS1,0.0,90.0,1.0,0.0,0.0
116021,NS1,0.0,90.0,1.0,0.0,0.0
116115,NS1,0.0,90.0,1.0,0.0,0.0
116116,NS1,0.0,90.0,1.0,0.0,0.0
116210,NS1,0.0,90.0,1.0,0.0,0.0
116211,NS1,0.0,90.0,1.0,0.0,0.0
116305,NS1,0.0,90.0,1.0,0.0,0.0
116306,NS1,0.0,90.0,1.0,0.0,0.0
116400,NS1,0.0,90.0,1.0,0.0,0.0
116401,NS1,0.0,90.0,1.0,0.0,0.0
116495,NS1,0.0,90.0,1.0,0.0,0.0
116496,NS1,0.0,90.0,1.0,0.0,0.0
116497,NS1,0.0,90.0,1.0,0.0,0.0
116498,NS1,0.0,90.0,1.0,0.0,0.0
116592,NS1,0.0,90.0,1.0,0.0,0.0
116593,NS1,0.0,90.0,1.0,0.0,0.0
116687,NS1,0.0,90.0,1.0,0.0,0.0
116688,NS1,0.0,90.0,1.0,0.0,0.0
116782,NS1,0.0,90.0,1.0,0.0,0.0
116783,NS1,0.0,90.0,1.0,0.0,0.0
116877,NS1,0.0,90.0,1.0,0.0,0.0
116878,NS1,0.0,90.0,1.0,0.0,0.0
116972,NS1,0.0,90.0,1.0,0.0,0.0
116973,NS1,0.0,90.0,1.0,0.0,0.0
117067,NS1,0.0,90.0,1.0,0.0,0.0
117068,NS1,0.0,90.0,1.0,0.0,0.0
117162,NS1,0.0,90.0,1.0,0.0,0.0
117163,NS1,0.0,90.0,1.0,0.0,0.0
117257,NS1,0.0,90.0,1.0,0.0,0.0
117258,NS1,0.0,90.0,1.0,0.0,0.0
117352,NS1,0.0,90.0,1.0,0.0,0.0
117353,NS1,0.0,90.0,1.0,0.0,0.0
117447,NS1,0.0,90.0,1.0,0.0,0.0
117448,NS1,0.0,90.0,1.0,0.0,0.0
117542,NS1,0.0,90.0,1.0,0.0,0.0
117543,NS1,0.0,90.0,1.0,0.0,0.0
117544,NS1,0.0,90.0,1.0,0.0,0.0
117545,NS1,0.0,90.0,1.0,0.0,0.0
117639,NS1,0.0,90.0,1.0,0.0,0.0
117640,NS1,0.0,90.0,1.0,0.0,0.0
117734,NS1,0.0,90.0,1.0,0.0,0.0
117735,NS1,0.0,90.0,1.0,0.0,0.0
117829,NS1,0.0,90.0,1.0,0.0,0.0
117830,NS1,0.0,90.0,1.0,0.0,0.0
117924,NS1,0.0,90.0,1.0,0.0,0.0
117925,NS1,0.0,90.0,1.0,0.0,0.0
118019,NS1,0.0,90.0,1.0,0.0,0.0
118020,NS1,0.0,90.0,1.0,0.0,0.0
118114,NS1,0.0,90.0,1.0,0.0,0.0
118115,NS1,0.0,90.0,1.0,0.0,0.0
118209,NS1,0.0,90.0,1.0,0.0,0.0
118210,NS1,0.0,90.0,1.0,0.0,0.0
118304,NS1,0.0,90.0,1.0,0.0,0.0
118305,NS1,0.0,90.0,1.0,0.0,0.0
118399,NS1,0.0,90.0,1.0,0.0,0.0
118400,NS1,0.0,90.0,1.0,0.0,0.0
118494,NS1,0.0,90.0,1.0,0.0,0.0
118495,NS1,0.0,90.0,1.0,0.0,0.0
118589,NS1,0.0,90.0,1.0,0.0,0.0
118590,NS1,0.0,90.0,1.0,0.0,0.0
118591,NS1,0.0,90.0,1.0,0.0,0.0
118592,NS1,0.0,90.0,1.0,0.0,0.0
118686,NS1,0.0,90.0,1.0,0.0,0.0
118687,NS1,0.0,90.0,1.0,0.0,0.0
118781,NS1,0.0,90.0,1.0,0.0,0.0
118782,NS1,0.0,90.0,1.0,0.0,0.0
118876,NS1,0.0,90.0,1.0,0.0,0.0
118877,NS1,0.0,90.0,1.0,0.0,0.0
118971,NS1,0.0,90.0,1.0,0.0,0.0
118972,NS1,0.0,90.0,1.0,0.0,0.0
119066,NS1,0.0,90.0,1.0,0.0,0.0
119067,NS1,0.0,90.0,1.0,0.0,0.0
119161,NS1,0.0,90.0,1.0,0.0,0.0
119162,NS1,0.0,90.0,1.0,0.0,0.0
119256,NS1,0.0,90.0,1.0,0.0,0.0
119257,NS1,0.0,90.0,1.0,0.0,0.0
119351,NS1,0.0,90.0,1.0,0.0,0.0
119352,NS1,0.0,90.0,1.0,0.0,0.0
119446,NS1,0.0,90.0,1.0,0.0,0.0
119447,NS1,0.0,90.0,1.0,0.0,0.0
119541,NS1,0.0,90.0,1.0,0.0,0.0
119542,NS1,0.0,90.0,1.0,0.0,0.0
119636,NS1,0.0,90.0,1.0,0.0,0.0
119637,NS1,0.0,90.0,1.0,0.0,0.0
119638,NS1,0.0,90.0,1.0,0.0,0.0
119733,NS1,0.0,90.0,1.0,0.0,0.0
119828,NS1,0.0,90.0,1.0,0.0,0.0
119923,NS1,0.0,90.0,1.0,0.0,0.0
120018,NS1,0.0,90.0,1.0,0.0,0.0
120113,NS1,0.0,90.0,1.0,0.0,0.0
120208,NS1,0.0,90.0,1.0,0.0,0.0
120303,NS1,0.0,90.0,1.0,0.0,0.0
120398,NS1,0.0,90.0,1.0,0.0,0.0
120493,NS1,0.0,90.0,1.0,0.0,0.0
120588,NS1,0.0,90.0,1.0,0.0,0.0
120683,NS1,0.0,90.0,1.0,0.0,0.0
120778,NS1,0.0,90.0,1.0,0.0,0.0
120873,NS1,0.0,90.0,1.0,0.0,0.0
120968,NS1,0.0,90.0,1.0,0.0,0.0
121063,NS1,0.0,90.0,1.0,0.0,0.0
121158,NS1,0.0,90.0,1.0,0.0,0.0
121253,NS1,0.0,90.0,1.0,0.0,0.0
121348,NS1,0.0,90.0,1.0,0.0,0.0
121443,NS1,0.0,90.0,1.0,0.0,0.0
121538,NS1,0.0,90.0,1.0,0.0,0.0
121623,NS1,0.0,90.0,1.0,0.0,0.0
121624,NS1,0.0,90.0,1.0,0.0,0.0
121718,NS1,0.0,90.0,1.0,0.0,0.0
121719,NS1,0.0,90.0,1.0,0.0,0.0
121813,NS1,0.0,90.0,1.0,0.0,0.0
121814,NS1,0.0,90.0,1.0,0.0,0.0
121908,NS1,0.0,90.0,1.0,0.0,0.0
121909,NS1,0.0,90.0,1.0,0.0,0.0
122003,NS1,0.0,90.0,1.0,0.0,0.0
122004,NS1,0.0,90.0,1.0,0.0,0.0
122098,NS1,0.0,90.0,1.0,0.0,0.0
122099,NS1,0.0,90.0,1.0,0.0,0.0
122193,NS1,0.0,90.0,1.0,0.0,0.0
122194,NS1,0.0,90.0,1.0,0.0,0.0
122288,NS1,0.0,90.0,1.0,0.0,0.0
122289,NS1,0.0,90.0,1.0,0.0,0.0
122383,NS1,0.0,90.0,1.0,0.0,0.0
122384,NS1,0.0,90.0,1.0,0.0,0.0
122478,NS1,0.0,90.0,1.0,0.0,0.0
122479,NS1,0.0,90.0,1.0,0.0,0.0
122573,NS1,0.0,90.0,1.0,0.0,0.0
122574,NS1,0.0,90.0,1.0,0.0,0.0
122668,NS1,0.0,90.0,1.0,0.0,0.0
122669,NS1,0.0,90.0,1.0,0.0,0.0
122763,NS1,0.0,90.0,1.0,0.0,0.0
122764,NS1,0.0,90.0,1.0,0.0,0.0
122858,NS1,0.0,90.0,1.0,0.0,0.0
122859,NS1,0.0,90.0,1.0,0.0,0.0
122953,NS1,0.0,90.0,1.0,0.0,0.0
122954,NS1,0.0,90.0,1.0,0.0,0.0
123048,NS1,0.0,90.0,1.0,0.0,0.0
123049,NS1,0.0,90.0,1.0,0.0,0.0
123050,NS1,0.0,90.0,1.0,0.0,0.0
123051,NS1,0.0,90.0,1.0,0.0,0.0
123145,NS1,0.0,90.0,1.0,0.0,0.0
123146,NS1,0.0,90.0,1.0,0.0,0.0
123240,NS1,0.0,90.0,1.0,0.0,0.0
123241,NS1,0.0,90.0,1.0,0.0,0.0
123335,NS1,0.0,90.0,1.0,0.0,0.0
123336,NS1,0.0,90.0,1.0,0.0,0.0
123430,NS1,0.0,90.0,1.0,0.0,0.0
123431,NS1,0.0,90.0,1.0,0.0,0.0
123525,NS1,0.0,90.0,1.0,0.0,0.0
123526,NS1,0.0,90.0,1.0,0.0,0.0
123620,NS1,0.0,90.0,1.0,0.0,0.0
123621,NS1,0.0,90.0,1.0,0.0,0.0
123715,NS1,0.0,90.0,1.0,0.0,0.0
123716,NS1,0.0,90.0,1.0,0.0,0.0
123810,NS1,0.0,90.0,1.0,0.0,0.0
123811,NS1,0.0,90.0,1.0,0.0,0.0
123905,NS1,0.0,90.0,1.0,0.0,0.0
123906,NS1,0.0,90.0,1.0,0.0,0.0
124000,NS1,0.0,90.0,1.0,0.0,0.0
124001,NS1,0.0,90.0,1.0,0.0,0.0
124095,NS1,0.0,90.0,1.0,0.0,0.0
124096,NS1,0.0,90.0,1.0,0.0,0.0
124097,NS1,0.0,90.0,1.0,0.0,0.0
124098,NS1,0.0,90.0,1.0,0.0,0.0
124192,NS1,0.0,90.0,1.0,0.0,0.0
124193,NS1,0.0,90.0,1.0,0.0,0.0
124287,NS1,0.0,90.0,1.0,0.0,0.0
124288,NS1,0.0,90.0,1.0,0.0,0.0
124382,NS1,0.0,90.0,1.0,0.0,0.0
124383,NS1,0.0,90.0,1.0,0.0,0.0
124477,NS1,0.0,90.0,1.0,0.0,0.0
124478,NS1,0.0,90.0,1.0,0.0,0.0
124572,NS1,0.0,90.0,1.0,0.0,0.0
124573,NS1,0.0,90.0,1.0,0.0,0.0
124667,NS1,0.0,90.0,1.0,0.0,0.0
124668,NS1,0.0,90.0,1.0,0.0,0.0
124762,NS1,0.0,90.0,1.0,0.0,0.0
124763,NS1,0.0,90.0,1.0,0.0,0.0
124857,NS1,0.0,90.0,1.0,0.0,0.0
124858,NS1,0.0,90.0,1.0,0.0,0.0
124952,NS1,0.0,90.0,1.0,0.0,0.0
124953,NS1,0.0,90.0,1.0,0.0,0.0
125047,NS1,0.0,90.0,1.0,0.0,0.0
125048,NS1,0.0,90.0,1.0,0.0,0.0
125142,NS1,0.0,90.0,1.0,0.0,0.0
125143,NS1,0.0,90.0,1.0,0.0,0.0
125144,NS1,0.0,90.0,1.0,0.0,0.0
125145,NS1,0.0,90.0,1.0,0.0,0.0
125239,NS1,0.0,90.0,1.0,0.0,0.0
125240,NS1,0.0,90.0,1.0,0.0,0.0
125334,NS1,0.0,90.0,1.0,0.0,0.0
125335,NS1,0.0,90.0,1.0,0.0,0.0
125429,NS1,0.0,90.0,1.0,0.0,0.0
125430,NS1,0.0,90.0,1.0,0.0,0.0
125524,NS1,0.0,90.0,1.0,0.0,0.0
125525,NS1,0.0,90.0,1.0,0.0,0.0
125619,NS1,0.0,90.0,1.0,0.0,0.0
125620,NS1,0.0,90.0,1.0,0.0,0.0
125714,NS1,0.0,90.0,1.0,0.0,0.0
125715,NS1,0.0,90.0,1.0,0.0,0.0
125809,NS1,0.0,90.0,1.0,0.0,0.0
125810,NS1,0.0,90.0,1.0,0.0,0.0
125904,NS1,0.0,90.0,1.0,0.0,0.0
125905,NS1,0.0,90.0,1.0,0.0,0.0
125999,NS1,0.0,90.0,1.0,0.0,0.0
126000,NS1,0.0,90.0,1.0,0.0,0.0
126094,NS1,0.0,90.0,1.0,0.0,0.0
126095,NS1,0.0,90.0,1.0,0.0,0.0
126189,NS1,0.0,90.0,1.0,0.0,0.0
126190,NS1,0.0,90.0,1.0,0.0,0.0
126191,NS1,0.0,90.0,1.0,0.0,0.0
126192,NS1,0.0,90.0,1.0,0.0,0.0
126286,NS1,0.0,90.0,1.0,0.0,0.0
126287,NS1,0.0,90.0,1.0,0.0,0.0
126381,NS1,0.0,90.0,1.0,0.0,0.0
126382,NS1,0.0,90.0,1.0,0.0,0.0
126476,NS1,0.0,90.0,1.0,0.0,0.0
126477,NS1,0.0,90.0,1.0,0.0,0.0
126571,NS1,0.0,90.0,1.0,0.0,0.0
126572,NS1,0.0,90.0,1.0,0.0,0.0
126666,NS1,0.0,90.0,1.0,0.0,0.0
126667,NS1,0.0,90.0,1.0,0.0,0.0
126761,NS1,0.0,90.0,1.0,0.0,0.0
126762,NS1,0.0,90.0,1.0,0.0,0.0
126856,NS1,0.0,90.0,1.0,0.0,0.0
126857,NS1,0.0,90.0,1.0,0.0,0.0
126951,NS1,0.0,90.0,1.0,0.0,0.0
126952,NS1,0.0,90.0,1.0,0.0,0.0
127046,NS1,0.0,90.0,1.0,0.0,0.0
127047,NS1,0.0,90.0,1.0,0.0,0.0
127141,NS1,0.0,90.0,1.0,0.0,0.0
127142,NS1,0.0,90.0,1.0,0.0,0.0
127236,NS1,0.0,90.0,1.0,0.0,0.0
127237,NS1,0.0,90.0,1.0,0.0,0.0
127238,NS1,0.0,90.0,1.0,0.0,0.0
127333,NS1,0.0,90.0,1.0,0.0,0.0
127428,NS1,0.0,90.0,1.0,0.0,0.0
127523,NS1,0.0,90.0,1.0,0.0,0.0
127618,NS1,0.0,90.0,1.0,0.0,0.0
127713,NS1,0.0,90.0,1.0,0.0,0.0
127808,NS1,0.0,90.0,1.0,0.0,0.0
127903,NS1,0.0,90.0,1.0,0.0,0.0
127998,NS1,0.0,90.0,1.0,0.0,0.0
128093,NS1,0.0,90.0,1.0,0.0,0.0
128188,NS1,0.0,90.0,1.0,0.0,0.0
128283,NS1,0.0,90.0,1.0,0.0,0.0
128378,NS1,0.0,90.0,1.0,0.0,0.0
128473,NS1,0.0,90.0,1.0,0.0,0.0
128568,NS1,0.0,90.0,1.0,0.0,0.0
128663,NS1,0.0,90.0,1.0,0.0,0.0
128758,NS1,0.0,90.0,1.0,0.0,0.0
128853,NS1,0.0,90.0,1.0,0.0,0.0
128948,NS1,0.0,90.0,1.0,0.0,0.0
129043,NS1,0.0,90.0,1.0,0.0,0.0
129138,NS1,0.0,90.0,1.0,0.0,0.0
129223,NS1,0.0,90.0,1.0,0.0,0.0
129224,NS1,0.0,90.0,1.0,0.0,0.0
129318,NS1,0.0,90.0,1.0,0.0,0.0
129319,NS1,0.0,90.0,1.0,0.0,0.0
129413,NS1,0.0,90.0,1.0,0.0,0.0
129414,NS1,0.0,90.0,1.0,0.0,0.0
129508,NS1,0.0,90.0,1.0,0.0,0.0
129509,NS1,0.0,90.0,1.0,0.0,0.0
129603,NS1,0.0,90.0,1.0,0.0,0.0
129604,NS1,0.0,90.0,1.0,0.0,0.0
129698,NS1,0.0,90.0,1.0,0.0,0.0
129699,NS1,0.0,90.0,1.0,0.0,0.0
129793,NS1,0.0,90.0,1.0,0.0,0.0
129794,NS1,0.0,90.0,1.0,0.0,0.0
129888,NS1,0.0,90.0,1.0,0.0,0.0
129889,NS1,0.0,90.0,1.0,0.0,0.0
129983,NS1,0.0,90.0,1.0,0.0,0.0
129984,NS1,0.0,90.0,1.0,0.0,0.0
130078,NS1,0.0,90.0,1.0,0.0,0.0
130079,NS1,0.0,90.0,1.0,0.0,0.0
130173,NS1,0.0,90.0,1.0,0.0,0.0
130174,NS1,0.0,90.0,1.0,0.0,0.0
130268,NS1,0.0,90.0,1.0,0.0,0.0
130269,NS1,0.0,90.0,1.0,0.0,0.0
130363,NS1,0.0,90.0,1.0,0.0,0.0
130364,NS1,0.0,90.0,1.0,0.0,0.0
130458,NS1,0.0,90.0,1.0,0.0,0.0
130459,NS1,0.0,90.0,1.0,0.0,0.0
130553,NS1,0.0,90.0,1.0,0.0,0.0
130554,NS1,0.0,90.0,1.0,0.0,0.0
130648,NS1,0.0,90.0,1.0,0.0,0.0
130649,NS1,0.0,90.0,1.0,0.0,0.0
130650,NS1,0.0,90.0,1.0,0.0,0.0
130651,NS1,0.0,90.0,1.0,0.0,0.0
130745,NS1,0.0,90.0,1.0,0.0,0.0
130746,NS1,0.0,90.0,1.0,0.0,0.0
130840,NS1,0.0,90.0,1.0,0.0,0.0
130841,NS1,0.0,90.0,1.0,0.0,0.0
130935,NS1,0.0,90.0,1.0,0.0,0.0
130936,NS1,0.0,90.0,1.0,0.0,0.0
131030,NS1,0.0,90.0,1.0,0.0,0.0
131031,NS1,0.0,90.0,1.0,0.0,0.0
131125,NS1,0.0,90.0,1.0,0.0,0.0
131126,NS1,0.0,90.0,1.0,0.0,0.0
131220,NS1,0.0,90.0,1.0,0.0,0.0
131221,NS1,0.0,90.0,1.0,0.0,0.0
131315,NS1,0.0,90.0,1.0,0.0,0.0
131316,NS1,0.0,90.0,1.0,0.0,0.0
131410,NS1,0.0,90.0,1.0,0.0,0.0
131411,NS1,0.0,90.0,1.0,0.0,0.0
131505,NS1,0.0,90.0,1.0,0.0,0.0
131506,NS1,0.0,90.0,1.0,0.0,0.0
131600,NS1,0.0,90.0,1.0,0.0,0.0
131601,NS1,0.0,90.0,1.0,0.0,0.0
131695,NS1,0.0,90.0,1.0,0.0,0.0
131696,NS1,0.0,90.0,1.0,0.0,0.0
131697,NS1,0.0,90.0,1.0,0.0,0.0
131698,NS1,0.0,90.0,1.0,0.0,0.0
131792,NS1,0.0,90.0,1.0,0.0,0.0
131793,NS1,0.0,90.0,1.0,0.0,0.0
131887,NS1,0.0,90.0,1.0,0.0,0.0
131888,NS1,0.0,90.0,1.0,0.0,0.0
131982,NS1,0.0,90.0,1.0,0.0,0.0
131983,NS1,0.0,90.0,1.0,0.0,0.0
132077,NS1,0.0,90.0,1.0,0.0,0.0
132078,NS1,0.0,90.0,1.0,0.0,0.0
132172,NS1,0.0,90.0,1.0,0.0,0.0
132173,NS1,0.0,90.0,1.0,0.0,0.0
132267,NS1,0.0,90.0,1.0,0.0,0.0
132268,NS1,0.0,90.0,1.0,0.0,0.0
132362,NS1,0.0,90.0,1.0,0.0,0.0
132363,NS1,0.0,90.0,1.0,0.0,0.0
132457,NS1,0.0,90.0,1.0,0.0,0.0
132458,NS1,0.0,90.0,1.0,0.0,0.0
132552,NS1,0.0,90.0,1.0,0.0,0.0
132553,NS1,0.0,90.0,1.0,0.0,0.0
132647,NS1,0.0,90.0,1.0,0.0,0.0
132648,NS1,0.0,90.0,1.0,0.0,0.0
132742,NS1,0.0,90.0,1.0,0.0,0.0
132743,NS1,0.0,90.0,1.0,0.0,0.0
132744,NS1,0.0,90.0,1.0,0.0,0.0
132745,NS1,0.0,90.0,1.0,0.0,0.0
132839,NS1,0.0,90.0,1.0,0.0,0.0
132840,NS1,0.0,90.0,1.0,0.0,0.0
132934,NS1,0.0,90.0,1.0,0.0,0.0
132935,NS1,0.0,90.0,1.0,0.0,0.0
133029,NS1,0.0,90.0,1.0,0.0,0.0
133030,NS1,0.0,90.0,1.0,0.0,0.0
133124,NS1,0.0,90.0,1.0,0.0,0.0
133125,NS1,0.0,90.0,1.0,0.0,0.0
133219,NS1,0.0,90.0,1.0,0.0,0.0
133220,NS1,0.0,90.0,1.0,0.0,0.0
133314,NS1,0.0,90.0,1.0,0.0,0.0
133315,NS1,0.0,90.0,1.0,0.0,0.0
133409,NS1,0.0,90.0,1.0,0.0,0.0
133410,NS1,0.0,90.0,1.0,0.0,0.0
133504,NS1,0.0,90.0,1.0,0.0,0.0
133505,NS1,0.0,90.0,1.0,0.0,0.0
133599,NS1,0.0,90.0,1.0,0.0,0.0
133600,NS1,0.0,90.0,1.0,0.0,0.0
133694,NS1,0.0,90.0,1.0,0.0,0.0
133695,NS1,0.0,90.0,1.0,0.0,0.0
133789,NS1,0.0,90.0,1.0,0.0,0.0
133790,NS1,0.0,90.0,1.0,0.0,0.0
133791,NS1,0.0,90.0,1.0,0.0,0.0
133792,NS1,0.0,90.0,1.0,0.0,0.0
133886,NS1,0.0,90.0,1.0,0.0,0.0
133887,NS1,0.0,90.0,1.0,0.0,0.0
133981,NS1,0.0,90.0,1.0,0.0,0.0
133982,NS1,0.0,90.0,1.0,0.0,0.0
134076,NS1,0.0,90.0,1.0,0.0,0.0
134077,NS1,0.0,90.0,1.0,0.0,0.0
134171,NS1,0.0,90.0,1.0,0.0,0.0
134172,NS1,0.0,90.0,1.0,0.0,0.0
134266,NS1,0.0,90.0,1.0,0.0,0.0
134267,NS1,0.0,90.0,1.0,0.0,0.0
134361,NS1,0.0,90.0,1.0,0.0,0.0
134362,NS1,0.0,90.0,1.0,0.0,0.0
134456,NS1,0.0,90.0,1.0,0.0,0.0
134457,NS1,0.0,90.0,1.0,0.0,0.0
134551,NS1,0.0,90.0,1.0,0.0,0.0
134552,NS1,0.0,90.0,1.0,0.0,0.0
134646,NS1,0.0,90.0,1.0,0.0,0.0
134647,NS1,0.0,90.0,1.0,0.0,0.0
134741,NS1,0.0,90.0,1.0,0.0,0.0
134742,NS1,0.0,90.0,1.0,0.0,0.0
134836,NS1,0.0,90.0,1.0,0.0,0.0
134837,NS1,0.0,90.0,1.0,0.0,0.0
134838,NS1,0.0,90.0,1.0,0.0,0.0
134933,NS1,0.0,90.0,1.0,0.0,0.0
135028,NS1,0.0,90.0,1.0,0.0,0.0
135123,NS1,0.0,90.0,1.0,0.0,0.0
135218,NS1,0.0,90.0,1.0,0.0,0.0
135313,NS1,0.0,90.0,1.0,0.0,0.0
135408,NS1,0.0,90.0,1.0,0.0,0.0
135503,NS1,0.0,90.0,1.0,0.0,0.0
135598,NS1,0.0,90.0,1.0,0.0,0.0
135693,NS1,0.0,90.0,1.0,0.0,0.0
135788,NS1,0.0,90.0,1.0,0.0,0.0
135883,NS1,0.0,90.0,1.0,0.0,0.0
135978,NS1,0.0,90.0,1.0,0.0,0.0
136073,NS1,0.0,90.0,1.0,0.0,0.0
136168,NS1,0.0,90.0,1.0,0.0,0.0
136263,NS1,0.0,90.0,1.0,0.0,0.0
136358,NS1,0.0,90.0,1.0,0.0,0.0
136453,NS1,0.0,90.0,1.0,0.0,0.0
136548,NS1,0.0,90.0,1.0,0.0,0.0
136643,NS1,0.0,90.0,1.0,0.0,0.0
136738,NS1,0.0,90.0,1.0,0.0,0.0
136823,NS1,0.0,90.0,1.0,0.0,0.0
136824,NS1,0.0,90.0,1.0,0.0,0.0
136918,NS1,0.0,90.0,1.0,0.0,0.0
136919,NS1,0.0,90.0,1.0,0.0,0.0
137013,NS1,0.0,90.0,1.0,0.0,0.0
137014,NS1,0.0,90.0,1.0,0.0,0.0
137108,NS1,0.0,90.0,1.0,0.0,0.0
137109,NS1,0.0,90.0,1.0,0.0,0.0
137203,NS1,0.0,90.0,1.0,0.0,0.0
137204,NS1,0.0,90.0,1.0,0.0,0.0
137298,NS1,0.0,90.0,1.0,0.0,0.0
137299,NS1,0.0,90.0,1.0,0.0,0.0
137393,NS1,0.0,90.0,1.0,0.0,0.0
137394,NS1,0.0,90.0,1.0,0.0,0.0
137488,NS1,0.0,90.0,1.0,0.0,0.0
137489,NS1,0.0,90.0,1.0,0.0,0.0
137583,NS1,0.0,90.0,1.0,0.0,0.0
137584,NS1,0.0,90.0,1.0,0.0,0.0
137678,NS1,0.0,90.0,1.0,0.0,0.0
137679,NS1,0.0,90.0,1.0,0.0,0.0
137773,NS1,0.0,90.0,1.0,0.0,0.0
137774,NS1,0.0,90.0,1.0,0.0,0.0
137868,NS1,0.0,90.0,1.0,0.0,0.0
137869,NS1,0.0,90.0,1.0,0.0,0.0
137963,NS1,0.0,90.0,1.0,0.0,0.0
137964,NS1,0.0,90.0,1.0,0.0,0.0
138058,NS1,0.0,90.0,1.0,0.0,0.0
138059,NS1,0.0,90.0,1.0,0.0,0.0
138153,NS1,0.0,90.0,1.0,0.0,0.0
138154,NS1,0.0,90.0,1.0,0.0,0.0
138248,NS1,0.0,90.0,1.0,0.0,0.0
138249,NS1,0.0,90.0,1.0,0.0,0.0
138250,NS1,0.0,90.0,1.0,0.0,0.0
138251,NS1,0.0,90.0,1.0,0.0,0.0
138345,NS1,0.0,90.0,1.0,0.0,0.0
138346,NS1,0.0,90.0,1.0,0.0,0.0
138440,NS1,0.0,90.0,1.0,0.0,0.0
138441,NS1,0.0,90.0,1.0,0.0,0.0
138535,NS1,0.0,90.0,1.0,0.0,0.0
138536,NS1,0.0,90.0,1.0,0.0,0.0
138630,NS1,0.0,90.0,1.0,0.0,0.0
138631,NS1,0.0,90.0,1.0,0.0,0.0
138725,NS1,0.0,90.0,1.0,0.0,0.0
138726,NS1,0.0,90.0,1.0,0.0,0.0
138820,NS1,0.0,90.0,1.0,0.0,0.0
138821,NS1,0.0,90.0,1.0,0.0,0.0
138915,NS1,0.0,90.0,1.0,0.0,0.0
138916,NS1,0.0,90.0,1.0,0.0,0.0
139010,NS1,0.0,90.0,1.0,0.0,0.0
139011,NS1,0.0,90.0,1.0,0.0,0.0
139105,NS1,0.0,90.0,1.0,0.0,0.0
139106,NS1,0.0,90.0,1.0,0.0,0.0
139200,NS1,0.0,90.0,1.0,0.0,0.0
139201,NS1,0.0,90.0,1.0,0.0,0.0
139295,NS1,0.0,90.0,1.0,0.0,0.0
139296,NS1,0.0,90.0,1.0,0.0,0.0
139297,NS1,0.0,90.0,1.0,0.0,0.0
139298,NS1,0.0,90.0,1.0,0.0,0.0
139392,NS1,0.0,90.0,1.0,0.0,0.0
139393,NS1,0.0,90.0,1.0,0.0,0.0
139487,NS1,0.0,90.0,1.0,0.0,0.0
139488,NS1,0.0,90.0,1.0,0.0,0.0
139582,NS1,0.0,90.0,1.0,0.0,0.0
139583,NS1,0.0,90.0,1.0,0.0,0.0
139677,NS1,0.0,90.0,1.0,0.0,0.0
139678,NS1,0.0,90.0,1.0,0.0,0.0
139772,NS1,0.0,90.0,1.0,0.0,0.0
139773,NS1,0.0,90.0,1.0,0.0,0.0
139867,NS1,0.0,90.0,1.0,0.0,0.0
139868,NS1,0.0,90.0,1.0,0.0,0.0
139962,NS1,0.0,90.0,1.0,0.0,0.0
139963,NS1,0.0,90.0,1.0,0.0,0.0
140057,NS1,0.0,90.0,1.0,0.0,0.0
140058,NS1,0.0,90.0,1.0,0.0,0.0
140152,NS1,0.0,90.0,1.0,0.0,0.0
140153,NS1,0.0,90.0,1.0,0.0,0.0
140247,NS1,0.0,90.0,1.0,0.0,0.0
140248,NS1,0.0,90.0,1.0,0.0,0.0
140342,NS1,0.0,90.0,1.0,0.0,0.0
140343,NS1,0.0,90.0,1.0,0.0,0.0
140344,NS1,0.0,90.0,1.0,0.0,0.0
140345,NS1,0.0,90.0,1.0,0.0,0.0
140439,NS1,0.0,90.0,1.0,0.0,0.0
140440,NS1,0.0,90.0,1.0,0.0,0.0
140534,NS1,0.0,90.0,1.0,0.0,0.0
140535,NS1,0.0,90.0,1.0,0.0,0.0
140629,NS1,0.0,90.0,1.0,0.0,0.0
140630,NS1,0.0,90.0,1.0,0.0,0.0
140724,NS1,0.0,90.0,1.0,0.0,0.0
140725,NS1,0.0,90.0,1.0,0.0,0.0
140819,NS1,0.0,90.0,1.0,0.0,0.0
140820,NS1,0.0,90.0,1.0,0.0,0.0
140914,NS1,0.0,90.0,1.0,0.0,0.0
140915,NS1,0.0,90.0,1.0,0.0,0.0
141009,NS1,0.0,90.0,1.0,0.0,0.0
141010,NS1,0.0,90.0,1.0,0.0,0.0
141104,NS1,0.0,90.0,1.0,0.0,0.0
141105,NS1,0.0,90.0,1.0,0.0,0.0
141199,NS1,0.0,90.0,1.0,0.0,0.0
141200,NS1,0.0,90.0,1.0,0.0,0.0
141294,NS1,0.0,90.0,1.0,0.0,0.0
141295,NS1,0.0,90.0,1.0,0.0,0.0
141389,NS1,0.0,90.0,1.0,0.0,0.0
141390,NS1,0.0,90.0,1.0,0.0,0.0
141391,NS1,0.0,90.0,1.0,0.0,0.0
141392,NS1,0.0,90.0,1.0,0.0,0.0
141486,NS1,0.0,90.0,1.0,0.0,0.0
141487,NS1,0.0,90.0,1.0,0.0,0.0
141581,NS1,0.0,90.0,1.0,0.0,0.0
141582,NS1,0.0,90.0,1.0,0.0,0.0
141676,NS1,0.0,90.0,1.0,0.0,0.0
141677,NS1,0.0,90.0,1.0,0.0,0.0
141771,NS1,0.0,90.0,1.0,0.0,0.0
141772,NS1,0.0,90.0,1.0,0.0,0.0
141866,NS1,0.0,90.0,1.0,0.0,0.0
141867,NS1,0.0,90.0,1.0,0.0,0.0
141961,NS1,0.0,90.0,1.0,0.0,0.0
141962,NS1,0.0,90.0,1.0,0.0,0.0
142056,NS1,0.0,90.0,1.0,0.0,0.0
142057,NS1,0.0,90.0,1.0,0.0,0.0
142151,NS1,0.0,90.0,1.0,0.0,0.0
142152,NS1,0.0,90.0,1.0,0.0,0.0
142246,NS1,0.0,90.0,1.0,0.0,0.0
142247,NS1,0.0,90.0,1.0,0.0,0.0
142341,NS1,0.0,90.0,1.0,0.0,0.0
142342,NS1,0.0,90.0,1.0,0.0,0.0
142436,NS1,0.0,90.0,1.0,0.0,0.0
142437,NS1,0.0,90.0,1.0,0.0,0.0
142438,NS1,0.0,90.0,1.0,0.0,0.0
142533,NS1,0.0,90.0,1.0,0.0,0.0
142628,NS1,0.0,90.0,1.0,0.0,0.0
142723,NS1,0.0,90.0,1.0,0.0,0.0
142818,NS1,0.0,90.0,1.0,0.0,0.0
142913,NS1,0.0,90.0,1.0,0.0,0.0
143008,NS1,0.0,90.0,1.0,0.0,0.0
143103,NS1,0.0,90.0,1.0,0.0,0.0
143198,NS1,0.0,90.0,1.0,0.0,0.0
143293,NS1,0.0,90.0,1.0,0.0,0.0
143388,NS1,0.0,90.0,1.0,0.0,0.0
143483,NS1,0.0,90.0,1.0,0.0,0.0
143578,NS1,0.0,90.0,1.0,0.0,0.0
143673,NS1,0.0,90.0,1.0,0.0,0.0
143768,NS1,0.0,90.0,1.0,0.0,0.0
143863,NS1,0.0,90.0,1.0,0.0,0.0
143958,NS1,0.0,90.0,1.0,0.0,0.0
144053,NS1,0.0,90.0,1.0,0.0,0.0
144148,NS1,0.0,90.0,1.0,0.0,0.0
144243,NS1,0.0,90.0,1.0,0.0,0.0
144338,NS1,0.0,90.0,1.0,0.0,0.0
144423,NS1,0.0,90.0,1.0,0.0,0.0
144424,NS1,0.0,90.0,1.0,0.0,0.0
144518,NS1,0.0,90.0,1.0,0.0,0.0
144519,NS1,0.0,90.0,1.0,0.0,0.0
144613,NS1,0.0,90.0,1.0,0.0,0.0
144614,NS1,0.0,90.0,1.0,0.0,0.0
144708,NS1,0.0,90.0,1.0,0.0,0.0
144709,NS1,0.0,90.0,1.0,0.0,0.0
144803,NS1,0.0,90.0,1.0,0.0,0.0
144804,NS1,0.0,90.0,1.0,0.0,0.0
144898,NS1,0.0,90.0,1.0,0.0,0.0
144899,NS1,0.0,90.0,1.0,0.0,0.0
144993,NS1,0.0,90.0,1.0,0.0,0.0
144994,NS1,0.0,90.0,1.0,0.0,0.0
145088,NS1,0.0,90.0,1.0,0.0,0.0
145089,NS1,0.0,90.0,1.0,0.0,0.0
145183,NS1,0.0,90.0,1.0,0.0,0.0
145184,NS1,0.0,90.0,1.0,0.0,0.0
145278,NS1,0.0,90.0,1.0,0.0,0.0
145279,NS1,0.0,90.0,1.0,0.0,0.0
145373,NS1,0.0,90.0,1.0,0.0,0.0
145374,NS1,0.0,90.0,1.0,0.0,0.0
145468,NS1,0.0,90.0,1.0,0.0,0.0
145469,NS1,0.0,90.0,1.0,0.0,0.0
145563,NS1,0.0,90.0,1.0,0.0,0.0
145564,NS1,0.0,90.0,1.0,0.0,0.0
145658,NS1,0.0,90.0,1.0,0.0,0.0
145659,NS1,0.0,90.0,1.0,0.0,0.0
145753,NS1,0.0,90.0,1.0,0.0,0.0
145754,NS1,0.0,90.0,1.0,0.0,0.0
145848,NS1,0.0,90.0,1.0,0.0,0.0
145849,NS1,0.0,90.0,1.0,0.0,0.0
145850,NS1,0.0,90.0,1.0,0.0,0.0
145851,NS1,0.0,90.0,1.0,0.0,0.0
145945,NS1,0.0,90.0,1.0,0.0,0.0
145946,NS1,0.0,90.0,1.0,0.0,0.0
146040,NS1,0.0,90.0,1.0,0.0,0.0
146041,NS1,0.0,90.0,1.0,0.0,0.0
146135,NS1,0.0,90.0,1.0,0.0,0.0
146136,NS1,0.0,90.0,1.0,0.0,0.0
146230,NS1,0.0,90.0,1.0,0.0,0.0
146231,NS1,0.0,90.0,1.0,0.0,0.0
146325,NS1,0.0,90.0,1.0,0.0,0.0
146326,NS1,0.0,90.0,1.0,0.0,0.0
146420,NS1,0.0,90.0,1.0,0.0,0.0
146421,NS1,0.0,90.0,1.0,0.0,0.0
146515,NS1,0.0,90.0,1.0,0.0,0.0
146516,NS1,0.0,90.0,1.0,0.0,0.0
146610,NS1,0.0,90.0,1.0,0.0,0.0
146611,NS1,0.0,90.0,1.0,0.0,0.0
146705,NS1,0.0,90.0,1.0,0.0,0.0
146706,NS1,0.0,90.0,1.0,0.0,0.0
146800,NS1,0.0,90.0,1.0,0.0,0.0
146801,NS1,0.0,90.0,1.0,0.0,0.0
146895,NS1,0.0,90.0,1.0,0.0,0.0
146896,NS1,0.0,90.0,1.0,0.0,0.0
146897,NS1,0.0,90.0,1.0,0.0,0.0
146898,NS1,0.0,90.0,1.0,0.0,0.0
146992,NS1,0.0,90.0,1.0,0.0,0.0
146993,NS1,0.0,90.0,1.0,0.0,0.0
147087,NS1,0.0,90.0,1.0,0.0,0.0
147088,NS1,0.0,90.0,1.0,0.0,0.0
147182,NS1,0.0,90.0,1.0,0.0,0.0
147183,NS1,0.0,90.0,1.0,0.0,0.0
147277,NS1,0.0,90.0,1.0,0.0,0.0
147278,NS1,0.0,90.0,1.0,0.0,0.0
147372,NS1,0.0,90.0,1.0,0.0,0.0
147373,NS1,0.0,90.0,1.0,0.0,0.0
147467,NS1,0.0,90.0,1.0,0.0,0.0
147468,NS1,0.0,90.0,1.0,0.0,0.0
147562,NS1,0.0,90.0,1.0,0.0,0.0
147563,NS1,0.0,90.0,1.0,0.0,0.0
147657,NS1,0.0,90.0,1.0,0.0,0.0
147658,NS1,0.0,90.0,1.0,0.0,0.0
147752,NS1,0.0,90.0,1.0,0.0,0.0
147753,NS1,0.0,90.0,1.0,0.0,0.0
147847,NS1,0.0,90.0,1.0,0.0,0.0
147848,NS1,0.0,90.0,1.0,0.0,0.0
147942,NS1,0.0,90.0,1.0,0.0,0.0
147943,NS1,0.0,90.0,1.0,0.0,0.0
147944,NS1,0.0,90.0,1.0,0.0,0.0
147945,NS1,0.0,90.0,1.0,0.0,0.0
148039,NS1,0.0,90.0,1.0,0.0,0.0
148040,NS1,0.0,90.0,1.0,0.0,0.0
148134,NS1,0.0,90.0,1.0,0.0,0.0
148135,NS1,0.0,90.0,1.0,0.0,0.0
148229,NS1,0.0,90.0,1.0,0.0,0.0
148230,NS1,0.0,90.0,1.0,0.0,0.0
148324,NS1,0.0,90.0,1.0,0.0,0.0
148325,NS1,0.0,90.0,1.0,0.0,0.0
148419,NS1,0.0,90.0,1.0,0.0,0.0
148420,NS1,0.0,90.0,1.0,0.0,0.0
148514,NS1,0.0,90.0,1.0,0.0,0.0
148515,NS1,0.0,90.0,1.0,0.0,0.0
148609,NS1,0.0,90.0,1.0,0.0,0.0
148610,NS1,0.0,90.0,1.0,0.0,0.0
148704,NS1,0.0,90.0,1.0,0.0,0.0
148705,NS1,0.0,90.0,1.0,0.0,0.0
148799,NS1,0.0,90.0,1.0,0.0,0.0
148800,NS1,0.0,90.0,1.0,0.0,0.0
148894,NS1,0.0,90.0,1.0,0.0,0.0
148895,NS1,0.0,90.0,1.0,0.0,0.0
148989,NS1,0.0,90.0,1.0,0.0,0.0
148990,NS1,0.0,90.0,1.0,0.0,0.0
148991,NS1,0.0,90.0,1.0,0.0,0.0
148992,NS1,0.0,90.0,1.0,0.0,0.0
149086,NS1,0.0,90.0,1.0,0.0,0.0
149087,NS1,0.0,90.0,1.0,0.0,0.0
149181,NS1,0.0,90.0,1.0,0.0,0.0
149182,NS1,0.0,90.0,1.0,0.0,0.0
149276,NS1,0.0,90.0,1.0,0.0,0.0
149277,NS1,0.0,90.0,1.0,0.0,0.0
149371,NS1,0.0,90.0,1.0,0.0,0.0
149372,NS1,0.0,90.0,1.0,0.0,0.0
149466,NS1,0.0,90.0,1.0,0.0,0.0
149467,NS1,0.0,90.0,1.0,0.0,0.0
149561,NS1,0.0,90.0,1.0,0.0,0.0
149562,NS1,0.0,90.0,1.0,0.0,0.0
149656,NS1,0.0,90.0,1.0,0.0,0.0
149657,NS1,0.0,90.0,1.0,0.0,0.0
149751,NS1,0.0,90.0,1.0,0.0,0.0
149752,NS1,0.0,90.0,1.0,0.0,0.0
149846,NS1,0.0,90.0,1.0,0.0,0.0
149847,NS1,0.0,90.0,1.0,0.0,0.0
149941,NS1,0.0,90.0,1.0,0.0,0.0
149942,NS1,0.0,90.0,1.0,0.0,0.0
150036,NS1,0.0,90.0,1.0,0.0,0.0
150037,NS1,0.0,90.0,1.0,0.0,0.0
150038,NS1,0.0,90.0,1.0,0.0,0.0
150133,NS1,0.0,90.0,1.0,0.0,0.0
150228,NS1,0.0,90.0,1.0,0.0,0.0
150323,NS1,0.0,90.0,1.0,0.0,0.0
150418,NS1,0.0,90.0,1.0,0.0,0.0
150513,NS1,0.0,90.0,1.0,0.0,0.0
150608,NS1,0.0,90.0,1.0,0.0,0.0
150703,NS1,0.0,90.0,1.0,0.0,0.0
150798,NS1,0.0,90.0,1.0,0.0,0.0
150893,NS1,0.0,90.0,1.0,0.0,0.0
150988,NS1,0.0,90.0,1.0,0.0,0.0
151083,NS1,0.0,90.0,1.0,0.0,0.0
151178,NS1,0.0,90.0,1.0,0.0,0.0
151273,NS1,0.0,90.0,1.0,0.0,0.0
151368,NS1,0.0,90.0,1.0,0.0,0.0
151463,NS1,0.0,90.0,1.0,0.0,0.0
151558,NS1,0.0,90.0,1.0,0.0,0.0
151653,NS1,0.0,90.0,1.0,0.0,0.0
151748,NS1,0.0,90.0,1.0,0.0,0.0
151843,NS1,0.0,90.0,1.0,0.0,0.0
151938,NS1,0.0,90.0,1.0,0.0,0.0
152023,NS1,0.0,90.0,1.0,0.0,0.0
152024,NS1,0.0,90.0,1.0,0.0,0.0
152118,NS1,0.0,90.0,1.0,0.0,0.0
152119,NS1,0.0,90.0,1.0,0.0,0.0
152213,NS1,0.0,90.0,1.0,0.0,0.0
152214,NS1,0.0,90.0,1.0,0.0,0.0
152308,NS1,0.0,90.0,1.0,0.0,0.0
152309,NS1,0.0,90.0,1.0,0.0,0.0
152403,NS1,0.0,90.0,1.0,0.0,0.0
152404,NS1,0.0,90.0,1.0,0.0,0.0
152498,NS1,0.0,90.0,1.0,0.0,0.0
152499,NS1,0.0,90.0,1.0,0.0,0.0
152593,NS1,0.0,90.0,1.0,0.0,0.0
152594,NS1,0.0,90.0,1.0,0.0,0.0
152688,NS1,0.0,90.0,1.0,0.0,0.0
152689,NS1,0.0,90.0,1.0,0.0,0.0
152783,NS1,0.0,90.0,1.0,0.0,0.0
152784,NS1,0.0,90.0,1.0,0.0,0.0
152878,NS1,0.0,90.0,1.0,0.0,0.0
152879,NS1,0.0,90.0,1.0,0.0,0.0
152973,NS1,0.0,90.0,1.0,0.0,0.0
152974,NS1,0.0,90.0,1.0,0.0,0.0
153068,NS1,0.0,90.0,1.0,0.0,0.0
153069,NS1,0.0,90.0,1.0,0.0,0.0
153163,NS1,0.0,90.0,1.0,0.0,0.0
153164,NS1,0.0,90.0,1.0,0.0,0.0
153258,NS1,0.0,90.0,1.0,0.0,0.0
153259,NS1,0.0,90.0,1.0,0.0,0.0
153353,NS1,0.0,90.0,1.0,0.0,0.0
153354,NS1,0.0,90.0,1.0,0.0,0.0
153448,NS1,0.0,90.0,1.0,0.0,0.0
153449,NS1,0.0,90.0,1.0,0.0,0.0
153450,NS1,0.0,90.0,1.0,0.0,0.0
153451,NS1,0.0,90.0,1.0,0.0,0.0
153545,NS1,0.0,90.0,1.0,0.0,0.0
153546,NS1,0.0,90.0,1.0,0.0,0.0
153640,NS1,0.0,90.0,1.0,0.0,0.0
153641,NS1,0.0,90.0,1.0,0.0,0.0
153735,NS1,0.0,90.0,1.0,0.0,0.0
153736,NS1,0.0,90.0,1.0,0.0,0.0
153830,NS1,0.0,90.0,1.0,0.0,0.0
153831,NS1,0.0,90.0,1.0,0.0,0.0
153925,NS1,0.0,90.0,1.0,0.0,0.0
153926,NS1,0.0,90.0,1.0,0.0,0.0
154020,NS1,0.0,90.0,1.0,0.0,0.0
154021,NS1,0.0,90.0,1.0,0.0,0.0
154115,NS1,0.0,90.0,1.0,0.0,0.0
154116,NS1,0.0,90.0,1.0,0.0,0.0
154210,NS1,0.0,90.0,1.0,0.0,0.0
154211,NS1,0.0,90.0,1.0,0.0,0.0
154305,NS1,0.0,90.0,1.0,0.0,0.0
154306,NS1,0.0,90.0,1.0,0.0,0.0
154400,NS1,0.0,90.0,1.0,0.0,0.0
154401,NS1,0.0,90.0,1.0,0.0,0.0
154495,NS1,0.0,90.0,1.0,0.0,0.0
154496,NS1,0.0,90.0,1.0,0.0,0.0
154497,NS1,0.0,90.0,1.0,0.0,0.0
154498,NS1,0.0,90.0,1.0,0.0,0.0
154592,NS1,0.0,90.0,1.0,0.0,0.0
154593,NS1,0.0,90.0,1.0,0.0,0.0
154687,NS1,0.0,90.0,1.0,0.0,0.0
154688,NS1,0.0,90.0,1.0,0.0,0.0
154782,NS1,0.0,90.0,1.0,0.0,0.0
154783,NS1,0.0,90.0,1.0,0.0,0.0
154877,NS1,0.0,90.0,1.0,0.0,0.0
154878,NS1,0.0,90.0,1.0,0.0,0.0
154972,NS1,0.0,90.0,1.0,0.0,0.0
154973,NS1,0.0,90.0,1.0,0.0,0.0
155067,NS1,0.0,90.0,1.0,0.0,0.0
155068,NS1,0.0,90.0,1.0,0.0,0.0
155162,NS1,0.0,90.0,1.0,0.0,0.0
155163,NS1,0.0,90.0,1.0,0.0,0.0
155257,NS1,0.0,90.0,1.0,0.0,0.0
155258,NS1,0.0,90.0,1.0,0.0,0.0
155352,NS1,0.0,90.0,1.0,0.0,0.0
155353,NS1,0.0,90.0,1.0,0.0,0.0
155447,NS1,0.0,90.0,1.0,0.0,0.0
155448,NS1,0.0,90.0,1.0,0.0,0.0
155542,NS1,0.0,90.0,1.0,0.0,0.0
155543,NS1,0.0,90.0,1.0,0.0,0.0
155544,NS1,0.0,90.0,1.0,0.0,0.0
155545,NS1,0.0,90.0,1.0,0.0,0.0
155639,NS1,0.0,90.0,1.0,0.0,0.0
155640,NS1,0.0,90.0,1.0,0.0,0.0
155734,NS1,0.0,90.0,1.0,0.0,0.0
155735,NS1,0.0,90.0,1.0,0.0,0.0
155829,NS1,0.0,90.0,1.0,0.0,0.0
155830,NS1,0.0,90.0,1.0,0.0,0.0
155924,NS1,0.0,90.0,1.0,0.0,0.0
155925,NS1,0.0,90.0,1.0,0.0,0.0
156019,NS1,0.0,90.0,1.0,0.0,0.0
156020,NS1,0.0,90.0,1.0,0.0,0.0
156114,NS1,0.0,90.0,1.0,0.0,0.0
156115,NS1,0.0,90.0,1.0,0.0,0.0
156209,NS1,0.0,90.0,1.0,0.0,0.0
156210,NS1,0.0,90.0,1.0,0.0,0.0
156304,NS1,0.0,90.0,1.0,0.0,0.0
156305,NS1,0.0,90.0,1.0,0.0,0.0
156399,NS1,0.0,90.0,1.0,0.0,0.0
156400,NS1,0.0,90.0,1.0,0.0,0.0
156494,NS1,0.0,90.0,1.0,0.0,0.0
156495,NS1,0.0,90.0,1.0,0.0,0.0
156589,NS1,0.0,90.0,1.0,0.0,0.0
156590,NS1,0.0,90.0,1.0,0.0,0.0
156591,NS1,0.0,90.0,1.0,0.0,0.0
156592,NS1,0.0,90.0,1.0,0.0,0.0
156686,NS1,0.0,90.0,1.0,0.0,0.0
156687,NS1,0.0,90.0,1.0,0.0,0.0
156781,NS1,0.0,90.0,1.0,0.0,0.0
156782,NS1,0.0,90.0,1.0,0.0,0.0
156876,NS1,0.0,90.0,1.0,0.0,0.0
156877,NS1,0.0,90.0,1.0,0.0,0.0
156971,NS1,0.0,90.0,1.0,0.0,0.0
156972,NS1,0.0,90.0,1.0,0.0,0.0
157066,NS1,0.0,90.0,1.0,0.0,0.0
157067,NS1,0.0,90.0,1.0,0.0,0.0
157161,NS1,0.0,90.0,1.0,0.0,0.0
157162,NS1,0.0,90.0,1.0,0.0,0.0
157256,NS1,0.0,90.0,1.0,0.0,0.0
157257,NS1,0.0,90.0,1.0,0.0,0.0
157351,NS1,0.0,90.0,1.0,0.0,0.0
157352,NS1,0.0,90.0,1.0,0.0,0.0
157446,NS1,0.0,90.0,1.0,0.0,0.0
157447,NS1,0.0,90.0,1.0,0.0,0.0
157541,NS1,0.0,90.0,1.0,0.0,0.0
157542,NS1,0.0,90.0,1.0,0.0,0.0
157636,NS1,0.0,90.0,1.0,0.0,0.0
157637,NS1,0.0,90.0,1.0,0.0,0.0
157638,NS1,0.0,90.0,1.0,0.0,0.0
157733,NS1,0.0,90.0,1.0,0.0,0.0
157828,NS1,0.0,90.0,1.0,0.0,0.0
157923,NS1,0.0,90.0,1.0,0.0,0.0
158018,NS1,0.0,90.0,1.0,0.0,0.0
158113,NS1,0.0,90.0,1.0,0.0,0.0
158208,NS1,0.0,90.0,1.0,0.0,0.0
158303,NS1,0.0,90.0,1.0,0.0,0.0
158398,NS1,0.0,90.0,1.0,0.0,0.0
158493,NS1,0.0,90.0,1.0,0.0,0.0
158588,NS1,0.0,90.0,1.0,0.0,0.0
158683,NS1,0.0,90.0,1.0,0.0,0.0
158778,NS1,0.0,90.0,1.0,0.0,0.0
158873,NS1,0.0,90.0,1.0,0.0,0.0
158968,NS1,0.0,90.0,1.0,0.0,0.0
159063,NS1,0.0,90.0,1.0,0.0,0.0
159158,NS1,0.0,90.0,1.0,0.0,0.0
159253,NS1,0.0,90.0,1.0,0.0,0.0
159348,NS1,0.0,90.0,1.0,0.0,0.0
159443,NS1,0.0,90.0,1.0,0.0,0.0
159538,NS1,0.0,90.0,1.0,0.0,0.0
159623,NS1,0.0,90.0,1.0,0.0,0.0
159624,NS1,0.0,90.0,1.0,0.0,0.0
159718,NS1,0.0,90.0,1.0,0.0,0.0
159719,NS1,0.0,90.0,1.0,0.0,0.0
159813,NS1,0.0,90.0,1.0,0.0,0.0
159814,NS1,0.0,90.0,1.0,0.0,0.0
159908,NS1,0.0,90.0,1.0,0.0,0.0
159909,NS1,0.0,90.0,1.0,0.0,0.0
160003,NS1,0.0,90.0,1.0,0.0,0.0
160004,NS1,0.0,90.0,1.0,0.0,0.0
160098,NS1,0.0,90.0,1.0,0.0,0.0
160099,NS1,0.0,90.0,1.0,0.0,0.0
160193,NS1,0.0,90.0,1.0,0.0,0.0
160194,NS1,0.0,90.0,1.0,0.0,0.0
160288,NS1,0.0,90.0,1.0,0.0,0.0
160289,NS1,0.0,90.0,1.0,0.0,0.0
160383,NS1,0.0,90.0,1.0,0.0,0.0
160384,NS1,0.0,90.0,1.0,0.0,0.0
160478,NS1,0.0,90.0,1.0,0.0,0.0
160479,NS1,0.0,90.0,1.0,0.0,0.0
160573,NS1,0.0,90.0,1.0,0.0,0.0
160574,NS1,0.0,90.0,1.0,0.0,0.0
160668,NS1,0.0,90.0,1.0,0.0,0.0
160669,NS1,0.0,90.0,1.0,0.0,0.0
160763,NS1,0.0,90.0,1.0,0.0,0.0
160764,NS1,0.0,90.0,1.0,0.0,0.0
160858,NS1,0.0,90.0,1.0,0.0,0.0
160859,NS1,0.0,90.0,1.0,0.0,0.0
160953,NS1,0.0,90.0,1.0,0.0,0.0
160954,NS1,0.0,90.0,1.0,0.0,0.0
161048,NS1,0.0,90.0,1.0,0.0,0.0
161049,NS1,0.0,90.0,1.0,0.0,0.0
161050,NS1,0.0,90.0,1.0,0.0,0.0
161051,NS1,0.0,90.0,1.0,0.0,0.0
161145,NS1,0.0,90.0,1.0,0.0,0.0
161146,NS1,0.0,90.0,1.0,0.0,0.0
161240,NS1,0.0,90.0,1.0,0.0,0.0
161241,NS1,0.0,90.0,1.0,0.0,0.0
161335,NS1,0.0,90.0,1.0,0.0,0.0
161336,NS1,0.0,90.0,1.0,0.0,0.0
161430,NS1,0.0,90.0,1.0,0.0,0.0
161431,NS1,0.0,90.0,1.0,0.0,0.0
161525,NS1,0.0,90.0,1.0,0.0,0.0
161526,NS1,0.0,90.0,1.0,0.0,0.0
161620,NS1,0.0,90.0,1.0,0.0,0.0
161621,NS1,0.0,90.0,1.0,0.0,0.0
161715,NS1,0.0,90.0,1.0,0.0,0.0
161716,NS1,0.0,90.0,1.0,0.0,0.0
161810,NS1,0.0,90.0,1.0,0.0,0.0
161811,NS1,0.0,90.0,1.0,0.0,0.0
161905,NS1,0.0,90.0,1.0,0.0,0.0
161906,NS1,0.0,90.0,1.0,0.0,0.0
162000,NS1,0.0,90.0,1.0,0.0,0.0
162001,NS1,0.0,90.0,1.0,0.0,0.0
162095,NS1,0.0,90.0,1.0,0.0,0.0
162096,NS1,0.0,90.0,1.0,0.0,0.0
162097,NS1,0.0,90.0,1.0,0.0,0.0
162098,NS1,0.0,90.0,1.0,0.0,0.0
162192,NS1,0.0,90.0,1.0,0.0,0.0
162193,NS1,0.0,90.0,1.0,0.0,0.0
162287,NS1,0.0,90.0,1.0,0.0,0.0
162288,NS1,0.0,90.0,1.0,0.0,0.0
162382,NS1,0.0,90.0,1.0,0.0,0.0
162383,NS1,0.0,90.0,1.0,0.0,0.0
162477,NS1,0.0,90.0,1.0,0.0,0.0
162478,NS1,0.0,90.0,1.0,0.0,0.0
162572,NS1,0.0,90.0,1.0,0.0,0.0
162573,NS1,0.0,90.0,1.0,0.0,0.0
162667,NS1,0.0,90.0,1.0,0.0,0.0
162668,NS1,0.0,90.0,1.0,0.0,0.0
162762,NS1,0.0,90.0,1.0,0.0,0.0
162763,NS1,0.0,90.0,1.0,0.0,0.0
162857,NS1,0.0,90.0,1.0,0.0,0.0
162858,NS1,0.0,90.0,1.0,0.0,0.0
162952,NS1,0.0,90.0,1.0,0.0,0.0
162953,NS1,0.0,90.0,1.0,0.0,0.0
163047,NS1,0.0,90.0,1.0,0.0,0.0
163048,NS1,0.0,90.0,1.0,0.0,0.0
163142,NS1,0.0,90.0,1.0,0.0,0.0
163143,NS1,0.0,90.0,1.0,0.0,0.0
163144,NS1,0.0,90.0,1.0,0.0,0.0
163145,NS1,0.0,90.0,1.0,0.0,0.0
163239,NS1,0.0,90.0,1.0,0.0,0.0
163240,NS1,0.0,90.0,1.0,0.0,0.0
163334,NS1,0.0,90.0,1.0,0.0,0.0
163335,NS1,0.0,90.0,1.0,0.0,0.0
163429,NS1,0.0,90.0,1.0,0.0,0.0
163430,NS1,0.0,90.0,1.0,0.0,0.0
163524,NS1,0.0,90.0,1.0,0.0,0.0
163525,NS1,0.0,90.0,1.0,0.0,0.0
163619,NS1,0.0,90.0,1.0,0.0,0.0
163620,NS1,0.0,90.0,1.0,0.0,0.0
163714,NS1,0.0,90.0,1.0,0.0,0.0
163715,NS1,0.0,90.0,1.0,0.0,0.0
163809,NS1,0.0,90.0,1.0,0.0,0.0
163810,NS1,0.0,90.0,1.0,0.0,0.0
163904,NS1,0.0,90.0,1.0,0.0,0.0
163905,NS1,0.0,90.0,1.0,0.0,0.0
163999,NS1,0.0,90.0,1.0,0.0,0.0
164000,NS1,0.0,90.0,1.0,0.0,0.0
164094,NS1,0.0,90.0,1.0,0.0,0.0
164095,NS1,0.0,90.0,1.0,0.0,0.0
164189,NS1,0.0,90.0,1.0,0.0,0.0
164190,NS1,0.0,90.0,1.0,0.0,0.0
164191,NS1,0.0,90.0,1.0,0.0,0.0
164192,NS1,0.0,90.0,1.0,0.0,0.0
164286,NS1,0.0,90.0,1.0,0.0,0.0
164287,NS1,0.0,90.0,1.0,0.0,0.0
164381,NS1,0.0,90.0,1.0,0.0,0.0
164382,NS1,0.0,90.0,1.0,0.0,0.0
164476,NS1,0.0,90.0,1.0,0.0,0.0
164477,NS1,0.0,90.0,1.0,0.0,0.0
164571,NS1,0.0,90.0,1.0,0.0,0.0
164572,NS1,0.0,90.0,1.0,0.0,0.0
164666,NS1,0.0,90.0,1.0,0.0,0.0
164667,NS1,0.0,90.0,1.0,0.0,0.0
164761,NS1,0.0,90.0,1.0,0.0,0.0
164762,NS1,0.0,90.0,1.0,0.0,0.0
164856,NS1,0.0,90.0,1.0,0.0,0.0
164857,NS1,0.0,90.0,1.0,0.0,0.0
164951,NS1,0.0,90.0,1.0,0.0,0.0
164952,NS1,0.0,90.0,1.0,0.0,0.0
165046,NS1,0.0,90.0,1.0,0.0,0.0
165047,NS1,0.0,90.0,1.0,0.0,0.0
165141,NS1,0.0,90.0,1.0,0.0,0.0
165142,NS1,0.0,90.0,1.0,0.0,0.0
165236,NS1,0.0,90.0,1.0,0.0,0.0
165237,NS1,0.0,90.0,1.0,0.0,0.0
165238,NS1,0.0,90.0,1.0,0.0,0.0
165333,NS1,0.0,90.0,1.0,0.0,0.0
165428,NS1,0.0,90.0,1.0,0.0,0.0
165523,NS1,0.0,90.0,1.0,0.0,0.0
165618,NS1,0.0,90.0,1.0,0.0,0.0
165713,NS1,0.0,90.0,1.0,0.0,0.0
165808,NS1,0.0,90.0,1.0,0.0,0.0
165903,NS1,0.0,90.0,1.0,0.0,0.0
165998,NS1,0.0,90.0,1.0,0.0,0.0
166093,NS1,0.0,90.0,1.0,0.0,0.0
166188,NS1,0.0,90.0,1.0,0.0,0.0
166283,NS1,0.0,90.0,1.0,0.0,0.0
166378,NS1,0.0,90.0,1.0,0.0,0.0
166473,NS1,0.0,90.0,1.0,0.0,0.0
166568,NS1,0.0,90.0,1.0,0.0,0.0
166663,NS1,0.0,90.0,1.0,0.0,0.0
166758,NS1,0.0,90.0,1.0,0.0,0.0
166853,NS1,0.0,90.0,1.0,0.0,0.0
166948,NS1,0.0,90.0,1.0,0.0,0.0
167043,NS1,0.0,90.0,1.0,0.0,0.0
167138,NS1,0.0,90.0,1.0,0.0,0.0
167223,NS1,0.0,90.0,1.0,0.0,0.0
167224,NS1,0.0,90.0,1.0,0.0,0.0
167318,NS1,0.0,90.0,1.0,0.0,0.0
167319,NS1,0.0,90.0,1.0,0.0,0.0
167413,NS1,0.0,90.0,1.0,0.0,0.0
167414,NS1,0.0,90.0,1.0,0.0,0.0
167508,NS1,0.0,90.0,1.0,0.0,0.0
167509,NS1,0.0,90.0,1.0,0.0,0.0
167603,NS1,0.0,90.0,1.0,0.0,0.0
167604,NS1,0.0,90.0,1.0,0.0,0.0
167698,NS1,0.0,90.0,1.0,0.0,0.0
167699,NS1,0.0,90.0,1.0,0.0,0.0
167793,NS1,0.0,90.0,1.0,0.0,0.0
167794,NS1,0.0,90.0,1.0,0.0,0.0
167888,NS1,0.0,90.0,1.0,0.0,0.0
167889,NS1,0.0,90.0,1.0,0.0,0.0
167983,NS1,0.0,90.0,1.0,0.0,0.0
167984,NS1,0.0,90.0,1.0,0.0,0.0
168078,NS1,0.0,90.0,1.0,0.0,0.0
168079,NS1,0.0,90.0,1.0,0.0,0.0
168173,NS1,0.0,90.0,1.0,0.0,0.0
168174,NS1,0.0,90.0,1.0,0.0,0.0
168268,NS1,0.0,90.0,1.0,0.0,0.0
168269,NS1,0.0,90.0,1.0,0.0,0.0
168363,NS1,0.0,90.0,1.0,0.0,0.0
168364,NS1,0.0,90.0,1.0,0.0,0.0
168458,NS1,0.0,90.0,1.0,0.0,0.0
168459,NS1,0.0,90.0,1.0,0.0,0.0
168553,NS1,0.0,90.0,1.0,0.0,0.0
168554,NS1,0.0,90.0,1.0,0.0,0.0
168648,NS1,0.0,90.0,1.0,0.0,0.0
168649,NS1,0.0,90.0,1.0,0.0,0.0
168650,NS1,0.0,90.0,1.0,0.0,0.0
168651,NS1,0.0,90.0,1.0,0.0,0.0
168745,NS1,0.0,90.0,1.0,0.0,0.0
168746,NS1,0.0,90.0,1.0,0.0,0.0
168840,NS1,0.0,90.0,1.0,0.0,0.0
168841,NS1,0.0,90.0,1.0,0.0,0.0
168935,NS1,0.0,90.0,1.0,0.0,0.0
168936,NS1,0.0,90.0,1.0,0.0,0.0
169030,NS1,0.0,90.0,1.0,0.0,0.0
169031,NS1,0.0,90.0,1.0,0.0,0.0
169125,NS1,0.0,90.0,1.0,0.0,0.0
169126,NS1,0.0,90.0,1.0,0.0,0.0
169220,NS1,0.0,90.0,1.0,0.0,0.0
169221,NS1,0.0,90.0,1.0,0.0,0.0
169315,NS1,0.0,90.0,1.0,0.0,0.0
169316,NS1,0.0,90.0,1.0,0.0,0.0
169410,NS1,0.0,90.0,1.0,0.0,0.0
169411,NS1,0.0,90.0,1.0,0.0,0.0
169505,NS1,0.0,90.0,1.0,0.0,0.0
169506,NS1,0.0,90.0,1.0,0.0,0.0
169600,NS1,0.0,90.0,1.0,0.0,0.0
169601,NS1,0.0,90.0,1.0,0.0,0.0
169695,NS1,0.0,90.0,1.0,0.0,0.0
169696,NS1,0.0,90.0,1.0,0.0,0.0
169697,NS1,0.0,90.0,1.0,0.0,0.0
169698,NS1,0.0,90.0,1.0,0.0,0.0
169792,NS1,0.0,90.0,1.0,0.0,0.0
169793,NS1,0.0,90.0,1.0,0.0,0.0
169887,NS1,0.0,90.0,1.0,0.0,0.0
169888,NS1,0.0,90.0,1.0,0.0,0.0
169982,NS1,0.0,90.0,1.0,0.0,0.0
169983,NS1,0.0,90.0,1.0,0.0,0.0
170077,NS1,0.0,90.0,1.0,0.0,0.0
170078,NS1,0.0,90.0,1.0,0.0,0.0
170172,NS1,0.0,90.0,1.0,0.0,0.0
170173,NS1,0.0,90.0,1.0,0.0,0.0
170267,NS1,0.0,90.0,1.0,0.0,0.0
170268,NS1,0.0,90.0,1.0,0.0,0.0
170362,NS1,0.0,90.0,1.0,0.0,0.0
170363,NS1,0.0,90.0,1.0,0.0,0.0
170457,NS1,0.0,90.0,1.0,0.0,0.0
170458,NS1,0.0,90.0,1.0,0.0,0.0
170552,NS1,0.0,90.0,1.0,0.0,0.0
170553,NS1,0.0,90.0,1.0,0.0,0.0
170647,NS1,0.0,90.0,1.0,0.0,0.0
170648,NS1,0.0,90.0,1.0,0.0,0.0
170742,NS1,0.0,90.0,1.0,0.0,0.0
170743,NS1,0.0,90.0,1.0,0.0,0.0
170744,NS1,0.0,90.0,1.0,0.0,0.0
170745,NS1,0.0,90.0,1.0,0.0,0.0
170839,NS1,0.0,90.0,1.0,0.0,0.0
170840,NS1,0.0,90.0,1.0,0.0,0.0
170934,NS1,0.0,90.0,1.0,0.0,0.0
170935,NS1,0.0,90.0,1.0,0.0,0.0
171029,NS1,0.0,90.0,1.0,0.0,0.0
171030,NS1,0.0,90.0,1.0,0.0,0.0
171124,NS1,0.0,90.0,1.0,0.0,0.0
171125,NS1,0.0,90.0,1.0,0.0,0.0
171219,NS1,0.0,90.0,1.0,0.0,0.0
171220,NS1,0.0,90.0,1.0,0.0,0.0
171314,NS1,0.0,90.0,1.0,0.0,0.0
171315,NS1,0.0,90.0,1.0,0.0,0.0
171409,NS1,0.0,90.0,1.0,0.0,0.0
171410,NS1,0.0,90.0,1.0,0.0,0.0
171504,NS1,0.0,90.0,1.0,0.0,0.0
171505,NS1,0.0,90.0,1.0,0.0,0.0
171599,NS1,0.0,90.0,1.0,0.0,0.0
171600,NS1,0.0,90.0,1.0,0.0,0.0
171694,NS1,0.0,90.0,1.0,0.0,0.0
171695,NS1,0.0,90.0,1.0,0.0,0.0
171789,NS1,0.0,90.0,1.0,0.0,0.0
171790,NS1,0.0,90.0,1.0,0.0,0.0
171791,NS1,0.0,90.0,1.0,0.0,0.0
171792,NS1,0.0,90.0,1.0,0.0,0.0
171886,NS1,0.0,90.0,1.0,0.0,0.0
171887,NS1,0.0,90.0,1.0,0.0,0.0
171981,NS1,0.0,90.0,1.0,0.0,0.0
171982,NS1,0.0,90.0,1.0,0.0,0.0
172076,NS1,0.0,90.0,1.0,0.0,0.0
172077,NS1,0.0,90.0,1.0,0.0,0.0
172171,NS1,0.0,90.0,1.0,0.0,0.0
172172,NS1,0.0,90.0,1.0,0.0,0.0
172266,NS1,0.0,90.0,1.0,0.0,0.0
172267,NS1,0.0,90.0,1.0,0.0,0.0
172361,NS1,0.0,90.0,1.0,0.0,0.0
172362,NS1,0.0,90.0,1.0,0.0,0.0
172456,NS1,0.0,90.0,1.0,0.0,0.0
172457,NS1,0.0,90.0,1.0,0.0,0.0
172551,NS1,0.0,90.0,1.0,0.0,0.0
172552,NS1,0.0,90.0,1.0,0.0,0.0
172646,NS1,0.0,90.0,1.0,0.0,0.0
172647,NS1,0.0,90.0,1.0,0.0,0.0
172741,NS1,0.0,90.0,1.0,0.0,0.0
172742,NS1,0.0,90.0,1.0,0.0,0.0
172836,NS1,0.0,90.0,1.0,0.0,0.0
172837,NS1,0.0,90.0,1.0,0.0,0.0
172838,NS1,0.0,90.0,1.0,0.0,0.0
172933,NS1,0.0,90.0,1.0,0.0,0.0
173028,NS1,0.0,90.0,1.0,0.0,0.0
173123,NS1,0.0,90.0,1.0,0.0,0.0
173218,NS1,0.0,90.0,1.0,0.0,0.0
173313,NS1,0.0,90.0,1.0,0.0,0.0
173408,NS1,0.0,90.0,1.0,0.0,0.0
173503,NS1,0.0,90.0,1.0,0.0,0.0
173598,NS1,0.0,90.0,1.0,0.0,0.0
173693,NS1,0.0,90.0,1.0,0.0,0.0
173788,NS1,0.0,90.0,1.0,0.0,0.0
173883,NS1,0.0,90.0,1.0,0.0,0.0
173978,NS1,0.0,90.0,1.0,0.0,0.0
174073,NS1,0.0,90.0,1.0,0.0,0.0
174168,NS1,0.0,90.0,1.0,0.0,0.0
174263,NS1,0.0,90.0,1.0,0.0,0.0
174358,NS1,0.0,90.0,1.0,0.0,0.0
174453,NS1,0.0,90.0,1.0,0.0,0.0
174548,NS1,0.0,90.0,1.0,0.0,0.0
174643,NS1,0.0,90.0,1.0,0.0,0.0
174738,NS1,0.0,90.0,1.0,0.0,0.0
174823,NS1,0.0,90.0,1.0,0.0,0.0
174824,NS1,0.0,90.0,1.0,0.0,0.0
174918,NS1,0.0,90.0,1.0,0.0,0.0
174919,NS1,0.0,90.0,1.0,0.0,0.0
175013,NS1,0.0,90.0,1.0,0.0,0.0
175014,NS1,0.0,90.0,1.0,0.0,0.0
175108,NS1,0.0,90.0,1.0,0.0,0.0
175109,NS1,0.0,90.0,1.0,0.0,0.0
175203,NS1,0.0,90.0,1.0,0.0,0.0
175204,NS1,0.0,90.0,1.0,0.0,0.0
175298,NS1,0.0,90.0,1.0,0.0,0.0
175299,NS1,0.0,90.0,1.0,0.0,0.0
175393,NS1,0.0,90.0,1.0,0.0,0.0
175394,NS1,0.0,90.0,1.0,0.0,0.0
175488,NS1,0.0,90.0,1.0,0.0,0.0
175489,NS1,0.0,90.0,1.0,0.0,0.0
175583,NS1,0.0,90.0,1.0,0.0,0.0
175584,NS1,0.0,90.0,1.0,0.0,0.0
175678,NS1,0.0,90.0,1.0,0.0,0.0
175679,NS1,0.0,90.0,1.0,0.0,0.0
175773,NS1,0.0,90.0,1.0,0.0,0.0
175774,NS1,0.0,90.0,1.0,0.0,0.0
175868,NS1,0.0,90.0,1.0,0.0,0.0
175869,NS1,0.0,90.0,1.0,0.0,0.0
175963,NS1,0.0,90.0,1.0,0.0,0.0
175964,NS1,0.0,90.0,1.0,0.0,0.0
176058,NS1,0.0,90.0,1.0,0.0,0.0
176059,NS1,0.0,90.0,1.0,0.0,0.0
176153,NS1,0.0,90.0,1.0,0.0,0.0
176154,NS1,0.0,90.0,1.0,0.0,0.0
176248,NS1,0.0,90.0,1.0,0.0,0.0
176249,NS1,0.0,90.0,1.0,0.0,0.0
176250,NS1,0.0,90.0,1.0,0.0,0.0
176251,NS1,0.0,90.0,1.0,0.0,0.0
176345,NS1,0.0,90.0,1.0,0.0,0.0
176346,NS1,0.0,90.0,1.0,0.0,0.0
176440,NS1,0.0,90.0,1.0,0.0,0.0
176441,NS1,0.0,90.0,1.0,0.0,0.0
176535,NS1,0.0,90.0,1.0,0.0,0.0
176536,NS1,0.0,90.0,1.0,0.0,0.0
176630,NS1,0.0,90.0,1.0,0.0,0.0
176631,NS1,0.0,90.0,1.0,0.0,0.0
176725,NS1,0.0,90.0,1.0,0.0,0.0
176726,NS1,0.0,90.0,1.0,0.0,0.0
176820,NS1,0.0,90.0,1.0,0.0,0.0
176821,NS1,0.0,90.0,1.0,0.0,0.0
176915,NS1,0.0,90.0,1.0,0.0,0.0
176916,NS1,0.0,90.0,1.0,0.0,0.0
177010,NS1,0.0,90.0,1.0,0.0,0.0
177011,NS1,0.0,90.0,1.0,0.0,0.0
177105,NS1,0.0,90.0,1.0,0.0,0.0
177106,NS1,0.0,90.0,1.0,0.0,0.0
177200,NS1,0.0,90.0,1.0,0.0,0.0
177201,NS1,0.0,90.0,1.0,0.0,0.0
177295,NS1,0.0,90.0,1.0,0.0,0.0
177296,NS1,0.0,90.0,1.0,0.0,0.0
177297,NS1,0.0,90.0,1.0,0.0,0.0
177298,NS1,0.0,90.0,1.0,0.0,0.0
177392,NS1,0.0,90.0,1.0,0.0,0.0
177393,NS1,0.0,90.0,1.0,0.0,0.0
177487,NS1,0.0,90.0,1.0,0.0,0.0
177488,NS1,0.0,90.0,1.0,0.0,0.0
177582,NS1,0.0,90.0,1.0,0.0,0.0
177583,NS1,0.0,90.0,1.0,0.0,0.0
177677,NS1,0.0,90.0,1.0,0.0,0.0
177678,NS1,0.0,90.0,1.0,0.0,0.0
177772,NS1,0.0,90.0,1.0,0.0,0.0
177773,NS1,0.0,90.0,1.0,0.0,0.0
177867,NS1,0.0,90.0,1.0,0.0,0.0
177868,NS1,0.0,90.0,1.0,0.0,0.0
177962,NS1,0.0,90.0,1.0,0.0,0.0
177963,NS1,0.0,90.0,1.0,0.0,0.0
178057,NS1,0.0,90.0,1.0,0.0,0.0
178058,NS1,0.0,90.0,1.0,0.0,0.0
178152,NS1,0.0,90.0,1.0,0.0,0.0
178153,NS1,0.0,90.0,1.0,0.0,0.0
178247,NS1,0.0,90.0,1.0,0.0,0.0
178248,NS1,0.0,90.0,1.0,0.0,0.0
178342,NS1,0.0,90.0,1.0,0.0,0.0
178343,NS1,0.0,90.0,1.0,0.0,0.0
178344,NS1,0.0,90.0,1.0,0.0,0.0
178345,NS1,0.0,90.0,1.0,0.0,0.0
178439,NS1,0.0,90.0,1.0,0.0,0.0
178440,NS1,0.0,90.0,1.0,0.0,0.0
178534,NS1,0.0,90.0,1.0,0.0,0.0
178535,NS1,0.0,90.0,1.0,0.0,0.0
178629,NS1,0.0,90.0,1.0,0.0,0.0
178630,NS1,0.0,90.0,1.0,0.0,0.0
178724,NS1,0.0,90.0,1.0,0.0,0.0
178725,NS1,0.0,90.0,1.0,0.0,0.0
178819,NS1,0.0,90.0,1.0,0.0,0.0
178820,NS1,0.0,90.0,1.0,0.0,0.0
178914,NS1,0.0,90.0,1.0,0.0,0.0
178915,NS1,0.0,90.0,1.0,0.0,0.0
179009,NS1,0.0,90.0,1.0,0.0,0.0
179010,NS1,0.0,90.0,1.0,0.0,0.0
179104,NS1,0.0,90.0,1.0,0.0,0.0
179105,NS1,0.0,90.0,1.0,0.0,0.0
179199,NS1,0.0,90.0,1.0,0.0,0.0
179200,NS1,0.0,90.0,1.0,0.0,0.0
179294,NS1,0.0,90.0,1.0,0.0,0.0
179295,NS1,0.0,90.0,1.0,0.0,0.0
179389,NS1,0.0,90.0,1.0,0.0,0.0
179390,NS1,0.0,90.0,1.0,0.0,0.0
179391,NS1,0.0,90.0,1.0,0.0,0.0
179392,NS1,0.0,90.0,1.0,0.0,0.0
179486,NS1,0.0,90.0,1.0,0.0,0.0
179487,NS1,0.0,90.0,1.0,0.0,0.0
179581,NS1,0.0,90.0,1.0,0.0,0.0
179582,NS1,0.0,90.0,1.0,0.0,0.0
179676,NS1,0.0,90.0,1.0,0.0,0.0
179677,NS1,0.0,90.0,1.0,0.0,0.0
179771,NS1,0.0,90.0,1.0,0.0,0.0
179772,NS1,0.0,90.0,1.0,0.0,0.0
179866,NS1,0.0,90.0,1.0,0.0,0.0
179867,NS1,0.0,90.0,1.0,0.0,0.0
179961,NS1,0.0,90.0,1.0,0.0,0.0
179962,NS1,0.0,90.0,1.0,0.0,0.0
180056,NS1,0.0,90.0,1.0,0.0,0.0
180057,NS1,0.0,90.0,1.0,0.0,0.0
180151,NS1,0.0,90.0,1.0,0.0,0.0
180152,NS1,0.0,90.0,1.0,0.0,0.0
180246,NS1,0.0,90.0,1.0,0.0,0.0
180247,NS1,0.0,90.0,1.0,0.0,0.0
180341,NS1,0.0,90.0,1.0,0.0,0.0
180342,NS1,0.0,90.0,1.0,0.0,0.0
180436,NS1,0.0,90.0,1.0,0.0,0.0
180437,NS1,0.0,90.0,1.0,0.0,0.0
180438,NS1,0.0,90.0,1.0,0.0,0.0
180533,NS1,0.0,90.0,1.0,0.0,0.0
180628,NS1,0.0,90.0,1.0,0.0,0.0
180723,NS1,0.0,90.0,1.0,0.0,0.0
180818,NS1,0.0,90.0,1.0,0.0,0.0
180913,NS1,0.0,90.0,1.0,0.0,0.0
181008,NS1,0.0,90.0,1.0,0.0,0.0
181103,NS1,0.0,90.0,1.0,0.0,0.0
181198,NS1,0.0,90.0,1.0,0.0,0.0
181293,NS1,0.0,90.0,1.0,0.0,0.0
181388,NS1,0.0,90.0,1.0,0.0,0.0
181483,NS1,0.0,90.0,1.0,0.0,0.0
181578,NS1,0.0,90.0,1.0,0.0,0.0
181673,NS1,0.0,90.0,1.0,0.0,0.0
181768,NS1,0.0,90.0,1.0,0.0,0.0
181863,NS1,0.0,90.0,1.0,0.0,0.0
181958,NS1,0.0,90.0,1.0,0.0,0.0
182053,NS1,0.0,90.0,1.0,0.0,0.0
182148,NS1,0.0,90.0,1.0,0.0,0.0
182243,NS1,0.0,90.0,1.0,0.0,0.0
182338,NS1,0.0,90.0,1.0,0.0,0.0
182423,NS1,0.0,90.0,1.0,0.0,0.0
182424,NS1,0.0,90.0,1.0,0.0,0.0
182518,NS1,0.0,90.0,1.0,0.0,0.0
182519,NS1,0.0,90.0,1.0,0.0,0.0
182613,NS1,0.0,90.0,1.0,0.0,0.0
182614,NS1,0.0,90.0,1.0,0.0,0.0
182708,NS1,0.0,90.0,1.0,0.0,0.0
182709,NS1,0.0,90.0,1.0,0.0,0.0
182803,NS1,0.0,90.0,1.0,0.0,0.0
182804,NS1,0.0,90.0,1.0,0.0,0.0
182898,NS1,0.0,90.0,1.0,0.0,0.0
182899,NS1,0.0,90.0,1.0,0.0,0.0
182993,NS1,0.0,90.0,1.0,0.0,0.0
182994,NS1,0.0,90.0,1.0,0.0,0.0
183088,NS1,0.0,90.0,1.0,0.0,0.0
183089,NS1,0.0,90.0,1.0,0.0,0.0
183183,NS1,0.0,90.0,1.0,0.0,0.0
183184,NS1,0.0,90.0,1.0,0.0,0.0
183278,NS1,0.0,90.0,1.0,0.0,0.0
183279,NS1,0.0,90.0,1.0,0.0,0.0
183373,NS1,0.0,90.0,1.0,0.0,0.0
183374,NS1,0.0,90.0,1.0,0.0,0.0
183468,NS1,0.0,90.0,1.0,0.0,0.0
183469,NS1,0.0,90.0,1.0,0.0,0.0
183563,NS1,0.0,90.0,1.0,0.0,0.0
183564,NS1,0.0,90.0,1.0,0.0,0.0
183658,NS1,0.0,90.0,1.0,0.0,0.0
183659,NS1,0.0,90.0,1.0,0.0,0.0
183753,NS1,0.0,90.0,1.0,0.0,0.0
183754,NS1,0.0,90.0,1.0,0.0,0.0
183848,NS1,0.0,90.0,1.0,0.0,0.0
183849,NS1,0.0,90.0,1.0,0.0,0.0
183850,NS1,0.0,90.0,1.0,0.0,0.0
183851,NS1,0.0,90.0,1.0,0.0,0.0
183945,NS1,0.0,90.0,1.0,0.0,0.0
183946,NS1,0.0,90.0,1.0,0.0,0.0
184040,NS1,0.0,90.0,1.0,0.0,0.0
184041,NS1,0.0,90.0,1.0,0.0,0.0
184135,NS1,0.0,90.0,1.0,0.0,0.0
184136,NS1,0.0,90.0,1.0,0.0,0.0
184230,NS1,0.0,90.0,1.0,0.0,0.0
184231,NS1,0.0,90.0,1.0,0.0,0.0
184325,NS1,0.0,90.0,1.0,0.0,0.0
184326,NS1,0.0,90.0,1.0,0.0,0.0
184420,NS1,0.0,90.0,1.0,0.0,0.0
184421,NS1,0.0,90.0,1.0,0.0,0.0
184515,NS1,0.0,90.0,1.0,0.0,0.0
184516,NS1,0.0,90.0,1.0,0.0,0.0
184610,NS1,0.0,90.0,1.0,0.0,0.0
184611,NS1,0.0,90.0,1.0,0.0,0.0
184705,NS1,0.0,90.0,1.0,0.0,0.0
184706,NS1,0.0,90.0,1.0,0.0,0.0
184800,NS1,0.0,90.0,1.0,0.0,0.0
184801,NS1,0.0,90.0,1.0,0.0,0.0
184895,NS1,0.0,90.0,1.0,0.0,0.0
184896,NS1,0.0,90.0,1.0,0.0,0.0
184897,NS1,0.0,90.0,1.0,0.0,0.0
184898,NS1,0.0,90.0,1.0,0.0,0.0
184992,NS1,0.0,90.0,1.0,0.0,0.0
184993,NS1,0.0,90.0,1.0,0.0,0.0
185087,NS1,0.0,90.0,1.0,0.0,0.0
185088,NS1,0.0,90.0,1.0,0.0,0.0
185182,NS1,0.0,90.0,1.0,0.0,0.0
185183,NS1,0.0,90.0,1.0,0.0,0.0
185277,NS1,0.0,90.0,1.0,0.0,0.0
185278,NS1,0.0,90.0,1.0,0.0,0.0
185372,NS1,0.0,90.0,1.0,0.0,0.0
185373,NS1,0.0,90.0,1.0,0.0,0.0
185467,NS1,0.0,90.0,1.0,0.0,0.0
185468,NS1,0.0,90.0,1.0,0.0,0.0
185562,NS1,0.0,90.0,1.0,0.0,0.0
185563,NS1,0.0,90.0,1.0,0.0,0.0
185657,NS1,0.0,90.0,1.0,0.0,0.0
185658,NS1,0.0,90.0,1.0,0.0,0.0
185752,NS1,0.0,90.0,1.0,0.0,0.0
185753,NS1,0.0,90.0,1.0,0.0,0.0
185847,NS1,0.0,90.0,1.0,0.0,0.0
185848,NS1,0.0,90.0,1.0,0.0,0.0
185942,NS1,0.0,90.0,1.0,0.0,0.0
185943,NS1,0.0,90.0,1.0,0.0,0.0
185944,NS1,0.0,90.0,1.0,0.0,0.0
185945,NS1,0.0,90.0,1.0,0.0,0.0
186039,NS1,0.0,90.0,1.0,0.0,0.0
186040,NS1,0.0,90.0,1.0,0.0,0.0
186134,NS1,0.0,90.0,1.0,0.0,0.0
186135,NS1,0.0,90.0,1.0,0.0,0.0
186229,NS1,0.0,90.0,1.0,0.0,0.0
186230,NS1,0.0,90.0,1.0,0.0,0.0
186324,NS1,0.0,90.0,1.0,0.0,0.0
186325,NS1,0.0,90.0,1.0,0.0,0.0
186419,NS1,0.0,90.0,1.0,0.0,0.0
186420,NS1,0.0,90.0,1.0,0.0,0.0
186514,NS1,0.0,90.0,1.0,0.0,0.0
186515,NS1,0.0,90.0,1.0,0.0,0.0
186609,NS1,0.0,90.0,1.0,0.0,0.0
186610,NS1,0.0,90.0,1.0,0.0,0.0
186704,NS1,0.0,90.0,1.0,0.0,0.0
186705,NS1,0.0,90.0,1.0,0.0,0.0
186799,NS1,0.0,90.0,1.0,0.0,0.0
186800,NS1,0.0,90.0,1.0,0.0,0.0
186894,NS1,0.0,90.0,1.0,0.0,0.0
186895,NS1,0.0,90.0,1.0,0.0,0.0
186989,NS1,0.0,90.0,1.0,0.0,0.0
186990,NS1,0.0,90.0,1.0,0.0,0.0
186991,NS1,0.0,90.0,1.0,0.0,0.0
186992,NS1,0.0,90.0,1.0,0.0,0.0
187086,NS1,0.0,90.0,1.0,0.0,0.0
187087,NS1,0.0,90.0,1.0,0.0,0.0
187181,NS1,0.0,90.0,1.0,0.0,0.0
187182,NS1,0.0,90.0,1.0,0.0,0.0
187276,NS1,0.0,90.0,1.0,0.0,0.0
187277,NS1,0.0,90.0,1.0,0.0,0.0
187371,NS1,0.0,90.0,1.0,0.0,0.0
187372,NS1,0.0,90.0,1.0,0.0,0.0
187466,NS1,0.0,90.0,1.0,0.0,0.0
187467,NS1,0.0,90.0,1.0,0.0,0.0
187561,NS1,0.0,90.0,1.0,0.0,0.0
187562,NS1,0.0,90.0,1.0,0.0,0.0
187656,NS1,0.0,90.0,1.0,0.0,0.0
187657,NS1,0.0,90.0,1.0,0.0,0.0
187751,NS1,0.0,90.0,1.0,0.0,0.0
187752,NS1,0.0,90.0,1.0,0.0,0.0
187846,NS1,0.0,90.0,1.0,0.0,0.0
187847,NS1,0.0,90.0,1.0,0.0,0.0
187941,NS1,0.0,90.0,1.0,0.0,0.0
187942,NS1,0.0,90.0,1.0,0.0,0.0
188036,NS1,0.0,90.0,1.0,0.0,0.0
188037,NS1,0.0,90.0,1.0,0.0,0.0
188038,NS1,0.0,90.0,1.0,0.0,0.0
188133,NS1,0.0,90.0,1.0,0.0,0.0
188228,NS1,0.0,90.0,1.0,0.0,0.0
188323,NS1,0.0,90.0,1.0,0.0,0.0
188418,NS1,0.0,90.0,1.0,0.0,0.0
188513,NS1,0.0,90.0,1.0,0.0,0.0
188608,NS1,0.0,90.0,1.0,0.0,0.0
188703,NS1,0.0,90.0,1.0,0.0,0.0
188798,NS1,0.0,90.0,1.0,0.0,0.0
188893,NS1,0.0,90.0,1.0,0.0,0.0
188988,NS1,0.0,90.0,1.0,0.0,0.0
189083,NS1,0.0,90.0,1.0,0.0,0.0
189178,NS1,0.0,90.0,1.0,0.0,0.0
189273,NS1,0.0,90.0,1.0,0.0,0.0
189368,NS1,0.0,90.0,1.0,0.0,0.0
189463,NS1,0.0,90.0,1.0,0.0,0.0
189558,NS1,0.0,90.0,1.0,0.0,0.0
189653,NS1,0.0,90.0,1.0,0.0,0.0
189748,NS1,0.0,90.0,1.0,0.0,0.0
189843,NS1,0.0,90.0,1.0,0.0,0.0
189938,NS1,0.0,90.0,1.0,0.0,0.0
190023,NS1,0.0,90.0,1.0,0.0,0.0
190024,NS1,0.0,90.0,1.0,0.0,0.0
190118,NS1,0.0,90.0,1.0,0.0,0.0
190119,NS1,0.0,90.0,1.0,0.0,0.0
190213,NS1,0.0,90.0,1.0,0.0,0.0
190214,NS1,0.0,90.0,1.0,0.0,0.0
190308,NS1,0.0,90.0,1.0,0.0,0.0
190309,NS1,0.0,90.0,1.0,0.0,0.0
190403,NS1,0.0,90.0,1.0,0.0,0.0
190404,NS1,0.0,90.0,1.0,0.0,0.0
190498,NS1,0.0,90.0,1.0,0.0,0.0
190499,NS1,0.0,90.0,1.0,0.0,0.0
190593,NS1,0.0,90.0,1.0,0.0,0.0
190594,NS1,0.0,90.0,1.0,0.0,0.0
190688,NS1,0.0,90.0,1.0,0.0,0.0
190689,NS1,0.0,90.0,1.0,0.0,0.0
190783,NS1,0.0,90.0,1.0,0.0,0.0
190784,NS1,0.0,90.0,1.0,0.0,0.0
190878,NS1,0.0,90.0,1.0,0.0,0.0
190879,NS1,0.0,90.0,1.0,0.0,0.0
190973,NS1,0.0,90.0,1.0,0.0,0.0
190974,NS1,0.0,90.0,1.0,0.0,0.0
191068,NS1,0.0,90.0,1.0,0.0,0.0
191069,NS1,0.0,90.0,1.0,0.0,0.0
191163,NS1,0.0,90.0,1.0,0.0,0.0
191164,NS1,0.0,90.0,1.0,0.0,0.0
191258,NS1,0.0,90.0,1.0,0.0,0.0
191259,NS1,0.0,90.0,1.0,0.0,0.0
191353,NS1,0.0,90.0,1.0,0.0,0.0
191354,NS1,0.0,90.0,1.0,0.0,0.0
191448,NS1,0.0,90.0,1.0,0.0,0.0
191449,NS1,0.0,90.0,1.0,0.0,0.0
191450,NS1,0.0,90.0,1.0,0.0,0.0
191451,NS1,0.0,90.0,1.0,0.0,0.0
191545,NS1,0.0,90.0,1.0,0.0,0.0
191546,NS1,0.0,90.0,1.0,0.0,0.0
191640,NS1,0.0,90.0,1.0,0.0,0.0
191641,NS1,0.0,90.0,1.0,0.0,0.0
191735,NS1,0.0,90.0,1.0,0.0,0.0
191736,NS1,0.0,90.0,1.0,0.0,0.0
191830,NS1,0.0,90.0,1.0,0.0,0.0
191831,NS1,0.0,90.0,1.0,0.0,0.0
191925,NS1,0.0,90.0,1.0,0.0,0.0
191926,NS1,0.0,90.0,1.0,0.0,0.0
192020,NS1,0.0,90.0,1.0,0.0,0.0
192021,NS1,0.0,90.0,1.0,0.0,0.0
192115,NS1,0.0,90.0,1.0,0.0,0.0
192116,NS1,0.0,90.0,1.0,0.0,0.0
192210,NS1,0.0,90.0,1.0,0.0,0.0
192211,NS1,0.0,90.0,1.0,0.0,0.0
192305,NS1,0.0,90.0,1.0,0.0,0.0
192306,NS1,0.0,90.0,1.0,0.0,0.0
192400,NS1,0.0,90.0,1.0,0.0,0.0
192401,NS1,0.0,90.0,1.0,0.0,0.0
192495,NS1,0.0,90.0,1.0,0.0,0.0
192496,NS1,0.0,90.0,1.0,0.0,0.0
192497,NS1,0.0,90.0,1.0,0.0,0.0
192498,NS1,0.0,90.0,1.0,0.0,0.0
192592,NS1,0.0,90.0,1.0,0.0,0.0
192593,NS1,0.0,90.0,1.0,0.0,0.0
192687,NS1,0.0,90.0,1.0,0.0,0.0
192688,NS1,0.0,90.0,1.0,0.0,0.0
192782,NS1,0.0,90.0,1.0,0.0,0.0
192783,NS1,0.0,90.0,1.0,0.0,0.0
192877,NS1,0.0,90.0,1.0,0.0,0.0
192878,NS1,0.0,90.0,1.0,0.0,0.0
192972,NS1,0.0,90.0,1.0,0.0,0.0
192973,NS1,0.0,90.0,1.0,0.0,0.0
193067,NS1,0.0,90.0,1.0,0.0,0.0
193068,NS1,0.0,90.0,1.0,0.0,0.0
193162,NS1,0.0,90.0,1.0,0.0,0.0
193163,NS1,0.0,90.0,1.0,0.0,0.0
193257,NS1,0.0,90.0,1.0,0.0,0.0
193258,NS1,0.0,90.0,1.0,0.0,0.0
193352,NS1,0.0,90.0,1.0,0.0,0.0
193353,NS1,0.0,90.0,1.0,0.0,0.0
193447,NS1,0.0,90.0,1.0,0.0,0.0
193448,NS1,0.0,90.0,1.0,0.0,0.0
193542,NS1,0.0,90.0,1.0,0.0,0.0
193543,NS1,0.0,90.0,1.0,0.0,0.0
193544,NS1,0.0,90.0,1.0,0.0,0.0
193545,NS1,0.0,90.0,1.0,0.0,0.0
193639,NS1,0.0,90.0,1.0,0.0,0.0
193640,NS1,0.0,90.0,1.0,0.0,0.0
193734,NS1,0.0,90.0,1.0,0.0,0.0
193735,NS1,0.0,90.0,1.0,0.0,0.0
193829,NS1,0.0,90.0,1.0,0.0,0.0
193830,NS1,0.0,90.0,1.0,0.0,0.0
193924,NS1,0.0,90.0,1.0,0.0,0.0
193925,NS1,0.0,90.0,1.0,0.0,0.0
194019,NS1,0.0,90.0,1.0,0.0,0.0
194020,NS1,0.0,90.0,1.0,0.0,0.0
194114,NS1,0.0,90.0,1.0,0.0,0.0
194115,NS1,0.0,90.0,1.0,0.0,0.0
194209,NS1,0.0,90.0,1.0,0.0,0.0
194210,NS1,0.0,90.0,1.0,0.0,0.0
194304,NS1,0.0,90.0,1.0,0.0,0.0
194305,NS1,0.0,90.0,1.0,0.0,0.0
194399,NS1,0.0,90.0,1.0,0.0,0.0
194400,NS1,0.0,90.0,1.0,0.0,0.0
194494,NS1,0.0,90.0,1.0,0.0,0.0
194495,NS1,0.0,90.0,1.0,0.0,0.0
194589,NS1,0.0,90.0,1.0,0.0,0.0
194590,NS1,0.0,90.0,1.0,0.0,0.0
194591,NS1,0.0,90.0,1.0,0.0,0.0
194592,NS1,0.0,90.0,1.0,0.0,0.0
194686,NS1,0.0,90.0,1.0,0.0,0.0
194687,NS1,0.0,90.0,1.0,0.0,0.0
194781,NS1,0.0,90.0,1.0,0.0,0.0
194782,NS1,0.0,90.0,1.0,0.0,0.0
194876,NS1,0.0,90.0,1.0,0.0,0.0
194877,NS1,0.0,90.0,1.0,0.0,0.0
194971,NS1,0.0,90.0,1.0,0.0,0.0
194972,NS1,0.0,90.0,1.0,0.0,0.0
195066,NS1,0.0,90.0,1.0,0.0,0.0
195067,NS1,0.0,90.0,1.0,0.0,0.0
195161,NS1,0.0,90.0,1.0,0.0,0.0
195162,NS1,0.0,90.0,1.0,0.0,0.0
195256,NS1,0.0,90.0,1.0,0.0,0.0
195257,NS1,0.0,90.0,1.0,0.0,0.0
195351,NS1,0.0,90.0,1.0,0.0,0.0
195352,NS1,0.0,90.0,1.0,0.0,0.0
195446,NS1,0.0,90.0,1.0,0.0,0.0
195447,NS1,0.0,90.0,1.0,0.0,0.0
195541,NS1,0.0,90.0,1.0,0.0,0.0
195542,NS1,0.0,90.0,1.0,0.0,0.0
195636,NS1,0.0,90.0,1.0,0.0,0.0
195637,NS1,0.0,90.0,1.0,0.0,0.0
195638,NS1,0.0,90.0,1.0,0.0,0.0
195733,NS1,0.0,90.0,1.0,0.0,0.0
195828,NS1,0.0,90.0,1.0,0.0,0.0
195923,NS1,0.0,90.0,1.0,0.0,0.0
196018,NS1,0.0,90.0,1.0,0.0,0.0
196113,NS1,0.0,90.0,1.0,0.0,0.0
196208,NS1,0.0,90.0,1.0,0.0,0.0
196303,NS1,0.0,90.0,1.0,0.0,0.0
196398,NS1,0.0,90.0,1.0,0.0,0.0
196493,NS1,0.0,90.0,1.0,0.0,0.0
196588,NS1,0.0,90.0,1.0,0.0,0.0
196683,NS1,0.0,90.0,1.0,0.0,0.0
196778,NS1,0.0,90.0,1.0,0.0,0.0
196873,NS1,0.0,90.0,1.0,0.0,0.0
196968,NS1,0.0,90.0,1.0,0.0,0.0
197063,NS1,0.0,90.0,1.0,0.0,0.0
197158,NS1,0.0,90.0,1.0,0.0,0.0
197253,NS1,0.0,90.0,1.0,0.0,0.0
197348,NS1,0.0,90.0,1.0,0.0,0.0
197443,NS1,0.0,90.0,1.0,0.0,0.0
197538,NS1,0.0,90.0,1.0,0.0,0.0
47,NS2,0.0,90.0,1.0,0.0,0.0
48,NS2,0.0,90.0,1.0,0.0,0.0
142,NS2,0.0,90.0,1.0,0.0,0.0
143,NS2,0.0,90.0,1.0,0.0,0.0
237,NS2,0.0,90.0,1.0,0.0,0.0
238,NS2,0.0,90.0,1.0,0.0,0.0
332,NS2,0.0,90.0,1.0,0.0,0.0
333,NS2,0.0,90.0,1.0,0.0,0.0
427,NS2,0.0,90.0,1.0,0.0,0.0
428,NS2,0.0,90.0,1.0,0.0,0.0
522,NS2,0.0,90.0,1.0,0.0,0.0
523,NS2,0.0,90.0,1.0,0.0,0.0
617,NS2,0.0,90.0,1.0,0.0,0.0
618,NS2,0.0,90.0,1.0,0.0,0.0
712,NS2,0.0,90.0,1.0,0.0,0.0
713,NS2,0.0,90.0,1.0,0.0,0.0
807,NS2,0.0,90.0,1.0,0.0,0.0
808,NS2,0.0,90.0,1.0,0.0,0.0
902,NS2,0.0,90.0,1.0,0.0,0.0
903,NS2,0.0,90.0,1.0,0.0,0.0
997,NS2,0.0,90.0,1.0,0.0,0.0
998,NS2,0.0,90.0,1.0,0.0,0.0
1092,NS2,0.0,90.0,1.0,0.0,0.0
1093,NS2,0.0,90.0,1.0,0.0,0.0
1187,NS2,0.0,90.0,1.0,0.0,0.0
1188,NS2,0.0,90.0,1.0,0.0,0.0
1282,NS2,0.0,90.0,1.0,0.0,0.0
1283,NS2,0.0,90.0,1.0,0.0,0.0
1377,NS2,0.0,90.0,1.0,0.0,0.0
1378,NS2,0.0,90.0,1.0,0.0,0.0
1472,NS2,0.0,90.0,1.0,0.0,0.0
1473,NS2,0.0,90.0,1.0,0.0,0.0
1474,NS2,0.0,90.0,1.0,0.0,0.0
1475,NS2,0.0,90.0,1.0,0.0,0.0
1569,NS2,0.0,90.0,1.0,0.0,0.0
1570,NS2,0.0,90.0,1.0,0.0,0.0
1664,NS2,0.0,90.0,1.0,0.0,0.0
1665,NS2,0.0,90.0,1.0,0.0,0.0
1759,NS2,0.0,90.0,1.0,0.0,0.0
1760,NS2,0.0,90.0,1.0,0.0,0.0
1854,NS2,0.0,90.0,1.0,0.0,0.0
1855,NS2,0.0,90.0,1.0,0.0,0.0
1949,NS2,0.0,90.0,1.0,0.0,0.0
1950,NS2,0.0,90.0,1.0,0.0,0.0
2044,NS2,0.0,90.0,1.0,0.0,0.0
2045,NS2,0.0,90.0,1.0,0.0,0.0
2139,NS2,0.0,90.0,1.0,0.0,0.0
2140,NS2,0.0,90.0,1.0,0.0,0.0
2234,NS2,0.0,90.0,1.0,0.0,0.0
2235,NS2,0.0,90.0,1.0,0.0,0.0
2329,NS2,0.0,90.0,1.0,0.0,0.0
2330,NS2,0.0,90.0,1.0,0.0,0.0
2424,NS2,0.0,90.0,1.0,0.0,0.0
2425,NS2,0.0,90.0,1.0,0.0,0.0
2519,NS2,0.0,90.0,1.0,0.0,0.0
2520,NS2,0.0,90.0,1.0,0.0,0.0
2521,NS2,0.0,90.0,1.0,0.0,0.0
2522,NS2,0.0,90.0,1.0,0.0,0.0
2616,NS2,0.0,90.0,1.0,0.0,0.0
2617,NS2,0.0,90.0,1.0,0.0,0.0
2711,NS2,0.0,90.0,1.0,0.0,0.0
2712,NS2,0.0,90.0,1.0,0.0,0.0
2806,NS2,0.0,90.0,1.0,0.0,0.0
2807,NS2,0.0,90.0,1.0,0.0,0.0
2901,NS2,0.0,90.0,1.0,0.0,0.0
2902,NS2,0.0,90.0,1.0,0.0,0.0
2996,NS2,0.0,90.0,1.0,0.0,0.0
2997,NS2,0.0,90.0,1.0,0.0,0.0
3091,NS2,0.0,90.0,1.0,0.0,0.0
3092,NS2,0.0,90.0,1.0,0.0,0.0
3186,NS2,0.0,90.0,1.0,0.0,0.0
3187,NS2,0.0,90.0,1.0,0.0,0.0
3281,NS2,0.0,90.0,1.0,0.0,0.0
3282,NS2,0.0,90.0,1.0,0.0,0.0
3376,NS2,0.0,90.0,1.0,0.0,0.0
3377,NS2,0.0,90.0,1.0,0.0,0.0
3471,NS2,0.0,90.0,1.0,0.0,0.0
3472,NS2,0.0,90.0,1.0,0.0,0.0
3566,NS2,0.0,90.0,1.0,0.0,0.0
3567,NS2,0.0,90.0,1.0,0.0,0.0
3568,NS2,0.0,90.0,1.0,0.0,0.0
3569,NS2,0.0,90.0,1.0,0.0,0.0
3663,NS2,0.0,90.0,1.0,0.0,0.0
3664,NS2,0.0,90.0,1.0,0.0,0.0
3758,NS2,0.0,90.0,1.0,0.0,0.0
3759,NS2,0.0,90.0,1.0,0.0,0.0
3853,NS2,0.0,90.0,1.0,0.0,0.0
3854,NS2,0.0,90.0,1.0,0.0,0.0
3948,NS2,0.0,90.0,1.0,0.0,0.0
3949,NS2,0.0,90.0,1.0,0.0,0.0
4043,NS2,0.0,90.0,1.0,0.0,0.0
4044,NS2,0.0,90.0,1.0,0.0,0.0
4138,NS2,0.0,90.0,1.0,0.0,0.0
4139,NS2,0.0,90.0,1.0,0.0,0.0
4233,NS2,0.0,90.0,1.0,0.0,0.0
4234,NS2,0.0,90.0,1.0,0.0,0.0
4328,NS2,0.0,90.0,1.0,0.0,0.0
4329,NS2,0.0,90.0,1.0,0.0,0.0
4423,NS2,0.0,90.0,1.0,0.0,0.0
4424,NS2,0.0,90.0,1.0,0.0,0.0
4518,NS2,0.0,90.0,1.0,0.0,0.0
4519,NS2,0.0,90.0,1.0,0.0,0.0
4613,NS2,0.0,90.0,1.0,0.0,0.0
4614,NS2,0.0,90.0,1.0,0.0,0.0
4615,NS2,0.0,90.0,1.0,0.0,0.0
4616,NS2,0.0,90.0,1.0,0.0,0.0
4710,NS2,0.0,90.0,1.0,0.0,0.0
4711,NS2,0.0,90.0,1.0,0.0,0.0
4805,NS2,0.0,90.0,1.0,0.0,0.0
4806,NS2,0.0,90.0,1.0,0.0,0.0
4900,NS2,0.0,90.0,1.0,0.0,0.0
4901,NS2,0.0,90.0,1.0,0.0,0.0
4995,NS2,0.0,90.0,1.0,0.0,0.0
4996,NS2,0.0,90.0,1.0,0.0,0.0
5090,NS2,0.0,90.0,1.0,0.0,0.0
5091,NS2,0.0,90.0,1.0,0.0,0.0
5185,NS2,0.0,90.0,1.0,0.0,0.0
5186,NS2,0.0,90.0,1.0,0.0,0.0
5280,NS2,0.0,90.0,1.0,0.0,0.0
5281,NS2,0.0,90.0,1.0,0.0,0.0
5375,NS2,0.0,90.0,1.0,0.0,0.0
5376,NS2,0.0,90.0,1.0,0.0,0.0
5470,NS2,0.0,90.0,1.0,0.0,0.0
5471,NS2,0.0,90.0,1.0,0.0,0.0
5565,NS2,0.0,90.0,1.0,0.0,0.0
5566,NS2,0.0,90.0,1.0,0.0,0.0
5660,NS2,0.0,90.0,1.0,0.0,0.0
5661,NS2,0.0,90.0,1.0,0.0,0.0
5662,NS2,0.0,90.0,1.0,0.0,0.0
5757,NS2,0.0,90.0,1.0,0.0,0.0
5852,NS2,0.0,90.0,1.0,0.0,0.0
5947,NS2,0.0,90.0,1.0,0.0,0.0
6042,NS2,0.0,90.0,1.0,0.0,0.0
6137,NS2,0.0,90.0,1.0,0.0,0.0
6232,NS2,0.0,90.0,1.0,0.0,0.0
6327,NS2,0.0,90.0,1.0,0.0,0.0
6422,NS2,0.0,90.0,1.0,0.0,0.0
6517,NS2,0.0,90.0,1.0,0.0,0.0
6612,NS2,0.0,90.0,1.0,0.0,0.0
6707,NS2,0.0,90.0,1.0,0.0,0.0
6802,NS2,0.0,90.0,1.0,0.0,0.0
6897,NS2,0.0,90.0,1.0,0.0,0.0
6992,NS2,0.0,90.0,1.0,0.0,0.0
7087,NS2,0.0,90.0,1.0,0.0,0.0
7182,NS2,0.0,90.0,1.0,0.0,0.0
7277,NS2,0.0,90.0,1.0,0.0,0.0
7372,NS2,0.0,90.0,1.0,0.0,0.0
7467,NS2,0.0,90.0,1.0,0.0,0.0
7562,NS2,0.0,90.0,1.0,0.0,0.0
7647,NS2,0.0,90.0,1.0,0.0,0.0
7648,NS2,0.0,90.0,1.0,0.0,0.0
7742,NS2,0.0,90.0,1.0,0.0,0.0
7743,NS2,0.0,90.0,1.0,0.0,0.0
7837,NS2,0.0,90.0,1.0,0.0,0.0
7838,NS2,0.0,90.0,1.0,0.0,0.0
7932,NS2,0.0,90.0,1.0,0.0,0.0
7933,NS2,0.0,90.0,1.0,0.0,0.0
8027,NS2,0.0,90.0,1.0,0.0,0.0
8028,NS2,0.0,90.0,1.0,0.0,0.0
8122,NS2,0.0,90.0,1.0,0.0,0.0
8123,NS2,0.0,90.0,1.0,0.0,0.0
8217,NS2,0.0,90.0,1.0,0.0,0.0
8218,NS2,0.0,90.0,1.0,0.0,0.0
8312,NS2,0.0,90.0,1.0,0.0,0.0
8313,NS2,0.0,90.0,1.0,0.0,0.0
8407,NS2,0.0,90.0,1.0,0.0,0.0
8408,NS2,0.0,90.0,1.0,0.0,0.0
8502,NS2,0.0,90.0,1.0,0.0,0.0
8503,NS2,0.0,90.0,1.0,0.0,0.0
8597,NS2,0.0,90.0,1.0,0.0,0.0
8598,NS2,0.0,90.0,1.0,0.0,0.0
8692,NS2,0.0,90.0,1.0,0.0,0.0
8693,NS2,0.0,90.0,1.0,0.0,0.0
8787,NS2,0.0,90.0,1.0,0.0,0.0
8788,NS2,0.0,90.0,1.0,0.0,0.0
8882,NS2,0.0,90.0,1.0,0.0,0.0
8883,NS2,0.0,90.0,1.0,0.0,0.0
8977,NS2,0.0,90.0,1.0,0.0,0.0
8978,NS2,0.0,90.0,1.0,0.0,0.0
9072,NS2,0.0,90.0,1.0,0.0,0.0
9073,NS2,0.0,90.0,1.0,0.0,0.0
9074,NS2,0.0,90.0,1.0,0.0,0.0
9075,NS2,0.0,90.0,1.0,0.0,0.0
9169,NS2,0.0,90.0,1.0,0.0,0.0
9170,NS2,0.0,90.0,1.0,0.0,0.0
9264,NS2,0.0,90.0,1.0,0.0,0.0
9265,NS2,0.0,90.0,1.0,0.0,0.0
9359,NS2,0.0,90.0,1.0,0.0,0.0
9360,NS2,0.0,90.0,1.0,0.0,0.0
9454,NS2,0.0,90.0,1.0,0.0,0.0
9455,NS2,0.0,90.0,1.0,0.0,0.0
9549,NS2,0.0,90.0,1.0,0.0,0.0
9550,NS2,0.0,90.0,1.0,0.0,0.0
9644,NS2,0.0,90.0,1.0,0.0,0.0
9645,NS2,0.0,90.0,1.0,0.0,0.0
9739,NS2,0.0,90.0,1.0,0.0,0.0
9740,NS2,0.0,90.0,1.0,0.0,0.0
9834,NS2,0.0,90.0,1.0,0.0,0.0
9835,NS2,0.0,90.0,1.0,0.0,0.0
9929,NS2,0.0,90.0,1.0,0.0,0.0
9930,NS2,0.0,90.0,1.0,0.0,0.0
10024,NS2,0.0,90.0,1.0,0.0,0.0
10025,NS2,0.0,90.0,1.0,0.0,0.0
10119,NS2,0.0,90.0,1.0,0.0,0.0
10120,NS2,0.0,90.0,1.0,0.0,0.0
10121,NS2,0.0,90.0,1.0,0.0,0.0
10122,NS2,0.0,90.0,1.0,0.0,0.0
10216,NS2,0.0,90.0,1.0,0.0,0.0
10217,NS2,0.0,90.0,1.0,0.0,0.0
10311,NS2,0.0,90.0,1.0,0.0,0.0
10312,NS2,0.0,90.0,1.0,0.0,0.0
10406,NS2,0.0,90.0,1.0,0.0,0.0
10407,NS2,0.0,90.0,1.0,0.0,0.0
10501,NS2,0.0,90.0,1.0,0.0,0.0
10502,NS2,0.0,90.0,1.0,0.0,0.0
10596,NS2,0.0,90.0,1.0,0.0,0.0
10597,NS2,0.0,90.0,1.0,0.0,0.0
10691,NS2,0.0,90.0,1.0,0.0,0.0
10692,NS2,0.0,90.0,1.0,0.0,0.0
10786,NS2,0.0,90.0,1.0,0.0,0.0
10787,NS2,0.0,90.0,1.0,0.0,0.0
10881,NS2,0.0,90.0,1.0,0.0,0.0
10882,NS2,0.0,90.0,1.0,0.0,0.0
10976,NS2,0.0,90.0,1.0,0.0,0.0
10977,NS2,0.0,90.0,1.0,0.0,0.0
11071,NS2,0.0,90.0,1.0,0.0,0.0
11072,NS2,0.0,90.0,1.0,0.0,0.0
11166,NS2,0.0,90.0,1.0,0.0,0.0
11167,NS2,0.0,90.0,1.0,0.0,0.0
11168,NS2,0.0,90.0,1.0,0.0,0.0
11169,NS2,0.0,90.0,1.0,0.0,0.0
11263,NS2,0.0,90.0,1.0,0.0,0.0
11264,NS2,0.0,90.0,1.0,0.0,0.0
11358,NS2,0.0,90.0,1.0,0.0,0.0
11359,NS2,0.0,90.0,1.0,0.0,0.0
11453,NS2,0.0,90.0,1.0,0.0,0.0
11454,NS2,0.0,90.0,1.0,0.0,0.0
11548,NS2,0.0,90.0,1.0,0.0,0.0
11549,NS2,0.0,90.0,1.0,0.0,0.0
11643,NS2,0.0,90.0,1.0,0.0,0.0
11644,NS2,0.0,90.0,1.0,0.0,0.0
11738,NS2,0.0,90.0,1.0,0.0,0.0
11739,NS2,0.0,90.0,1.0,0.0,0.0
11833,NS2,0.0,90.0,1.0,0.0,0.0
11834,NS2,0.0,90.0,1.0,0.0,0.0
11928,NS2,0.0,90.0,1.0,0.0,0.0
11929,NS2,0.0,90.0,1.0,0.0,0.0
12023,NS2,0.0,90.0,1.0,0.0,0.0
12024,NS2,0.0,90.0,1.0,0.0,0.0
12118,NS2,0.0,90.0,1.0,0.0,0.0
12119,NS2,0.0,90.0,1.0,0.0,0.0
12213,NS2,0.0,90.0,1.0,0.0,0.0
12214,NS2,0.0,90.0,1.0,0.0,0.0
12215,NS2,0.0,90.0,1.0,0.0,0.0
12216,NS2,0.0,90.0,1.0,0.0,0.0
12310,NS2,0.0,90.0,1.0,0.0,0.0
12311,NS2,0.0,90.0,1.0,0.0,0.0
12405,NS2,0.0,90.0,1.0,0.0,0.0
12406,NS2,0.0,90.0,1.0,0.0,0.0
12500,NS2,0.0,90.0,1.0,0.0,0.0
12501,NS2,0.0,90.0,1.0,0.0,0.0
12595,NS2,0.0,90.0,1.0,0.0,0.0
12596,NS2,0.0,90.0,1.0,0.0,0.0
12690,NS2,0.0,90.0,1.0,0.0,0.0
12691,NS2,0.0,90.0,1.0,0.0,0.0
12785,NS2,0.0,90.0,1.0,0.0,0.0
12786,NS2,0.0,90.0,1.0,0.0,0.0
12880,NS2,0.0,90.0,1.0,0.0,0.0
12881,NS2,0.0,90.0,1.0,0.0,0.0
12975,NS2,0.0,90.0,1.0,0.0,0.0
12976,NS2,0.0,90.0,1.0,0.0,0.0
13070,NS2,0.0,90.0,1.0,0.0,0.0
13071,NS2,0.0,90.0,1.0,0.0,0.0
13165,NS2,0.0,90.0,1.0,0.0,0.0
13166,NS2,0.0,90.0,1.0,0.0,0.0
13260,NS2,0.0,90.0,1.0,0.0,0.0
13261,NS2,0.0,90.0,1.0,0.0,0.0
13262,NS2,0.0,90.0,1.0,0.0,0.0
13357,NS2,0.0,90.0,1.0,0.0,0.0
13452,NS2,0.0,90.0,1.0,0.0,0.0
13547,NS2,0.0,90.0,1.0,0.0,0.0
13642,NS2,0.0,90.0,1.0,0.0,0.0
13737,NS2,0.0,90.0,1.0,0.0,0.0
13832,NS2,0.0,90.0,1.0,0.0,0.0
13927,NS2,0.0,90.0,1.0,0.0,0.0
14022,NS2,0.0,90.0,1.0,0.0,0.0
14117,NS2,0.0,90.0,1.0,0.0,0.0
14212,NS2,0.0,90.0,1.0,0.0,0.0
14307,NS2,0.0,90.0,1.0,0.0,0.0
14402,NS2,0.0,90.0,1.0,0.0,0.0
14497,NS2,0.0,90.0,1.0,0.0,0.0
14592,NS2,0.0,90.0,1.0,0.0,0.0
14687,NS2,0.0,90.0,1.0,0.0,0.0
14782,NS2,0.0,90.0,1.0,0.0,0.0
14877,NS2,0.0,90.0,1.0,0.0,0.0
14972,NS2,0.0,90.0,1.0,0.0,0.0
15067,NS2,0.0,90.0,1.0,0.0,0.0
15162,NS2,0.0,90.0,1.0,0.0,0.0
15247,NS2,0.0,90.0,1.0,0.0,0.0
15248,NS2,0.0,90.0,1.0,0.0,0.0
15342,NS2,0.0,90.0,1.0,0.0,0.0
15343,NS2,0.0,90.0,1.0,0.0,0.0
15437,NS2,0.0,90.0,1.0,0.0,0.0
15438,NS2,0.0,90.0,1.0,0.0,0.0
15532,NS2,0.0,90.0,1.0,0.0,0.0
15533,NS2,0.0,90.0,1.0,0.0,0.0
15627,NS2,0.0,90.0,1.0,0.0,0.0
15628,NS2,0.0,90.0,1.0,0.0,0.0
15722,NS2,0.0,90.0,1.0,0.0,0.0
15723,NS2,0.0,90.0,1.0,0.0,0.0
15817,NS2,0.0,90.0,1.0,0.0,0.0
15818,NS2,0.0,90.0,1.0,0.0,0.0
15912,NS2,0.0,90.0,1.0,0.0,0.0
15913,NS2,0.0,90.0,1.0,0.0,0.0
16007,NS2,0.0,90.0,1.0,0.0,0.0
16008,NS2,0.0,90.0,1.0,0.0,0.0
16102,NS2,0.0,90.0,1.0,0.0,0.0
16103,NS2,0.0,90.0,1.0,0.0,0.0
16197,NS2,0.0,90.0,1.0,0.0,0.0
16198,NS2,0.0,90.0,1.0,0.0,0.0
16292,NS2,0.0,90.0,1.0,0.0,0.0
16293,NS2,0.0,90.0,1.0,0.0,0.0
16387,NS2,0.0,90.0,1.0,0.0,0.0
16388,NS2,0.0,90.0,1.0,0.0,0.0
16482,NS2,0.0,90.0,1.0,0.0,0.0
16483,NS2,0.0,90.0,1.0,0.0,0.0
16577,NS2,0.0,90.0,1.0,0.0,0.0
16578,NS2,0.0,90.0,1.0,0.0,0.0
16672,NS2,0.0,90.0,1.0,0.0,0.0
16673,NS2,0.0,90.0,1.0,0.0,0.0
16674,NS2,0.0,90.0,1.0,0.0,0.0
16675,NS2,0.0,90.0,1.0,0.0,0.0
16769,NS2,0.0,90.0,1.0,0.0,0.0
16770,NS2,0.0,90.0,1.0,0.0,0.0
16864,NS2,0.0,90.0,1.0,0.0,0.0
16865,NS2,0.0,90.0,1.0,0.0,0.0
16959,NS2,0.0,90.0,1.0,0.0,0.0
16960,NS2,0.0,90.0,1.0,0.0,0.0
17054,NS2,0.0,90.0,1.0,0.0,0.0
17055,NS2,0.0,90.0,1.0,0.0,0.0
17149,NS2,0.0,90.0,1.0,0.0,0.0
17150,NS2,0.0,90.0,1.0,0.0,0.0
17244,NS2,0.0,90.0,1.0,0.0,0.0
17245,NS2,0.0,90.0,1.0,0.0,0.0
17339,NS2,0.0,90.0,1.0,0.0,0.0
17340,NS2,0.0,90.0,1.0,0.0,0.0
17434,NS2,0.0,90.0,1.0,0.0,0.0
17435,NS2,0.0,90.0,1.0,0.0,0.0
17529,NS2,0.0,90.0,1.0,0.0,0.0
17530,NS2,0.0,90.0,1.0,0.0,0.0
17624,NS2,0.0,90.0,1.0,0.0,0.0
17625,NS2,0.0,90.0,1.0,0.0,0.0
17719,NS2,0.0,90.0,1.0,0.0,0.0
17720,NS2,0.0,90.0,1.0,0.0,0.0
17721,NS2,0.0,90.0,1.0,0.0,0.0
17722,NS2,0.0,90.0,1.0,0.0,0.0
17816,NS2,0.0,90.0,1.0,0.0,0.0
17817,NS2,0.0,90.0,1.0,0.0,0.0
17911,NS2,0.0,90.0,1.0,0.0,0.0
17912,NS2,0.0,90.0,1.0,0.0,0.0
18006,NS2,0.0,90.0,1.0,0.0,0.0
18007,NS2,0.0,90.0,1.0,0.0,0.0
18101,NS2,0.0,90.0,1.0,0.0,0.0
18102,NS2,0.0,90.0,1.0,0.0,0.0
18196,NS2,0.0,90.0,1.0,0.0,0.0
18197,NS2,0.0,90.0,1.0,0.0,0.0
18291,NS2,0.0,90.0,1.0,0.0,0.0
18292,NS2,0.0,90.0,1.0,0.0,0.0
18386,NS2,0.0,90.0,1.0,0.0,0.0
18387,NS2,0.0,90.0,1.0,0.0,0.0
18481,NS2,0.0,90.0,1.0,0.0,0.0
18482,NS2,0.0,90.0,1.0,0.0,0.0
18576,NS2,0.0,90.0,1.0,0.0,0.0
18577,NS2,0.0,90.0,1.0,0.0,0.0
18671,NS2,0.0,90.0,1.0,0.0,0.0
18672,NS2,0.0,90.0,1.0,0.0,0.0
18766,NS2,0.0,90.0,1.0,0.0,0.0
18767,NS2,0.0,90.0,1.0,0.0,0.0
18768,NS2,0.0,90.0,1.0,0.0,0.0
18769,NS2,0.0,90.0,1.0,0.0,0.0
18863,NS2,0.0,90.0,1.0,0.0,0.0
18864,NS2,0.0,90.0,1.0,0.0,0.0
18958,NS2,0.0,90.0,1.0,0.0,0.0
18959,NS2,0.0,90.0,1.0,0.0,0.0
19053,NS2,0.0,90.0,1.0,0.0,0.0
19054,NS2,0.0,90.0,1.0,0.0,0.0
19148,NS2,0.0,90.0,1.0,0.0,0.0
19149,NS2,0.0,90.0,1.0,0.0,0.0
19243,NS2,0.0,90.0,1.0,0.0,0.0
19244,NS2,0.0,90.0,1.0,0.0,0.0
19338,NS2,0.0,90.0,1.0,0.0,0.0
19339,NS2,0.0,90.0,1.0,0.0,0.0
19433,NS2,0.0,90.0,1.0,0.0,0.0
19434,NS2,0.0,90.0,1.0,0.0,0.0
19528,NS2,0.0,90.0,1.0,0.0,0.0
19529,NS2,0.0,90.0,1.0,0.0,0.0
19623,NS2,0.0,90.0,1.0,0.0,0.0
19624,NS2,0.0,90.0,1.0,0.0,0.0
19718,NS2,0.0,90.0,1.0,0.0,0.0
19719,NS2,0.0,90.0,1.0,0.0,0.0
19813,NS2,0.0,90.0,1.0,0.0,0.0
19814,NS2,0.0,90.0,1.0,0.0,0.0
19815,NS2,0.0,90.0,1.0,0.0,0.0
19816,NS2,0.0,90.0,1.0,0.0,0.0
19910,NS2,0.0,90.0,1.0,0.0,0.0
19911,NS2,0.0,90.0,1.0,0.0,0.0
20005,NS2,0.0,90.0,1.0,0.0,0.0
20006,NS2,0.0,90.0,1.0,0.0,0.0
20100,NS2,0.0,90.0,1.0,0.0,0.0
20101,NS2,0.0,90.0,1.0,0.0,0.0
20195,NS2,0.0,90.0,1.0,0.0,0.0
20196,NS2,0.0,90.0,1.0,0.0,0.0
20290,NS2,0.0,90.0,1.0,0.0,0.0
20291,NS2,0.0,90.0,1.0,0.0,0.0
20385,NS2,0.0,90.0,1.0,0.0,0.0
20386,NS2,0.0,90.0,1.0,0.0,0.0
20480,NS2,0.0,90.0,1.0,0.0,0.0
20481,NS2,0.0,90.0,1.0,0.0,0.0
20575,NS2,0.0,90.0,1.0,0.0,0.0
20576,NS2,0.0,90.0,1.0,0.0,0.0
20670,NS2,0.0,90.0,1.0,0.0,0.0
20671,NS2,0.0,90.0,1.0,0.0,0.0
20765,NS2,0.0,90.0,1.0,0.0,0.0
20766,NS2,0.0,90.0,1.0,0.0,0.0
20860,NS2,0.0,90.0,1.0,0.0,0.0
20861,NS2,0.0,90.0,1.0,0.0,0.0
20862,NS2,0.0,90.0,1.0,0.0,0.0
20957,NS2,0.0,90.0,1.0,0.0,0.0
21052,NS2,0.0,90.0,1.0,0.0,0.0
21147,NS2,0.0,90.0,1.0,0.0,0.0
21242,NS2,0.0,90.0,1.0,0.0,0.0
21337,NS2,0.0,90.0,1.0,0.0,0.0
21432,NS2,0.0,90.0,1.0,0.0,0.0
21527,NS2,0.0,90.0,1.0,0.0,0.0
21622,NS2,0.0,90.0,1.0,0.0,0.0
21717,NS2,0.0,90.0,1.0,0.0,0.0
21812,NS2,0.0,90.0,1.0,0.0,0.0
21907,NS2,0.0,90.0,1.0,0.0,0.0
22002,NS2,0.0,90.0,1.0,0.0,0.0
22097,NS2,0.0,90.0,1.0,0.0,0.0
22192,NS2,0.0,90.0,1.0,0.0,0.0
22287,NS2,0.0,90.0,1.0,0.0,0.0
22382,NS2,0.0,90.0,1.0,0.0,0.0
22477,NS2,0.0,90.0,1.0,0.0,0.0
22572,NS2,0.0,90.0,1.0,0.0,0.0
22667,NS2,0.0,90.0,1.0,0.0,0.0
22762,NS2,0.0,90.0,1.0,0.0,0.0
22847,NS2,0.0,90.0,1.0,0.0,0.0
22848,NS2,0.0,90.0,1.0,0.0,0.0
22942,NS2,0.0,90.0,1.0,0.0,0.0
22943,NS2,0.0,90.0,1.0,0.0,0.0
23037,NS2,0.0,90.0,1.0,0.0,0.0
23038,NS2,0.0,90.0,1.0,0.0,0.0
23132,NS2,0.0,90.0,1.0,0.0,0.0
23133,NS2,0.0,90.0,1.0,0.0,0.0
23227,NS2,0.0,90.0,1.0,0.0,0.0
23228,NS2,0.0,90.0,1.0,0.0,0.0
23322,NS2,0.0,90.0,1.0,0.0,0.0
23323,NS2,0.0,90.0,1.0,0.0,0.0
23417,NS2,0.0,90.0,1.0,0.0,0.0
23418,NS2,0.0,90.0,1.0,0.0,0.0
23512,NS2,0.0,90.0,1.0,0.0,0.0
23513,NS2,0.0,90.0,1.0,0.0,0.0
23607,NS2,0.0,90.0,1.0,0.0,0.0
23608,NS2,0.0,90.0,1.0,0.0,0.0
23702,NS2,0.0,90.0,1.0,0.0,0.0
23703,NS2,0.0,90.0,1.0,0.0,0.0
23797,NS2,0.0,90.0,1.0,0.0,0.0
23798,NS2,0.0,90.0,1.0,0.0,0.0
23892,NS2,0.0,90.0,1.0,0.0,0.0
23893,NS2,0.0,90.0,1.0,0.0,0.0
23987,NS2,0.0,90.0,1.0,0.0,0.0
23988,NS2,0.0,90.0,1.0,0.0,0.0
24082,NS2,0.0,90.0,1.0,0.0,0.0
24083,NS2,0.0,90.0,1.0,0.0,0.0
24177,NS2,0.0,90.0,1.0,0.0,0.0
24178,NS2,0.0,90.0,1.0,0.0,0.0
24272,NS2,0.0,90.0,1.0,0.0,0.0
24273,NS2,0.0,90.0,1.0,0.0,0.0
24274,NS2,0.0,90.0,1.0,0.0,0.0
24275,NS2,0.0,90.0,1.0,0.0,0.0
24369,NS2,0.0,90.0,1.0,0.0,0.0
24370,NS2,0.0,90.0,1.0,0.0,0.0
24464,NS2,0.0,90.0,1.0,0.0,0.0
24465,NS2,0.0,90.0,1.0,0.0,0.0
24559,NS2,0.0,90.0,1.0,0.0,0.0
24560,NS2,0.0,90.0,1.0,0.0,0.0
24654,NS2,0.0,90.0,1.0,0.0,0.0
24655,NS2,0.0,90.0,1.0,0.0,0.0
24749,NS2,0.0,90.0,1.0,0.0,0.0
24750,NS2,0.0,90.0,1.0,0.0,0.0
24844,NS2,0.0,90.0,1.0,0.0,0.0
24845,NS2,0.0,90.0,1.0,0.0,0.0
24939,NS2,0.0,90.0,1.0,0.0,0.0
24940,NS2,0.0,90.0,1.0,0.0,0.0
25034,NS2,0.0,90.0,1.0,0.0,0.0
25035,NS2,0.0,90.0,1.0,0.0,0.0
25129,NS2,0.0,90.0,1.0,0.0,0.0
25130,NS2,0.0,90.0,1.0,0.0,0.0
25224,NS2,0.0,90.0,1.0,0.0,0.0
25225,NS2,0.0,90.0,1.0,0.0,0.0
25319,NS2,0.0,90.0,1.0,0.0,0.0
25320,NS2,0.0,90.0,1.0,0.0,0.0
25321,NS2,0.0,90.0,1.0,0.0,0.0
25322,NS2,0.0,90.0,1.0,0.0,0.0
25416,NS2,0.0,90.0,1.0,0.0,0.0
25417,NS2,0.0,90.0,1.0,0.0,0.0
25511,NS2,0.0,90.0,1.0,0.0,0.0
25512,NS2,0.0,90.0,1.0,0.0,0.0
25606,NS2,0.0,90.0,1.0,0.0,0.0
25607,NS2,0.0,90.0,1.0,0.0,0.0
25701,NS2,0.0,90.0,1.0,0.0,0.0
25702,NS2,0.0,90.0,1.0,0.0,0.0
25796,NS2,0.0,90.0,1.0,0.0,0.0
25797,NS2,0.0,90.0,1.0,0.0,0.0
25891,NS2,0.0,90.0,1.0,0.0,0.0
25892,NS2,0.0,90.0,1.0,0.0,0.0
25986,NS2,0.0,90.0,1.0,0.0,0.0
25987,NS2,0.0,90.0,1.0,0.0,0.0
26081,NS2,0.0,90.0,1.0,0.0,0.0
26082,NS2,0.0,90.0,1.0,0.0,0.0
26176,NS2,0.0,90.0,1.0,0.0,0.0
26177,NS2,0.0,90.0,1.0,0.0,0.0
26271,NS2,0.0,90.0,1.0,0.0,0.0
26272,NS2,0.0,90.0,1.0,0.0,0.0
26366,NS2,0.0,90.0,1.0,0.0,0.0
26367,NS2,0.0,90.0,1.0,0.0,0.0
26368,NS2,0.0,90.0,1.0,0.0,0.0
26369,NS2,0.0,90.0,1.0,0.0,0.0
26463,NS2,0.0,90.0,1.0,0.0,0.0
26464,NS2,0.0,90.0,1.0,0.0,0.0
26558,NS2,0.0,90.0,1.0,0.0,0.0
26559,NS2,0.0,90.0,1.0,0.0,0.0
26653,NS2,0.0,90.0,1.0,0.0,0.0
26654,NS2,0.0,90.0,1.0,0.0,0.0
26748,NS2,0.0,90.0,1.0,0.0,0.0
26749,NS2,0.0,90.0,1.0,0.0,0.0
26843,NS2,0.0,90.0,1.0,0.0,0.0
26844,NS2,0.0,90.0,1.0,0.0,0.0
26938,NS2,0.0,90.0,1.0,0.0,0.0
26939,NS2,0.0,90.0,1.0,0.0,0.0
27033,NS2,0.0,90.0,1.0,0.0,0.0
27034,NS2,0.0,90.0,1.0,0.0,0.0
27128,NS2,0.0,90.0,1.0,0.0,0.0
27129,NS2,0.0,90.0,1.0,0.0,0.0
27223,NS2,0.0,90.0,1.0,0.0,0.0
27224,NS2,0.0,90.0,1.0,0.0,0.0
27318,NS2,0.0,90.0,1.0,0.0,0.0
27319,NS2,0.0,90.0,1.0,0.0,0.0
27413,NS2,0.0,90.0,1.0,0.0,0.0
27414,NS2,0.0,90.0,1.0,0.0,0.0
27415,NS2,0.0,90.0,1.0,0.0,0.0
27416,NS2,0.0,90.0,1.0,0.0,0.0
27510,NS2,0.0,90.0,1.0,0.0,0.0
27511,NS2,0.0,90.0,1.0,0.0,0.0
27605,NS2,0.0,90.0,1.0,0.0,0.0
27606,NS2,0.0,90.0,1.0,0.0,0.0
27700,NS2,0.0,90.0,1.0,0.0,0.0
27701,NS2,0.0,90.0,1.0,0.0,0.0
27795,NS2,0.0,90.0,1.0,0.0,0.0
27796,NS2,0.0,90.0,1.0,0.0,0.0
27890,NS2,0.0,90.0,1.0,0.0,0.0
27891,NS2,0.0,90.0,1.0,0.0,0.0
27985,NS2,0.0,90.0,1.0,0.0,0.0
27986,NS2,0.0,90.0,1.0,0.0,0.0
28080,NS2,0.0,90.0,1.0,0.0,0.0
28081,NS2,0.0,90.0,1.0,0.0,0.0
28175,NS2,0.0,90.0,1.0,0.0,0.0
28176,NS2,0.0,90.0,1.0,0.0,0.0
28270,NS2,0.0,90.0,1.0,0.0,0.0
28271,NS2,0.0,90.0,1.0,0.0,0.0
28365,NS2,0.0,90.0,1.0,0.0,0.0
28366,NS2,0.0,90.0,1.0,0.0,0.0
28460,NS2,0.0,90.0,1.0,0.0,0.0
28461,NS2,0.0,90.0,1.0,0.0,0.0
28462,NS2,0.0,90.0,1.0,0.0,0.0
28557,NS2,0.0,90.0,1.0,0.0,0.0
28652,NS2,0.0,90.0,1.0,0.0,0.0
28747,NS2,0.0,90.0,1.0,0.0,0.0
28842,NS2,0.0,90.0,1.0,0.0,0.0
28937,NS2,0.0,90.0,1.0,0.0,0.0
29032,NS2,0.0,90.0,1.0,0.0,0.0
29127,NS2,0.0,90.0,1.0,0.0,0.0
29222,NS2,0.0,90.0,1.0,0.0,0.0
29317,NS2,0.0,90.0,1.0,0.0,0.0
29412,NS2,0.0,90.0,1.0,0.0,0.0
29507,NS2,0.0,90.0,1.0,0.0,0.0
29602,NS2,0.0,90.0,1.0,0.0,0.0
29697,NS2,0.0,90.0,1.0,0.0,0.0
29792,NS2,0.0,90.0,1.0,0.0,0.0
29887,NS2,0.0,90.0,1.0,0.0,0.0
29982,NS2,0.0,90.0,1.0,0.0,0.0
30077,NS2,0.0,90.0,1.0,0.0,0.0
30172,NS2,0.0,90.0,1.0,0.0,0.0
30267,NS2,0.0,90.0,1.0,0.0,0.0
30362,NS2,0.0,90.0,1.0,0.0,0.0
30447,NS2,0.0,90.0,1.0,0.0,0.0
30448,NS2,0.0,90.0,1.0,0.0,0.0
30542,NS2,0.0,90.0,1.0,0.0,0.0
30543,NS2,0.0,90.0,1.0,0.0,0.0
30637,NS2,0.0,90.0,1.0,0.0,0.0
30638,NS2,0.0,90.0,1.0,0.0,0.0
30732,NS2,0.0,90.0,1.0,0.0,0.0
30733,NS2,0.0,90.0,1.0,0.0,0.0
30827,NS2,0.0,90.0,1.0,0.0,0.0
30828,NS2,0.0,90.0,1.0,0.0,0.0
30922,NS2,0.0,90.0,1.0,0.0,0.0
30923,NS2,0.0,90.0,1.0,0.0,0.0
31017,NS2,0.0,90.0,1.0,0.0,0.0
31018,NS2,0.0,90.0,1.0,0.0,0.0
31112,NS2,0.0,90.0,1.0,0.0,0.0
31113,NS2,0.0,90.0,1.0,0.0,0.0
31207,NS2,0.0,90.0,1.0,0.0,0.0
31208,NS2,0.0,90.0,1.0,0.0,0.0
31302,NS2,0.0,90.0,1.0,0.0,0.0
31303,NS2,0.0,90.0,1.0,0.0,0.0
31397,NS2,0.0,90.0,1.0,0.0,0.0
31398,NS2,0.0,90.0,1.0,0.0,0.0
31492,NS2,0.0,90.0,1.0,0.0,0.0
31493,NS2,0.0,90.0,1.0,0.0,0.0
31587,NS2,0.0,90.0,1.0,0.0,0.0
31588,NS2,0.0,90.0,1.0,0.0,0.0
31682,NS2,0.0,90.0,1.0,0.0,0.0
31683,NS2,0.0,90.0,1.0,0.0,0.0
31777,NS2,0.0,90.0,1.0,0.0,0.0
31778,NS2,0.0,90.0,1.0,0.0,0.0
31872,NS2,0.0,90.0,1.0,0.0,0.0
31873,NS2,0.0,90.0,1.0,0.0,0.0
31874,NS2,0.0,90.0,1.0,0.0,0.0
31875,NS2,0.0,90.0,1.0,0.0,0.0
31969,NS2,0.0,90.0,1.0,0.0,0.0
31970,NS2,0.0,90.0,1.0,0.0,0.0
32064,NS2,0.0,90.0,1.0,0.0,0.0
32065,NS2,0.0,90.0,1.0,0.0,0.0
32159,NS2,0.0,90.0,1.0,0.0,0.0
32160,NS2,0.0,90.0,1.0,0.0,0.0
32254,NS2,0.0,90.0,1.0,0.0,0.0
32255,NS2,0.0,90.0,1.0,0.0,0.0
32349,NS2,0.0,90.0,1.0,0.0,0.0
32350,NS2,0.0,90.0,1.0,0.0,0.0
32444,NS2,0.0,90.0,1.0,0.0,0.0
32445,NS2,0.0,90.0,1.0,0.0,0.0
32539,NS2,0.0,90.0,1.0,0.0,0.0
32540,NS2,0.0,90.0,1.0,0.0,0.0
32634,NS2,0.0,90.0,1.0,0.0,0.0
32635,NS2,0.0,90.0,1.0,0.0,0.0
32729,NS2,0.0,90.0,1.0,0.0,0.0
32730,NS2,0.0,90.0,1.0,0.0,0.0
32824,NS2,0.0,90.0,1.0,0.0,0.0
32825,NS2,0.0,90.0,1.0,0.0,0.0
32919,NS2,0.0,90.0,1.0,0.0,0.0
32920,NS2,0.0,90.0,1.0,0.0,0.0
32921,NS2,0.0,90.0,1.0,0.0,0.0
32922,NS2,0.0,90.0,1.0,0.0,0.0
33016,NS2,0.0,90.0,1.0,0.0,0.0
33017,NS2,0.0,90.0,1.0,0.0,0.0
33111,NS2,0.0,90.0,1.0,0.0,0.0
33112,NS2,0.0,90.0,1.0,0.0,0.0
33206,NS2,0.0,90.0,1.0,0.0,0.0
33207,NS2,0.0,90.0,1.0,0.0,0.0
33301,NS2,0.0,90.0,1.0,0.0,0.0
33302,NS2,0.0,90.0,1.0,0.0,0.0
33396,NS2,0.0,90.0,1.0,0.0,0.0
33397,NS2,0.0,90.0,1.0,0.0,0.0
33491,NS2,0.0,90.0,1.0,0.0,0.0
33492,NS2,0.0,90.0,1.0,0.0,0.0
33586,NS2,0.0,90.0,1.0,0.0,0.0
33587,NS2,0.0,90.0,1.0,0.0,0.0
33681,NS2,0.0,90.0,1.0,0.0,0.0
33682,NS2,0.0,90.0,1.0,0.0,0.0
33776,NS2,0.0,90.0,1.0,0.0,0.0
33777,NS2,0.0,90.0,1.0,0.0,0.0
33871,NS2,0.0,90.0,1.0,0.0,0.0
33872,NS2,0.0,90.0,1.0,0.0,0.0
33966,NS2,0.0,90.0,1.0,0.0,0.0
33967,NS2,0.0,90.0,1.0,0.0,0.0
33968,NS2,0.0,90.0,1.0,0.0,0.0
33969,NS2,0.0,90.0,1.0,0.0,0.0
34063,NS2,0.0,90.0,1.0,0.0,0.0
34064,NS2,0.0,90.0,1.0,0.0,0.0
34158,NS2,0.0,90.0,1.0,0.0,0.0
34159,NS2,0.0,90.0,1.0,0.0,0.0
34253,NS2,0.0,90.0,1.0,0.0,0.0
34254,NS2,0.0,90.0,1.0,0.0,0.0
34348,NS2,0.0,90.0,1.0,0.0,0.0
34349,NS2,0.0,90.0,1.0,0.0,0.0
34443,NS2,0.0,90.0,1.0,0.0,0.0
34444,NS2,0.0,90.0,1.0,0.0,0.0
34538,NS2,0.0,90.0,1.0,0.0,0.0
34539,NS2,0.0,90.0,1.0,0.0,0.0
34633,NS2,0.0,90.0,1.0,0.0,0.0
34634,NS2,0.0,90.0,1.0,0.0,0.0
34728,NS2,0.0,90.0,1.0,0.0,0.0
34729,NS2,0.0,90.0,1.0,0.0,0.0
34823,NS2,0.0,90.0,1.0,0.0,0.0
34824,NS2,0.0,90.0,1.0,0.0,0.0
34918,NS2,0.0,90.0,1.0,0.0,0.0
34919,NS2,0.0,90.0,1.0,0.0,0.0
35013,NS2,0.0,90.0,1.0,0.0,0.0
35014,NS2,0.0,90.0,1.0,0.0,0.0
35015,NS2,0.0,90.0,1.0,0.0,0.0
35016,NS2,0.0,90.0,1.0,0.0,0.0
35110,NS2,0.0,90.0,1.0,0.0,0.0
35111,NS2,0.0,90.0,1.0,0.0,0.0
35205,NS2,0.0,90.0,1.0,0.0,0.0
35206,NS2,0.0,90.0,1.0,0.0,0.0
35300,NS2,0.0,90.0,1.0,0.0,0.0
35301,NS2,0.0,90.0,1.0,0.0,0.0
35395,NS2,0.0,90.0,1.0,0.0,0.0
35396,NS2,0.0,90.0,1.0,0.0,0.0
35490,NS2,0.0,90.0,1.0,0.0,0.0
35491,NS2,0.0,90.0,1.0,0.0,0.0
35585,NS2,0.0,90.0,1.0,0.0,0.0
35586,NS2,0.0,90.0,1.0,0.0,0.0
35680,NS2,0.0,90.0,1.0,0.0,0.0
35681,NS2,0.0,90.0,1.0,0.0,0.0
35775,NS2,0.0,90.0,1.0,0.0,0.0
35776,NS2,0.0,90.0,1.0,0.0,0.0
35870,NS2,0.0,90.0,1.0,0.0,0.0
35871,NS2,0.0,90.0,1.0,0.0,0.0
35965,NS2,0.0,90.0,1.0,0.0,0.0
35966,NS2,0.0,90.0,1.0,0.0,0.0
36060,NS2,0.0,90.0,1.0,0.0,0.0
36061,NS2,0.0,90.0,1.0,0.0,0.0
36062,NS2,0.0,90.0,1.0,0.0,0.0
36157,NS2,0.0,90.0,1.0,0.0,0.0
36252,NS2,0.0,90.0,1.0,0.0,0.0
36347,NS2,0.0,90.0,1.0,0.0,0.0
36442,NS2,0.0,90.0,1.0,0.0,0.0
36537,NS2,0.0,90.0,1.0,0.0,0.0
36632,NS2,0.0,90.0,1.0,0.0,0.0
36727,NS2,0.0,90.0,1.0,0.0,0.0
36822,NS2,0.0,90.0,1.0,0.0,0.0
36917,NS2,0.0,90.0,1.0,0.0,0.0
37012,NS2,0.0,90.0,1.0,0.0,0.0
37107,NS2,0.0,90.0,1.0,0.0,0.0
37202,NS2,0.0,90.0,1.0,0.0,0.0
37297,NS2,0.0,90.0,1.0,0.0,0.0
37392,NS2,0.0,90.0,1.0,0.0,0.0
37487,NS2,0.0,90.0,1.0,0.0,0.0
37582,NS2,0.0,90.0,1.0,0.0,0.0
37677,NS2,0.0,90.0,1.0,0.0,0.0
37772,NS2,0.0,90.0,1.0,0.0,0.0
37867,NS2,0.0,90.0,1.0,0.0,0.0
37962,NS2,0.0,90.0,1.0,0.0,0.0
38047,NS2,0.0,90.0,1.0,0.0,0.0
38048,NS2,0.0,90.0,1.0,0.0,0.0
38142,NS2,0.0,90.0,1.0,0.0,0.0
38143,NS2,0.0,90.0,1.0,0.0,0.0
38237,NS2,0.0,90.0,1.0,0.0,0.0
38238,NS2,0.0,90.0,1.0,0.0,0.0
38332,NS2,0.0,90.0,1.0,0.0,0.0
38333,NS2,0.0,90.0,1.0,0.0,0.0
38427,NS2,0.0,90.0,1.0,0.0,0.0
38428,NS2,0.0,90.0,1.0,0.0,0.0
38522,NS2,0.0,90.0,1.0,0.0,0.0
38523,NS2,0.0,90.0,1.0,0.0,0.0
38617,NS2,0.0,90.0,1.0,0.0,0.0
38618,NS2,0.0,90.0,1.0,0.0,0.0
38712,NS2,0.0,90.0,1.0,0.0,0.0
38713,NS2,0.0,90.0,1.0,0.0,0.0
38807,NS2,0.0,90.0,1.0,0.0,0.0
38808,NS2,0.0,90.0,1.0,0.0,0.0
38902,NS2,0.0,90.0,1.0,0.0,0.0
38903,NS2,0.0,90.0,1.0,0.0,0.0
38997,NS2,0.0,90.0,1.0,0.0,0.0
38998,NS2,0.0,90.0,1.0,0.0,0.0
39092,NS2,0.0,90.0,1.0,0.0,0.0
39093,NS2,0.0,90.0,1.0,0.0,0.0
39187,NS2,0.0,90.0,1.0,0.0,0.0
39188,NS2,0.0,90.0,1.0,0.0,0.0
39282,NS2,0.0,90.0,1.0,0.0,0.0
39283,NS2,0.0,90.0,1.0,0.0,0.0
39377,NS2,0.0,90.0,1.0,0.0,0.0
39378,NS2,0.0,90.0,1.0,0.0,0.0
39472,NS2,0.0,90.0,1.0,0.0,0.0
39473,NS2,0.0,90.0,1.0,0.0,0.0
39474,NS2,0.0,90.0,1.0,0.0,0.0
39475,NS2,0.0,90.0,1.0,0.0,0.0
39569,NS2,0.0,90.0,1.0,0.0,0.0
39570,NS2,0.0,90.0,1.0,0.0,0.0
39664,NS2,0.0,90.0,1.0,0.0,0.0
39665,NS2,0.0,90.0,1.0,0.0,0.0
39759,NS2,0.0,90.0,1.0,0.0,0.0
39760,NS2,0.0,90.0,1.0,0.0,0.0
39854,NS2,0.0,90.0,1.0,0.0,0.0
39855,NS2,0.0,90.0,1.0,0.0,0.0
39949,NS2,0.0,90.0,1.0,0.0,0.0
39950,NS2,0.0,90.0,1.0,0.0,0.0
40044,NS2,0.0,90.0,1.0,0.0,0.0
40045,NS2,0.0,90.0,1.0,0.0,0.0
40139,NS2,0.0,90.0,1.0,0.0,0.0
40140,NS2,0.0,90.0,1.0,0.0,0.0
40234,NS2,0.0,90.0,1.0,0.0,0.0
40235,NS2,0.0,90.0,1.0,0.0,0.0
40329,NS2,0.0,90.0,1.0,0.0,0.0
40330,NS2,0.0,90.0,1.0,0.0,0.0
40424,NS2,0.0,90.0,1.0,0.0,0.0
40425,NS2,0.0,90.0,1.0,0.0,0.0
40519,NS2,0.0,90.0,1.0,0.0,0.0
40520,NS2,0.0,90.0,1.0,0.0,0.0
40521,NS2,0.0,90.0,1.0,0.0,0.0
40522,NS2,0.0,90.0,1.0,0.0,0.0
40616,NS2,0.0,90.0,1.0,0.0,0.0
40617,NS2,0.0,90.0,1.0,0.0,0.0
40711,NS2,0.0,90.0,1.0,0.0,0.0
40712,NS2,0.0,90.0,1.0,0.0,0.0
40806,NS2,0.0,90.0,1.0,0.0,0.0
40807,NS2,0.0,90.0,1.0,0.0,0.0
40901,NS2,0.0,90.0,1.0,0.0,0.0
40902,NS2,0.0,90.0,1.0,0.0,0.0
40996,NS2,0.0,90.0,1.0,0.0,0.0
40997,NS2,0.0,90.0,1.0,0.0,0.0
41091,NS2,0.0,90.0,1.0,0.0,0.0
41092,NS2,0.0,90.0,1.0,0.0,0.0
41186,NS2,0.0,90.0,1.0,0.0,0.0
41187,NS2,0.0,90.0,1.0,0.0,0.0
41281,NS2,0.0,90.0,1.0,0.0,0.0
41282,NS2,0.0,90.0,1.0,0.0,0.0
41376,NS2,0.0,90.0,1.0,0.0,0.0
41377,NS2,0.0,90.0,1.0,0.0,0.0
41471,NS2,0.0,90.0,1.0,0.0,0.0
41472,NS2,0.0,90.0,1.0,0.0,0.0
41566,NS2,0.0,90.0,1.0,0.0,0.0
41567,NS2,0.0,90.0,1.0,0.0,0.0
41568,NS2,0.0,90.0,1.0,0.0,0.0
41569,NS2,0.0,90.0,1.0,0.0,0.0
41663,NS2,0.0,90.0,1.0,0.0,0.0
41664,NS2,0.0,90.0,1.0,0.0,0.0
41758,NS2,0.0,90.0,1.0,0.0,0.0
41759,NS2,0.0,90.0,1.0,0.0,0.0
41853,NS2,0.0,90.0,1.0,0.0,0.0
41854,NS2,0.0,90.0,1.0,0.0,0.0
41948,NS2,0.0,90.0,1.0,0.0,0.0
41949,NS2,0.0,90.0,1.0,0.0,0.0
42043,NS2,0.0,90.0,1.0,0.0,0.0
42044,NS2,0.0,90.0,1.0,0.0,0.0
42138,NS2,0.0,90.0,1.0,0.0,0.0
42139,NS2,0.0,90.0,1.0,0.0,0.0
42233,NS2,0.0,90.0,1.0,0.0,0.0
42234,NS2,0.0,90.0,1.0,0.0,0.0
42328,NS2,0.0,90.0,1.0,0.0,0.0
42329,NS2,0.0,90.0,1.0,0.0,0.0
42423,NS2,0.0,90.0,1.0,0.0,0.0
42424,NS2,0.0,90.0,1.0,0.0,0.0
42518,NS2,0.0,90.0,1.0,0.0,0.0
42519,NS2,0.0,90.0,1.0,0.0,0.0
42613,NS2,0.0,90.0,1.0,0.0,0.0
42614,NS2,0.0,90.0,1.0,0.0,0.0
42615,NS2,0.0,90.0,1.0,0.0,0.0
42616,NS2,0.0,90.0,1.0,0.0,0.0
42710,NS2,0.0,90.0,1.0,0.0,0.0
42711,NS2,0.0,90.0,1.0,0.0,0.0
42805,NS2,0.0,90.0,1.0,0.0,0.0
42806,NS2,0.0,90.0,1.0,0.0,0.0
42900,NS2,0.0,90.0,1.0,0.0,0.0
42901,NS2,0.0,90.0,1.0,0.0,0.0
42995,NS2,0.0,90.0,1.0,0.0,0.0
42996,NS2,0.0,90.0,1.0,0.0,0.0
43090,NS2,0.0,90.0,1.0,0.0,0.0
43091,NS2,0.0,90.0,1.0,0.0,0.0
43185,NS2,0.0,90.0,1.0,0.0,0.0
43186,NS2,0.0,90.0,1.0,0.0,0.0
43280,NS2,0.0,90.0,1.0,0.0,0.0
43281,NS2,0.0,90.0,1.0,0.0,0.0
43375,NS2,0.0,90.0,1.0,0.0,0.0
43376,NS2,0.0,90.0,1.0,0.0,0.0
43470,NS2,0.0,90.0,1.0,0.0,0.0
43471,NS2,0.0,90.0,1.0,0.0,0.0
43565,NS2,0.0,90.0,1.0,0.0,0.0
43566,NS2,0.0,90.0,1.0,0.0,0.0
43660,NS2,0.0,90.0,1.0,0.0,0.0
43661,NS2,0.0,90.0,1.0,0.0,0.0
43662,NS2,0.0,90.0,1.0,0.0,0.0
43757,NS2,0.0,90.0,1.0,0.0,0.0
43852,NS2,0.0,90.0,1.0,0.0,0.0
43947,NS2,0.0,90.0,1.0,0.0,0.0
44042,NS2,0.0,90.0,1.0,0.0,0.0
44137,NS2,0.0,90.0,1.0,0.0,0.0
44232,NS2,0.0,90.0,1.0,0.0,0.0
44327,NS2,0.0,90.0,1.0,0.0,0.0
44422,NS2,0.0,90.0,1.0,0.0,0.0
44517,NS2,0.0,90.0,1.0,0.0,0.0
44612,NS2,0.0,90.0,1.0,0.0,0.0
44707,NS2,0.0,90.0,1.0,0.0,0.0
44802,NS2,0.0,90.0,1.0,0.0,0.0
44897,NS2,0.0,90.0,1.0,0.0,0.0
44992,NS2,0.0,90.0,1.0,0.0,0.0
45087,NS2,0.0,90.0,1.0,0.0,0.0
45182,NS2,0.0,90.0,1.0,0.0,0.0
45277,NS2,0.0,90.0,1.0,0.0,0.0
45372,NS2,0.0,90.0,1.0,0.0,0.0
45467,NS2,0.0,90.0,1.0,0.0,0.0
45562,NS2,0.0,90.0,1.0,0.0,0.0
45647,NS2,0.0,90.0,1.0,0.0,0.0
45648,NS2,0.0,90.0,1.0,0.0,0.0
45742,NS2,0.0,90.0,1.0,0.0,0.0
45743,NS2,0.0,90.0,1.0,0.0,0.0
45837,NS2,0.0,90.0,1.0,0.0,0.0
45838,NS2,0.0,90.0,1.0,0.0,0.0
45932,NS2,0.0,90.0,1.0,0.0,0.0
45933,NS2,0.0,90.0,1.0,0.0,0.0
46027,NS2,0.0,90.0,1.0,0.0,0.0
46028,NS2,0.0,90.0,1.0,0.0,0.0
46122,NS2,0.0,90.0,1.0,0.0,0.0
46123,NS2,0.0,90.0,1.0,0.0,0.0
46217,NS2,0.0,90.0,1.0,0.0,0.0
46218,NS2,0.0,90.0,1.0,0.0,0.0
46312,NS2,0.0,90.0,1.0,0.0,0.0
46313,NS2,0.0,90.0,1.0,0.0,0.0
46407,NS2,0.0,90.0,1.0,0.0,0.0
46408,NS2,0.0,90.0,1.0,0.0,0.0
46502,NS2,0.0,90.0,1.0,0.0,0.0
46503,NS2,0.0,90.0,1.0,0.0,0.0
46597,NS2,0.0,90.0,1.0,0.0,0.0
46598,NS2,0.0,90.0,1.0,0.0,0.0
46692,NS2,0.0,90.0,1.0,0.0,0.0
46693,NS2,0.0,90.0,1.0,0.0,0.0
46787,NS2,0.0,90.0,1.0,0.0,0.0
46788,NS2,0.0,90.0,1.0,0.0,0.0
46882,NS2,0.0,90.0,1.0,0.0,0.0
46883,NS2,0.0,90.0,1.0,0.0,0.0
46977,NS2,0.0,90.0,1.0,0.0,0.0
46978,NS2,0.0,90.0,1.0,0.0,0.0
47072,NS2,0.0,90.0,1.0,0.0,0.0
47073,NS2,0.0,90.0,1.0,0.0,0.0
47074,NS2,0.0,90.0,1.0,0.0,0.0
47075,NS2,0.0,90.0,1.0,0.0,0.0
47169,NS2,0.0,90.0,1.0,0.0,0.0
47170,NS2,0.0,90.0,1.0,0.0,0.0
47264,NS2,0.0,90.0,1.0,0.0,0.0
47265,NS2,0.0,90.0,1.0,0.0,0.0
47359,NS2,0.0,90.0,1.0,0.0,0.0
47360,NS2,0.0,90.0,1.0,0.0,0.0
47454,NS2,0.0,90.0,1.0,0.0,0.0
47455,NS2,0.0,90.0,1.0,0.0,0.0
47549,NS2,0.0,90.0,1.0,0.0,0.0
47550,NS2,0.0,90.0,1.0,0.0,0.0
47644,NS2,0.0,90.0,1.0,0.0,0.0
47645,NS2,0.0,90.0,1.0,0.0,0.0
47739,NS2,0.0,90.0,1.0,0.0,0.0
47740,NS2,0.0,90.0,1.0,0.0,0.0
47834,NS2,0.0,90.0,1.0,0.0,0.0
47835,NS2,0.0,90.0,1.0,0.0,0.0
47929,NS2,0.0,90.0,1.0,0.0,0.0
47930,NS2,0.0,90.0,1.0,0.0,0.0
48024,NS2,0.0,90.0,1.0,0.0,0.0
48025,NS2,0.0,90.0,1.0,0.0,0.0
48119,NS2,0.0,90.0,1.0,0.0,0.0
48120,NS2,0.0,90.0,1.0,0.0,0.0
48121,NS2,0.0,90.0,1.0,0.0,0.0
48122,NS2,0.0,90.0,1.0,0.0,0.0
48216,NS2,0.0,90.0,1.0,0.0,0.0
48217,NS2,0.0,90.0,1.0,0.0,0.0
48311,NS2,0.0,90.0,1.0,0.0,0.0
48312,NS2,0.0,90.0,1.0,0.0,0.0
48406,NS2,0.0,90.0,1.0,0.0,0.0
48407,NS2,0.0,90.0,1.0,0.0,0.0
48501,NS2,0.0,90.0,1.0,0.0,0.0
48502,NS2,0.0,90.0,1.0,0.0,0.0
48596,NS2,0.0,90.0,1.0,0.0,0.0
48597,NS2,0.0,90.0,1.0,0.0,0.0
48691,NS2,0.0,90.0,1.0,0.0,0.0
48692,NS2,0.0,90.0,1.0,0.0,0.0
48786,NS2,0.0,90.0,1.0,0.0,0.0
48787,NS2,0.0,90.0,1.0,0.0,0.0
48881,NS2,0.0,90.0,1.0,0.0,0.0
48882,NS2,0.0,90.0,1.0,0.0,0.0
48976,NS2,0.0,90.0,1.0,0.0,0.0
48977,NS2,0.0,90.0,1.0,0.0,0.0
49071,NS2,0.0,90.0,1.0,0.0,0.0
49072,NS2,0.0,90.0,1.0,0.0,0.0
49166,NS2,0.0,90.0,1.0,0.0,0.0
49167,NS2,0.0,90.0,1.0,0.0,0.0
49168,NS2,0.0,90.0,1.0,0.0,0.0
49169,NS2,0.0,90.0,1.0,0.0,0.0
49263,NS2,0.0,90.0,1.0,0.0,0.0
49264,NS2,0.0,90.0,1.0,0.0,0.0
49358,NS2,0.0,90.0,1.0,0.0,0.0
49359,NS2,0.0,90.0,1.0,0.0,0.0
49453,NS2,0.0,90.0,1.0,0.0,0.0
49454,NS2,0.0,90.0,1.0,0.0,0.0
49548,NS2,0.0,90.0,1.0,0.0,0.0
49549,NS2,0.0,90.0,1.0,0.0,0.0
49643,NS2,0.0,90.0,1.0,0.0,0.0
49644,NS2,0.0,90.0,1.0,0.0,0.0
49738,NS2,0.0,90.0,1.0,0.0,0.0
49739,NS2,0.0,90.0,1.0,0.0,0.0
49833,NS2,0.0,90.0,1.0,0.0,0.0
49834,NS2,0.0,90.0,1.0,0.0,0.0
49928,NS2,0.0,90.0,1.0,0.0,0.0
49929,NS2,0.0,90.0,1.0,0.0,0.0
50023,NS2,0.0,90.0,1.0,0.0,0.0
50024,NS2,0.0,90.0,1.0,0.0,0.0
50118,NS2,0.0,90.0,1.0,0.0,0.0
50119,NS2,0.0,90.0,1.0,0.0,0.0
50213,NS2,0.0,90.0,1.0,0.0,0.0
50214,NS2,0.0,90.0,1.0,0.0,0.0
50215,NS2,0.0,90.0,1.0,0.0,0.0
50216,NS2,0.0,90.0,1.0,0.0,0.0
50310,NS2,0.0,90.0,1.0,0.0,0.0
50311,NS2,0.0,90.0,1.0,0.0,0.0
50405,NS2,0.0,90.0,1.0,0.0,0.0
50406,NS2,0.0,90.0,1.0,0.0,0.0
50500,NS2,0.0,90.0,1.0,0.0,0.0
50501,NS2,0.0,90.0,1.0,0.0,0.0
50595,NS2,0.0,90.0,1.0,0.0,0.0
50596,NS2,0.0,90.0,1.0,0.0,0.0
50690,NS2,0.0,90.0,1.0,0.0,0.0
50691,NS2,0.0,90.0,1.0,0.0,0.0
50785,NS2,0.0,90.0,1.0,0.0,0.0
50786,NS2,0.0,90.0,1.0,0.0,0.0
50880,NS2,0.0,90.0,1.0,0.0,0.0
50881,NS2,0.0,90.0,1.0,0.0,0.0
50975,NS2,0.0,90.0,1.0,0.0,0.0
50976,NS2,0.0,90.0,1.0,0.0,0.0
51070,NS2,0.0,90.0,1.0,0.0,0.0
51071,NS2,0.0,90.0,1.0,0.0,0.0
51165,NS2,0.0,90.0,1.0,0.0,0.0
51166,NS2,0.0,90.0,1.0,0.0,0.0
51260,NS2,0.0,90.0,1.0,0.0,0.0
51261,NS2,0.0,90.0,1.0,0.0,0.0
51262,NS2,0.0,90.0,1.0,0.0,0.0
51357,NS2,0.0,90.0,1.0,0.0,0.0
51452,NS2,0.0,90.0,1.0,0.0,0.0
51547,NS2,0.0,90.0,1.0,0.0,0.0
51642,NS2,0.0,90.0,1.0,0.0,0.0
51737,NS2,0.0,90.0,1.0,0.0,0.0
51832,NS2,0.0,90.0,1.0,0.0,0.0
51927,NS2,0.0,90.0,1.0,0.0,0.0
52022,NS2,0.0,90.0,1.0,0.0,0.0
52117,NS2,0.0,90.0,1.0,0.0,0.0
52212,NS2,0.0,90.0,1.0,0.0,0.0
52307,NS2,0.0,90.0,1.0,0.0,0.0
52402,NS2,0.0,90.0,1.0,0.0,0.0
52497,NS2,0.0,90.0,1.0,0.0,0.0
52592,NS2,0.0,90.0,1.0,0.0,0.0
52687,NS2,0.0,90.0,1.0,0.0,0.0
52782,NS2,0.0,90.0,1.0,0.0,0.0
52877,NS2,0.0,90.0,1.0,0.0,0.0
52972,NS2,0.0,90.0,1.0,0.0,0.0
53067,NS2,0.0,90.0,1.0,0.0,0.0
53162,NS2,0.0,90.0,1.0,0.0,0.0
53247,NS2,0.0,90.0,1.0,0.0,0.0
53248,NS2,0.0,90.0,1.0,0.0,0.0
53342,NS2,0.0,90.0,1.0,0.0,0.0
53343,NS2,0.0,90.0,1.0,0.0,0.0
53437,NS2,0.0,90.0,1.0,0.0,0.0
53438,NS2,0.0,90.0,1.0,0.0,0.0
53532,NS2,0.0,90.0,1.0,0.0,0.0
53533,NS2,0.0,90.0,1.0,0.0,0.0
53627,NS2,0.0,90.0,1.0,0.0,0.0
53628,NS2,0.0,90.0,1.0,0.0,0.0
53722,NS2,0.0,90.0,1.0,0.0,0.0
53723,NS2,0.0,90.0,1.0,0.0,0.0
53817,NS2,0.0,90.0,1.0,0.0,0.0
53818,NS2,0.0,90.0,1.0,0.0,0.0
53912,NS2,0.0,90.0,1.0,0.0,0.0
53913,NS2,0.0,90.0,1.0,0.0,0.0
54007,NS2,0.0,90.0,1.0,0.0,0.0
54008,NS2,0.0,90.0,1.0,0.0,0.0
54102,NS2,0.0,90.0,1.0,0.0,0.0
54103,NS2,0.0,90.0,1.0,0.0,0.0
54197,NS2,0.0,90.0,1.0,0.0,0.0
54198,NS2,0.0,90.0,1.0,0.0,0.0
54292,NS2,0.0,90.0,1.0,0.0,0.0
54293,NS2,0.0,90.0,1.0,0.0,0.0
54387,NS2,0.0,90.0,1.0,0.0,0.0
54388,NS2,0.0,90.0,1.0,0.0,0.0
54482,NS2,0.0,90.0,1.0,0.0,0.0
54483,NS2,0.0,90.0,1.0,0.0,0.0
54577,NS2,0.0,90.0,1.0,0.0,0.0
54578,NS2,0.0,90.0,1.0,0.0,0.0
54672,NS2,0.0,90.0,1.0,0.0,0.0
54673,NS2,0.0,90.0,1.0,0.0,0.0
54674,NS2,0.0,90.0,1.0,0.0,0.0
54675,NS2,0.0,90.0,1.0,0.0,0.0
54769,NS2,0.0,90.0,1.0,0.0,0.0
54770,NS2,0.0,90.0,1.0,0.0,0.0
54864,NS2,0.0,90.0,1.0,0.0,0.0
54865,NS2,0.0,90.0,1.0,0.0,0.0
54959,NS2,0.0,90.0,1.0,0.0,0.0
54960,NS2,0.0,90.0,1.0,0.0,0.0
55054,NS2,0.0,90.0,1.0,0.0,0.0
55055,NS2,0.0,90.0,1.0,0.0,0.0
55149,NS2,0.0,90.0,1.0,0.0,0.0
55150,NS2,0.0,90.0,1.0,0.0,0.0
55244,NS2,0.0,90.0,1.0,0.0,0.0
55245,NS2,0.0,90.0,1.0,0.0,0.0
55339,NS2,0.0,90.0,1.0,0.0,0.0
55340,NS2,0.0,90.0,1.0,0.0,0.0
55434,NS2,0.0,90.0,1.0,0.0,0.0
55435,NS2,0.0,90.0,1.0,0.0,0.0
55529,NS2,0.0,90.0,1.0,0.0,0.0
55530,NS2,0.0,90.0,1.0,0.0,0.0
55624,NS2,0.0,90.0,1.0,0.0,0.0
55625,NS2,0.0,90.0,1.0,0.0,0.0
55719,NS2,0.0,90.0,1.0,0.0,0.0
55720,NS2,0.0,90.0,1.0,0.0,0.0
55721,NS2,0.0,90.0,1.0,0.0,0.0
55722,NS2,0.0,90.0,1.0,0.0,0.0
55816,NS2,0.0,90.0,1.0,0.0,0.0
55817,NS2,0.0,90.0,1.0,0.0,0.0
55911,NS2,0.0,90.0,1.0,0.0,0.0
55912,NS2,0.0,90.0,1.0,0.0,0.0
56006,NS2,0.0,90.0,1.0,0.0,0.0
56007,NS2,0.0,90.0,1.0,0.0,0.0
56101,NS2,0.0,90.0,1.0,0.0,0.0
56102,NS2,0.0,90.0,1.0,0.0,0.0
56196,NS2,0.0,90.0,1.0,0.0,0.0
56197,NS2,0.0,90.0,1.0,0.0,0.0
56291,NS2,0.0,90.0,1.0,0.0,0.0
56292,NS2,0.0,90.0,1.0,0.0,0.0
56386,NS2,0.0,90.0,1.0,0.0,0.0
56387,NS2,0.0,90.0,1.0,0.0,0.0
56481,NS2,0.0,90.0,1.0,0.0,0.0
56482,NS2,0.0,90.0,1.0,0.0,0.0
56576,NS2,0.0,90.0,1.0,0.0,0.0
56577,NS2,0.0,90.0,1.0,0.0,0.0
56671,NS2,0.0,90.0,1.0,0.0,0.0
56672,NS2,0.0,90.0,1.0,0.0,0.0
56766,NS2,0.0,90.0,1.0,0.0,0.0
56767,NS2,0.0,90.0,1.0,0.0,0.0
56768,NS2,0.0,90.0,1.0,0.0,0.0
56769,NS2,0.0,90.0,1.0,0.0,0.0
56863,NS2,0.0,90.0,1.0,0.0,0.0
56864,NS2,0.0,90.0,1.0,0.0,0.0
56958,NS2,0.0,90.0,1.0,0.0,0.0
56959,NS2,0.0,90.0,1.0,0.0,0.0
57053,NS2,0.0,90.0,1.0,0.0,0.0
57054,NS2,0.0,90.0,1.0,0.0,0.0
57148,NS2,0.0,90.0,1.0,0.0,0.0
57149,NS2,0.0,90.0,1.0,0.0,0.0
57243,NS2,0.0,90.0,1.0,0.0,0.0
57244,NS2,0.0,90.0,1.0,0.0,0.0
57338,NS2,0.0,90.0,1.0,0.0,0.0
57339,NS2,0.0,90.0,1.0,0.0,0.0
57433,NS2,0.0,90.0,1.0,0.0,0.0
57434,NS2,0.0,90.0,1.0,0.0,0.0
57528,NS2,0.0,90.0,1.0,0.0,0.0
57529,NS2,0.0,90.0,1.0,0.0,0.0
57623,NS2,0.0,90.0,1.0,0.0,0.0
57624,NS2,0.0,90.0,1.0,0.0,0.0
57718,NS2,0.0,90.0,1.0,0.0,0.0
57719,NS2,0.0,90.0,1.0,0.0,0.0
57813,NS2,0.0,90.0,1.0,0.0,0.0
57814,NS2,0.0,90.0,1.0,0.0,0.0
57815,NS2,0.0,90.0,1.0,0.0,0.0
57816,NS2,0.0,90.0,1.0,0.0,0.0
57910,NS2,0.0,90.0,1.0,0.0,0.0
57911,NS2,0.0,90.0,1.0,0.0,0.0
58005,NS2,0.0,90.0,1.0,0.0,0.0
58006,NS2,0.0,90.0,1.0,0.0,0.0
58100,NS2,0.0,90.0,1.0,0.0,0.0
58101,NS2,0.0,90.0,1.0,0.0,0.0
58195,NS2,0.0,90.0,1.0,0.0,0.0
58196,NS2,0.0,90.0,1.0,0.0,0.0
58290,NS2,0.0,90.0,1.0,0.0,0.0
58291,NS2,0.0,90.0,1.0,0.0,0.0
58385,NS2,0.0,90.0,1.0,0.0,0.0
58386,NS2,0.0,90.0,1.0,0.0,0.0
58480,NS2,0.0,90.0,1.0,0.0,0.0
58481,NS2,0.0,90.0,1.0,0.0,0.0
58575,NS2,0.0,90.0,1.0,0.0,0.0
58576,NS2,0.0,90.0,1.0,0.0,0.0
58670,NS2,0.0,90.0,1.0,0.0,0.0
58671,NS2,0.0,90.0,1.0,0.0,0.0
58765,NS2,0.0,90.0,1.0,0.0,0.0
58766,NS2,0.0,90.0,1.0,0.0,0.0
58860,NS2,0.0,90.0,1.0,0.0,0.0
58861,NS2,0.0,90.0,1.0,0.0,0.0
58862,NS2,0.0,90.0,1.0,0.0,0.0
58957,NS2,0.0,90.0,1.0,0.0,0.0
59052,NS2,0.0,90.0,1.0,0.0,0.0
59147,NS2,0.0,90.0,1.0,0.0,0.0
59242,NS2,0.0,90.0,1.0,0.0,0.0
59337,NS2,0.0,90.0,1.0,0.0,0.0
59432,NS2,0.0,90.0,1.0,0.0,0.0
59527,NS2,0.0,90.0,1.0,0.0,0.0
59622,NS2,0.0,90.0,1.0,0.0,0.0
59717,NS2,0.0,90.0,1.0,0.0,0.0
59812,NS2,0.0,90.0,1.0,0.0,0.0
59907,NS2,0.0,90.0,1.0,0.0,0.0
60002,NS2,0.0,90.0,1.0,0.0,0.0
60097,NS2,0.0,90.0,1.0,0.0,0.0
60192,NS2,0.0,90.0,1.0,0.0,0.0
60287,NS2,0.0,90.0,1.0,0.0,0.0
60382,NS2,0.0,90.0,1.0,0.0,0.0
60477,NS2,0.0,90.0,1.0,0.0,0.0
60572,NS2,0.0,90.0,1.0,0.0,0.0
60667,NS2,0.0,90.0,1.0,0.0,0.0
60762,NS2,0.0,90.0,1.0,0.0,0.0
60847,NS2,0.0,90.0,1.0,0.0,0.0
60848,NS2,0.0,90.0,1.0,0.0,0.0
60942,NS2,0.0,90.0,1.0,0.0,0.0
60943,NS2,0.0,90.0,1.0,0.0,0.0
61037,NS2,0.0,90.0,1.0,0.0,0.0
61038,NS2,0.0,90.0,1.0,0.0,0.0
61132,NS2,0.0,90.0,1.0,0.0,0.0
61133,NS2,0.0,90.0,1.0,0.0,0.0
61227,NS2,0.0,90.0,1.0,0.0,0.0
61228,NS2,0.0,90.0,1.0,0.0,0.0
61322,NS2,0.0,90.0,1.0,0.0,0.0
61323,NS2,0.0,90.0,1.0,0.0,0.0
61417,NS2,0.0,90.0,1.0,0.0,0.0
61418,NS2,0.0,90.0,1.0,0.0,0.0
61512,NS2,0.0,90.0,1.0,0.0,0.0
61513,NS2,0.0,90.0,1.0,0.0,0.0
61607,NS2,0.0,90.0,1.0,0.0,0.0
61608,NS2,0.0,90.0,1.0,0.0,0.0
61702,NS2,0.0,90.0,1.0,0.0,0.0
61703,NS2,0.0,90.0,1.0,0.0,0.0
61797,NS2,0.0,90.0,1.0,0.0,0.0
61798,NS2,0.0,90.0,1.0,0.0,0.0
61892,NS2,0.0,90.0,1.0,0.0,0.0
61893,NS2,0.0,90.0,1.0,0.0,0.0
61987,NS2,0.0,90.0,1.0,0.0,0.0
61988,NS2,0.0,90.0,1.0,0.0,0.0
62082,NS2,0.0,90.0,1.0,0.0,0.0
62083,NS2,0.0,90.0,1.0,0.0,0.0
62177,NS2,0.0,90.0,1.0,0.0,0.0
62178,NS2,0.0,90.0,1.0,0.0,0.0
62272,NS2,0.0,90.0,1.0,0.0,0.0
62273,NS2,0.0,90.0,1.0,0.0,0.0
62274,NS2,0.0,90.0,1.0,0.0,0.0
62275,NS2,0.0,90.0,1.0,0.0,0.0
62369,NS2,0.0,90.0,1.0,0.0,0.0
62370,NS2,0.0,90.0,1.0,0.0,0.0
62464,NS2,0.0,90.0,1.0,0.0,0.0
62465,NS2,0.0,90.0,1.0,0.0,0.0
62559,NS2,0.0,90.0,1.0,0.0,0.0
62560,NS2,0.0,90.0,1.0,0.0,0.0
62654,NS2,0.0,90.0,1.0,0.0,0.0
62655,NS2,0.0,90.0,1.0,0.0,0.0
62749,NS2,0.0,90.0,1.0,0.0,0.0
62750,NS2,0.0,90.0,1.0,0.0,0.0
62844,NS2,0.0,90.0,1.0,0.0,0.0
62845,NS2,0.0,90.0,1.0,0.0,0.0
62939,NS2,0.0,90.0,1.0,0.0,0.0
62940,NS2,0.0,90.0,1.0,0.0,0.0
63034,NS2,0.0,90.0,1.0,0.0,0.0
63035,NS2,0.0,90.0,1.0,0.0,0.0
63129,NS2,0.0,90.0,1.0,0.0,0.0
63130,NS2,0.0,90.0,1.0,0.0,0.0
63224,NS2,0.0,90.0,1.0,0.0,0.0
63225,NS2,0.0,90.0,1.0,0.0,0.0
63319,NS2,0.0,90.0,1.0,0.0,0.0
63320,NS2,0.0,90.0,1.0,0.0,0.0
63321,NS2,0.0,90.0,1.0,0.0,0.0
63322,NS2,0.0,90.0,1.0,0.0,0.0
63416,NS2,0.0,90.0,1.0,0.0,0.0
63417,NS2,0.0,90.0,1.0,0.0,0.0
63511,NS2,0.0,90.0,1.0,0.0,0.0
63512,NS2,0.0,90.0,1.0,0.0,0.0
63606,NS2,0.0,90.0,1.0,0.0,0.0
63607,NS2,0.0,90.0,1.0,0.0,0.0
63701,NS2,0.0,90.0,1.0,0.0,0.0
63702,NS2,0.0,90.0,1.0,0.0,0.0
63796,NS2,0.0,90.0,1.0,0.0,0.0
63797,NS2,0.0,90.0,1.0,0.0,0.0
63891,NS2,0.0,90.0,1.0,0.0,0.0
63892,NS2,0.0,90.0,1.0,0.0,0.0
63986,NS2,0.0,90.0,1.0,0.0,0.0
63987,NS2,0.0,90.0,1.0,0.0,0.0
64081,NS2,0.0,90.0,1.0,0.0,0.0
64082,NS2,0.0,90.0,1.0,0.0,0.0
64176,NS2,0.0,90.0,1.0,0.0,0.0
64177,NS2,0.0,90.0,1.0,0.0,0.0
64271,NS2,0.0,90.0,1.0,0.0,0.0
64272,NS2,0.0,90.0,1.0,0.0,0.0
64366,NS2,0.0,90.0,1.0,0.0,0.0
64367,NS2,0.0,90.0,1.0,0.0,0.0
64368,NS2,0.0,90.0,1.0,0.0,0.0
64369,NS2,0.0,90.0,1.0,0.0,0.0
64463,NS2,0.0,90.0,1.0,0.0,0.0
64464,NS2,0.0,90.0,1.0,0.0,0.0
64558,NS2,0.0,90.0,1.0,0.0,0.0
64559,NS2,0.0,90.0,1.0,0.0,0.0
64653,NS2,0.0,90.0,1.0,0.0,0.0
64654,NS2,0.0,90.0,1.0,0.0,0.0
64748,NS2,0.0,90.0,1.0,0.0,0.0
64749,NS2,0.0,90.0,1.0,0.0,0.0
64843,NS2,0.0,90.0,1.0,0.0,0.0
64844,NS2,0.0,90.0,1.0,0.0,0.0
64938,NS2,0.0,90.0,1.0,0.0,0.0
64939,NS2,0.0,90.0,1.0,0.0,0.0
65033,NS2,0.0,90.0,1.0,0.0,0.0
65034,NS2,0.0,90.0,1.0,0.0,0.0
65128,NS2,0.0,90.0,1.0,0.0,0.0
65129,NS2,0.0,90.0,1.0,0.0,0.0
65223,NS2,0.0,90.0,1.0,0.0,0.0
65224,NS2,0.0,90.0,1.0,0.0,0.0
65318,NS2,0.0,90.0,1.0,0.0,0.0
65319,NS2,0.0,90.0,1.0,0.0,0.0
65413,NS2,0.0,90.0,1.0,0.0,0.0
65414,NS2,0.0,90.0,1.0,0.0,0.0
65415,NS2,0.0,90.0,1.0,0.0,0.0
65416,NS2,0.0,90.0,1.0,0.0,0.0
65510,NS2,0.0,90.0,1.0,0.0,0.0
65511,NS2,0.0,90.0,1.0,0.0,0.0
65605,NS2,0.0,90.0,1.0,0.0,0.0
65606,NS2,0.0,90.0,1.0,0.0,0.0
65700,NS2,0.0,90.0,1.0,0.0,0.0
65701,NS2,0.0,90.0,1.0,0.0,0.0
65795,NS2,0.0,90.0,1.0,0.0,0.0
65796,NS2,0.0,90.0,1.0,0.0,0.0
65890,NS2,0.0,90.0,1.0,0.0,0.0
65891,NS2,0.0,90.0,1.0,0.0,0.0
65985,NS2,0.0,90.0,1.0,0.0,0.0
65986,NS2,0.0,90.0,1.0,0.0,0.0
66080,NS2,0.0,90.0,1.0,0.0,0.0
66081,NS2,0.0,90.0,1.0,0.0,0.0
66175,NS2,0.0,90.0,1.0,0.0,0.0
66176,NS2,0.0,90.0,1.0,0.0,0.0
66270,NS2,0.0,90.0,1.0,0.0,0.0
66271,NS2,0.0,90.0,1.0,0.0,0.0
66365,NS2,0.0,90.0,1.0,0.0,0.0
66366,NS2,0.0,90.0,1.0,0.0,0.0
66460,NS2,0.0,90.0,1.0,0.0,0.0
66461,NS2,0.0,90.0,1.0,0.0,0.0
66462,NS2,0.0,90.0,1.0,0.0,0.0
66557,NS2,0.0,90.0,1.0,0.0,0.0
66652,NS2,0.0,90.0,1.0,0.0,0.0
66747,NS2,0.0,90.0,1.0,0.0,0.0
66842,NS2,0.0,90.0,1.0,0.0,0.0
66937,NS2,0.0,90.0,1.0,0.0,0.0
67032,NS2,0.0,90.0,1.0,0.0,0.0
67127,NS2,0.0,90.0,1.0,0.0,0.0
67222,NS2,0.0,90.0,1.0,0.0,0.0
67317,NS2,0.0,90.0,1.0,0.0,0.0
67412,NS2,0.0,90.0,1.0,0.0,0.0
67507,NS2,0.0,90.0,1.0,0.0,0.0
67602,NS2,0.0,90.0,1.0,0.0,0.0
67697,NS2,0.0,90.0,1.0,0.0,0.0
67792,NS2,0.0,90.0,1.0,0.0,0.0
67887,NS2,0.0,90.0,1.0,0.0,0.0
67982,NS2,0.0,90.0,1.0,0.0,0.0
68077,NS2,0.0,90.0,1.0,0.0,0.0
68172,NS2,0.0,90.0,1.0,0.0,0.0
68267,NS2,0.0,90.0,1.0,0.0,0.0
68362,NS2,0.0,90.0,1.0,0.0,0.0
68447,NS2,0.0,90.0,1.0,0.0,0.0
68448,NS2,0.0,90.0,1.0,0.0,0.0
68542,NS2,0.0,90.0,1.0,0.0,0.0
68543,NS2,0.0,90.0,1.0,0.0,0.0
68637,NS2,0.0,90.0,1.0,0.0,0.0
68638,NS2,0.0,90.0,1.0,0.0,0.0
68732,NS2,0.0,90.0,1.0,0.0,0.0
68733,NS2,0.0,90.0,1.0,0.0,0.0
68827,NS2,0.0,90.0,1.0,0.0,0.0
68828,NS2,0.0,90.0,1.0,0.0,0.0
68922,NS2,0.0,90.0,1.0,0.0,0.0
68923,NS2,0.0,90.0,1.0,0.0,0.0
69017,NS2,0.0,90.0,1.0,0.0,0.0
69018,NS2,0.0,90.0,1.0,0.0,0.0
69112,NS2,0.0,90.0,1.0,0.0,0.0
69113,NS2,0.0,90.0,1.0,0.0,0.0
69207,NS2,0.0,90.0,1.0,0.0,0.0
69208,NS2,0.0,90.0,1.0,0.0,0.0
69302,NS2,0.0,90.0,1.0,0.0,0.0
69303,NS2,0.0,90.0,1.0,0.0,0.0
69397,NS2,0.0,90.0,1.0,0.0,0.0
69398,NS2,0.0,90.0,1.0,0.0,0.0
69492,NS2,0.0,90.0,1.0,0.0,0.0
69493,NS2,0.0,90.0,1.0,0.0,0.0
69587,NS2,0.0,90.0,1.0,0.0,0.0
69588,NS2,0.0,90.0,1.0,0.0,0.0
69682,NS2,0.0,90.0,1.0,0.0,0.0
69683,NS2,0.0,90.0,1.0,0.0,0.0
69777,NS2,0.0,90.0,1.0,0.0,0.0
69778,NS2,0.0,90.0,1.0,0.0,0.0
69872,NS2,0.0,90.0,1.0,0.0,0.0
69873,NS2,0.0,90.0,1.0,0.0,0.0
69874,NS2,0.0,90.0,1.0,0.0,0.0
69875,NS2,0.0,90.0,1.0,0.0,0.0
69969,NS2,0.0,90.0,1.0,0.0,0.0
69970,NS2,0.0,90.0,1.0,0.0,0.0
70064,NS2,0.0,90.0,1.0,0.0,0.0
70065,NS2,0.0,90.0,1.0,0.0,0.0
70159,NS2,0.0,90.0,1.0,0.0,0.0
70160,NS2,0.0,90.0,1.0,0.0,0.0
70254,NS2,0.0,90.0,1.0,0.0,0.0
70255,NS2,0.0,90.0,1.0,0.0,0.0
70349,NS2,0.0,90.0,1.0,0.0,0.0
70350,NS2,0.0,90.0,1.0,0.0,0.0
70444,NS2,0.0,90.0,1.0,0.0,0.0
70445,NS2,0.0,90.0,1.0,0.0,0.0
70539,NS2,0.0,90.0,1.0,0.0,0.0
70540,NS2,0.0,90.0,1.0,0.0,0.0
70634,NS2,0.0,90.0,1.0,0.0,0.0
70635,NS2,0.0,90.0,1.0,0.0,0.0
70729,NS2,0.0,90.0,1.0,0.0,0.0
70730,NS2,0.0,90.0,1.0,0.0,0.0
70824,NS2,0.0,90.0,1.0,0.0,0.0
70825,NS2,0.0,90.0,1.0,0.0,0.0
70919,NS2,0.0,90.0,1.0,0.0,0.0
70920,NS2,0.0,90.0,1.0,0.0,0.0
70921,NS2,0.0,90.0,1.0,0.0,0.0
70922,NS2,0.0,90.0,1.0,0.0,0.0
71016,NS2,0.0,90.0,1.0,0.0,0.0
71017,NS2,0.0,90.0,1.0,0.0,0.0
71111,NS2,0.0,90.0,1.0,0.0,0.0
71112,NS2,0.0,90.0,1.0,0.0,0.0
71206,NS2,0.0,90.0,1.0,0.0,0.0
71207,NS2,0.0,90.0,1.0,0.0,0.0
71301,NS2,0.0,90.0,1.0,0.0,0.0
71302,NS2,0.0,90.0,1.0,0.0,0.0
71396,NS2,0.0,90.0,1.0,0.0,0.0
71397,NS2,0.0,90.0,1.0,0.0,0.0
71491,NS2,0.0,90.0,1.0,0.0,0.0
71492,NS2,0.0,90.0,1.0,0.0,0.0
71586,NS2,0.0,90.0,1.0,0.0,0.0
71587,NS2,0.0,90.0,1.0,0.0,0.0
71681,NS2,0.0,90.0,1.0,0.0,0.0
71682,NS2,0.0,90.0,1.0,0.0,0.0
71776,NS2,0.0,90.0,1.0,0.0,0.0
71777,NS2,0.0,90.0,1.0,0.0,0.0
71871,NS2,0.0,90.0,1.0,0.0,0.0
71872,NS2,0.0,90.0,1.0,0.0,0.0
71966,NS2,0.0,90.0,1.0,0.0,0.0
71967,NS2,0.0,90.0,1.0,0.0,0.0
71968,NS2,0.0,90.0,1.0,0.0,0.0
71969,NS2,0.0,90.0,1.0,0.0,0.0
72063,NS2,0.0,90.0,1.0,0.0,0.0
72064,NS2,0.0,90.0,1.0,0.0,0.0
72158,NS2,0.0,90.0,1.0,0.0,0.0
72159,NS2,0.0,90.0,1.0,0.0,0.0
72253,NS2,0.0,90.0,1.0,0.0,0.0
72254,NS2,0.0,90.0,1.0,0.0,0.0
72348,NS2,0.0,90.0,1.0,0.0,0.0
72349,NS2,0.0,90.0,1.0,0.0,0.0
72443,NS2,0.0,90.0,1.0,0.0,0.0
72444,NS2,0.0,90.0,1.0,0.0,0.0
72538,NS2,0.0,90.0,1.0,0.0,0.0
72539,NS2,0.0,90.0,1.0,0.0,0.0
72633,NS2,0.0,90.0,1.0,0.0,0.0
72634,NS2,0.0,90.0,1.0,0.0,0.0
72728,NS2,0.0,90.0,1.0,0.0,0.0
72729,NS2,0.0,90.0,1.0,0.0,0.0
72823,NS2,0.0,90.0,1.0,0.0,0.0
72824,NS2,0.0,90.0,1.0,0.0,0.0
72918,NS2,0.0,90.0,1.0,0.0,0.0
72919,NS2,0.0,90.0,1.0,0.0,0.0
73013,NS2,0.0,90.0,1.0,0.0,0.0
73014,NS2,0.0,90.0,1.0,0.0,0.0
73015,NS2,0.0,90.0,1.0,0.0,0.0
73016,NS2,0.0,90.0,1.0,0.0,0.0
73110,NS2,0.0,90.0,1.0,0.0,0.0
73111,NS2,0.0,90.0,1.0,0.0,0.0
73205,NS2,0.0,90.0,1.0,0.0,0.0
73206,NS2,0.0,90.0,1.0,0.0,0.0
73300,NS2,0.0,90.0,1.0,0.0,0.0
73301,NS2,0.0,90.0,1.0,0.0,0.0
73395,NS2,0.0,90.0,1.0,0.0,0.0
73396,NS2,0.0,90.0,1.0,0.0,0.0
73490,NS2,0.0,90.0,1.0,0.0,0.0
73491,NS2,0.0,90.0,1.0,0.0,0.0
73585,NS2,0.0,90.0,1.0,0.0,0.0
73586,NS2,0.0,90.0,1.0,0.0,0.0
73680,NS2,0.0,90.0,1.0,0.0,0.0
73681,NS2,0.0,90.0,1.0,0.0,0.0
73775,NS2,0.0,90.0,1.0,0.0,0.0
73776,NS2,0.0,90.0,1.0,0.0,0.0
73870,NS2,0.0,90.0,1.0,0.0,0.0
73871,NS2,0.0,90.0,1.0,0.0,0.0
73965,NS2,0.0,90.0,1.0,0.0,0.0
73966,NS2,0.0,90.0,1.0,0.0,0.0
74060,NS2,0.0,90.0,1.0,0.0,0.0
74061,NS2,0.0,90.0,1.0,0.0,0.0
74062,NS2,0.0,90.0,1.0,0.0,0.0
74157,NS2,0.0,90.0,1.0,0.0,0.0
74252,NS2,0.0,90.0,1.0,0.0,0.0
74347,NS2,0.0,90.0,1.0,0.0,0.0
74442,NS2,0.0,90.0,1.0,0.0,0.0
74537,NS2,0.0,90.0,1.0,0.0,0.0
74632,NS2,0.0,90.0,1.0,0.0,0.0
74727,NS2,0.0,90.0,1.0,0.0,0.0
74822,NS2,0.0,90.0,1.0,0.0,0.0
74917,NS2,0.0,90.0,1.0,0.0,0.0
75012,NS2,0.0,90.0,1.0,0.0,0.0
75107,NS2,0.0,90.0,1.0,0.0,0.0
75202,NS2,0.0,90.0,1.0,0.0,0.0
75297,NS2,0.0,90.0,1.0,0.0,0.0
75392,NS2,0.0,90.0,1.0,0.0,0.0
75487,NS2,0.0,90.0,1.0,0.0,0.0
75582,NS2,0.0,90.0,1.0,0.0,0.0
75677,NS2,0.0,90.0,1.0,0.0,0.0
75772,NS2,0.0,90.0,1.0,0.0,0.0
75867,NS2,0.0,90.0,1.0,0.0,0.0
75962,NS2,0.0,90.0,1.0,0.0,0.0
76047,NS2,0.0,90.0,1.0,0.0,0.0
76048,NS2,0.0,90.0,1.0,0.0,0.0
76142,NS2,0.0,90.0,1.0,0.0,0.0
76143,NS2,0.0,90.0,1.0,0.0,0.0
76237,NS2,0.0,90.0,1.0,0.0,0.0
76238,NS2,0.0,90.0,1.0,0.0,0.0
76332,NS2,0.0,90.0,1.0,0.0,0.0
76333,NS2,0.0,90.0,1.0,0.0,0.0
76427,NS2,0.0,90.0,1.0,0.0,0.0
76428,NS2,0.0,90.0,1.0,0.0,0.0
76522,NS2,0.0,90.0,1.0,0.0,0.0
76523,NS2,0.0,90.0,1.0,0.0,0.0
76617,NS2,0.0,90.0,1.0,0.0,0.0
76618,NS2,0.0,90.0,1.0,0.0,0.0
76712,NS2,0.0,90.0,1.0,0.0,0.0
76713,NS2,0.0,90.0,1.0,0.0,0.0
76807,NS2,0.0,90.0,1.0,0.0,0.0
76808,NS2,0.0,90.0,1.0,0.0,0.0
76902,NS2,0.0,90.0,1.0,0.0,0.0
76903,NS2,0.0,90.0,1.0,0.0,0.0
76997,NS2,0.0,90.0,1.0,0.0,0.0
76998,NS2,0.0,90.0,1.0,0.0,0.0
77092,NS2,0.0,90.0,1.0,0.0,0.0
77093,NS2,0.0,90.0,1.0,0.0,0.0
77187,NS2,0.0,90.0,1.0,0.0,0.0
77188,NS2,0.0,90.0,1.0,0.0,0.0
77282,NS2,0.0,90.0,1.0,0.0,0.0
77283,NS2,0.0,90.0,1.0,0.0,0.0
77377,NS2,0.0,90.0,1.0,0.0,0.0
77378,NS2,0.0,90.0,1.0,0.0,0.0
77472,NS2,0.0,90.0,1.0,0.0,0.0
77473,NS2,0.0,90.0,1.0,0.0,0.0
77474,NS2,0.0,90.0,1.0,0.0,0.0
77475,NS2,0.0,90.0,1.0,0.0,0.0
77569,NS2,0.0,90.0,1.0,0.0,0.0
77570,NS2,0.0,90.0,1.0,0.0,0.0
77664,NS2,0.0,90.0,1.0,0.0,0.0
77665,NS2,0.0,90.0,1.0,0.0,0.0
77759,NS2,0.0,90.0,1.0,0.0,0.0
77760,NS2,0.0,90.0,1.0,0.0,0.0
77854,NS2,0.0,90.0,1.0,0.0,0.0
77855,NS2,0.0,90.0,1.0,0.0,0.0
77949,NS2,0.0,90.0,1.0,0.0,0.0
77950,NS2,0.0,90.0,1.0,0.0,0.0
78044,NS2,0.0,90.0,1.0,0.0,0.0
78045,NS2,0.0,90.0,1.0,0.0,0.0
78139,NS2,0.0,90.0,1.0,0.0,0.0
78140,NS2,0.0,90.0,1.0,0.0,0.0
78234,NS2,0.0,90.0,1.0,0.0,0.0
78235,NS2,0.0,90.0,1.0,0.0,0.0
78329,NS2,0.0,90.0,1.0,0.0,0.0
78330,NS2,0.0,90.0,1.0,0.0,0.0
78424,NS2,0.0,90.0,1.0,0.0,0.0
78425,NS2,0.0,90.0,1.0,0.0,0.0
78519,NS2,0.0,90.0,1.0,0.0,0.0
78520,NS2,0.0,90.0,1.0,0.0,0.0
78521,NS2,0.0,90.0,1.0,0.0,0.0
78522,NS2,0.0,90.0,1.0,0.0,0.0
78616,NS2,0.0,90.0,1.0,0.0,0.0
78617,NS2,0.0,90.0,1.0,0.0,0.0
78711,NS2,0.0,90.0,1.0,0.0,0.0
78712,NS2,0.0,90.0,1.0,0.0,0.0
78806,NS2,0.0,90.0,1.0,0.0,0.0
78807,NS2,0.0,90.0,1.0,0.0,0.0
78901,NS2,0.0,90.0,1.0,0.0,0.0
78902,NS2,0.0,90.0,1.0,0.0,0.0
78996,NS2,0.0,90.0,1.0,0.0,0.0
78997,NS2,0.0,90.0,1.0,0.0,0.0
79091,NS2,0.0,90.0,1.0,0.0,0.0
79092,NS2,0.0,90.0,1.0,0.0,0.0
79186,NS2,0.0,90.0,1.0,0.0,0.0
79187,NS2,0.0,90.0,1.0,0.0,0.0
79281,NS2,0.0,90.0,1.0,0.0,0.0
79282,NS2,0.0,90.0,1.0,0.0,0.0
79376,NS2,0.0,90.0,1.0,0.0,0.0
79377,NS2,0.0,90.0,1.0,0.0,0.0
79471,NS2,0.0,90.0,1.0,0.0,0.0
79472,NS2,0.0,90.0,1.0,0.0,0.0
79566,NS2,0.0,90.0,1.0,0.0,0.0
79567,NS2,0.0,90.0,1.0,0.0,0.0
79568,NS2,0.0,90.0,1.0,0.0,0.0
79569,NS2,0.0,90.0,1.0,0.0,0.0
79663,NS2,0.0,90.0,1.0,0.0,0.0
79664,NS2,0.0,90.0,1.0,0.0,0.0
79758,NS2,0.0,90.0,1.0,0.0,0.0
79759,NS2,0.0,90.0,1.0,0.0,0.0
79853,NS2,0.0,90.0,1.0,0.0,0.0
79854,NS2,0.0,90.0,1.0,0.0,0.0
79948,NS2,0.0,90.0,1.0,0.0,0.0
79949,NS2,0.0,90.0,1.0,0.0,0.0
80043,NS2,0.0,90.0,1.0,0.0,0.0
80044,NS2,0.0,90.0,1.0,0.0,0.0
80138,NS2,0.0,90.0,1.0,0.0,0.0
80139,NS2,0.0,90.0,1.0,0.0,0.0
80233,NS2,0.0,90.0,1.0,0.0,0.0
80234,NS2,0.0,90.0,1.0,0.0,0.0
80328,NS2,0.0,90.0,1.0,0.0,0.0
80329,NS2,0.0,90.0,1.0,0.0,0.0
80423,NS2,0.0,90.0,1.0,0.0,0.0
80424,NS2,0.0,90.0,1.0,0.0,0.0
80518,NS2,0.0,90.0,1.0,0.0,0.0
80519,NS2,0.0,90.0,1.0,0.0,0.0
80613,NS2,0.0,90.0,1.0,0.0,0.0
80614,NS2,0.0,90.0,1.0,0.0,0.0
80615,NS2,0.0,90.0,1.0,0.0,0.0
80616,NS2,0.0,90.0,1.0,0.0,0.0
80710,NS2,0.0,90.0,1.0,0.0,0.0
80711,NS2,0.0,90.0,1.0,0.0,0.0
80805,NS2,0.0,90.0,1.0,0.0,0.0
80806,NS2,0.0,90.0,1.0,0.0,0.0
80900,NS2,0.0,90.0,1.0,0.0,0.0
80901,NS2,0.0,90.0,1.0,0.0,0.0
80995,NS2,0.0,90.0,1.0,0.0,0.0
80996,NS2,0.0,90.0,1.0,0.0,0.0
81090,NS2,0.0,90.0,1.0,0.0,0.0
81091,NS2,0.0,90.0,1.0,0.0,0.0
81185,NS2,0.0,90.0,1.0,0.0,0.0
81186,NS2,0.0,90.0,1.0,0.0,0.0
81280,NS2,0.0,90.0,1.0,0.0,0.0
81281,NS2,0.0,90.0,1.0,0.0,0.0
81375,NS2,0.0,90.0,1.0,0.0,0.0
81376,NS2,0.0,90.0,1.0,0.0,0.0
81470,NS2,0.0,90.0,1.0,0.0,0.0
81471,NS2,0.0,90.0,1.0,0.0,0.0
81565,NS2,0.0,90.0,1.0,0.0,0.0
81566,NS2,0.0,90.0,1.0,0.0,0.0
81660,NS2,0.0,90.0,1.0,0.0,0.0
81661,NS2,0.0,90.0,1.0,0.0,0.0
81662,NS2,0.0,90.0,1.0,0.0,0.0
81757,NS2,0.0,90.0,1.0,0.0,0.0
81852,NS2,0.0,90.0,1.0,0.0,0.0
81947,NS2,0.0,90.0,1.0,0.0,0.0
82042,NS2,0.0,90.0,1.0,0.0,0.0
82137,NS2,0.0,90.0,1.0,0.0,0.0
82232,NS2,0.0,90.0,1.0,0.0,0.0
82327,NS2,0.0,90.0,1.0,0.0,0.0
82422,NS2,0.0,90.0,1.0,0.0,0.0
82517,NS2,0.0,90.0,1.0,0.0,0.0
82612,NS2,0.0,90.0,1.0,0.0,0.0
82707,NS2,0.0,90.0,1.0,0.0,0.0
82802,NS2,0.0,90.0,1.0,0.0,0.0
82897,NS2,0.0,90.0,1.0,0.0,0.0
82992,NS2,0.0,90.0,1.0,0.0,0.0
83087,NS2,0.0,90.0,1.0,0.0,0.0
83182,NS2,0.0,90.0,1.0,0.0,0.0
83277,NS2,0.0,90.0,1.0,0.0,0.0
83372,NS2,0.0,90.0,1.0,0.0,0.0
83467,NS2,0.0,90.0,1.0,0.0,0.0
83562,NS2,0.0,90.0,1.0,0.0,0.0
83647,NS2,0.0,90.0,1.0,0.0,0.0
83648,NS2,0.0,90.0,1.0,0.0,0.0
83742,NS2,0.0,90.0,1.0,0.0,0.0
83743,NS2,0.0,90.0,1.0,0.0,0.0
83837,NS2,0.0,90.0,1.0,0.0,0.0
83838,NS2,0.0,90.0,1.0,0.0,0.0
83932,NS2,0.0,90.0,1.0,0.0,0.0
83933,NS2,0.0,90.0,1.0,0.0,0.0
84027,NS2,0.0,90.0,1.0,0.0,0.0
84028,NS2,0.0,90.0,1.0,0.0,0.0
84122,NS2,0.0,90.0,1.0,0.0,0.0
84123,NS2,0.0,90.0,1.0,0.0,0.0
84217,NS2,0.0,90.0,1.0,0.0,0.0
84218,NS2,0.0,90.0,1.0,0.0,0.0
84312,NS2,0.0,90.0,1.0,0.0,0.0
84313,NS2,0.0,90.0,1.0,0.0,0.0
84407,NS2,0.0,90.0,1.0,0.0,0.0
84408,NS2,0.0,90.0,1.0,0.0,0.0
84502,NS2,0.0,90.0,1.0,0.0,0.0
84503,NS2,0.0,90.0,1.0,0.0,0.0
84597,NS2,0.0,90.0,1.0,0.0,0.0
84598,NS2,0.0,90.0,1.0,0.0,0.0
84692,NS2,0.0,90.0,1.0,0.0,0.0
84693,NS2,0.0,90.0,1.0,0.0,0.0
84787,NS2,0.0,90.0,1.0,0.0,0.0
84788,NS2,0.0,90.0,1.0,0.0,0.0
84882,NS2,0.0,90.0,1.0,0.0,0.0
84883,NS2,0.0,90.0,1.0,0.0,0.0
84977,NS2,0.0,90.0,1.0,0.0,0.0
84978,NS2,0.0,90.0,1.0,0.0,0.0
85072,NS2,0.0,90.0,1.0,0.0,0.0
85073,NS2,0.0,90.0,1.0,0.0,0.0
85074,NS2,0.0,90.0,1.0,0.0,0.0
85075,NS2,0.0,90.0,1.0,0.0,0.0
85169,NS2,0.0,90.0,1.0,0.0,0.0
85170,NS2,0.0,90.0,1.0,0.0,0.0
85264,NS2,0.0,90.0,1.0,0.0,0.0
85265,NS2,0.0,90.0,1.0,0.0,0.0
85359,NS2,0.0,90.0,1.0,0.0,0.0
85360,NS2,0.0,90.0,1.0,0.0,0.0
85454,NS2,0.0,90.0,1.0,0.0,0.0
85455,NS2,0.0,90.0,1.0,0.0,0.0
85549,NS2,0.0,90.0,1.0,0.0,0.0
85550,NS2,0.0,90.0,1.0,0.0,0.0
85644,NS2,0.0,90.0,1.0,0.0,0.0
85645,NS2,0.0,90.0,1.0,0.0,0.0
85739,NS2,0.0,90.0,1.0,0.0,0.0
85740,NS2,0.0,90.0,1.0,0.0,0.0
85834,NS2,0.0,90.0,1.0,0.0,0.0
85835,NS2,0.0,90.0,1.0,0.0,0.0
85929,NS2,0.0,90.0,1.0,0.0,0.0
85930,NS2,0.0,90.0,1.0,0.0,0.0
86024,NS2,0.0,90.0,1.0,0.0,0.0
86025,NS2,0.0,90.0,1.0,0.0,0.0
86119,NS2,0.0,90.0,1.0,0.0,0.0
86120,NS2,0.0,90.0,1.0,0.0,0.0
86121,NS2,0.0,90.0,1.0,0.0,0.0
86122,NS2,0.0,90.0,1.0,0.0,0.0
86216,NS2,0.0,90.0,1.0,0.0,0.0
86217,NS2,0.0,90.0,1.0,0.0,0.0
86311,NS2,0.0,90.0,1.0,0.0,0.0
86312,NS2,0.0,90.0,1.0,0.0,0.0
86406,NS2,0.0,90.0,1.0,0.0,0.0
86407,NS2,0.0,90.0,1.0,0.0,0.0
86501,NS2,0.0,90.0,1.0,0.0,0.0
86502,NS2,0.0,90.0,1.0,0.0,0.0
86596,NS2,0.0,90.0,1.0,0.0,0.0
86597,NS2,0.0,90.0,1.0,0.0,0.0
86691,NS2,0.0,90.0,1.0,0.0,0.0
86692,NS2,0.0,90.0,1.0,0.0,0.0
86786,NS2,0.0,90.0,1.0,0.0,0.0
86787,NS2,0.0,90.0,1.0,0.0,0.0
86881,NS2,0.0,90.0,1.0,0.0,0.0
86882,NS2,0.0,90.0,1.0,0.0,0.0
86976,NS2,0.0,90.0,1.0,0.0,0.0
86977,NS2,0.0,90.0,1.0,0.0,0.0
87071,NS2,0.0,90.0,1.0,0.0,0.0
87072,NS2,0.0,90.0,1.0,0.0,0.0
87166,NS2,0.0,90.0,1.0,0.0,0.0
87167,NS2,0.0,90.0,1.0,0.0,0.0
87168,NS2,0.0,90.0,1.0,0.0,0.0
87169,NS2,0.0,90.0,1.0,0.0,0.0
87263,NS2,0.0,90.0,1.0,0.0,0.0
87264,NS2,0.0,90.0,1.0,0.0,0.0
87358,NS2,0.0,90.0,1.0,0.0,0.0
87359,NS2,0.0,90.0,1.0,0.0,0.0
87453,NS2,0.0,90.0,1.0,0.0,0.0
87454,NS2,0.0,90.0,1.0,0.0,0.0
87548,NS2,0.0,90.0,1.0,0.0,0.0
87549,NS2,0.0,90.0,1.0,0.0,0.0
87643,NS2,0.0,90.0,1.0,0.0,0.0
87644,NS2,0.0,90.0,1.0,0.0,0.0
87738,NS2,0.0,90.0,1.0,0.0,0.0
87739,NS2,0.0,90.0,1.0,0.0,0.0
87833,NS2,0.0,90.0,1.0,0.0,0.0
87834,NS2,0.0,90.0,1.0,0.0,0.0
87928,NS2,0.0,90.0,1.0,0.0,0.0
87929,NS2,0.0,90.0,1.0,0.0,0.0
88023,NS2,0.0,90.0,1.0,0.0,0.0
88024,NS2,0.0,90.0,1.0,0.0,0.0
88118,NS2,0.0,90.0,1.0,0.0,0.0
88119,NS2,0.0,90.0,1.0,0.0,0.0
88213,NS2,0.0,90.0,1.0,0.0,0.0
88214,NS2,0.0,90.0,1.0,0.0,0.0
88215,NS2,0.0,90.0,1.0,0.0,0.0
88216,NS2,0.0,90.0,1.0,0.0,0.0
88310,NS2,0.0,90.0,1.0,0.0,0.0
88311,NS2,0.0,90.0,1.0,0.0,0.0
88405,NS2,0.0,90.0,1.0,0.0,0.0
88406,NS2,0.0,90.0,1.0,0.0,0.0
88500,NS2,0.0,90.0,1.0,0.0,0.0
88501,NS2,0.0,90.0,1.0,0.0,0.0
88595,NS2,0.0,90.0,1.0,0.0,0.0
88596,NS2,0.0,90.0,1.0,0.0,0.0
88690,NS2,0.0,90.0,1.0,0.0,0.0
88691,NS2,0.0,90.0,1.0,0.0,0.0
88785,NS2,0.0,90.0,1.0,0.0,0.0
88786,NS2,0.0,90.0,1.0,0.0,0.0
88880,NS2,0.0,90.0,1.0,0.0,0.0
88881,NS2,0.0,90.0,1.0,0.0,0.0
88975,NS2,0.0,90.0,1.0,0.0,0.0
88976,NS2,0.0,90.0,1.0,0.0,0.0
89070,NS2,0.0,90.0,1.0,0.0,0.0
89071,NS2,0.0,90.0,1.0,0.0,0.0
89165,NS2,0.0,90.0,1.0,0.0,0.0
89166,NS2,0.0,90.0,1.0,0.0,0.0
89260,NS2,0.0,90.0,1.0,0.0,0.0
89261,NS2,0.0,90.0,1.0,0.0,0.0
89262,NS2,0.0,90.0,1.0,0.0,0.0
89357,NS2,0.0,90.0,1.0,0.0,0.0
89452,NS2,0.0,90.0,1.0,0.0,0.0
89547,NS2,0.0,90.0,1.0,0.0,0.0
89642,NS2,0.0,90.0,1.0,0.0,0.0
89737,NS2,0.0,90.0,1.0,0.0,0.0
89832,NS2,0.0,90.0,1.0,0.0,0.0
89927,NS2,0.0,90.0,1.0,0.0,0.0
90022,NS2,0.0,90.0,1.0,0.0,0.0
90117,NS2,0.0,90.0,1.0,0.0,0.0
90212,NS2,0.0,90.0,1.0,0.0,0.0
90307,NS2,0.0,90.0,1.0,0.0,0.0
90402,NS2,0.0,90.0,1.0,0.0,0.0
90497,NS2,0.0,90.0,1.0,0.0,0.0
90592,NS2,0.0,90.0,1.0,0.0,0.0
90687,NS2,0.0,90.0,1.0,0.0,0.0
90782,NS2,0.0,90.0,1.0,0.0,0.0
90877,NS2,0.0,90.0,1.0,0.0,0.0
90972,NS2,0.0,90.0,1.0,0.0,0.0
91067,NS2,0.0,90.0,1.0,0.0,0.0
91162,NS2,0.0,90.0,1.0,0.0,0.0
91247,NS2,0.0,90.0,1.0,0.0,0.0
91248,NS2,0.0,90.0,1.0,0.0,0.0
91342,NS2,0.0,90.0,1.0,0.0,0.0
91343,NS2,0.0,90.0,1.0,0.0,0.0
91437,NS2,0.0,90.0,1.0,0.0,0.0
91438,NS2,0.0,90.0,1.0,0.0,0.0
91532,NS2,0.0,90.0,1.0,0.0,0.0
91533,NS2,0.0,90.0,1.0,0.0,0.0
91627,NS2,0.0,90.0,1.0,0.0,0.0
91628,NS2,0.0,90.0,1.0,0.0,0.0
91722,NS2,0.0,90.0,1.0,0.0,0.0
91723,NS2,0.0,90.0,1.0,0.0,0.0
91817,NS2,0.0,90.0,1.0,0.0,0.0
91818,NS2,0.0,90.0,1.0,0.0,0.0
91912,NS2,0.0,90.0,1.0,0.0,0.0
91913,NS2,0.0,90.0,1.0,0.0,0.0
92007,NS2,0.0,90.0,1.0,0.0,0.0
92008,NS2,0.0,90.0,1.0,0.0,0.0
92102,NS2,0.0,90.0,1.0,0.0,0.0
92103,NS2,0.0,90.0,1.0,0.0,0.0
92197,NS2,0.0,90.0,1.0,0.0,0.0
92198,NS2,0.0,90.0,1.0,0.0,0.0
92292,NS2,0.0,90.0,1.0,0.0,0.0
92293,NS2,0.0,90.0,1.0,0.0,0.0
92387,NS2,0.0,90.0,1.0,0.0,0.0
92388,NS2,0.0,90.0,1.0,0.0,0.0
92482,NS2,0.0,90.0,1.0,0.0,0.0
92483,NS2,0.0,90.0,1.0,0.0,0.0
92577,NS2,0.0,90.0,1.0,0.0,0.0
92578,NS2,0.0,90.0,1.0,0.0,0.0
92672,NS2,0.0,90.0,1.0,0.0,0.0
92673,NS2,0.0,90.0,1.0,0.0,0.0
92674,NS2,0.0,90.0,1.0,0.0,0.0
92675,NS2,0.0,90.0,1.0,0.0,0.0
92769,NS2,0.0,90.0,1.0,0.0,0.0
92770,NS2,0.0,90.0,1.0,0.0,0.0
92864,NS2,0.0,90.0,1.0,0.0,0.0
92865,NS2,0.0,90.0,1.0,0.0,0.0
92959,NS2,0.0,90.0,1.0,0.0,0.0
92960,NS2,0.0,90.0,1.0,0.0,0.0
93054,NS2,0.0,90.0,1.0,0.0,0.0
93055,NS2,0.0,90.0,1.0,0.0,0.0
93149,NS2,0.0,90.0,1.0,0.0,0.0
93150,NS2,0.0,90.0,1.0,0.0,0.0
93244,NS2,0.0,90.0,1.0,0.0,0.0
93245,NS2,0.0,90.0,1.0,0.0,0.0
93339,NS2,0.0,90.0,1.0,0.0,0.0
93340,NS2,0.0,90.0,1.0,0.0,0.0
93434,NS2,0.0,90.0,1.0,0.0,0.0
93435,NS2,0.0,90.0,1.0,0.0,0.0
93529,NS2,0.0,90.0,1.0,0.0,0.0
93530,NS2,0.0,90.0,1.0,0.0,0.0
93624,NS2,0.0,90.0,1.0,0.0,0.0
93625,NS2,0.0,90.0,1.0,0.0,0.0
93719,NS2,0.0,90.0,1.0,0.0,0.0
93720,NS2,0.0,90.0,1.0,0.0,0.0
93721,NS2,0.0,90.0,1.0,0.0,0.0
93722,NS2,0.0,90.0,1.0,0.0,0.0
93816,NS2,0.0,90.0,1.0,0.0,0.0
93817,NS2,0.0,90.0,1.0,0.0,0.0
93911,NS2,0.0,90.0,1.0,0.0,0.0
93912,NS2,0.0,90.0,1.0,0.0,0.0
94006,NS2,0.0,90.0,1.0,0.0,0.0
94007,NS2,0.0,90.0,1.0,0.0,0.0
94101,NS2,0.0,90.0,1.0,0.0,0.0
94102,NS2,0.0,90.0,1.0,0.0,0.0
94196,NS2,0.0,90.0,1.0,0.0,0.0
94197,NS2,0.0,90.0,1.0,0.0,0.0
94291,NS2,0.0,90.0,1.0,0.0,0.0
94292,NS2,0.0,90.0,1.0,0.0,0.0
94386,NS2,0.0,90.0,1.0,0.0,0.0
94387,NS2,0.0,90.0,1.0,0.0,0.0
94481,NS2,0.0,90.0,1.0,0.0,0.0
94482,NS2,0.0,90.0,1.0,0.0,0.0
94576,NS2,0.0,90.0,1.0,0.0,0.0
94577,NS2,0.0,90.0,1.0,0.0,0.0
94671,NS2,0.0,90.0,1.0,0.0,0.0
94672,NS2,0.0,90.0,1.0,0.0,0.0
94766,NS2,0.0,90.0,1.0,0.0,0.0
94767,NS2,0.0,90.0,1.0,0.0,0.0
94768,NS2,0.0,90.0,1.0,0.0,0.0
94769,NS2,0.0,90.0,1.0,0.0,0.0
94863,NS2,0.0,90.0,1.0,0.0,0.0
94864,NS2,0.0,90.0,1.0,0.0,0.0
94958,NS2,0.0,90.0,1.0,0.0,0.0
94959,NS2,0.0,90.0,1.0,0.0,0.0
95053,NS2,0.0,90.0,1.0,0.0,0.0
95054,NS2,0.0,90.0,1.0,0.0,0.0
95148,NS2,0.0,90.0,1.0,0.0,0.0
95149,NS2,0.0,90.0,1.0,0.0,0.0
95243,NS2,0.0,90.0,1.0,0.0,0.0
95244,NS2,0.0,90.0,1.0,0.0,0.0
95338,NS2,0.0,90.0,1.0,0.0,0.0
95339,NS2,0.0,90.0,1.0,0.0,0.0
95433,NS2,0.0,90.0,1.0,0.0,0.0
95434,NS2,0.0,90.0,1.0,0.0,0.0
95528,NS2,0.0,90.0,1.0,0.0,0.0
95529,NS2,0.0,90.0,1.0,0.0,0.0
95623,NS2,0.0,90.0,1.0,0.0,0.0
95624,NS2,0.0,90.0,1.0,0.0,0.0
95718,NS2,0.0,90.0,1.0,0.0,0.0
95719,NS2,0.0,90.0,1.0,0.0,0.0
95813,NS2,0.0,90.0,1.0,0.0,0.0
95814,NS2,0.0,90.0,1.0,0.0,0.0
95815,NS2,0.0,90.0,1.0,0.0,0.0
95816,NS2,0.0,90.0,1.0,0.0,0.0
95910,NS2,0.0,90.0,1.0,0.0,0.0
95911,NS2,0.0,90.0,1.0,0.0,0.0
96005,NS2,0.0,90.0,1.0,0.0,0.0
96006,NS2,0.0,90.0,1.0,0.0,0.0
96100,NS2,0.0,90.0,1.0,0.0,0.0
96101,NS2,0.0,90.0,1.0,0.0,0.0
96195,NS2,0.0,90.0,1.0,0.0,0.0
96196,NS2,0.0,90.0,1.0,0.0,0.0
96290,NS2,0.0,90.0,1.0,0.0,0.0
96291,NS2,0.0,90.0,1.0,0.0,0.0
96385,NS2,0.0,90.0,1.0,0.0,0.0
96386,NS2,0.0,90.0,1.0,0.0,0.0
96480,NS2,0.0,90.0,1.0,0.0,0.0
96481,NS2,0.0,90.0,1.0,0.0,0.0
96575,NS2,0.0,90.0,1.0,0.0,0.0
96576,NS2,0.0,90.0,1.0,0.0,0.0
96670,NS2,0.0,90.0,1.0,0.0,0.0
96671,NS2,0.0,90.0,1.0,0.0,0.0
96765,NS2,0.0,90.0,1.0,0.0,0.0
96766,NS2,0.0,90.0,1.0,0.0,0.0
96860,NS2,0.0,90.0,1.0,0.0,0.0
96861,NS2,0.0,90.0,1.0,0.0,0.0
96862,NS2,0.0,90.0,1.0,0.0,0.0
96957,NS2,0.0,90.0,1.0,0.0,0.0
97052,NS2,0.0,90.0,1.0,0.0,0.0
97147,NS2,0.0,90.0,1.0,0.0,0.0
97242,NS2,0.0,90.0,1.0,0.0,0.0
97337,NS2,0.0,90.0,1.0,0.0,0.0
97432,NS2,0.0,90.0,1.0,0.0,0.0
97527,NS2,0.0,90.0,1.0,0.0,0.0
97622,NS2,0.0,90.0,1.0,0.0,0.0
97717,NS2,0.0,90.0,1.0,0.0,0.0
97812,NS2,0.0,90.0,1.0,0.0,0.0
97907,NS2,0.0,90.0,1.0,0.0,0.0
98002,NS2,0.0,90.0,1.0,0.0,0.0
98097,NS2,0.0,90.0,1.0,0.0,0.0
98192,NS2,0.0,90.0,1.0,0.0,0.0
98287,NS2,0.0,90.0,1.0,0.0,0.0
98382,NS2,0.0,90.0,1.0,0.0,0.0
98477,NS2,0.0,90.0,1.0,0.0,0.0
98572,NS2,0.0,90.0,1.0,0.0,0.0
98667,NS2,0.0,90.0,1.0,0.0,0.0
98762,NS2,0.0,90.0,1.0,0.0,0.0
98847,NS2,0.0,90.0,1.0,0.0,0.0
98848,NS2,0.0,90.0,1.0,0.0,0.0
98942,NS2,0.0,90.0,1.0,0.0,0.0
98943,NS2,0.0,90.0,1.0,0.0,0.0
99037,NS2,0.0,90.0,1.0,0.0,0.0
99038,NS2,0.0,90.0,1.0,0.0,0.0
99132,NS2,0.0,90.0,1.0,0.0,0.0
99133,NS2,0.0,90.0,1.0,0.0,0.0
99227,NS2,0.0,90.0,1.0,0.0,0.0
99228,NS2,0.0,90.0,1.0,0.0,0.0
99322,NS2,0.0,90.0,1.0,0.0,0.0
99323,NS2,0.0,90.0,1.0,0.0,0.0
99417,NS2,0.0,90.0,1.0,0.0,0.0
99418,NS2,0.0,90.0,1.0,0.0,0.0
99512,NS2,0.0,90.0,1.0,0.0,0.0
99513,NS2,0.0,90.0,1.0,0.0,0.0
99607,NS2,0.0,90.0,1.0,0.0,0.0
99608,NS2,0.0,90.0,1.0,0.0,0.0
99702,NS2,0.0,90.0,1.0,0.0,0.0
99703,NS2,0.0,90.0,1.0,0.0,0.0
99797,NS2,0.0,90.0,1.0,0.0,0.0
99798,NS2,0.0,90.0,1.0,0.0,0.0
99892,NS2,0.0,90.0,1.0,0.0,0.0
99893,NS2,0.0,90.0,1.0,0.0,0.0
99987,NS2,0.0,90.0,1.0,0.0,0.0
99988,NS2,0.0,90.0,1.0,0.0,0.0
100082,NS2,0.0,90.0,1.0,0.0,0.0
100083,NS2,0.0,90.0,1.0,0.0,0.0
100177,NS2,0.0,90.0,1.0,0.0,0.0
100178,NS2,0.0,90.0,1.0,0.0,0.0
100272,NS2,0.0,90.0,1.0,0.0,0.0
100273,NS2,0.0,90.0,1.0,0.0,0.0
100274,NS2,0.0,90.0,1.0,0.0,0.0
100275,NS2,0.0,90.0,1.0,0.0,0.0
100369,NS2,0.0,90.0,1.0,0.0,0.0
100370,NS2,0.0,90.0,1.0,0.0,0.0
100464,NS2,0.0,90.0,1.0,0.0,0.0
100465,NS2,0.0,90.0,1.0,0.0,0.0
100559,NS2,0.0,90.0,1.0,0.0,0.0
100560,NS2,0.0,90.0,1.0,0.0,0.0
100654,NS2,0.0,90.0,1.0,0.0,0.0
100655,NS2,0.0,90.0,1.0,0.0,0.0
100749,NS2,0.0,90.0,1.0,0.0,0.0
100750,NS2,0.0,90.0,1.0,0.0,0.0
100844,NS2,0.0,90.0,1.0,0.0,0.0
100845,NS2,0.0,90.0,1.0,0.0,0.0
100939,NS2,0.0,90.0,1.0,0.0,0.0
100940,NS2,0.0,90.0,1.0,0.0,0.0
101034,NS2,0.0,90.0,1.0,0.0,0.0
101035,NS2,0.0,90.0,1.0,0.0,0.0
101129,NS2,0.0,90.0,1.0,0.0,0.0
101130,NS2,0.0,90.0,1.0,0.0,0.0
101224,NS2,0.0,90.0,1.0,0.0,0.0
101225,NS2,0.0,90.0,1.0,0.0,0.0
101319,NS2,0.0,90.0,1.0,0.0,0.0
101320,NS2,0.0,90.0,1.0,0.0,0.0
101321,NS2,0.0,90.0,1.0,0.0,0.0
101322,NS2,0.0,90.0,1.0,0.0,0.0
101416,NS2,0.0,90.0,1.0,0.0,0.0
101417,NS2,0.0,90.0,1.0,0.0,0.0
101511,NS2,0.0,90.0,1.0,0.0,0.0
101512,NS2,0.0,90.0,1.0,0.0,0.0
101606,NS2,0.0,90.0,1.0,0.0,0.0
101607,NS2,0.0,90.0,1.0,0.0,0.0
101701,NS2,0.0,90.0,1.0,0.0,0.0
101702,NS2,0.0,90.0,1.0,0.0,0.0
101796,NS2,0.0,90.0,1.0,0.0,0.0
101797,NS2,0.0,90.0,1.0,0.0,0.0
101891,NS2,0.0,90.0,1.0,0.0,0.0
101892,NS2,0.0,90.0,1.0,0.0,0.0
101986,NS2,0.0,90.0,1.0,0.0,0.0
101987,NS2,0.0,90.0,1.0,0.0,0.0
102081,NS2,0.0,90.0,1.0,0.0,0.0
102082,NS2,0.0,90.0,1.0,0.0,0.0
102176,NS2,0.0,90.0,1.0,0.0,0.0
102177,NS2,0.0,90.0,1.0,0.0,0.0
102271,NS2,0.0,90.0,1.0,0.0,0.0
102272,NS2,0.0,90.0,1.0,0.0,0.0
102366,NS2,0.0,90.0,1.0,0.0,0.0
102367,NS2,0.0,90.0,1.0,0.0,0.0
102368,NS2,0.0,90.0,1.0,0.0,0.0
102369,NS2,0.0,90.0,1.0,0.0,0.0
102463,NS2,0.0,90.0,1.0,0.0,0.0
102464,NS2,0.0,90.0,1.0,0.0,0.0
102558,NS2,0.0,90.0,1.0,0.0,0.0
102559,NS2,0.0,90.0,1.0,0.0,0.0
102653,NS2,0.0,90.0,1.0,0.0,0.0
102654,NS2,0.0,90.0,1.0,0.0,0.0
102748,NS2,0.0,90.0,1.0,0.0,0.0
102749,NS2,0.0,90.0,1.0,0.0,0.0
102843,NS2,0.0,90.0,1.0,0.0,0.0
102844,NS2,0.0,90.0,1.0,0.0,0.0
102938,NS2,0.0,90.0,1.0,0.0,0.0
102939,NS2,0.0,90.0,1.0,0.0,0.0
103033,NS2,0.0,90.0,1.0,0.0,0.0
103034,NS2,0.0,90.0,1.0,0.0,0.0
103128,NS2,0.0,90.0,1.0,0.0,0.0
103129,NS2,0.0,90.0,1.0,0.0,0.0
103223,NS2,0.0,90.0,1.0,0.0,0.0
103224,NS2,0.0,90.0,1.0,0.0,0.0
103318,NS2,0.0,90.0,1.0,0.0,0.0
103319,NS2,0.0,90.0,1.0,0.0,0.0
103413,NS2,0.0,90.0,1.0,0.0,0.0
103414,NS2,0.0,90.0,1.0,0.0,0.0
103415,NS2,0.0,90.0,1.0,0.0,0.0
103416,NS2,0.0,90.0,1.0,0.0,0.0
103510,NS2,0.0,90.0,1.0,0.0,0.0
103511,NS2,0.0,90.0,1.0,0.0,0.0
103605,NS2,0.0,90.0,1.0,0.0,0.0
103606,NS2,0.0,90.0,1.0,0.0,0.0
103700,NS2,0.0,90.0,1.0,0.0,0.0
103701,NS2,0.0,90.0,1.0,0.0,0.0
103795,NS2,0.0,90.0,1.0,0.0,0.0
103796,NS2,0.0,90.0,1.0,0.0,0.0
103890,NS2,0.0,90.0,1.0,0.0,0.0
103891,NS2,0.0,90.0,1.0,0.0,0.0
103985,NS2,0.0,90.0,1.0,0.0,0.0
103986,NS2,0.0,90.0,1.0,0.0,0.0
104080,NS2,0.0,90.0,1.0,0.0,0.0
104081,NS2,0.0,90.0,1.0,0.0,0.0
104175,NS2,0.0,90.0,1.0,0.0,0.0
104176,NS2,0.0,90.0,1.0,0.0,0.0
104270,NS2,0.0,90.0,1.0,0.0,0.0
104271,NS2,0.0,90.0,1.0,0.0,0.0
104365,NS2,0.0,90.0,1.0,0.0,0.0
104366,NS2,0.0,90.0,1.0,0.0,0.0
104460,NS2,0.0,90.0,1.0,0.0,0.0
104461,NS2,0.0,90.0,1.0,0.0,0.0
104462,NS2,0.0,90.0,1.0,0.0,0.0
104557,NS2,0.0,90.0,1.0,0.0,0.0
104652,NS2,0.0,90.0,1.0,0.0,0.0
104747,NS2,0.0,90.0,1.0,0.0,0.0
104842,NS2,0.0,90.0,1.0,0.0,0.0
104937,NS2,0.0,90.0,1.0,0.0,0.0
105032,NS2,0.0,90.0,1.0,0.0,0.0
105127,NS2,0.0,90.0,1.0,0.0,0.0
105222,NS2,0.0,90.0,1.0,0.0,0.0
105317,NS2,0.0,90.0,1.0,0.0,0.0
105412,NS2,0.0,90.0,1.0,0.0,0.0
105507,NS2,0.0,90.0,1.0,0.0,0.0
105602,NS2,0.0,90.0,1.0,0.0,0.0
105697,NS2,0.0,90.0,1.0,0.0,0.0
105792,NS2,0.0,90.0,1.0,0.0,0.0
105887,NS2,0.0,90.0,1.0,0.0,0.0
105982,NS2,0.0,90.0,1.0,0.0,0.0
106077,NS2,0.0,90.0,1.0,0.0,0.0
106172,NS2,0.0,90.0,1.0,0.0,0.0
106267,NS2,0.0,90.0,1.0,0.0,0.0
106362,NS2,0.0,90.0,1.0,0.0,0.0
106447,NS2,0.0,90.0,1.0,0.0,0.0
106448,NS2,0.0,90.0,1.0,0.0,0.0
106542,NS2,0.0,90.0,1.0,0.0,0.0
106543,NS2,0.0,90.0,1.0,0.0,0.0
106637,NS2,0.0,90.0,1.0,0.0,0.0
106638,NS2,0.0,90.0,1.0,0.0,0.0
106732,NS2,0.0,90.0,1.0,0.0,0.0
106733,NS2,0.0,90.0,1.0,0.0,0.0
106827,NS2,0.0,90.0,1.0,0.0,0.0
106828,NS2,0.0,90.0,1.0,0.0,0.0
106922,NS2,0.0,90.0,1.0,0.0,0.0
106923,NS2,0.0,90.0,1.0,0.0,0.0
107017,NS2,0.0,90.0,1.0,0.0,0.0
107018,NS2,0.0,90.0,1.0,0.0,0.0
107112,NS2,0.0,90.0,1.0,0.0,0.0
107113,NS2,0.0,90.0,1.0,0.0,0.0
107207,NS2,0.0,90.0,1.0,0.0,0.0
107208,NS2,0.0,90.0,1.0,0.0,0.0
107302,NS2,0.0,90.0,1.0,0.0,0.0
107303,NS2,0.0,90.0,1.0,0.0,0.0
107397,NS2,0.0,90.0,1.0,0.0,0.0
107398,NS2,0.0,90.0,1.0,0.0,0.0
107492,NS2,0.0,90.0,1.0,0.0,0.0
107493,NS2,0.0,90.0,1.0,0.0,0.0
107587,NS2,0.0,90.0,1.0,0.0,0.0
107588,NS2,0.0,90.0,1.0,0.0,0.0
107682,NS2,0.0,90.0,1.0,0.0,0.0
107683,NS2,0.0,90.0,1.0,0.0,0.0
107777,NS2,0.0,90.0,1.0,0.0,0.0
107778,NS2,0.0,90.0,1.0,0.0,0.0
107872,NS2,0.0,90.0,1.0,0.0,0.0
107873,NS2,0.0,90.0,1.0,0.0,0.0
107874,NS2,0.0,90.0,1.0,0.0,0.0
107875,NS2,0.0,90.0,1.0,0.0,0.0
107969,NS2,0.0,90.0,1.0,0.0,0.0
107970,NS2,0.0,90.0,1.0,0.0,0.0
108064,NS2,0.0,90.0,1.0,0.0,0.0
108065,NS2,0.0,90.0,1.0,0.0,0.0
108159,NS2,0.0,90.0,1.0,0.0,0.0
108160,NS2,0.0,90.0,1.0,0.0,0.0
108254,NS2,0.0,90.0,1.0,0.0,0.0
108255,NS2,0.0,90.0,1.0,0.0,0.0
108349,NS2,0.0,90.0,1.0,0.0,0.0
108350,NS2,0.0,90.0,1.0,0.0,0.0
108444,NS2,0.0,90.0,1.0,0.0,0.0
108445,NS2,0.0,90.0,1.0,0.0,0.0
108539,NS2,0.0,90.0,1.0,0.0,0.0
108540,NS2,0.0,90.0,1.0,0.0,0.0
108634,NS2,0.0,90.0,1.0,0.0,0.0
108635,NS2,0.0,90.0,1.0,0.0,0.0
108729,NS2,0.0,90.0,1.0,0.0,0.0
108730,NS2,0.0,90.0,1.0,0.0,0.0
108824,NS2,0.0,90.0,1.0,0.0,0.0
108825,NS2,0.0,90.0,1.0,0.0,0.0
108919,NS2,0.0,90.0,1.0,0.0,0.0
108920,NS2,0.0,90.0,1.0,0.0,0.0
108921,NS2,0.0,90.0,1.0,0.0,0.0
108922,NS2,0.0,90.0,1.0,0.0,0.0
109016,NS2,0.0,90.0,1.0,0.0,0.0
109017,NS2,0.0,90.0,1.0,0.0,0.0
109111,NS2,0.0,90.0,1.0,0.0,0.0
109112,NS2,0.0,90.0,1.0,0.0,0.0
109206,NS2,0.0,90.0,1.0,0.0,0.0
109207,NS2,0.0,90.0,1.0,0.0,0.0
109301,NS2,0.0,90.0,1.0,0.0,0.0
109302,NS2,0.0,90.0,1.0,0.0,0.0
109396,NS2,0.0,90.0,1.0,0.0,0.0
109397,NS2,0.0,90.0,1.0,0.0,0.0
109491,NS2,0.0,90.0,1.0,0.0,0.0
109492,NS2,0.0,90.0,1.0,0.0,0.0
109586,NS2,0.0,90.0,1.0,0.0,0.0
109587,NS2,0.0,90.0,1.0,0.0,0.0
109681,NS2,0.0,90.0,1.0,0.0,0.0
109682,NS2,0.0,90.0,1.0,0.0,0.0
109776,NS2,0.0,90.0,1.0,0.0,0.0
109777,NS2,0.0,90.0,1.0,0.0,0.0
109871,NS2,0.0,90.0,1.0,0.0,0.0
109872,NS2,0.0,90.0,1.0,0.0,0.0
109966,NS2,0.0,90.0,1.0,0.0,0.0
109967,NS2,0.0,90.0,1.0,0.0,0.0
109968,NS2,0.0,90.0,1.0,0.0,0.0
109969,NS2,0.0,90.0,1.0,0.0,0.0
110063,NS2,0.0,90.0,1.0,0.0,0.0
110064,NS2,0.0,90.0,1.0,0.0,0.0
110158,NS2,0.0,90.0,1.0,0.0,0.0
110159,NS2,0.0,90.0,1.0,0.0,0.0
110253,NS2,0.0,90.0,1.0,0.0,0.0
110254,NS2,0.0,90.0,1.0,0.0,0.0
110348,NS2,0.0,90.0,1.0,0.0,0.0
110349,NS2,0.0,90.0,1.0,0.0,0.0
110443,NS2,0.0,90.0,1.0,0.0,0.0
110444,NS2,0.0,90.0,1.0,0.0,0.0
110538,NS2,0.0,90.0,1.0,0.0,0.0
110539,NS2,0.0,90.0,1.0,0.0,0.0
110633,NS2,0.0,90.0,1.0,0.0,0.0
110634,NS2,0.0,90.0,1.0,0.0,0.0
110728,NS2,0.0,90.0,1.0,0.0,0.0
110729,NS2,0.0,90.0,1.0,0.0,0.0
110823,NS2,0.0,90.0,1.0,0.0,0.0
110824,NS2,0.0,90.0,1.0,0.0,0.0
110918,NS2,0.0,90.0,1.0,0.0,0.0
110919,NS2,0.0,90.0,1.0,0.0,0.0
111013,NS2,0.0,90.0,1.0,0.0,0.0
111014,NS2,0.0,90.0,1.0,0.0,0.0
111015,NS2,0.0,90.0,1.0,0.0,0.0
111016,NS2,0.0,90.0,1.0,0.0,0.0
111110,NS2,0.0,90.0,1.0,0.0,0.0
111111,NS2,0.0,90.0,1.0,0.0,0.0
111205,NS2,0.0,90.0,1.0,0.0,0.0
111206,NS2,0.0,90.0,1.0,0.0,0.0
111300,NS2,0.0,90.0,1.0,0.0,0.0
111301,NS2,0.0,90.0,1.0,0.0,0.0
111395,NS2,0.0,90.0,1.0,0.0,0.0
111396,NS2,0.0,90.0,1.0,0.0,0.0
111490,NS2,0.0,90.0,1.0,0.0,0.0
111491,NS2,0.0,90.0,1.0,0.0,0.0
111585,NS2,0.0,90.0,1.0,0.0,0.0
111586,NS2,0.0,90.0,1.0,0.0,0.0
111680,NS2,0.0,90.0,1.0,0.0,0.0
111681,NS2,0.0,90.0,1.0,0.0,0.0
111775,NS2,0.0,90.0,1.0,0.0,0.0
111776,NS2,0.0,90.0,1.0,0.0,0.0
111870,NS2,0.0,90.0,1.0,0.0,0.0
111871,NS2,0.0,90.0,1.0,0.0,0.0
111965,NS2,0.0,90.0,1.0,0.0,0.0
111966,NS2,0.0,90.0,1.0,0.0,0.0
112060,NS2,0.0,90.0,1.0,0.0,0.0
112061,NS2,0.0,90.0,1.0,0.0,0.0
112062,NS2,0.0,90.0,1.0,0.0,0.0
112157,NS2,0.0,90.0,1.0,0.0,0.0
112252,NS2,0.0,90.0,1.0,0.0,0.0
112347,NS2,0.0,90.0,1.0,0.0,0.0
112442,NS2,0.0,90.0,1.0,0.0,0.0
112537,NS2,0.0,90.0,1.0,0.0,0.0
112632,NS2,0.0,90.0,1.0,0.0,0.0
112727,NS2,0.0,90.0,1.0,0.0,0.0
112822,NS2,0.0,90.0,1.0,0.0,0.0
112917,NS2,0.0,90.0,1.0,0.0,0.0
113012,NS2,0.0,90.0,1.0,0.0,0.0
113107,NS2,0.0,90.0,1.0,0.0,0.0
113202,NS2,0.0,90.0,1.0,0.0,0.0
113297,NS2,0.0,90.0,1.0,0.0,0.0
113392,NS2,0.0,90.0,1.0,0.0,0.0
113487,NS2,0.0,90.0,1.0,0.0,0.0
113582,NS2,0.0,90.0,1.0,0.0,0.0
113677,NS2,0.0,90.0,1.0,0.0,0.0
113772,NS2,0.0,90.0,1.0,0.0,0.0
113867,NS2,0.0,90.0,1.0,0.0,0.0
113962,NS2,0.0,90.0,1.0,0.0,0.0
114047,NS2,0.0,90.0,1.0,0.0,0.0
114048,NS2,0.0,90.0,1.0,0.0,0.0
114142,NS2,0.0,90.0,1.0,0.0,0.0
114143,NS2,0.0,90.0,1.0,0.0,0.0
114237,NS2,0.0,90.0,1.0,0.0,0.0
114238,NS2,0.0,90.0,1.0,0.0,0.0
114332,NS2,0.0,90.0,1.0,0.0,0.0
114333,NS2,0.0,90.0,1.0,0.0,0.0
114427,NS2,0.0,90.0,1.0,0.0,0.0
114428,NS2,0.0,90.0,1.0,0.0,0.0
114522,NS2,0.0,90.0,1.0,0.0,0.0
114523,NS2,0.0,90.0,1.0,0.0,0.0
114617,NS2,0.0,90.0,1.0,0.0,0.0
114618,NS2,0.0,90.0,1.0,0.0,0.0
114712,NS2,0.0,90.0,1.0,0.0,0.0
114713,NS2,0.0,90.0,1.0,0.0,0.0
114807,NS2,0.0,90.0,1.0,0.0,0.0
114808,NS2,0.0,90.0,1.0,0.0,0.0
114902,NS2,0.0,90.0,1.0,0.0,0.0
114903,NS2,0.0,90.0,1.0,0.0,0.0
114997,NS2,0.0,90.0,1.0,0.0,0.0
114998,NS2,0.0,90.0,1.0,0.0,0.0
115092,NS2,0.0,90.0,1.0,0.0,0.0
115093,NS2,0.0,90.0,1.0,0.0,0.0
115187,NS2,0.0,90.0,1.0,0.0,0.0
115188,NS2,0.0,90.0,1.0,0.0,0.0
115282,NS2,0.0,90.0,1.0,0.0,0.0
115283,NS2,0.0,90.0,1.0,0.0,0.0
115377,NS2,0.0,90.0,1.0,0.0,0.0
115378,NS2,0.0,90.0,1.0,0.0,0.0
115472,NS2,0.0,90.0,1.0,0.0,0.0
115473,NS2,0.0,90.0,1.0,0.0,0.0
115474,NS2,0.0,90.0,1.0,0.0,0.0
115475,NS2,0.0,90.0,1.0,0.0,0.0
115569,NS2,0.0,90.0,1.0,0.0,0.0
115570,NS2,0.0,90.0,1.0,0.0,0.0
115664,NS2,0.0,90.0,1.0,0.0,0.0
115665,NS2,0.0,90.0,1.0,0.0,0.0
115759,NS2,0.0,90.0,1.0,0.0,0.0
115760,NS2,0.0,90.0,1.0,0.0,0.0
115854,NS2,0.0,90.0,1.0,0.0,0.0
115855,NS2,0.0,90.0,1.0,0.0,0.0
115949,NS2,0.0,90.0,1.0,0.0,0.0
115950,NS2,0.0,90.0,1.0,0.0,0.0
116044,NS2,0.0,90.0,1.0,0.0,0.0
116045,NS2,0.0,90.0,1.0,0.0,0.0
116139,NS2,0.0,90.0,1.0,0.0,0.0
116140,NS2,0.0,90.0,1.0,0.0,0.0
116234,NS2,0.0,90.0,1.0,0.0,0.0
116235,NS2,0.0,90.0,1.0,0.0,0.0
116329,NS2,0.0,90.0,1.0,0.0,0.0
116330,NS2,0.0,90.0,1.0,0.0,0.0
116424,NS2,0.0,90.0,1.0,0.0,0.0
116425,NS2,0.0,90.0,1.0,0.0,0.0
116519,NS2,0.0,90.0,1.0,0.0,0.0
116520,NS2,0.0,90.0,1.0,0.0,0.0
116521,NS2,0.0,90.0,1.0,0.0,0.0
116522,NS2,0.0,90.0,1.0,0.0,0.0
116616,NS2,0.0,90.0,1.0,0.0,0.0
116617,NS2,0.0,90.0,1.0,0.0,0.0
116711,NS2,0.0,90.0,1.0,0.0,0.0
116712,NS2,0.0,90.0,1.0,0.0,0.0
116806,NS2,0.0,90.0,1.0,0.0,0.0
116807,NS2,0.0,90.0,1.0,0.0,0.0
116901,NS2,0.0,90.0,1.0,0.0,0.0
116902,NS2,0.0,90.0,1.0,0.0,0.0
116996,NS2,0.0,90.0,1.0,0.0,0.0
116997,NS2,0.0,90.0,1.0,0.0,0.0
117091,NS2,0.0,90.0,1.0,0.0,0.0
117092,NS2,0.0,90.0,1.0,0.0,0.0
117186,NS2,0.0,90.0,1.0,0.0,0.0
117187,NS2,0.0,90.0,1.0,0.0,0.0
117281,NS2,0.0,90.0,1.0,0.0,0.0
117282,NS2,0.0,90.0,1.0,0.0,0.0
117376,NS2,0.0,90.0,1.0,0.0,0.0
117377,NS2,0.0,90.0,1.0,0.0,0.0
117471,NS2,0.0,90.0,1.0,0.0,0.0
117472,NS2,0.0,90.0,1.0,0.0,0.0
117566,NS2,0.0,90.0,1.0,0.0,0.0
117567,NS2,0.0,90.0,1.0,0.0,0.0
117568,NS2,0.0,90.0,1.0,0.0,0.0
117569,NS2,0.0,90.0,1.0,0.0,0.0
117663,NS2,0.0,90.0,1.0,0.0,0.0
117664,NS2,0.0,90.0,1.0,0.0,0.0
117758,NS2,0.0,90.0,1.0,0.0,0.0
117759,NS2,0.0,90.0,1.0,0.0,0.0
117853,NS2,0.0,90.0,1.0,0.0,0.0
117854,NS2,0.0,90.0,1.0,0.0,0.0
117948,NS2,0.0,90.0,1.0,0.0,0.0
117949,NS2,0.0,90.0,1.0,0.0,0.0
118043,NS2,0.0,90.0,1.0,0.0,0.0
118044,NS2,0.0,90.0,1.0,0.0,0.0
118138,NS2,0.0,90.0,1.0,0.0,0.0
118139,NS2,0.0,90.0,1.0,0.0,0.0
118233,NS2,0.0,90.0,1.0,0.0,0.0
118234,NS2,0.0,90.0,1.0,0.0,0.0
118328,NS2,0.0,90.0,1.0,0.0,0.0
118329,NS2,0.0,90.0,1.0,0.0,0.0
118423,NS2,0.0,90.0,1.0,0.0,0.0
118424,NS2,0.0,90.0,1.0,0.0,0.0
118518,NS2,0.0,90.0,1.0,0.0,0.0
118519,NS2,0.0,90.0,1.0,0.0,0.0
118613,NS2,0.0,90.0,1.0,0.0,0.0
118614,NS2,0.0,90.0,1.0,0.0,0.0
118615,NS2,0.0,90.0,1.0,0.0,0.0
118616,NS2,0.0,90.0,1.0,0.0,0.0
118710,NS2,0.0,90.0,1.0,0.0,0.0
118711,NS2,0.0,90.0,1.0,0.0,0.0
118805,NS2,0.0,90.0,1.0,0.0,0.0
118806,NS2,0.0,90.0,1.0,0.0,0.0
118900,NS2,0.0,90.0,1.0,0.0,0.0
118901,NS2,0.0,90.0,1.0,0.0,0.0
118995,NS2,0.0,90.0,1.0,0.0,0.0
118996,NS2,0.0,90.0,1.0,0.0,0.0
119090,NS2,0.0,90.0,1.0,0.0,0.0
119091,NS2,0.0,90.0,1.0,0.0,0.0
119185,NS2,0.0,90.0,1.0,0.0,0.0
119186,NS2,0.0,90.0,1.0,0.0,0.0
119280,NS2,0.0,90.0,1.0,0.0,0.0
119281,NS2,0.0,90.0,1.0,0.0,0.0
119375,NS2,0.0,90.0,1.0,0.0,0.0
119376,NS2,0.0,90.0,1.0,0.0,0.0
119470,NS2,0.0,90.0,1.0,0.0,0.0
119471,NS2,0.0,90.0,1.0,0.0,0.0
119565,NS2,0.0,90.0,1.0,0.0,0.0
119566,NS2,0.0,90.0,1.0,0.0,0.0
119660,NS2,0.0,90.0,1.0,0.0,0.0
119661,NS2,0.0,90.0,1.0,0.0,0.0
119662,NS2,0.0,90.0,1.0,0.0,0.0
119757,NS2,0.0,90.0,1.0,0.0,0.0
119852,NS2,0.0,90.0,1.0,0.0,0.0
119947,NS2,0.0,90.0,1.0,0.0,0.0
120042,NS2,0.0,90.0,1.0,0.0,0.0
120137,NS2,0.0,90.0,1.0,0.0,0.0
120232,NS2,0.0,90.0,1.0,0.0,0.0
120327,NS2,0.0,90.0,1.0,0.0,0.0
120422,NS2,0.0,90.0,1.0,0.0,0.0
120517,NS2,0.0,90.0,1.0,0.0,0.0
120612,NS2,0.0,90.0,1.0,0.0,0.0
120707,NS2,0.0,90.0,1.0,0.0,0.0
120802,NS2,0.0,90.0,1.0,0.0,0.0
120897,NS2,0.0,90.0,1.0,0.0,0.0
120992,NS2,0.0,90.0,1.0,0.0,0.0
121087,NS2,0.0,90.0,1.0,0.0,0.0
121182,NS2,0.0,90.0,1.0,0.0,0.0
121277,NS2,0.0,90.0,1.0,0.0,0.0
121372,NS2,0.0,90.0,1.0,0.0,0.0
121467,NS2,0.0,90.0,1.0,0.0,0.0
121562,NS2,0.0,90.0,1.0,0.0,0.0
121647,NS2,0.0,90.0,1.0,0.0,0.0
121648,NS2,0.0,90.0,1.0,0.0,0.0
121742,NS2,0.0,90.0,1.0,0.0,0.0
121743,NS2,0.0,90.0,1.0,0.0,0.0
121837,NS2,0.0,90.0,1.0,0.0,0.0
121838,NS2,0.0,90.0,1.0,0.0,0.0
121932,NS2,0.0,90.0,1.0,0.0,0.0
121933,NS2,0.0,90.0,1.0,0.0,0.0
122027,NS2,0.0,90.0,1.0,0.0,0.0
122028,NS2,0.0,90.0,1.0,0.0,0.0
122122,NS2,0.0,90.0,1.0,0.0,0.0
122123,NS2,0.0,90.0,1.0,0.0,0.0
122217,NS2,0.0,90.0,1.0,0.0,0.0
122218,NS2,0.0,90.0,1.0,0.0,0.0
122312,NS2,0.0,90.0,1.0,0.0,0.0
122313,NS2,0.0,90.0,1.0,0.0,0.0
122407,NS2,0.0,90.0,1.0,0.0,0.0
122408,NS2,0.0,90.0,1.0,0.0,0.0
122502,NS2,0.0,90.0,1.0,0.0,0.0
122503,NS2,0.0,90.0,1.0,0.0,0.0
122597,NS2,0.0,90.0,1.0,0.0,0.0
122598,NS2,0.0,90.0,1.0,0.0,0.0
122692,NS2,0.0,90.0,1.0,0.0,0.0
122693,NS2,0.0,90.0,1.0,0.0,0.0
122787,NS2,0.0,90.0,1.0,0.0,0.0
122788,NS2,0.0,90.0,1.0,0.0,0.0
122882,NS2,0.0,90.0,1.0,0.0,0.0
122883,NS2,0.0,90.0,1.0,0.0,0.0
122977,NS2,0.0,90.0,1.0,0.0,0.0
122978,NS2,0.0,90.0,1.0,0.0,0.0
123072,NS2,0.0,90.0,1.0,0.0,0.0
123073,NS2,0.0,90.0,1.0,0.0,0.0
123074,NS2,0.0,90.0,1.0,0.0,0.0
123075,NS2,0.0,90.0,1.0,0.0,0.0
123169,NS2,0.0,90.0,1.0,0.0,0.0
123170,NS2,0.0,90.0,1.0,0.0,0.0
123264,NS2,0.0,90.0,1.0,0.0,0.0
123265,NS2,0.0,90.0,1.0,0.0,0.0
123359,NS2,0.0,90.0,1.0,0.0,0.0
123360,NS2,0.0,90.0,1.0,0.0,0.0
123454,NS2,0.0,90.0,1.0,0.0,0.0
123455,NS2,0.0,90.0,1.0,0.0,0.0
123549,NS2,0.0,90.0,1.0,0.0,0.0
123550,NS2,0.0,90.0,1.0,0.0,0.0
123644,NS2,0.0,90.0,1.0,0.0,0.0
123645,NS2,0.0,90.0,1.0,0.0,0.0
123739,NS2,0.0,90.0,1.0,0.0,0.0
123740,NS2,0.0,90.0,1.0,0.0,0.0
123834,NS2,0.0,90.0,1.0,0.0,0.0
123835,NS2,0.0,90.0,1.0,0.0,0.0
123929,NS2,0.0,90.0,1.0,0.0,0.0
123930,NS2,0.0,90.0,1.0,0.0,0.0
124024,NS2,0.0,90.0,1.0,0.0,0.0
124025,NS2,0.0,90.0,1.0,0.0,0.0
124119,NS2,0.0,90.0,1.0,0.0,0.0
124120,NS2,0.0,90.0,1.0,0.0,0.0
124121,NS2,0.0,90.0,1.0,0.0,0.0
124122,NS2,0.0,90.0,1.0,0.0,0.0
124216,NS2,0.0,90.0,1.0,0.0,0.0
124217,NS2,0.0,90.0,1.0,0.0,0.0
124311,NS2,0.0,90.0,1.0,0.0,0.0
124312,NS2,0.0,90.0,1.0,0.0,0.0
124406,NS2,0.0,90.0,1.0,0.0,0.0
124407,NS2,0.0,90.0,1.0,0.0,0.0
124501,NS2,0.0,90.0,1.0,0.0,0.0
124502,NS2,0.0,90.0,1.0,0.0,0.0
124596,NS2,0.0,90.0,1.0,0.0,0.0
124597,NS2,0.0,90.0,1.0,0.0,0.0
124691,NS2,0.0,90.0,1.0,0.0,0.0
124692,NS2,0.0,90.0,1.0,0.0,0.0
124786,NS2,0.0,90.0,1.0,0.0,0.0
124787,NS2,0.0,90.0,1.0,0.0,0.0
124881,NS2,0.0,90.0,1.0,0.0,0.0
124882,NS2,0.0,90.0,1.0,0.0,0.0
124976,NS2,0.0,90.0,1.0,0.0,0.0
124977,NS2,0.0,90.0,1.0,0.0,0.0
125071,NS2,0.0,90.0,1.0,0.0,0.0
125072,NS2,0.0,90.0,1.0,0.0,0.0
125166,NS2,0.0,90.0,1.0,0.0,0.0
125167,NS2,0.0,90.0,1.0,0.0,0.0
125168,NS2,0.0,90.0,1.0,0.0,0.0
125169,NS2,0.0,90.0,1.0,0.0,0.0
125263,NS2,0.0,90.0,1.0,0.0,0.0
125264,NS2,0.0,90.0,1.0,0.0,0.0
125358,NS2,0.0,90.0,1.0,0.0,0.0
125359,NS2,0.0,90.0,1.0,0.0,0.0
125453,NS2,0.0,90.0,1.0,0.0,0.0
125454,NS2,0.0,90.0,1.0,0.0,0.0
125548,NS2,0.0,90.0,1.0,0.0,0.0
125549,NS2,0.0,90.0,1.0,0.0,0.0
125643,NS2,0.0,90.0,1.0,0.0,0.0
125644,NS2,0.0,90.0,1.0,0.0,0.0
125738,NS2,0.0,90.0,1.0,0.0,0.0
125739,NS2,0.0,90.0,1.0,0.0,0.0
125833,NS2,0.0,90.0,1.0,0.0,0.0
125834,NS2,0.0,90.0,1.0,0.0,0.0
125928,NS2,0.0,90.0,1.0,0.0,0.0
125929,NS2,0.0,90.0,1.0,0.0,0.0
126023,NS2,0.0,90.0,1.0,0.0,0.0
126024,NS2,0.0,90.0,1.0,0.0,0.0
126118,NS2,0.0,90.0,1.0,0.0,0.0
126119,NS2,0.0,90.0,1.0,0.0,0.0
126213,NS2,0.0,90.0,1.0,0.0,0.0
126214,NS2,0.0,90.0,1.0,0.0,0.0
126215,NS2,0.0,90.0,1.0,0.0,0.0
126216,NS2,0.0,90.0,1.0,0.0,0.0
126310,NS2,0.0,90.0,1.0,0.0,0.0
126311,NS2,0.0,90.0,1.0,0.0,0.0
126405,NS2,0.0,90.0,1.0,0.0,0.0
126406,NS2,0.0,90.0,1.0,0.0,0.0
126500,NS2,0.0,90.0,1.0,0.0,0.0
126501,NS2,0.0,90.0,1.0,0.0,0.0
126595,NS2,0.0,90.0,1.0,0.0,0.0
126596,NS2,0.0,90.0,1.0,0.0,0.0
126690,NS2,0.0,90.0,1.0,0.0,0.0
126691,NS2,0.0,90.0,1.0,0.0,0.0
126785,NS2,0.0,90.0,1.0,0.0,0.0
126786,NS2,0.0,90.0,1.0,0.0,0.0
126880,NS2,0.0,90.0,1.0,0.0,0.0
126881,NS2,0.0,90.0,1.0,0.0,0.0
126975,NS2,0.0,90.0,1.0,0.0,0.0
126976,NS2,0.0,90.0,1.0,0.0,0.0
127070,NS2,0.0,90.0,1.0,0.0,0.0
127071,NS2,0.0,90.0,1.0,0.0,0.0
127165,NS2,0.0,90.0,1.0,0.0,0.0
127166,NS2,0.0,90.0,1.0,0.0,0.0
127260,NS2,0.0,90.0,1.0,0.0,0.0
127261,NS2,0.0,90.0,1.0,0.0,0.0
127262,NS2,0.0,90.0,1.0,0.0,0.0
127357,NS2,0.0,90.0,1.0,0.0,0.0
127452,NS2,0.0,90.0,1.0,0.0,0.0
127547,NS2,0.0,90.0,1.0,0.0,0.0
127642,NS2,0.0,90.0,1.0,0.0,0.0
127737,NS2,0.0,90.0,1.0,0.0,0.0
127832,NS2,0.0,90.0,1.0,0.0,0.0
127927,NS2,0.0,90.0,1.0,0.0,0.0
128022,NS2,0.0,90.0,1.0,0.0,0.0
128117,NS2,0.0,90.0,1.0,0.0,0.0
128212,NS2,0.0,90.0,1.0,0.0,0.0
128307,NS2,0.0,90.0,1.0,0.0,0.0
128402,NS2,0.0,90.0,1.0,0.0,0.0
128497,NS2,0.0,90.0,1.0,0.0,0.0
128592,NS2,0.0,90.0,1.0,0.0,0.0
128687,NS2,0.0,90.0,1.0,0.0,0.0
128782,NS2,0.0,90.0,1.0,0.0,0.0
128877,NS2,0.0,90.0,1.0,0.0,0.0
128972,NS2,0.0,90.0,1.0,0.0,0.0
129067,NS2,0.0,90.0,1.0,0.0,0.0
129162,NS2,0.0,90.0,1.0,0.0,0.0
129247,NS2,0.0,90.0,1.0,0.0,0.0
129248,NS2,0.0,90.0,1.0,0.0,0.0
129342,NS2,0.0,90.0,1.0,0.0,0.0
129343,NS2,0.0,90.0,1.0,0.0,0.0
129437,NS2,0.0,90.0,1.0,0.0,0.0
129438,NS2,0.0,90.0,1.0,0.0,0.0
129532,NS2,0.0,90.0,1.0,0.0,0.0
129533,NS2,0.0,90.0,1.0,0.0,0.0
129627,NS2,0.0,90.0,1.0,0.0,0.0
129628,NS2,0.0,90.0,1.0,0.0,0.0
129722,NS2,0.0,90.0,1.0,0.0,0.0
129723,NS2,0.0,90.0,1.0,0.0,0.0
129817,NS2,0.0,90.0,1.0,0.0,0.0
129818,NS2,0.0,90.0,1.0,0.0,0.0
129912,NS2,0.0,90.0,1.0,0.0,0.0
129913,NS2,0.0,90.0,1.0,0.0,0.0
130007,NS2,0.0,90.0,1.0,0.0,0.0
130008,NS2,0.0,90.0,1.0,0.0,0.0
130102,NS2,0.0,90.0,1.0,0.0,0.0
130103,NS2,0.0,90.0,1.0,0.0,0.0
130197,NS2,0.0,90.0,1.0,0.0,0.0
130198,NS2,0.0,90.0,1.0,0.0,0.0
130292,NS2,0.0,90.0,1.0,0.0,0.0
130293,NS2,0.0,90.0,1.0,0.0,0.0
130387,NS2,0.0,90.0,1.0,0.0,0.0
130388,NS2,0.0,90.0,1.0,0.0,0.0
130482,NS2,0.0,90.0,1.0,0.0,0.0
130483,NS2,0.0,90.0,1.0,0.0,0.0
130577,NS2,0.0,90.0,1.0,0.0,0.0
130578,NS2,0.0,90.0,1.0,0.0,0.0
130672,NS2,0.0,90.0,1.0,0.0,0.0
130673,NS2,0.0,90.0,1.0,0.0,0.0
130674,NS2,0.0,90.0,1.0,0.0,0.0
130675,NS2,0.0,90.0,1.0,0.0,0.0
130769,NS2,0.0,90.0,1.0,0.0,0.0
130770,NS2,0.0,90.0,1.0,0.0,0.0
130864,NS2,0.0,90.0,1.0,0.0,0.0
130865,NS2,0.0,90.0,1.0,0.0,0.0
130959,NS2,0.0,90.0,1.0,0.0,0.0
130960,NS2,0.0,90.0,1.0,0.0,0.0
131054,NS2,0.0,90.0,1.0,0.0,0.0
131055,NS2,0.0,90.0,1.0,0.0,0.0
131149,NS2,0.0,90.0,1.0,0.0,0.0
131150,NS2,0.0,90.0,1.0,0.0,0.0
131244,NS2,0.0,90.0,1.0,0.0,0.0
131245,NS2,0.0,90.0,1.0,0.0,0.0
131339,NS2,0.0,90.0,1.0,0.0,0.0
131340,NS2,0.0,90.0,1.0,0.0,0.0
131434,NS2,0.0,90.0,1.0,0.0,0.0
131435,NS2,0.0,90.0,1.0,0.0,0.0
131529,NS2,0.0,90.0,1.0,0.0,0.0
131530,NS2,0.0,90.0,1.0,0.0,0.0
131624,NS2,0.0,90.0,1.0,0.0,0.0
131625,NS2,0.0,90.0,1.0,0.0,0.0
131719,NS2,0.0,90.0,1.0,0.0,0.0
131720,NS2,0.0,90.0,1.0,0.0,0.0
131721,NS2,0.0,90.0,1.0,0.0,0.0
131722,NS2,0.0,90.0,1.0,0.0,0.0
131816,NS2,0.0,90.0,1.0,0.0,0.0
131817,NS2,0.0,90.0,1.0,0.0,0.0
131911,NS2,0.0,90.0,1.0,0.0,0.0
131912,NS2,0.0,90.0,1.0,0.0,0.0
132006,NS2,0.0,90.0,1.0,0.0,0.0
132007,NS2,0.0,90.0,1.0,0.0,0.0
132101,NS2,0.0,90.0,1.0,0.0,0.0
132102,NS2,0.0,90.0,1.0,0.0,0.0
132196,NS2,0.0,90.0,1.0,0.0,0.0
132197,NS2,0.0,90.0,1.0,0.0,0.0
132291,NS2,0.0,90.0,1.0,0.0,0.0
132292,NS2,0.0,90.0,1.0,0.0,0.0
132386,NS2,0.0,90.0,1.0,0.0,0.0
132387,NS2,0.0,90.0,1.0,0.0,0.0
132481,NS2,0.0,90.0,1.0,0.0,0.0
132482,NS2,0.0,90.0,1.0,0.0,0.0
132576,NS2,0.0,90.0,1.0,0.0,0.0
132577,NS2,0.0,90.0,1.0,0.0,0.0
132671,NS2,0.0,90.0,1.0,0.0,0.0
132672,NS2,0.0,90.0,1.0,0.0,0.0
132766,NS2,0.0,90.0,1.0,0.0,0.0
132767,NS2,0.0,90.0,1.0,0.0,0.0
132768,NS2,0.0,90.0,1.0,0.0,0.0
132769,NS2,0.0,90.0,1.0,0.0,0.0
132863,NS2,0.0,90.0,1.0,0.0,0.0
132864,NS2,0.0,90.0,1.0,0.0,0.0
132958,NS2,0.0,90.0,1.0,0.0,0.0
132959,NS2,0.0,90.0,1.0,0.0,0.0
133053,NS2,0.0,90.0,1.0,0.0,0.0
133054,NS2,0.0,90.0,1.0,0.0,0.0
133148,NS2,0.0,90.0,1.0,0.0,0.0
133149,NS2,0.0,90.0,1.0,0.0,0.0
133243,NS2,0.0,90.0,1.0,0.0,0.0
133244,NS2,0.0,90.0,1.0,0.0,0.0
133338,NS2,0.0,90.0,1.0,0.0,0.0
133339,NS2,0.0,90.0,1.0,0.0,0.0
133433,NS2,0.0,90.0,1.0,0.0,0.0
133434,NS2,0.0,90.0,1.0,0.0,0.0
133528,NS2,0.0,90.0,1.0,0.0,0.0
133529,NS2,0.0,90.0,1.0,0.0,0.0
133623,NS2,0.0,90.0,1.0,0.0,0.0
133624,NS2,0.0,90.0,1.0,0.0,0.0
133718,NS2,0.0,90.0,1.0,0.0,0.0
133719,NS2,0.0,90.0,1.0,0.0,0.0
133813,NS2,0.0,90.0,1.0,0.0,0.0
133814,NS2,0.0,90.0,1.0,0.0,0.0
133815,NS2,0.0,90.0,1.0,0.0,0.0
133816,NS2,0.0,90.0,1.0,0.0,0.0
133910,NS2,0.0,90.0,1.0,0.0,0.0
133911,NS2,0.0,90.0,1.0,0.0,0.0
134005,NS2,0.0,90.0,1.0,0.0,0.0
134006,NS2,0.0,90.0,1.0,0.0,0.0
134100,NS2,0.0,90.0,1.0,0.0,0.0
134101,NS2,0.0,90.0,1.0,0.0,0.0
134195,NS2,0.0,90.0,1.0,0.0,0.0
134196,NS2,0.0,90.0,1.0,0.0,0.0
134290,NS2,0.0,90.0,1.0,0.0,0.0
134291,NS2,0.0,90.0,1.0,0.0,0.0
134385,NS2,0.0,90.0,1.0,0.0,0.0
134386,NS2,0.0,90.0,1.0,0.0,0.0
134480,NS2,0.0,90.0,1.0,0.0,0.0
134481,NS2,0.0,90.0,1.0,0.0,0.0
134575,NS2,0.0,90.0,1.0,0.0,0.0
134576,NS2,0.0,90.0,1.0,0.0,0.0
134670,NS2,0.0,90.0,1.0,0.0,0.0
134671,NS2,0.0,90.0,1.0,0.0,0.0
134765,NS2,0.0,90.0,1.0,0.0,0.0
134766,NS2,0.0,90.0,1.0,0.0,0.0
134860,NS2,0.0,90.0,1.0,0.0,0.0
134861,NS2,0.0,90.0,1.0,0.0,0.0
134862,NS2,0.0,90.0,1.0,0.0,0.0
134957,NS2,0.0,90.0,1.0,0.0,0.0
135052,NS2,0.0,90.0,1.0,0.0,0.0
135147,NS2,0.0,90.0,1.0,0.0,0.0
135242,NS2,0.0,90.0,1.0,0.0,0.0
135337,NS2,0.0,90.0,1.0,0.0,0.0
135432,NS2,0.0,90.0,1.0,0.0,0.0
135527,NS2,0.0,90.0,1.0,0.0,0.0
135622,NS2,0.0,90.0,1.0,0.0,0.0
135717,NS2,0.0,90.0,1.0,0.0,0.0
135812,NS2,0.0,90.0,1.0,0.0,0.0
135907,NS2,0.0,90.0,1.0,0.0,0.0
136002,NS2,0.0,90.0,1.0,0.0,0.0
136097,NS2,0.0,90.0,1.0,0.0,0.0
136192,NS2,0.0,90.0,1.0,0.0,0.0
136287,NS2,0.0,90.0,1.0,0.0,0.0
136382,NS2,0.0,90.0,1.0,0.0,0.0
136477,NS2,0.0,90.0,1.0,0.0,0.0
136572,NS2,0.0,90.0,1.0,0.0,0.0
136667,NS2,0.0,90.0,1.0,0.0,0.0
136762,NS2,0.0,90.0,1.0,0.0,0.0
136847,NS2,0.0,90.0,1.0,0.0,0.0
136848,NS2,0.0,90.0,1.0,0.0,0.0
136942,NS2,0.0,90.0,1.0,0.0,0.0
136943,NS2,0.0,90.0,1.0,0.0,0.0
137037,NS2,0.0,90.0,1.0,0.0,0.0
137038,NS2,0.0,90.0,1.0,0.0,0.0
137132,NS2,0.0,90.0,1.0,0.0,0.0
137133,NS2,0.0,90.0,1.0,0.0,0.0
137227,NS2,0.0,90.0,1.0,0.0,0.0
137228,NS2,0.0,90.0,1.0,0.0,0.0
137322,NS2,0.0,90.0,1.0,0.0,0.0
137323,NS2,0.0,90.0,1.0,0.0,0.0
137417,NS2,0.0,90.0,1.0,0.0,0.0
137418,NS2,0.0,90.0,1.0,0.0,0.0
137512,NS2,0.0,90.0,1.0,0.0,0.0
137513,NS2,0.0,90.0,1.0,0.0,0.0
137607,NS2,0.0,90.0,1.0,0.0,0.0
137608,NS2,0.0,90.0,1.0,0.0,0.0
137702,NS2,0.0,90.0,1.0,0.0,0.0
137703,NS2,0.0,90.0,1.0,0.0,0.0
137797,NS2,0.0,90.0,1.0,0.0,0.0
137798,NS2,0.0,90.0,1.0,0.0,0.0
137892,NS2,0.0,90.0,1.0,0.0,0.0
137893,NS2,0.0,90.0,1.0,0.0,0.0
137987,NS2,0.0,90.0,1.0,0.0,0.0
137988,NS2,0.0,90.0,1.0,0.0,0.0
138082,NS2,0.0,90.0,1.0,0.0,0.0
138083,NS2,0.0,90.0,1.0,0.0,0.0
138177,NS2,0.0,90.0,1.0,0.0,0.0
138178,NS2,0.0,90.0,1.0,0.0,0.0
138272,NS2,0.0,90.0,1.0,0.0,0.0
138273,NS2,0.0,90.0,1.0,0.0,0.0
138274,NS2,0.0,90.0,1.0,0.0,0.0
138275,NS2,0.0,90.0,1.0,0.0,0.0
138369,NS2,0.0,90.0,1.0,0.0,0.0
138370,NS2,0.0,90.0,1.0,0.0,0.0
138464,NS2,0.0,90.0,1.0,0.0,0.0
138465,NS2,0.0,90.0,1.0,0.0,0.0
138559,NS2,0.0,90.0,1.0,0.0,0.0
138560,NS2,0.0,90.0,1.0,0.0,0.0
138654,NS2,0.0,90.0,1.0,0.0,0.0
138655,NS2,0.0,90.0,1.0,0.0,0.0
138749,NS2,0.0,90.0,1.0,0.0,0.0
138750,NS2,0.0,90.0,1.0,0.0,0.0
138844,NS2,0.0,90.0,1.0,0.0,0.0
138845,NS2,0.0,90.0,1.0,0.0,0.0
138939,NS2,0.0,90.0,1.0,0.0,0.0
138940,NS2,0.0,90.0,1.0,0.0,0.0
139034,NS2,0.0,90.0,1.0,0.0,0.0
139035,NS2,0.0,90.0,1.0,0.0,0.0
139129,NS2,0.0,90.0,1.0,0.0,0.0
139130,NS2,0.0,90.0,1.0,0.0,0.0
139224,NS2,0.0,90.0,1.0,0.0,0.0
139225,NS2,0.0,90.0,1.0,0.0,0.0
139319,NS2,0.0,90.0,1.0,0.0,0.0
139320,NS2,0.0,90.0,1.0,0.0,0.0
139321,NS2,0.0,90.0,1.0,0.0,0.0
139322,NS2,0.0,90.0,1.0,0.0,0.0
139416,NS2,0.0,90.0,1.0,0.0,0.0
139417,NS2,0.0,90.0,1.0,0.0,0.0
139511,NS2,0.0,90.0,1.0,0.0,0.0
139512,NS2,0.0,90.0,1.0,0.0,0.0
139606,NS2,0.0,90.0,1.0,0.0,0.0
139607,NS2,0.0,90.0,1.0,0.0,0.0
139701,NS2,0.0,90.0,1.0,0.0,0.0
139702,NS2,0.0,90.0,1.0,0.0,0.0
139796,NS2,0.0,90.0,1.0,0.0,0.0
139797,NS2,0.0,90.0,1.0,0.0,0.0
139891,NS2,0.0,90.0,1.0,0.0,0.0
139892,NS2,0.0,90.0,1.0,0.0,0.0
139986,NS2,0.0,90.0,1.0,0.0,0.0
139987,NS2,0.0,90.0,1.0,0.0,0.0
140081,NS2,0.0,90.0,1.0,0.0,0.0
140082,NS2,0.0,90.0,1.0,0.0,0.0
140176,NS2,0.0,90.0,1.0,0.0,0.0
140177,NS2,0.0,90.0,1.0,0.0,0.0
140271,NS2,0.0,90.0,1.0,0.0,0.0
140272,NS2,0.0,90.0,1.0,0.0,0.0
140366,NS2,0.0,90.0,1.0,0.0,0.0
140367,NS2,0.0,90.0,1.0,0.0,0.0
140368,NS2,0.0,90.0,1.0,0.0,0.0
140369,NS2,0.0,90.0,1.0,0.0,0.0
140463,NS2,0.0,90.0,1.0,0.0,0.0
140464,NS2,0.0,90.0,1.0,0.0,0.0
140558,NS2,0.0,90.0,1.0,0.0,0.0
140559,NS2,0.0,90.0,1.0,0.0,0.0
140653,NS2,0.0,90.0,1.0,0.0,0.0
140654,NS2,0.0,90.0,1.0,0.0,0.0
140748,NS2,0.0,90.0,1.0,0.0,0.0
140749,NS2,0.0,90.0,1.0,0.0,0.0
140843,NS2,0.0,90.0,1.0,0.0,0.0
140844,NS2,0.0,90.0,1.0,0.0,0.0
140938,NS2,0.0,90.0,1.0,0.0,0.0
140939,NS2,0.0,90.0,1.0,0.0,0.0
141033,NS2,0.0,90.0,1.0,0.0,0.0
141034,NS2,0.0,90.0,1.0,0.0,0.0
141128,NS2,0.0,90.0,1.0,0.0,0.0
141129,NS2,0.0,90.0,1.0,0.0,0.0
141223,NS2,0.0,90.0,1.0,0.0,0.0
141224,NS2,0.0,90.0,1.0,0.0,0.0
141318,NS2,0.0,90.0,1.0,0.0,0.0
141319,NS2,0.0,90.0,1.0,0.0,0.0
141413,NS2,0.0,90.0,1.0,0.0,0.0
141414,NS2,0.0,90.0,1.0,0.0,0.0
141415,NS2,0.0,90.0,1.0,0.0,0.0
141416,NS2,0.0,90.0,1.0,0.0,0.0
141510,NS2,0.0,90.0,1.0,0.0,0.0
141511,NS2,0.0,90.0,1.0,0.0,0.0
141605,NS2,0.0,90.0,1.0,0.0,0.0
141606,NS2,0.0,90.0,1.0,0.0,0.0
141700,NS2,0.0,90.0,1.0,0.0,0.0
141701,NS2,0.0,90.0,1.0,0.0,0.0
141795,NS2,0.0,90.0,1.0,0.0,0.0
141796,NS2,0.0,90.0,1.0,0.0,0.0
141890,NS2,0.0,90.0,1.0,0.0,0.0
141891,NS2,0.0,90.0,1.0,0.0,0.0
141985,NS2,0.0,90.0,1.0,0.0,0.0
141986,NS2,0.0,90.0,1.0,0.0,0.0
142080,NS2,0.0,90.0,1.0,0.0,0.0
142081,NS2,0.0,90.0,1.0,0.0,0.0
142175,NS2,0.0,90.0,1.0,0.0,0.0
142176,NS2,0.0,90.0,1.0,0.0,0.0
142270,NS2,0.0,90.0,1.0,0.0,0.0
142271,NS2,0.0,90.0,1.0,0.0,0.0
142365,NS2,0.0,90.0,1.0,0.0,0.0
142366,NS2,0.0,90.0,1.0,0.0,0.0
142460,NS2,0.0,90.0,1.0,0.0,0.0
142461,NS2,0.0,90.0,1.0,0.0,0.0
142462,NS2,0.0,90.0,1.0,0.0,0.0
142557,NS2,0.0,90.0,1.0,0.0,0.0
142652,NS2,0.0,90.0,1.0,0.0,0.0
142747,NS2,0.0,90.0,1.0,0.0,0.0
142842,NS2,0.0,90.0,1.0,0.0,0.0
142937,NS2,0.0,90.0,1.0,0.0,0.0
143032,NS2,0.0,90.0,1.0,0.0,0.0
143127,NS2,0.0,90.0,1.0,0.0,0.0
143222,NS2,0.0,90.0,1.0,0.0,0.0
143317,NS2,0.0,90.0,1.0,0.0,0.0
143412,NS2,0.0,90.0,1.0,0.0,0.0
143507,NS2,0.0,90.0,1.0,0.0,0.0
143602,NS2,0.0,90.0,1.0,0.0,0.0
143697,NS2,0.0,90.0,1.0,0.0,0.0
143792,NS2,0.0,90.0,1.0,0.0,0.0
143887,NS2,0.0,90.0,1.0,0.0,0.0
143982,NS2,0.0,90.0,1.0,0.0,0.0
144077,NS2,0.0,90.0,1.0,0.0,0.0
144172,NS2,0.0,90.0,1.0,0.0,0.0
144267,NS2,0.0,90.0,1.0,0.0,0.0
144362,NS2,0.0,90.0,1.0,0.0,0.0
144447,NS2,0.0,90.0,1.0,0.0,0.0
144448,NS2,0.0,90.0,1.0,0.0,0.0
144542,NS2,0.0,90.0,1.0,0.0,0.0
144543,NS2,0.0,90.0,1.0,0.0,0.0
144637,NS2,0.0,90.0,1.0,0.0,0.0
144638,NS2,0.0,90.0,1.0,0.0,0.0
144732,NS2,0.0,90.0,1.0,0.0,0.0
144733,NS2,0.0,90.0,1.0,0.0,0.0
144827,NS2,0.0,90.0,1.0,0.0,0.0
144828,NS2,0.0,90.0,1.0,0.0,0.0
144922,NS2,0.0,90.0,1.0,0.0,0.0
144923,NS2,0.0,90.0,1.0,0.0,0.0
145017,NS2,0.0,90.0,1.0,0.0,0.0
145018,NS2,0.0,90.0,1.0,0.0,0.0
145112,NS2,0.0,90.0,1.0,0.0,0.0
145113,NS2,0.0,90.0,1.0,0.0,0.0
145207,NS2,0.0,90.0,1.0,0.0,0.0
145208,NS2,0.0,90.0,1.0,0.0,0.0
145302,NS2,0.0,90.0,1.0,0.0,0.0
145303,NS2,0.0,90.0,1.0,0.0,0.0
145397,NS2,0.0,90.0,1.0,0.0,0.0
145398,NS2,0.0,90.0,1.0,0.0,0.0
145492,NS2,0.0,90.0,1.0,0.0,0.0
145493,NS2,0.0,90.0,1.0,0.0,0.0
145587,NS2,0.0,90.0,1.0,0.0,0.0
145588,NS2,0.0,90.0,1.0,0.0,0.0
145682,NS2,0.0,90.0,1.0,0.0,0.0
145683,NS2,0.0,90.0,1.0,0.0,0.0
145777,NS2,0.0,90.0,1.0,0.0,0.0
145778,NS2,0.0,90.0,1.0,0.0,0.0
145872,NS2,0.0,90.0,1.0,0.0,0.0
145873,NS2,0.0,90.0,1.0,0.0,0.0
145874,NS2,0.0,90.0,1.0,0.0,0.0
145875,NS2,0.0,90.0,1.0,0.0,0.0
145969,NS2,0.0,90.0,1.0,0.0,0.0
145970,NS2,0.0,90.0,1.0,0.0,0.0
146064,NS2,0.0,90.0,1.0,0.0,0.0
146065,NS2,0.0,90.0,1.0,0.0,0.0
146159,NS2,0.0,90.0,1.0,0.0,0.0
146160,NS2,0.0,90.0,1.0,0.0,0.0
146254,NS2,0.0,90.0,1.0,0.0,0.0
146255,NS2,0.0,90.0,1.0,0.0,0.0
146349,NS2,0.0,90.0,1.0,0.0,0.0
146350,NS2,0.0,90.0,1.0,0.0,0.0
146444,NS2,0.0,90.0,1.0,0.0,0.0
146445,NS2,0.0,90.0,1.0,0.0,0.0
146539,NS2,0.0,90.0,1.0,0.0,0.0
146540,NS2,0.0,90.0,1.0,0.0,0.0
146634,NS2,0.0,90.0,1.0,0.0,0.0
146635,NS2,0.0,90.0,1.0,0.0,0.0
146729,NS2,0.0,90.0,1.0,0.0,0.0
146730,NS2,0.0,90.0,1.0,0.0,0.0
146824,NS2,0.0,90.0,1.0,0.0,0.0
146825,NS2,0.0,90.0,1.0,0.0,0.0
146919,NS2,0.0,90.0,1.0,0.0,0.0
146920,NS2,0.0,90.0,1.0,0.0,0.0
146921,NS2,0.0,90.0,1.0,0.0,0.0
146922,NS2,0.0,90.0,1.0,0.0,0.0
147016,NS2,0.0,90.0,1.0,0.0,0.0
147017,NS2,0.0,90.0,1.0,0.0,0.0
147111,NS2,0.0,90.0,1.0,0.0,0.0
147112,NS2,0.0,90.0,1.0,0.0,0.0
147206,NS2,0.0,90.0,1.0,0.0,0.0
147207,NS2,0.0,90.0,1.0,0.0,0.0
147301,NS2,0.0,90.0,1.0,0.0,0.0
147302,NS2,0.0,90.0,1.0,0.0,0.0
147396,NS2,0.0,90.0,1.0,0.0,0.0
147397,NS2,0.0,90.0,1.0,0.0,0.0
147491,NS2,0.0,90.0,1.0,0.0,0.0
147492,NS2,0.0,90.0,1.0,0.0,0.0
147586,NS2,0.0,90.0,1.0,0.0,0.0
147587,NS2,0.0,90.0,1.0,0.0,0.0
147681,NS2,0.0,90.0,1.0,0.0,0.0
147682,NS2,0.0,90.0,1.0,0.0,0.0
147776,NS2,0.0,90.0,1.0,0.0,0.0
147777,NS2,0.0,90.0,1.0,0.0,0.0
147871,NS2,0.0,90.0,1.0,0.0,0.0
147872,NS2,0.0,90.0,1.0,0.0,0.0
147966,NS2,0.0,90.0,1.0,0.0,0.0
147967,NS2,0.0,90.0,1.0,0.0,0.0
147968,NS2,0.0,90.0,1.0,0.0,0.0
147969,NS2,0.0,90.0,1.0,0.0,0.0
148063,NS2,0.0,90.0,1.0,0.0,0.0
148064,NS2,0.0,90.0,1.0,0.0,0.0
148158,NS2,0.0,90.0,1.0,0.0,0.0
148159,NS2,0.0,90.0,1.0,0.0,0.0
148253,NS2,0.0,90.0,1.0,0.0,0.0
148254,NS2,0.0,90.0,1.0,0.0,0.0
148348,NS2,0.0,90.0,1.0,0.0,0.0
148349,NS2,0.0,90.0,1.0,0.0,0.0
148443,NS2,0.0,90.0,1.0,0.0,0.0
148444,NS2,0.0,90.0,1.0,0.0,0.0
148538,NS2,0.0,90.0,1.0,0.0,0.0
148539,NS2,0.0,90.0,1.0,0.0,0.0
148633,NS2,0.0,90.0,1.0,0.0,0.0
148634,NS2,0.0,90.0,1.0,0.0,0.0
148728,NS2,0.0,90.0,1.0,0.0,0.0
148729,NS2,0.0,90.0,1.0,0.0,0.0
148823,NS2,0.0,90.0,1.0,0.0,0.0
148824,NS2,0.0,90.0,1.0,0.0,0.0
148918,NS2,0.0,90.0,1.0,0.0,0.0
148919,NS2,0.0,90.0,1.0,0.0,0.0
149013,NS2,0.0,90.0,1.0,0.0,0.0
149014,NS2,0.0,90.0,1.0,0.0,0.0
149015,NS2,0.0,90.0,1.0,0.0,0.0
149016,NS2,0.0,90.0,1.0,0.0,0.0
149110,NS2,0.0,90.0,1.0,0.0,0.0
149111,NS2,0.0,90.0,1.0,0.0,0.0
149205,NS2,0.0,90.0,1.0,0.0,0.0
149206,NS2,0.0,90.0,1.0,0.0,0.0
149300,NS2,0.0,90.0,1.0,0.0,0.0
149301,NS2,0.0,90.0,1.0,0.0,0.0
149395,NS2,0.0,90.0,1.0,0.0,0.0
149396,NS2,0.0,90.0,1.0,0.0,0.0
149490,NS2,0.0,90.0,1.0,0.0,0.0
149491,NS2,0.0,90.0,1.0,0.0,0.0
149585,NS2,0.0,90.0,1.0,0.0,0.0
149586,NS2,0.0,90.0,1.0,0.0,0.0
149680,NS2,0.0,90.0,1.0,0.0,0.0
149681,NS2,0.0,90.0,1.0,0.0,0.0
149775,NS2,0.0,90.0,1.0,0.0,0.0
149776,NS2,0.0,90.0,1.0,0.0,0.0
149870,NS2,0.0,90.0,1.0,0.0,0.0
149871,NS2,0.0,90.0,1.0,0.0,0.0
149965,NS2,0.0,90.0,1.0,0.0,0.0
149966,NS2,0.0,90.0,1.0,0.0,0.0
150060,NS2,0.0,90.0,1.0,0.0,0.0
150061,NS2,0.0,90.0,1.0,0.0,0.0
150062,NS2,0.0,90.0,1.0,0.0,0.0
150157,NS2,0.0,90.0,1.0,0.0,0.0
150252,NS2,0.0,90.0,1.0,0.0,0.0
150347,NS2,0.0,90.0,1.0,0.0,0.0
150442,NS2,0.0,90.0,1.0,0.0,0.0
150537,NS2,0.0,90.0,1.0,0.0,0.0
150632,NS2,0.0,90.0,1.0,0.0,0.0
150727,NS2,0.0,90.0,1.0,0.0,0.0
150822,NS2,0.0,90.0,1.0,0.0,0.0
150917,NS2,0.0,90.0,1.0,0.0,0.0
151012,NS2,0.0,90.0,1.0,0.0,0.0
151107,NS2,0.0,90.0,1.0,0.0,0.0
151202,NS2,0.0,90.0,1.0,0.0,0.0
151297,NS2,0.0,90.0,1.0,0.0,0.0
151392,NS2,0.0,90.0,1.0,0.0,0.0
151487,NS2,0.0,90.0,1.0,0.0,0.0
151582,NS2,0.0,90.0,1.0,0.0,0.0
151677,NS2,0.0,90.0,1.0,0.0,0.0
151772,NS2,0.0,90.0,1.0,0.0,0.0
151867,NS2,0.0,90.0,1.0,0.0,0.0
151962,NS2,0.0,90.0,1.0,0.0,0.0
152047,NS2,0.0,90.0,1.0,0.0,0.0
152048,NS2,0.0,90.0,1.0,0.0,0.0
152142,NS2,0.0,90.0,1.0,0.0,0.0
152143,NS2,0.0,90.0,1.0,0.0,0.0
152237,NS2,0.0,90.0,1.0,0.0,0.0
152238,NS2,0.0,90.0,1.0,0.0,0.0
152332,NS2,0.0,90.0,1.0,0.0,0.0
152333,NS2,0.0,90.0,1.0,0.0,0.0
152427,NS2,0.0,90.0,1.0,0.0,0.0
152428,NS2,0.0,90.0,1.0,0.0,0.0
152522,NS2,0.0,90.0,1.0,0.0,0.0
152523,NS2,0.0,90.0,1.0,0.0,0.0
152617,NS2,0.0,90.0,1.0,0.0,0.0
152618,NS2,0.0,90.0,1.0,0.0,0.0
152712,NS2,0.0,90.0,1.0,0.0,0.0
152713,NS2,0.0,90.0,1.0,0.0,0.0
152807,NS2,0.0,90.0,1.0,0.0,0.0
152808,NS2,0.0,90.0,1.0,0.0,0.0
152902,NS2,0.0,90.0,1.0,0.0,0.0
152903,NS2,0.0,90.0,1.0,0.0,0.0
152997,NS2,0.0,90.0,1.0,0.0,0.0
152998,NS2,0.0,90.0,1.0,0.0,0.0
153092,NS2,0.0,90.0,1.0,0.0,0.0
153093,NS2,0.0,90.0,1.0,0.0,0.0
153187,NS2,0.0,90.0,1.0,0.0,0.0
153188,NS2,0.0,90.0,1.0,0.0,0.0
153282,NS2,0.0,90.0,1.0,0.0,0.0
153283,NS2,0.0,90.0,1.0,0.0,0.0
153377,NS2,0.0,90.0,1.0,0.0,0.0
153378,NS2,0.0,90.0,1.0,0.0,0.0
153472,NS2,0.0,90.0,1.0,0.0,0.0
153473,NS2,0.0,90.0,1.0,0.0,0.0
153474,NS2,0.0,90.0,1.0,0.0,0.0
153475,NS2,0.0,90.0,1.0,0.0,0.0
153569,NS2,0.0,90.0,1.0,0.0,0.0
153570,NS2,0.0,90.0,1.0,0.0,0.0
153664,NS2,0.0,90.0,1.0,0.0,0.0
153665,NS2,0.0,90.0,1.0,0.0,0.0
153759,NS2,0.0,90.0,1.0,0.0,0.0
153760,NS2,0.0,90.0,1.0,0.0,0.0
153854,NS2,0.0,90.0,1.0,0.0,0.0
153855,NS2,0.0,90.0,1.0,0.0,0.0
153949,NS2,0.0,90.0,1.0,0.0,0.0
153950,NS2,0.0,90.0,1.0,0.0,0.0
154044,NS2,0.0,90.0,1.0,0.0,0.0
154045,NS2,0.0,90.0,1.0,0.0,0.0
154139,NS2,0.0,90.0,1.0,0.0,0.0
154140,NS2,0.0,90.0,1.0,0.0,0.0
154234,NS2,0.0,90.0,1.0,0.0,0.0
154235,NS2,0.0,90.0,1.0,0.0,0.0
154329,NS2,0.0,90.0,1.0,0.0,0.0
154330,NS2,0.0,90.0,1.0,0.0,0.0
154424,NS2,0.0,90.0,1.0,0.0,0.0
154425,NS2,0.0,90.0,1.0,0.0,0.0
154519,NS2,0.0,90.0,1.0,0.0,0.0
154520,NS2,0.0,90.0,1.0,0.0,0.0
154521,NS2,0.0,90.0,1.0,0.0,0.0
154522,NS2,0.0,90.0,1.0,0.0,0.0
154616,NS2,0.0,90.0,1.0,0.0,0.0
154617,NS2,0.0,90.0,1.0,0.0,0.0
154711,NS2,0.0,90.0,1.0,0.0,0.0
154712,NS2,0.0,90.0,1.0,0.0,0.0
154806,NS2,0.0,90.0,1.0,0.0,0.0
154807,NS2,0.0,90.0,1.0,0.0,0.0
154901,NS2,0.0,90.0,1.0,0.0,0.0
154902,NS2,0.0,90.0,1.0,0.0,0.0
154996,NS2,0.0,90.0,1.0,0.0,0.0
154997,NS2,0.0,90.0,1.0,0.0,0.0
155091,NS2,0.0,90.0,1.0,0.0,0.0
155092,NS2,0.0,90.0,1.0,0.0,0.0
155186,NS2,0.0,90.0,1.0,0.0,0.0
155187,NS2,0.0,90.0,1.0,0.0,0.0
155281,NS2,0.0,90.0,1.0,0.0,0.0
155282,NS2,0.0,90.0,1.0,0.0,0.0
155376,NS2,0.0,90.0,1.0,0.0,0.0
155377,NS2,0.0,90.0,1.0,0.0,0.0
155471,NS2,0.0,90.0,1.0,0.0,0.0
155472,NS2,0.0,90.0,1.0,0.0,0.0
155566,NS2,0.0,90.0,1.0,0.0,0.0
155567,NS2,0.0,90.0,1.0,0.0,0.0
155568,NS2,0.0,90.0,1.0,0.0,0.0
155569,NS2,0.0,90.0,1.0,0.0,0.0
155663,NS2,0.0,90.0,1.0,0.0,0.0
155664,NS2,0.0,90.0,1.0,0.0,0.0
155758,NS2,0.0,90.0,1.0,0.0,0.0
155759,NS2,0.0,90.0,1.0,0.0,0.0
155853,NS2,0.0,90.0,1.0,0.0,0.0
155854,NS2,0.0,90.0,1.0,0.0,0.0
155948,NS2,0.0,90.0,1.0,0.0,0.0
155949,NS2,0.0,90.0,1.0,0.0,0.0
156043,NS2,0.0,90.0,1.0,0.0,0.0
156044,NS2,0.0,90.0,1.0,0.0,0.0
156138,NS2,0.0,90.0,1.0,0.0,0.0
156139,NS2,0.0,90.0,1.0,0.0,0.0
156233,NS2,0.0,90.0,1.0,0.0,0.0
156234,NS2,0.0,90.0,1.0,0.0,0.0
156328,NS2,0.0,90.0,1.0,0.0,0.0
156329,NS2,0.0,90.0,1.0,0.0,0.0
156423,NS2,0.0,90.0,1.0,0.0,0.0
156424,NS2,0.0,90.0,1.0,0.0,0.0
156518,NS2,0.0,90.0,1.0,0.0,0.0
156519,NS2,0.0,90.0,1.0,0.0,0.0
156613,NS2,0.0,90.0,1.0,0.0,0.0
156614,NS2,0.0,90.0,1.0,0.0,0.0
156615,NS2,0.0,90.0,1.0,0.0,0.0
156616,NS2,0.0,90.0,1.0,0.0,0.0
156710,NS2,0.0,90.0,1.0,0.0,0.0
156711,NS2,0.0,90.0,1.0,0.0,0.0
156805,NS2,0.0,90.0,1.0,0.0,0.0
156806,NS2,0.0,90.0,1.0,0.0,0.0
156900,NS2,0.0,90.0,1.0,0.0,0.0
156901,NS2,0.0,90.0,1.0,0.0,0.0
156995,NS2,0.0,90.0,1.0,0.0,0.0
156996,NS2,0.0,90.0,1.0,0.0,0.0
157090,NS2,0.0,90.0,1.0,0.0,0.0
157091,NS2,0.0,90.0,1.0,0.0,0.0
157185,NS2,0.0,90.0,1.0,0.0,0.0
157186,NS2,0.0,90.0,1.0,0.0,0.0
157280,NS2,0.0,90.0,1.0,0.0,0.0
157281,NS2,0.0,90.0,1.0,0.0,0.0
157375,NS2,0.0,90.0,1.0,0.0,0.0
157376,NS2,0.0,90.0,1.0,0.0,0.0
157470,NS2,0.0,90.0,1.0,0.0,0.0
157471,NS2,0.0,90.0,1.0,0.0,0.0
157565,NS2,0.0,90.0,1.0,0.0,0.0
157566,NS2,0.0,90.0,1.0,0.0,0.0
157660,NS2,0.0,90.0,1.0,0.0,0.0
157661,NS2,0.0,90.0,1.0,0.0,0.0
157662,NS2,0.0,90.0,1.0,0.0,0.0
157757,NS2,0.0,90.0,1.0,0.0,0.0
157852,NS2,0.0,90.0,1.0,0.0,0.0
157947,NS2,0.0,90.0,1.0,0.0,0.0
158042,NS2,0.0,90.0,1.0,0.0,0.0
158137,NS2,0.0,90.0,1.0,0.0,0.0
158232,NS2,0.0,90.0,1.0,0.0,0.0
158327,NS2,0.0,90.0,1.0,0.0,0.0
158422,NS2,0.0,90.0,1.0,0.0,0.0
158517,NS2,0.0,90.0,1.0,0.0,0.0
158612,NS2,0.0,90.0,1.0,0.0,0.0
158707,NS2,0.0,90.0,1.0,0.0,0.0
158802,NS2,0.0,90.0,1.0,0.0,0.0
158897,NS2,0.0,90.0,1.0,0.0,0.0
158992,NS2,0.0,90.0,1.0,0.0,0.0
159087,NS2,0.0,90.0,1.0,0.0,0.0
159182,NS2,0.0,90.0,1.0,0.0,0.0
159277,NS2,0.0,90.0,1.0,0.0,0.0
159372,NS2,0.0,90.0,1.0,0.0,0.0
159467,NS2,0.0,90.0,1.0,0.0,0.0
159562,NS2,0.0,90.0,1.0,0.0,0.0
159647,NS2,0.0,90.0,1.0,0.0,0.0
159648,NS2,0.0,90.0,1.0,0.0,0.0
159742,NS2,0.0,90.0,1.0,0.0,0.0
159743,NS2,0.0,90.0,1.0,0.0,0.0
159837,NS2,0.0,90.0,1.0,0.0,0.0
159838,NS2,0.0,90.0,1.0,0.0,0.0
159932,NS2,0.0,90.0,1.0,0.0,0.0
159933,NS2,0.0,90.0,1.0,0.0,0.0
160027,NS2,0.0,90.0,1.0,0.0,0.0
160028,NS2,0.0,90.0,1.0,0.0,0.0
160122,NS2,0.0,90.0,1.0,0.0,0.0
160123,NS2,0.0,90.0,1.0,0.0,0.0
160217,NS2,0.0,90.0,1.0,0.0,0.0
160218,NS2,0.0,90.0,1.0,0.0,0.0
160312,NS2,0.0,90.0,1.0,0.0,0.0
160313,NS2,0.0,90.0,1.0,0.0,0.0
160407,NS2,0.0,90.0,1.0,0.0,0.0
160408,NS2,0.0,90.0,1.0,0.0,0.0
160502,NS2,0.0,90.0,1.0,0.0,0.0
160503,NS2,0.0,90.0,1.0,0.0,0.0
160597,NS2,0.0,90.0,1.0,0.0,0.0
160598,NS2,0.0,90.0,1.0,0.0,0.0
160692,NS2,0.0,90.0,1.0,0.0,0.0
160693,NS2,0.0,90.0,1.0,0.0,0.0
160787,NS2,0.0,90.0,1.0,0.0,0.0
160788,NS2,0.0,90.0,1.0,0.0,0.0
160882,NS2,0.0,90.0,1.0,0.0,0.0
160883,NS2,0.0,90.0,1.0,0.0,0.0
160977,NS2,0.0,90.0,1.0,0.0,0.0
160978,NS2,0.0,90.0,1.0,0.0,0.0
161072,NS2,0.0,90.0,1.0,0.0,0.0
161073,NS2,0.0,90.0,1.0,0.0,0.0
161074,NS2,0.0,90.0,1.0,0.0,0.0
161075,NS2,0.0,90.0,1.0,0.0,0.0
161169,NS2,0.0,90.0,1.0,0.0,0.0
161170,NS2,0.0,90.0,1.0,0.0,0.0
161264,NS2,0.0,90.0,1.0,0.0,0.0
161265,NS2,0.0,90.0,1.0,0.0,0.0
161359,NS2,0.0,90.0,1.0,0.0,0.0
161360,NS2,0.0,90.0,1.0,0.0,0.0
161454,NS2,0.0,90.0,1.0,0.0,0.0
161455,NS2,0.0,90.0,1.0,0.0,0.0
161549,NS2,0.0,90.0,1.0,0.0,0.0
161550,NS2,0.0,90.0,1.0,0.0,0.0
161644,NS2,0.0,90.0,1.0,0.0,0.0
161645,NS2,0.0,90.0,1.0,0.0,0.0
161739,NS2,0.0,90.0,1.0,0.0,0.0
161740,NS2,0.0,90.0,1.0,0.0,0.0
161834,NS2,0.0,90.0,1.0,0.0,0.0
161835,NS2,0.0,90.0,1.0,0.0,0.0
161929,NS2,0.0,90.0,1.0,0.0,0.0
161930,NS2,0.0,90.0,1.0,0.0,0.0
162024,NS2,0.0,90.0,1.0,0.0,0.0
162025,NS2,0.0,90.0,1.0,0.0,0.0
162119,NS2,0.0,90.0,1.0,0.0,0.0
162120,NS2,0.0,90.0,1.0,0.0,0.0
162121,NS2,0.0,90.0,1.0,0.0,0.0
162122,NS2,0.0,90.0,1.0,0.0,0.0
162216,NS2,0.0,90.0,1.0,0.0,0.0
162217,NS2,0.0,90.0,1.0,0.0,0.0
162311,NS2,0.0,90.0,1.0,0.0,0.0
162312,NS2,0.0,90.0,1.0,0.0,0.0
162406,NS2,0.0,90.0,1.0,0.0,0.0
162407,NS2,0.0,90.0,1.0,0.0,0.0
162501,NS2,0.0,90.0,1.0,0.0,0.0
162502,NS2,0.0,90.0,1.0,0.0,0.0
162596,NS2,0.0,90.0,1.0,0.0,0.0
162597,NS2,0.0,90.0,1.0,0.0,0.0
162691,NS2,0.0,90.0,1.0,0.0,0.0
162692,NS2,0.0,90.0,1.0,0.0,0.0
162786,NS2,0.0,90.0,1.0,0.0,0.0
162787,NS2,0.0,90.0,1.0,0.0,0.0
162881,NS2,0.0,90.0,1.0,0.0,0.0
162882,NS2,0.0,90.0,1.0,0.0,0.0
162976,NS2,0.0,90.0,1.0,0.0,0.0
162977,NS2,0.0,90.0,1.0,0.0,0.0
163071,NS2,0.0,90.0,1.0,0.0,0.0
163072,NS2,0.0,90.0,1.0,0.0,0.0
163166,NS2,0.0,90.0,1.0,0.0,0.0
163167,NS2,0.0,90.0,1.0,0.0,0.0
163168,NS2,0.0,90.0,1.0,0.0,0.0
163169,NS2,0.0,90.0,1.0,0.0,0.0
163263,NS2,0.0,90.0,1.0,0.0,0.0
163264,NS2,0.0,90.0,1.0,0.0,0.0
163358,NS2,0.0,90.0,1.0,0.0,0.0
163359,NS2,0.0,90.0,1.0,0.0,0.0
163453,NS2,0.0,90.0,1.0,0.0,0.0
163454,NS2,0.0,90.0,1.0,0.0,0.0
163548,NS2,0.0,90.0,1.0,0.0,0.0
163549,NS2,0.0,90.0,1.0,0.0,0.0
163643,NS2,0.0,90.0,1.0,0.0,0.0
163644,NS2,0.0,90.0,1.0,0.0,0.0
163738,NS2,0.0,90.0,1.0,0.0,0.0
163739,NS2,0.0,90.0,1.0,0.0,0.0
163833,NS2,0.0,90.0,1.0,0.0,0.0
163834,NS2,0.0,90.0,1.0,0.0,0.0
163928,NS2,0.0,90.0,1.0,0.0,0.0
163929,NS2,0.0,90.0,1.0,0.0,0.0
164023,NS2,0.0,90.0,1.0,0.0,0.0
164024,NS2,0.0,90.0,1.0,0.0,0.0
164118,NS2,0.0,90.0,1.0,0.0,0.0
164119,NS2,0.0,90.0,1.0,0.0,0.0
164213,NS2,0.0,90.0,1.0,0.0,0.0
164214,NS2,0.0,90.0,1.0,0.0,0.0
164215,NS2,0.0,90.0,1.0,0.0,0.0
164216,NS2,0.0,90.0,1.0,0.0,0.0
164310,NS2,0.0,90.0,1.0,0.0,0.0
164311,NS2,0.0,90.0,1.0,0.0,0.0
164405,NS2,0.0,90.0,1.0,0.0,0.0
164406,NS2,0.0,90.0,1.0,0.0,0.0
164500,NS2,0.0,90.0,1.0,0.0,0.0
164501,NS2,0.0,90.0,1.0,0.0,0.0
164595,NS2,0.0,90.0,1.0,0.0,0.0
164596,NS2,0.0,90.0,1.0,0.0,0.0
164690,NS2,0.0,90.0,1.0,0.0,0.0
164691,NS2,0.0,90.0,1.0,0.0,0.0
164785,NS2,0.0,90.0,1.0,0.0,0.0
164786,NS2,0.0,90.0,1.0,0.0,0.0
164880,NS2,0.0,90.0,1.0,0.0,0.0
164881,NS2,0.0,90.0,1.0,0.0,0.0
164975,NS2,0.0,90.0,1.0,0.0,0.0
164976,NS2,0.0,90.0,1.0,0.0,0.0
165070,NS2,0.0,90.0,1.0,0.0,0.0
165071,NS2,0.0,90.0,1.0,0.0,0.0
165165,NS2,0.0,90.0,1.0,0.0,0.0
165166,NS2,0.0,90.0,1.0,0.0,0.0
165260,NS2,0.0,90.0,1.0,0.0,0.0
165261,NS2,0.0,90.0,1.0,0.0,0.0
165262,NS2,0.0,90.0,1.0,0.0,0.0
165357,NS2,0.0,90.0,1.0,0.0,0.0
165452,NS2,0.0,90.0,1.0,0.0,0.0
165547,NS2,0.0,90.0,1.0,0.0,0.0
165642,NS2,0.0,90.0,1.0,0.0,0.0
165737,NS2,0.0,90.0,1.0,0.0,0.0
165832,NS2,0.0,90.0,1.0,0.0,0.0
165927,NS2,0.0,90.0,1.0,0.0,0.0
166022,NS2,0.0,90.0,1.0,0.0,0.0
166117,NS2,0.0,90.0,1.0,0.0,0.0
166212,NS2,0.0,90.0,1.0,0.0,0.0
166307,NS2,0.0,90.0,1.0,0.0,0.0
166402,NS2,0.0,90.0,1.0,0.0,0.0
166497,NS2,0.0,90.0,1.0,0.0,0.0
166592,NS2,0.0,90.0,1.0,0.0,0.0
166687,NS2,0.0,90.0,1.0,0.0,0.0
166782,NS2,0.0,90.0,1.0,0.0,0.0
166877,NS2,0.0,90.0,1.0,0.0,0.0
166972,NS2,0.0,90.0,1.0,0.0,0.0
167067,NS2,0.0,90.0,1.0,0.0,0.0
167162,NS2,0.0,90.0,1.0,0.0,0.0
167247,NS2,0.0,90.0,1.0,0.0,0.0
167248,NS2,0.0,90.0,1.0,0.0,0.0
167342,NS2,0.0,90.0,1.0,0.0,0.0
167343,NS2,0.0,90.0,1.0,0.0,0.0
167437,NS2,0.0,90.0,1.0,0.0,0.0
167438,NS2,0.0,90.0,1.0,0.0,0.0
167532,NS2,0.0,90.0,1.0,0.0,0.0
167533,NS2,0.0,90.0,1.0,0.0,0.0
167627,NS2,0.0,90.0,1.0,0.0,0.0
167628,NS2,0.0,90.0,1.0,0.0,0.0
167722,NS2,0.0,90.0,1.0,0.0,0.0
167723,NS2,0.0,90.0,1.0,0.0,0.0
167817,NS2,0.0,90.0,1.0,0.0,0.0
167818,NS2,0.0,90.0,1.0,0.0,0.0
167912,NS2,0.0,90.0,1.0,0.0,0.0
167913,NS2,0.0,90.0,1.0,0.0,0.0
168007,NS2,0.0,90.0,1.0,0.0,0.0
168008,NS2,0.0,90.0,1.0,0.0,0.0
168102,NS2,0.0,90.0,1.0,0.0,0.0
168103,NS2,0.0,90.0,1.0,0.0,0.0
168197,NS2,0.0,90.0,1.0,0.0,0.0
168198,NS2,0.0,90.0,1.0,0.0,0.0
168292,NS2,0.0,90.0,1.0,0.0,0.0
168293,NS2,0.0,90.0,1.0,0.0,0.0
168387,NS2,0.0,90.0,1.0,0.0,0.0
168388,NS2,0.0,90.0,1.0,0.0,0.0
168482,NS2,0.0,90.0,1.0,0.0,0.0
168483,NS2,0.0,90.0,1.0,0.0,0.0
168577,NS2,0.0,90.0,1.0,0.0,0.0
168578,NS2,0.0,90.0,1.0,0.0,0.0
168672,NS2,0.0,90.0,1.0,0.0,0.0
168673,NS2,0.0,90.0,1.0,0.0,0.0
168674,NS2,0.0,90.0,1.0,0.0,0.0
168675,NS2,0.0,90.0,1.0,0.0,0.0
168769,NS2,0.0,90.0,1.0,0.0,0.0
168770,NS2,0.0,90.0,1.0,0.0,0.0
168864,NS2,0.0,90.0,1.0,0.0,0.0
168865,NS2,0.0,90.0,1.0,0.0,0.0
168959,NS2,0.0,90.0,1.0,0.0,0.0
168960,NS2,0.0,90.0,1.0,0.0,0.0
169054,NS2,0.0,90.0,1.0,0.0,0.0
169055,NS2,0.0,90.0,1.0,0.0,0.0
169149,NS2,0.0,90.0,1.0,0.0,0.0
169150,NS2,0.0,90.0,1.0,0.0,0.0
169244,NS2,0.0,90.0,1.0,0.0,0.0
169245,NS2,0.0,90.0,1.0,0.0,0.0
169339,NS2,0.0,90.0,1.0,0.0,0.0
169340,NS2,0.0,90.0,1.0,0.0,0.0
169434,NS2,0.0,90.0,1.0,0.0,0.0
169435,NS2,0.0,90.0,1.0,0.0,0.0
169529,NS2,0.0,90.0,1.0,0.0,0.0
169530,NS2,0.0,90.0,1.0,0.0,0.0
169624,NS2,0.0,90.0,1.0,0.0,0.0
169625,NS2,0.0,90.0,1.0,0.0,0.0
169719,NS2,0.0,90.0,1.0,0.0,0.0
169720,NS2,0.0,90.0,1.0,0.0,0.0
169721,NS2,0.0,90.0,1.0,0.0,0.0
169722,NS2,0.0,90.0,1.0,0.0,0.0
169816,NS2,0.0,90.0,1.0,0.0,0.0
169817,NS2,0.0,90.0,1.0,0.0,0.0
169911,NS2,0.0,90.0,1.0,0.0,0.0
169912,NS2,0.0,90.0,1.0,0.0,0.0
170006,NS2,0.0,90.0,1.0,0.0,0.0
170007,NS2,0.0,90.0,1.0,0.0,0.0
170101,NS2,0.0,90.0,1.0,0.0,0.0
170102,NS2,0.0,90.0,1.0,0.0,0.0
170196,NS2,0.0,90.0,1.0,0.0,0.0
170197,NS2,0.0,90.0,1.0,0.0,0.0
170291,NS2,0.0,90.0,1.0,0.0,0.0
170292,NS2,0.0,90.0,1.0,0.0,0.0
170386,NS2,0.0,90.0,1.0,0.0,0.0
170387,NS2,0.0,90.0,1.0,0.0,0.0
170481,NS2,0.0,90.0,1.0,0.0,0.0
170482,NS2,0.0,90.0,1.0,0.0,0.0
170576,NS2,0.0,90.0,1.0,0.0,0.0
170577,NS2,0.0,90.0,1.0,0.0,0.0
170671,NS2,0.0,90.0,1.0,0.0,0.0
170672,NS2,0.0,90.0,1.0,0.0,0.0
170766,NS2,0.0,90.0,1.0,0.0,0.0
170767,NS2,0.0,90.0,1.0,0.0,0.0
170768,NS2,0.0,90.0,1.0,0.0,0.0
170769,NS2,0.0,90.0,1.0,0.0,0.0
170863,NS2,0.0,90.0,1.0,0.0,0.0
170864,NS2,0.0,90.0,1.0,0.0,0.0
170958,NS2,0.0,90.0,1.0,0.0,0.0
170959,NS2,0.0,90.0,1.0,0.0,0.0
171053,NS2,0.0,90.0,1.0,0.0,0.0
171054,NS2,0.0,90.0,1.0,0.0,0.0
171148,NS2,0.0,90.0,1.0,0.0,0.0
171149,NS2,0.0,90.0,1.0,0.0,0.0
171243,NS2,0.0,90.0,1.0,0.0,0.0
171244,NS2,0.0,90.0,1.0,0.0,0.0
171338,NS2,0.0,90.0,1.0,0.0,0.0
171339,NS2,0.0,90.0,1.0,0.0,0.0
171433,NS2,0.0,90.0,1.0,0.0,0.0
171434,NS2,0.0,90.0,1.0,0.0,0.0
171528,NS2,0.0,90.0,1.0,0.0,0.0
171529,NS2,0.0,90.0,1.0,0.0,0.0
171623,NS2,0.0,90.0,1.0,0.0,0.0
171624,NS2,0.0,90.0,1.0,0.0,0.0
171718,NS2,0.0,90.0,1.0,0.0,0.0
171719,NS2,0.0,90.0,1.0,0.0,0.0
171813,NS2,0.0,90.0,1.0,0.0,0.0
171814,NS2,0.0,90.0,1.0,0.0,0.0
171815,NS2,0.0,90.0,1.0,0.0,0.0
171816,NS2,0.0,90.0,1.0,0.0,0.0
171910,NS2,0.0,90.0,1.0,0.0,0.0
171911,NS2,0.0,90.0,1.0,0.0,0.0
172005,NS2,0.0,90.0,1.0,0.0,0.0
172006,NS2,0.0,90.0,1.0,0.0,0.0
172100,NS2,0.0,90.0,1.0,0.0,0.0
172101,NS2,0.0,90.0,1.0,0.0,0.0
172195,NS2,0.0,90.0,1.0,0.0,0.0
172196,NS2,0.0,90.0,1.0,0.0,0.0
172290,NS2,0.0,90.0,1.0,0.0,0.0
172291,NS2,0.0,90.0,1.0,0.0,0.0
172385,NS2,0.0,90.0,1.0,0.0,0.0
172386,NS2,0.0,90.0,1.0,0.0,0.0
172480,NS2,0.0,90.0,1.0,0.0,0.0
172481,NS2,0.0,90.0,1.0,0.0,0.0
172575,NS2,0.0,90.0,1.0,0.0,0.0
172576,NS2,0.0,90.0,1.0,0.0,0.0
172670,NS2,0.0,90.0,1.0,0.0,0.0
172671,NS2,0.0,90.0,1.0,0.0,0.0
172765,NS2,0.0,90.0,1.0,0.0,0.0
172766,NS2,0.0,90.0,1.0,0.0,0.0
172860,NS2,0.0,90.0,1.0,0.0,0.0
172861,NS2,0.0,90.0,1.0,0.0,0.0
172862,NS2,0.0,90.0,1.0,0.0,0.0
172957,NS2,0.0,90.0,1.0,0.0,0.0
173052,NS2,0.0,90.0,1.0,0.0,0.0
173147,NS2,0.0,90.0,1.0,0.0,0.0
173242,NS2,0.0,90.0,1.0,0.0,0.0
173337,NS2,0.0,90.0,1.0,0.0,0.0
173432,NS2,0.0,90.0,1.0,0.0,0.0
173527,NS2,0.0,90.0,1.0,0.0,0.0
173622,NS2,0.0,90.0,1.0,0.0,0.0
173717,NS2,0.0,90.0,1.0,0.0,0.0
173812,NS2,0.0,90.0,1.0,0.0,0.0
173907,NS2,0.0,90.0,1.0,0.0,0.0
174002,NS2,0.0,90.0,1.0,0.0,0.0
174097,NS2,0.0,90.0,1.0,0.0,0.0
174192,NS2,0.0,90.0,1.0,0.0,0.0
174287,NS2,0.0,90.0,1.0,0.0,0.0
174382,NS2,0.0,90.0,1.0,0.0,0.0
174477,NS2,0.0,90.0,1.0,0.0,0.0
174572,NS2,0.0,90.0,1.0,0.0,0.0
174667,NS2,0.0,90.0,1.0,0.0,0.0
174762,NS2,0.0,90.0,1.0,0.0,0.0
174847,NS2,0.0,90.0,1.0,0.0,0.0
174848,NS2,0.0,90.0,1.0,0.0,0.0
174942,NS2,0.0,90.0,1.0,0.0,0.0
174943,NS2,0.0,90.0,1.0,0.0,0.0
175037,NS2,0.0,90.0,1.0,0.0,0.0
175038,NS2,0.0,90.0,1.0,0.0,0.0
175132,NS2,0.0,90.0,1.0,0.0,0.0
175133,NS2,0.0,90.0,1.0,0.0,0.0
175227,NS2,0.0,90.0,1.0,0.0,0.0
175228,NS2,0.0,90.0,1.0,0.0,0.0
175322,NS2,0.0,90.0,1.0,0.0,0.0
175323,NS2,0.0,90.0,1.0,0.0,0.0
175417,NS2,0.0,90.0,1.0,0.0,0.0
175418,NS2,0.0,90.0,1.0,0.0,0.0
175512,NS2,0.0,90.0,1.0,0.0,0.0
175513,NS2,0.0,90.0,1.0,0.0,0.0
175607,NS2,0.0,90.0,1.0,0.0,0.0
175608,NS2,0.0,90.0,1.0,0.0,0.0
175702,NS2,0.0,90.0,1.0,0.0,0.0
175703,NS2,0.0,90.0,1.0,0.0,0.0
175797,NS2,0.0,90.0,1.0,0.0,0.0
175798,NS2,0.0,90.0,1.0,0.0,0.0
175892,NS2,0.0,90.0,1.0,0.0,0.0
175893,NS2,0.0,90.0,1.0,0.0,0.0
175987,NS2,0.0,90.0,1.0,0.0,0.0
175988,NS2,0.0,90.0,1.0,0.0,0.0
176082,NS2,0.0,90.0,1.0,0.0,0.0
176083,NS2,0.0,90.0,1.0,0.0,0.0
176177,NS2,0.0,90.0,1.0,0.0,0.0
176178,NS2,0.0,90.0,1.0,0.0,0.0
176272,NS2,0.0,90.0,1.0,0.0,0.0
176273,NS2,0.0,90.0,1.0,0.0,0.0
176274,NS2,0.0,90.0,1.0,0.0,0.0
176275,NS2,0.0,90.0,1.0,0.0,0.0
176369,NS2,0.0,90.0,1.0,0.0,0.0
176370,NS2,0.0,90.0,1.0,0.0,0.0
176464,NS2,0.0,90.0,1.0,0.0,0.0
176465,NS2,0.0,90.0,1.0,0.0,0.0
176559,NS2,0.0,90.0,1.0,0.0,0.0
176560,NS2,0.0,90.0,1.0,0.0,0.0
176654,NS2,0.0,90.0,1.0,0.0,0.0
176655,NS2,0.0,90.0,1.0,0.0,0.0
176749,NS2,0.0,90.0,1.0,0.0,0.0
176750,NS2,0.0,90.0,1.0,0.0,0.0
176844,NS2,0.0,90.0,1.0,0.0,0.0
176845,NS2,0.0,90.0,1.0,0.0,0.0
176939,NS2,0.0,90.0,1.0,0.0,0.0
176940,NS2,0.0,90.0,1.0,0.0,0.0
177034,NS2,0.0,90.0,1.0,0.0,0.0
177035,NS2,0.0,90.0,1.0,0.0,0.0
177129,NS2,0.0,90.0,1.0,0.0,0.0
177130,NS2,0.0,90.0,1.0,0.0,0.0
177224,NS2,0.0,90.0,1.0,0.0,0.0
177225,NS2,0.0,90.0,1.0,0.0,0.0
177319,NS2,0.0,90.0,1.0,0.0,0.0
177320,NS2,0.0,90.0,1.0,0.0,0.0
177321,NS2,0.0,90.0,1.0,0.0,0.0
177322,NS2,0.0,90.0,1.0,0.0,0.0
177416,NS2,0.0,90.0,1.0,0.0,0.0
177417,NS2,0.0,90.0,1.0,0.0,0.0
177511,NS2,0.0,90.0,1.0,0.0,0.0
177512,NS2,0.0,90.0,1.0,0.0,0.0
177606,NS2,0.0,90.0,1.0,0.0,0.0
177607,NS2,0.0,90.0,1.0,0.0,0.0
177701,NS2,0.0,90.0,1.0,0.0,0.0
177702,NS2,0.0,90.0,1.0,0.0,0.0
177796,NS2,0.0,90.0,1.0,0.0,0.0
177797,NS2,0.0,90.0,1.0,0.0,0.0
177891,NS2,0.0,90.0,1.0,0.0,0.0
177892,NS2,0.0,90.0,1.0,0.0,0.0
177986,NS2,0.0,90.0,1.0,0.0,0.0
177987,NS2,0.0,90.0,1.0,0.0,0.0
178081,NS2,0.0,90.0,1.0,0.0,0.0
178082,NS2,0.0,90.0,1.0,0.0,0.0
178176,NS2,0.0,90.0,1.0,0.0,0.0
178177,NS2,0.0,90.0,1.0,0.0,0.0
178271,NS2,0.0,90.0,1.0,0.0,0.0
178272,NS2,0.0,90.0,1.0,0.0,0.0
178366,NS2,0.0,90.0,1.0,0.0,0.0
178367,NS2,0.0,90.0,1.0,0.0,0.0
178368,NS2,0.0,90.0,1.0,0.0,0.0
178369,NS2,0.0,90.0,1.0,0.0,0.0
178463,NS2,0.0,90.0,1.0,0.0,0.0
178464,NS2,0.0,90.0,1.0,0.0,0.0
178558,NS2,0.0,90.0,1.0,0.0,0.0
178559,NS2,0.0,90.0,1.0,0.0,0.0
178653,NS2,0.0,90.0,1.0,0.0,0.0
178654,NS2,0.0,90.0,1.0,0.0,0.0
178748,NS2,0.0,90.0,1.0,0.0,0.0
178749,NS2,0.0,90.0,1.0,0.0,0.0
178843,NS2,0.0,90.0,1.0,0.0,0.0
178844,NS2,0.0,90.0,1.0,0.0,0.0
178938,NS2,0.0,90.0,1.0,0.0,0.0
178939,NS2,0.0,90.0,1.0,0.0,0.0
179033,NS2,0.0,90.0,1.0,0.0,0.0
179034,NS2,0.0,90.0,1.0,0.0,0.0
179128,NS2,0.0,90.0,1.0,0.0,0.0
179129,NS2,0.0,90.0,1.0,0.0,0.0
179223,NS2,0.0,90.0,1.0,0.0,0.0
179224,NS2,0.0,90.0,1.0,0.0,0.0
179318,NS2,0.0,90.0,1.0,0.0,0.0
179319,NS2,0.0,90.0,1.0,0.0,0.0
179413,NS2,0.0,90.0,1.0,0.0,0.0
179414,NS2,0.0,90.0,1.0,0.0,0.0
179415,NS2,0.0,90.0,1.0,0.0,0.0
179416,NS2,0.0,90.0,1.0,0.0,0.0
179510,NS2,0.0,90.0,1.0,0.0,0.0
179511,NS2,0.0,90.0,1.0,0.0,0.0
179605,NS2,0.0,90.0,1.0,0.0,0.0
179606,NS2,0.0,90.0,1.0,0.0,0.0
179700,NS2,0.0,90.0,1.0,0.0,0.0
179701,NS2,0.0,90.0,1.0,0.0,0.0
179795,NS2,0.0,90.0,1.0,0.0,0.0
179796,NS2,0.0,90.0,1.0,0.0,0.0
179890,NS2,0.0,90.0,1.0,0.0,0.0
179891,NS2,0.0,90.0,1.0,0.0,0.0
179985,NS2,0.0,90.0,1.0,0.0,0.0
179986,NS2,0.0,90.0,1.0,0.0,0.0
180080,NS2,0.0,90.0,1.0,0.0,0.0
180081,NS2,0.0,90.0,1.0,0.0,0.0
180175,NS2,0.0,90.0,1.0,0.0,0.0
180176,NS2,0.0,90.0,1.0,0.0,0.0
180270,NS2,0.0,90.0,1.0,0.0,0.0
180271,NS2,0.0,90.0,1.0,0.0,0.0
180365,NS2,0.0,90.0,1.0,0.0,0.0
180366,NS2,0.0,90.0,1.0,0.0,0.0
180460,NS2,0.0,90.0,1.0,0.0,0.0
180461,NS2,0.0,90.0,1.0,0.0,0.0
180462,NS2,0.0,90.0,1.0,0.0,0.0
180557,NS2,0.0,90.0,1.0,0.0,0.0
180652,NS2,0.0,90.0,1.0,0.0,0.0
180747,NS2,0.0,90.0,1.0,0.0,0.0
180842,NS2,0.0,90.0,1.0,0.0,0.0
180937,NS2,0.0,90.0,1.0,0.0,0.0
181032,NS2,0.0,90.0,1.0,0.0,0.0
181127,NS2,0.0,90.0,1.0,0.0,0.0
181222,NS2,0.0,90.0,1.0,0.0,0.0
181317,NS2,0.0,90.0,1.0,0.0,0.0
181412,NS2,0.0,90.0,1.0,0.0,0.0
181507,NS2,0.0,90.0,1.0,0.0,0.0
181602,NS2,0.0,90.0,1.0,0.0,0.0
181697,NS2,0.0,90.0,1.0,0.0,0.0
181792,NS2,0.0,90.0,1.0,0.0,0.0
181887,NS2,0.0,90.0,1.0,0.0,0.0
181982,NS2,0.0,90.0,1.0,0.0,0.0
182077,NS2,0.0,90.0,1.0,0.0,0.0
182172,NS2,0.0,90.0,1.0,0.0,0.0
182267,NS2,0.0,90.0,1.0,0.0,0.0
182362,NS2,0.0,90.0,1.0,0.0,0.0
182447,NS2,0.0,90.0,1.0,0.0,0.0
182448,NS2,0.0,90.0,1.0,0.0,0.0
182542,NS2,0.0,90.0,1.0,0.0,0.0
182543,NS2,0.0,90.0,1.0,0.0,0.0
182637,NS2,0.0,90.0,1.0,0.0,0.0
182638,NS2,0.0,90.0,1.0,0.0,0.0
182732,NS2,0.0,90.0,1.0,0.0,0.0
182733,NS2,0.0,90.0,1.0,0.0,0.0
182827,NS2,0.0,90.0,1.0,0.0,0.0
182828,NS2,0.0,90.0,1.0,0.0,0.0
182922,NS2,0.0,90.0,1.0,0.0,0.0
182923,NS2,0.0,90.0,1.0,0.0,0.0
183017,NS2,0.0,90.0,1.0,0.0,0.0
183018,NS2,0.0,90.0,1.0,0.0,0.0
183112,NS2,0.0,90.0,1.0,0.0,0.0
183113,NS2,0.0,90.0,1.0,0.0,0.0
183207,NS2,0.0,90.0,1.0,0.0,0.0
183208,NS2,0.0,90.0,1.0,0.0,0.0
183302,NS2,0.0,90.0,1.0,0.0,0.0
183303,NS2,0.0,90.0,1.0,0.0,0.0
183397,NS2,0.0,90.0,1.0,0.0,0.0
183398,NS2,0.0,90.0,1.0,0.0,0.0
183492,NS2,0.0,90.0,1.0,0.0,0.0
183493,NS2,0.0,90.0,1.0,0.0,0.0
183587,NS2,0.0,90.0,1.0,0.0,0.0
183588,NS2,0.0,90.0,1.0,0.0,0.0
183682,NS2,0.0,90.0,1.0,0.0,0.0
183683,NS2,0.0,90.0,1.0,0.0,0.0
183777,NS2,0.0,90.0,1.0,0.0,0.0
183778,NS2,0.0,90.0,1.0,0.0,0.0
183872,NS2,0.0,90.0,1.0,0.0,0.0
183873,NS2,0.0,90.0,1.0,0.0,0.0
183874,NS2,0.0,90.0,1.0,0.0,0.0
183875,NS2,0.0,90.0,1.0,0.0,0.0
183969,NS2,0.0,90.0,1.0,0.0,0.0
183970,NS2,0.0,90.0,1.0,0.0,0.0
184064,NS2,0.0,90.0,1.0,0.0,0.0
184065,NS2,0.0,90.0,1.0,0.0,0.0
184159,NS2,0.0,90.0,1.0,0.0,0.0
184160,NS2,0.0,90.0,1.0,0.0,0.0
184254,NS2,0.0,90.0,1.0,0.0,0.0
184255,NS2,0.0,90.0,1.0,0.0,0.0
184349,NS2,0.0,90.0,1.0,0.0,0.0
184350,NS2,0.0,90.0,1.0,0.0,0.0
184444,NS2,0.0,90.0,1.0,0.0,0.0
184445,NS2,0.0,90.0,1.0,0.0,0.0
184539,NS2,0.0,90.0,1.0,0.0,0.0
184540,NS2,0.0,90.0,1.0,0.0,0.0
184634,NS2,0.0,90.0,1.0,0.0,0.0
184635,NS2,0.0,90.0,1.0,0.0,0.0
184729,NS2,0.0,90.0,1.0,0.0,0.0
184730,NS2,0.0,90.0,1.0,0.0,0.0
184824,NS2,0.0,90.0,1.0,0.0,0.0
184825,NS2,0.0,90.0,1.0,0.0,0.0
184919,NS2,0.0,90.0,1.0,0.0,0.0
184920,NS2,0.0,90.0,1.0,0.0,0.0
184921,NS2,0.0,90.0,1.0,0.0,0.0
184922,NS2,0.0,90.0,1.0,0.0,0.0
185016,NS2,0.0,90.0,1.0,0.0,0.0
185017,NS2,0.0,90.0,1.0,0.0,0.0
185111,NS2,0.0,90.0,1.0,0.0,0.0
185112,NS2,0.0,90.0,1.0,0.0,0.0
185206,NS2,0.0,90.0,1.0,0.0,0.0
185207,NS2,0.0,90.0,1.0,0.0,0.0
185301,NS2,0.0,90.0,1.0,0.0,0.0
185302,NS2,0.0,90.0,1.0,0.0,0.0
185396,NS2,0.0,90.0,1.0,0.0,0.0
185397,NS2,0.0,90.0,1.0,0.0,0.0
185491,NS2,0.0,90.0,1.0,0.0,0.0
185492,NS2,0.0,90.0,1.0,0.0,0.0
185586,NS2,0.0,90.0,1.0,0.0,0.0
185587,NS2,0.0,90.0,1.0,0.0,0.0
185681,NS2,0.0,90.0,1.0,0.0,0.0
185682,NS2,0.0,90.0,1.0,0.0,0.0
185776,NS2,0.0,90.0,1.0,0.0,0.0
185777,NS2,0.0,90.0,1.0,0.0,0.0
185871,NS2,0.0,90.0,1.0,0.0,0.0
185872,NS2,0.0,90.0,1.0,0.0,0.0
185966,NS2,0.0,90.0,1.0,0.0,0.0
185967,NS2,0.0,90.0,1.0,0.0,0.0
185968,NS2,0.0,90.0,1.0,0.0,0.0
185969,NS2,0.0,90.0,1.0,0.0,0.0
186063,NS2,0.0,90.0,1.0,0.0,0.0
186064,NS2,0.0,90.0,1.0,0.0,0.0
186158,NS2,0.0,90.0,1.0,0.0,0.0
186159,NS2,0.0,90.0,1.0,0.0,0.0
186253,NS2,0.0,90.0,1.0,0.0,0.0
186254,NS2,0.0,90.0,1.0,0.0,0.0
186348,NS2,0.0,90.0,1.0,0.0,0.0
186349,NS2,0.0,90.0,1.0,0.0,0.0
186443,NS2,0.0,90.0,1.0,0.0,0.0
186444,NS2,0.0,90.0,1.0,0.0,0.0
186538,NS2,0.0,90.0,1.0,0.0,0.0
186539,NS2,0.0,90.0,1.0,0.0,0.0
186633,NS2,0.0,90.0,1.0,0.0,0.0
186634,NS2,0.0,90.0,1.0,0.0,0.0
186728,NS2,0.0,90.0,1.0,0.0,0.0
186729,NS2,0.0,90.0,1.0,0.0,0.0
186823,NS2,0.0,90.0,1.0,0.0,0.0
186824,NS2,0.0,90.0,1.0,0.0,0.0
186918,NS2,0.0,90.0,1.0,0.0,0.0
186919,NS2,0.0,90.0,1.0,0.0,0.0
187013,NS2,0.0,90.0,1.0,0.0,0.0
187014,NS2,0.0,90.0,1.0,0.0,0.0
187015,NS2,0.0,90.0,1.0,0.0,0.0
187016,NS2,0.0,90.0,1.0,0.0,0.0
187110,NS2,0.0,90.0,1.0,0.0,0.0
187111,NS2,0.0,90.0,1.0,0.0,0.0
187205,NS2,0.0,90.0,1.0,0.0,0.0
187206,NS2,0.0,90.0,1.0,0.0,0.0
187300,NS2,0.0,90.0,1.0,0.0,0.0
187301,NS2,0.0,90.0,1.0,0.0,0.0
187395,NS2,0.0,90.0,1.0,0.0,0.0
187396,NS2,0.0,90.0,1.0,0.0,0.0
187490,NS2,0.0,90.0,1.0,0.0,0.0
187491,NS2,0.0,90.0,1.0,0.0,0.0
187585,NS2,0.0,90.0,1.0,0.0,0.0
187586,NS2,0.0,90.0,1.0,0.0,0.0
187680,NS2,0.0,90.0,1.0,0.0,0.0
187681,NS2,0.0,90.0,1.0,0.0,0.0
187775,NS2,0.0,90.0,1.0,0.0,0.0
187776,NS2,0.0,90.0,1.0,0.0,0.0
187870,NS2,0.0,90.0,1.0,0.0,0.0
187871,NS2,0.0,90.0,1.0,0.0,0.0
187965,NS2,0.0,90.0,1.0,0.0,0.0
187966,NS2,0.0,90.0,1.0,0.0,0.0
188060,NS2,0.0,90.0,1.0,0.0,0.0
188061,NS2,0.0,90.0,1.0,0.0,0.0
188062,NS2,0.0,90.0,1.0,0.0,0.0
188157,NS2,0.0,90.0,1.0,0.0,0.0
188252,NS2,0.0,90.0,1.0,0.0,0.0
188347,NS2,0.0,90.0,1.0,0.0,0.0
188442,NS2,0.0,90.0,1.0,0.0,0.0
188537,NS2,0.0,90.0,1.0,0.0,0.0
188632,NS2,0.0,90.0,1.0,0.0,0.0
188727,NS2,0.0,90.0,1.0,0.0,0.0
188822,NS2,0.0,90.0,1.0,0.0,0.0
188917,NS2,0.0,90.0,1.0,0.0,0.0
189012,NS2,0.0,90.0,1.0,0.0,0.0
189107,NS2,0.0,90.0,1.0,0.0,0.0
189202,NS2,0.0,90.0,1.0,0.0,0.0
189297,NS2,0.0,90.0,1.0,0.0,0.0
189392,NS2,0.0,90.0,1.0,0.0,0.0
189487,NS2,0.0,90.0,1.0,0.0,0.0
189582,NS2,0.0,90.0,1.0,0.0,0.0
189677,NS2,0.0,90.0,1.0,0.0,0.0
189772,NS2,0.0,90.0,1.0,0.0,0.0
189867,NS2,0.0,90.0,1.0,0.0,0.0
189962,NS2,0.0,90.0,1.0,0.0,0.0
190047,NS2,0.0,90.0,1.0,0.0,0.0
190048,NS2,0.0,90.0,1.0,0.0,0.0
190142,NS2,0.0,90.0,1.0,0.0,0.0
190143,NS2,0.0,90.0,1.0,0.0,0.0
190237,NS2,0.0,90.0,1.0,0.0,0.0
190238,NS2,0.0,90.0,1.0,0.0,0.0
190332,NS2,0.0,90.0,1.0,0.0,0.0
190333,NS2,0.0,90.0,1.0,0.0,0.0
190427,NS2,0.0,90.0,1.0,0.0,0.0
190428,NS2,0.0,90.0,1.0,0.0,0.0
190522,NS2,0.0,90.0,1.0,0.0,0.0
190523,NS2,0.0,90.0,1.0,0.0,0.0
190617,NS2,0.0,90.0,1.0,0.0,0.0
190618,NS2,0.0,90.0,1.0,0.0,0.0
190712,NS2,0.0,90.0,1.0,0.0,0.0
190713,NS2,0.0,90.0,1.0,0.0,0.0
190807,NS2,0.0,90.0,1.0,0.0,0.0
190808,NS2,0.0,90.0,1.0,0.0,0.0
190902,NS2,0.0,90.0,1.0,0.0,0.0
190903,NS2,0.0,90.0,1.0,0.0,0.0
190997,NS2,0.0,90.0,1.0,0.0,0.0
190998,NS2,0.0,90.0,1.0,0.0,0.0
191092,NS2,0.0,90.0,1.0,0.0,0.0
191093,NS2,0.0,90.0,1.0,0.0,0.0
191187,NS2,0.0,90.0,1.0,0.0,0.0
191188,NS2,0.0,90.0,1.0,0.0,0.0
191282,NS2,0.0,90.0,1.0,0.0,0.0
191283,NS2,0.0,90.0,1.0,0.0,0.0
191377,NS2,0.0,90.0,1.0,0.0,0.0
191378,NS2,0.0,90.0,1.0,0.0,0.0
191472,NS2,0.0,90.0,1.0,0.0,0.0
191473,NS2,0.0,90.0,1.0,0.0,0.0
191474,NS2,0.0,90.0,1.0,0.0,0.0
191475,NS2,0.0,90.0,1.0,0.0,0.0
191569,NS2,0.0,90.0,1.0,0.0,0.0
191570,NS2,0.0,90.0,1.0,0.0,0.0
191664,NS2,0.0,90.0,1.0,0.0,0.0
191665,NS2,0.0,90.0,1.0,0.0,0.0
191759,NS2,0.0,90.0,1.0,0.0,0.0
191760,NS2,0.0,90.0,1.0,0.0,0.0
191854,NS2,0.0,90.0,1.0,0.0,0.0
191855,NS2,0.0,90.0,1.0,0.0,0.0
191949,NS2,0.0,90.0,1.0,0.0,0.0
191950,NS2,0.0,90.0,1.0,0.0,0.0
192044,NS2,0.0,90.0,1.0,0.0,0.0
192045,NS2,0.0,90.0,1.0,0.0,0.0
192139,NS2,0.0,90.0,1.0,0.0,0.0
192140,NS2,0.0,90.0,1.0,0.0,0.0
192234,NS2,0.0,90.0,1.0,0.0,0.0
192235,NS2,0.0,90.0,1.0,0.0,0.0
192329,NS2,0.0,90.0,1.0,0.0,0.0
192330,NS2,0.0,90.0,1.0,0.0,0.0
192424,NS2,0.0,90.0,1.0,0.0,0.0
192425,NS2,0.0,90.0,1.0,0.0,0.0
192519,NS2,0.0,90.0,1.0,0.0,0.0
192520,NS2,0.0,90.0,1.0,0.0,0.0
192521,NS2,0.0,90.0,1.0,0.0,0.0
192522,NS2,0.0,90.0,1.0,0.0,0.0
192616,NS2,0.0,90.0,1.0,0.0,0.0
192617,NS2,0.0,90.0,1.0,0.0,0.0
192711,NS2,0.0,90.0,1.0,0.0,0.0
192712,NS2,0.0,90.0,1.0,0.0,0.0
192806,NS2,0.0,90.0,1.0,0.0,0.0
192807,NS2,0.0,90.0,1.0,0.0,0.0
192901,NS2,0.0,90.0,1.0,0.0,0.0
192902,NS2,0.0,90.0,1.0,0.0,0.0
192996,NS2,0.0,90.0,1.0,0.0,0.0
192997,NS2,0.0,90.0,1.0,0.0,0.0
193091,NS2,0.0,90.0,1.0,0.0,0.0
193092,NS2,0.0,90.0,1.0,0.0,0.0
193186,NS2,0.0,90.0,1.0,0.0,0.0
193187,NS2,0.0,90.0,1.0,0.0,0.0
193281,NS2,0.0,90.0,1.0,0.0,0.0
193282,NS2,0.0,90.0,1.0,0.0,0.0
193376,NS2,0.0,90.0,1.0,0.0,0.0
193377,NS2,0.0,90.0,1.0,0.0,0.0
193471,NS2,0.0,90.0,1.0,0.0,0.0
193472,NS2,0.0,90.0,1.0,0.0,0.0
193566,NS2,0.0,90.0,1.0,0.0,0.0
193567,NS2,0.0,90.0,1.0,0.0,0.0
193568,NS2,0.0,90.0,1.0,0.0,0.0
193569,NS2,0.0,90.0,1.0,0.0,0.0
193663,NS2,0.0,90.0,1.0,0.0,0.0
193664,NS2,0.0,90.0,1.0,0.0,0.0
193758,NS2,0.0,90.0,1.0,0.0,0.0
193759,NS2,0.0,90.0,1.0,0.0,0.0
193853,NS2,0.0,90.0,1.0,0.0,0.0
193854,NS2,0.0,90.0,1.0,0.0,0.0
193948,NS2,0.0,90.0,1.0,0.0,0.0
193949,NS2,0.0,90.0,1.0,0.0,0.0
194043,NS2,0.0,90.0,1.0,0.0,0.0
194044,NS2,0.0,90.0,1.0,0.0,0.0
194138,NS2,0.0,90.0,1.0,0.0,0.0
194139,NS2,0.0,90.0,1.0,0.0,0.0
194233,NS2,0.0,90.0,1.0,0.0,0.0
194234,NS2,0.0,90.0,1.0,0.0,0.0
194328,NS2,0.0,90.0,1.0,0.0,0.0
194329,NS2,0.0,90.0,1.0,0.0,0.0
194423,NS2,0.0,90.0,1.0,0.0,0.0
194424,NS2,0.0,90.0,1.0,0.0,0.0
194518,NS2,0.0,90.0,1.0,0.0,0.0
194519,NS2,0.0,90.0,1.0,0.0,0.0
194613,NS2,0.0,90.0,1.0,0.0,0.0
194614,NS2,0.0,90.0,1.0,0.0,0.0
194615,NS2,0.0,90.0,1.0,0.0,0.0
194616,NS2,0.0,90.0,1.0,0.0,0.0
194710,NS2,0.0,90.0,1.0,0.0,0.0
194711,NS2,0.0,90.0,1.0,0.0,0.0
194805,NS2,0.0,90.0,1.0,0.0,0.0
194806,NS2,0.0,90.0,1.0,0.0,0.0
194900,NS2,0.0,90.0,1.0,0.0,0.0
194901,NS2,0.0,90.0,1.0,0.0,0.0
194995,NS2,0.0,90.0,1.0,0.0,0.0
194996,NS2,0.0,90.0,1.0,0.0,0.0
195090,NS2,0.0,90.0,1.0,0.0,0.0
195091,NS2,0.0,90.0,1.0,0.0,0.0
195185,NS2,0.0,90.0,1.0,0.0,0.0
195186,NS2,0.0,90.0,1.0,0.0,0.0
195280,NS2,0.0,90.0,1.0,0.0,0.0
195281,NS2,0.0,90.0,1.0,0.0,0.0
195375,NS2,0.0,90.0,1.0,0.0,0.0
195376,NS2,0.0,90.0,1.0,0.0,0.0
195470,NS2,0.0,90.0,1.0,0.0,0.0
195471,NS2,0.0,90.0,1.0,0.0,0.0
195565,NS2,0.0,90.0,1.0,0.0,0.0
195566,NS2,0.0,90.0,1.0,0.0,0.0
195660,NS2,0.0,90.0,1.0,0.0,0.0
195661,NS2,0.0,90.0,1.0,0.0,0.0
195662,NS2,0.0,90.0,1.0,0.0,0.0
195757,NS2,0.0,90.0,1.0,0.0,0.0
195852,NS2,0.0,90.0,1.0,0.0,0.0
195947,NS2,0.0,90.0,1.0,0.0,0.0
196042,NS2,0.0,90.0,1.0,0.0,0.0
196137,NS2,0.0,90.0,1.0,0.0,0.0
196232,NS2,0.0,90.0,1.0,0.0,0.0
196327,NS2,0.0,90.0,1.0,0.0,0.0
196422,NS2,0.0,90.0,1.0,0.0,0.0
196517,NS2,0.0,90.0,1.0,0.0,0.0
196612,NS2,0.0,90.0,1.0,0.0,0.0
196707,NS2,0.0,90.0,1.0,0.0,0.0
196802,NS2,0.0,90.0,1.0,0.0,0.0
196897,NS2,0.0,90.0,1.0,0.0,0.0
196992,NS2,0.0,90.0,1.0,0.0,0.0
197087,NS2,0.0,90.0,1.0,0.0,0.0
197182,NS2,0.0,90.0,1.0,0.0,0.0
197277,NS2,0.0,90.0,1.0,0.0,0.0
197372,NS2,0.0,90.0,1.0,0.0,0.0
197467,NS2,0.0,90.0,1.0,0.0,0.0
197562,NS2,0.0,90.0,1.0,0.0,0.0
73,NS3,0.0,90.0,1.0,0.0,0.0
74,NS3,0.0,90.0,1.0,0.0,0.0
168,NS3,0.0,90.0,1.0,0.0,0.0
169,NS3,0.0,90.0,1.0,0.0,0.0
263,NS3,0.0,90.0,1.0,0.0,0.0
264,NS3,0.0,90.0,1.0,0.0,0.0
358,NS3,0.0,90.0,1.0,0.0,0.0
359,NS3,0.0,90.0,1.0,0.0,0.0
453,NS3,0.0,90.0,1.0,0.0,0.0
454,NS3,0.0,90.0,1.0,0.0,0.0
548,NS3,0.0,90.0,1.0,0.0,0.0
549,NS3,0.0,90.0,1.0,0.0,0.0
643,NS3,0.0,90.0,1.0,0.0,0.0
644,NS3,0.0,90.0,1.0,0.0,0.0
738,NS3,0.0,90.0,1.0,0.0,0.0
739,NS3,0.0,90.0,1.0,0.0,0.0
833,NS3,0.0,90.0,1.0,0.0,0.0
834,NS3,0.0,90.0,1.0,0.0,0.0
928,NS3,0.0,90.0,1.0,0.0,0.0
929,NS3,0.0,90.0,1.0,0.0,0.0
1023,NS3,0.0,90.0,1.0,0.0,0.0
1024,NS3,0.0,90.0,1.0,0.0,0.0
1118,NS3,0.0,90.0,1.0,0.0,0.0
1119,NS3,0.0,90.0,1.0,0.0,0.0
1213,NS3,0.0,90.0,1.0,0.0,0.0
1214,NS3,0.0,90.0,1.0,0.0,0.0
1308,NS3,0.0,90.0,1.0,0.0,0.0
1309,NS3,0.0,90.0,1.0,0.0,0.0
1403,NS3,0.0,90.0,1.0,0.0,0.0
1404,NS3,0.0,90.0,1.0,0.0,0.0
1498,NS3,0.0,90.0,1.0,0.0,0.0
1499,NS3,0.0,90.0,1.0,0.0,0.0
1500,NS3,0.0,90.0,1.0,0.0,0.0
1501,NS3,0.0,90.0,1.0,0.0,0.0
1595,NS3,0.0,90.0,1.0,0.0,0.0
1596,NS3,0.0,90.0,1.0,0.0,0.0
1690,NS3,0.0,90.0,1.0,0.0,0.0
1691,NS3,0.0,90.0,1.0,0.0,0.0
1785,NS3,0.0,90.0,1.0,0.0,0.0
1786,NS3,0.0,90.0,1.0,0.0,0.0
1880,NS3,0.0,90.0,1.0,0.0,0.0
1881,NS3,0.0,90.0,1.0,0.0,0.0
1975,NS3,0.0,90.0,1.0,0.0,0.0
1976,NS3,0.0,90.0,1.0,0.0,0.0
2070,NS3,0.0,90.0,1.0,0.0,0.0
2071,NS3,0.0,90.0,1.0,0.0,0.0
2165,NS3,0.0,90.0,1.0,0.0,0.0
2166,NS3,0.0,90.0,1.0,0.0,0.0
2260,NS3,0.0,90.0,1.0,0.0,0.0
2261,NS3,0.0,90.0,1.0,0.0,0.0
2355,NS3,0.0,90.0,1.0,0.0,0.0
2356,NS3,0.0,90.0,1.0,0.0,0.0
2450,NS3,0.0,90.0,1.0,0.0,0.0
2451,NS3,0.0,90.0,1.0,0.0,0.0
2545,NS3,0.0,90.0,1.0,0.0,0.0
2546,NS3,0.0,90.0,1.0,0.0,0.0
2547,NS3,0.0,90.0,1.0,0.0,0.0
2548,NS3,0.0,90.0,1.0,0.0,0.0
2642,NS3,0.0,90.0,1.0,0.0,0.0
2643,NS3,0.0,90.0,1.0,0.0,0.0
2737,NS3,0.0,90.0,1.0,0.0,0.0
2738,NS3,0.0,90.0,1.0,0.0,0.0
2832,NS3,0.0,90.0,1.0,0.0,0.0
2833,NS3,0.0,90.0,1.0,0.0,0.0
2927,NS3,0.0,90.0,1.0,0.0,0.0
2928,NS3,0.0,90.0,1.0,0.0,0.0
3022,NS3,0.0,90.0,1.0,0.0,0.0
3023,NS3,0.0,90.0,1.0,0.0,0.0
3117,NS3,0.0,90.0,1.0,0.0,0.0
3118,NS3,0.0,90.0,1.0,0.0,0.0
3212,NS3,0.0,90.0,1.0,0.0,0.0
3213,NS3,0.0,90.0,1.0,0.0,0.0
3307,NS3,0.0,90.0,1.0,0.0,0.0
3308,NS3,0.0,90.0,1.0,0.0,0.0
3402,NS3,0.0,90.0,1.0,0.0,0.0
3403,NS3,0.0,90.0,1.0,0.0,0.0
3497,NS3,0.0,90.0,1.0,0.0,0.0
3498,NS3,0.0,90.0,1.0,0.0,0.0
3592,NS3,0.0,90.0,1.0,0.0,0.0
3593,NS3,0.0,90.0,1.0,0.0,0.0
3594,NS3,0.0,90.0,1.0,0.0,0.0
3595,NS3,0.0,90.0,1.0,0.0,0.0
3689,NS3,0.0,90.0,1.0,0.0,0.0
3690,NS3,0.0,90.0,1.0,0.0,0.0
3784,NS3,0.0,90.0,1.0,0.0,0.0
3785,NS3,0.0,90.0,1.0,0.0,0.0
3879,NS3,0.0,90.0,1.0,0.0,0.0
3880,NS3,0.0,90.0,1.0,0.0,0.0
3974,NS3,0.0,90.0,1.0,0.0,0.0
3975,NS3,0.0,90.0,1.0,0.0,0.0
4069,NS3,0.0,90.0,1.0,0.0,0.0
4070,NS3,0.0,90.0,1.0,0.0,0.0
4164,NS3,0.0,90.0,1.0,0.0,0.0
4165,NS3,0.0,90.0,1.0,0.0,0.0
4259,NS3,0.0,90.0,1.0,0.0,0.0
4260,NS3,0.0,90.0,1.0,0.0,0.0
4354,NS3,0.0,90.0,1.0,0.0,0.0
4355,NS3,0.0,90.0,1.0,0.0,0.0
4449,NS3,0.0,90.0,1.0,0.0,0.0
4450,NS3,0.0,90.0,1.0,0.0,0.0
4544,NS3,0.0,90.0,1.0,0.0,0.0
4545,NS3,0.0,90.0,1.0,0.0,0.0
4639,NS3,0.0,90.0,1.0,0.0,0.0
4640,NS3,0.0,90.0,1.0,0.0,0.0
4641,NS3,0.0,90.0,1.0,0.0,0.0
4642,NS3,0.0,90.0,1.0,0.0,0.0
4736,NS3,0.0,90.0,1.0,0.0,0.0
4737,NS3,0.0,90.0,1.0,0.0,0.0
4831,NS3,0.0,90.0,1.0,0.0,0.0
4832,NS3,0.0,90.0,1.0,0.0,0.0
4926,NS3,0.0,90.0,1.0,0.0,0.0
4927,NS3,0.0,90.0,1.0,0.0,0.0
5021,NS3,0.0,90.0,1.0,0.0,0.0
5022,NS3,0.0,90.0,1.0,0.0,0.0
5116,NS3,0.0,90.0,1.0,0.0,0.0
5117,NS3,0.0,90.0,1.0,0.0,0.0
5211,NS3,0.0,90.0,1.0,0.0,0.0
5212,NS3,0.0,90.0,1.0,0.0,0.0
5306,NS3,0.0,90.0,1.0,0.0,0.0
5307,NS3,0.0,90.0,1.0,0.0,0.0
5401,NS3,0.0,90.0,1.0,0.0,0.0
5402,NS3,0.0,90.0,1.0,0.0,0.0
5496,NS3,0.0,90.0,1.0,0.0,0.0
5497,NS3,0.0,90.0,1.0,0.0,0.0
5591,NS3,0.0,90.0,1.0,0.0,0.0
5592,NS3,0.0,90.0,1.0,0.0,0.0
5686,NS3,0.0,90.0,1.0,0.0,0.0
5687,NS3,0.0,90.0,1.0,0.0,0.0
5688,NS3,0.0,90.0,1.0,0.0,0.0
5783,NS3,0.0,90.0,1.0,0.0,0.0
5878,NS3,0.0,90.0,1.0,0.0,0.0
5973,NS3,0.0,90.0,1.0,0.0,0.0
6068,NS3,0.0,90.0,1.0,0.0,0.0
6163,NS3,0.0,90.0,1.0,0.0,0.0
6258,NS3,0.0,90.0,1.0,0.0,0.0
6353,NS3,0.0,90.0,1.0,0.0,0.0
6448,NS3,0.0,90.0,1.0,0.0,0.0
6543,NS3,0.0,90.0,1.0,0.0,0.0
6638,NS3,0.0,90.0,1.0,0.0,0.0
6733,NS3,0.0,90.0,1.0,0.0,0.0
6828,NS3,0.0,90.0,1.0,0.0,0.0
6923,NS3,0.0,90.0,1.0,0.0,0.0
7018,NS3,0.0,90.0,1.0,0.0,0.0
7113,NS3,0.0,90.0,1.0,0.0,0.0
7208,NS3,0.0,90.0,1.0,0.0,0.0
7303,NS3,0.0,90.0,1.0,0.0,0.0
7398,NS3,0.0,90.0,1.0,0.0,0.0
7493,NS3,0.0,90.0,1.0,0.0,0.0
7588,NS3,0.0,90.0,1.0,0.0,0.0
7673,NS3,0.0,90.0,1.0,0.0,0.0
7674,NS3,0.0,90.0,1.0,0.0,0.0
7768,NS3,0.0,90.0,1.0,0.0,0.0
7769,NS3,0.0,90.0,1.0,0.0,0.0
7863,NS3,0.0,90.0,1.0,0.0,0.0
7864,NS3,0.0,90.0,1.0,0.0,0.0
7958,NS3,0.0,90.0,1.0,0.0,0.0
7959,NS3,0.0,90.0,1.0,0.0,0.0
8053,NS3,0.0,90.0,1.0,0.0,0.0
8054,NS3,0.0,90.0,1.0,0.0,0.0
8148,NS3,0.0,90.0,1.0,0.0,0.0
8149,NS3,0.0,90.0,1.0,0.0,0.0
8243,NS3,0.0,90.0,1.0,0.0,0.0
8244,NS3,0.0,90.0,1.0,0.0,0.0
8338,NS3,0.0,90.0,1.0,0.0,0.0
8339,NS3,0.0,90.0,1.0,0.0,0.0
8433,NS3,0.0,90.0,1.0,0.0,0.0
8434,NS3,0.0,90.0,1.0,0.0,0.0
8528,NS3,0.0,90.0,1.0,0.0,0.0
8529,NS3,0.0,90.0,1.0,0.0,0.0
8623,NS3,0.0,90.0,1.0,0.0,0.0
8624,NS3,0.0,90.0,1.0,0.0,0.0
8718,NS3,0.0,90.0,1.0,0.0,0.0
8719,NS3,0.0,90.0,1.0,0.0,0.0
8813,NS3,0.0,90.0,1.0,0.0,0.0
8814,NS3,0.0,90.0,1.0,0.0,0.0
8908,NS3,0.0,90.0,1.0,0.0,0.0
8909,NS3,0.0,90.0,1.0,0.0,0.0
9003,NS3,0.0,90.0,1.0,0.0,0.0
9004,NS3,0.0,90.0,1.0,0.0,0.0
9098,NS3,0.0,90.0,1.0,0.0,0.0
9099,NS3,0.0,90.0,1.0,0.0,0.0
9100,NS3,0.0,90.0,1.0,0.0,0.0
9101,NS3,0.0,90.0,1.0,0.0,0.0
9195,NS3,0.0,90.0,1.0,0.0,0.0
9196,NS3,0.0,90.0,1.0,0.0,0.0
9290,NS3,0.0,90.0,1.0,0.0,0.0
9291,NS3,0.0,90.0,1.0,0.0,0.0
9385,NS3,0.0,90.0,1.0,0.0,0.0
9386,NS3,0.0,90.0,1.0,0.0,0.0
9480,NS3,0.0,90.0,1.0,0.0,0.0
9481,NS3,0.0,90.0,1.0,0.0,0.0
9575,NS3,0.0,90.0,1.0,0.0,0.0
9576,NS3,0.0,90.0,1.0,0.0,0.0
9670,NS3,0.0,90.0,1.0,0.0,0.0
9671,NS3,0.0,90.0,1.0,0.0,0.0
9765,NS3,0.0,90.0,1.0,0.0,0.0
9766,NS3,0.0,90.0,1.0,0.0,0.0
9860,NS3,0.0,90.0,1.0,0.0,0.0
9861,NS3,0.0,90.0,1.0,0.0,0.0
9955,NS3,0.0,90.0,1.0,0.0,0.0
9956,NS3,0.0,90.0,1.0,0.0,0.0
10050,NS3,0.0,90.0,1.0,0.0,0.0
10051,NS3,0.0,90.0,1.0,0.0,0.0
10145,NS3,0.0,90.0,1.0,0.0,0.0
10146,NS3,0.0,90.0,1.0,0.0,0.0
10147,NS3,0.0,90.0,1.0,0.0,0.0
10148,NS3,0.0,90.0,1.0,0.0,0.0
10242,NS3,0.0,90.0,1.0,0.0,0.0
10243,NS3,0.0,90.0,1.0,0.0,0.0
10337,NS3,0.0,90.0,1.0,0.0,0.0
10338,NS3,0.0,90.0,1.0,0.0,0.0
10432,NS3,0.0,90.0,1.0,0.0,0.0
10433,NS3,0.0,90.0,1.0,0.0,0.0
10527,NS3,0.0,90.0,1.0,0.0,0.0
10528,NS3,0.0,90.0,1.0,0.0,0.0
10622,NS3,0.0,90.0,1.0,0.0,0.0
10623,NS3,0.0,90.0,1.0,0.0,0.0
10717,NS3,0.0,90.0,1.0,0.0,0.0
10718,NS3,0.0,90.0,1.0,0.0,0.0
10812,NS3,0.0,90.0,1.0,0.0,0.0
10813,NS3,0.0,90.0,1.0,0.0,0.0
10907,NS3,0.0,90.0,1.0,0.0,0.0
10908,NS3,0.0,90.0,1.0,0.0,0.0
11002,NS3,0.0,90.0,1.0,0.0,0.0
11003,NS3,0.0,90.0,1.0,0.0,0.0
11097,NS3,0.0,90.0,1.0,0.0,0.0
11098,NS3,0.0,90.0,1.0,0.0,0.0
11192,NS3,0.0,90.0,1.0,0.0,0.0
11193,NS3,0.0,90.0,1.0,0.0,0.0
11194,NS3,0.0,90.0,1.0,0.0,0.0
11195,NS3,0.0,90.0,1.0,0.0,0.0
11289,NS3,0.0,90.0,1.0,0.0,0.0
11290,NS3,0.0,90.0,1.0,0.0,0.0
11384,NS3,0.0,90.0,1.0,0.0,0.0
11385,NS3,0.0,90.0,1.0,0.0,0.0
11479,NS3,0.0,90.0,1.0,0.0,0.0
11480,NS3,0.0,90.0,1.0,0.0,0.0
11574,NS3,0.0,90.0,1.0,0.0,0.0
11575,NS3,0.0,90.0,1.0,0.0,0.0
11669,NS3,0.0,90.0,1.0,0.0,0.0
11670,NS3,0.0,90.0,1.0,0.0,0.0
11764,NS3,0.0,90.0,1.0,0.0,0.0
11765,NS3,0.0,90.0,1.0,0.0,0.0
11859,NS3,0.0,90.0,1.0,0.0,0.0
11860,NS3,0.0,90.0,1.0,0.0,0.0
11954,NS3,0.0,90.0,1.0,0.0,0.0
11955,NS3,0.0,90.0,1.0,0.0,0.0
12049,NS3,0.0,90.0,1.0,0.0,0.0
12050,NS3,0.0,90.0,1.0,0.0,0.0
12144,NS3,0.0,90.0,1.0,0.0,0.0
12145,NS3,0.0,90.0,1.0,0.0,0.0
12239,NS3,0.0,90.0,1.0,0.0,0.0
12240,NS3,0.0,90.0,1.0,0.0,0.0
12241,NS3,0.0,90.0,1.0,0.0,0.0
12242,NS3,0.0,90.0,1.0,0.0,0.0
12336,NS3,0.0,90.0,1.0,0.0,0.0
12337,NS3,0.0,90.0,1.0,0.0,0.0
12431,NS3,0.0,90.0,1.0,0.0,0.0
12432,NS3,0.0,90.0,1.0,0.0,0.0
12526,NS3,0.0,90.0,1.0,0.0,0.0
12527,NS3,0.0,90.0,1.0,0.0,0.0
12621,NS3,0.0,90.0,1.0,0.0,0.0
12622,NS3,0.0,90.0,1.0,0.0,0.0
12716,NS3,0.0,90.0,1.0,0.0,0.0
12717,NS3,0.0,90.0,1.0,0.0,0.0
12811,NS3,0.0,90.0,1.0,0.0,0.0
12812,NS3,0.0,90.0,1.0,0.0,0.0
12906,NS3,0.0,90.0,1.0,0.0,0.0
12907,NS3,0.0,90.0,1.0,0.0,0.0
13001,NS3,0.0,90.0,1.0,0.0,0.0
13002,NS3,0.0,90.0,1.0,0.0,0.0
13096,NS3,0.0,90.0,1.0,0.0,0.0
13097,NS3,0.0,90.0,1.0,0.0,0.0
13191,NS3,0.0,90.0,1.0,0.0,0.0
13192,NS3,0.0,90.0,1.0,0.0,0.0
13286,NS3,0.0,90.0,1.0,0.0,0.0
13287,NS3,0.0,90.0,1.0,0.0,0.0
13288,NS3,0.0,90.0,1.0,0.0,0.0
13383,NS3,0.0,90.0,1.0,0.0,0.0
13478,NS3,0.0,90.0,1.0,0.0,0.0
13573,NS3,0.0,90.0,1.0,0.0,0.0
13668,NS3,0.0,90.0,1.0,0.0,0.0
13763,NS3,0.0,90.0,1.0,0.0,0.0
13858,NS3,0.0,90.0,1.0,0.0,0.0
13953,NS3,0.0,90.0,1.0,0.0,0.0
14048,NS3,0.0,90.0,1.0,0.0,0.0
14143,NS3,0.0,90.0,1.0,0.0,0.0
14238,NS3,0.0,90.0,1.0,0.0,0.0
14333,NS3,0.0,90.0,1.0,0.0,0.0
14428,NS3,0.0,90.0,1.0,0.0,0.0
14523,NS3,0.0,90.0,1.0,0.0,0.0
14618,NS3,0.0,90.0,1.0,0.0,0.0
14713,NS3,0.0,90.0,1.0,0.0,0.0
14808,NS3,0.0,90.0,1.0,0.0,0.0
14903,NS3,0.0,90.0,1.0,0.0,0.0
14998,NS3,0.0,90.0,1.0,0.0,0.0
15093,NS3,0.0,90.0,1.0,0.0,0.0
15188,NS3,0.0,90.0,1.0,0.0,0.0
15273,NS3,0.0,90.0,1.0,0.0,0.0
15274,NS3,0.0,90.0,1.0,0.0,0.0
15368,NS3,0.0,90.0,1.0,0.0,0.0
15369,NS3,0.0,90.0,1.0,0.0,0.0
15463,NS3,0.0,90.0,1.0,0.0,0.0
15464,NS3,0.0,90.0,1.0,0.0,0.0
15558,NS3,0.0,90.0,1.0,0.0,0.0
15559,NS3,0.0,90.0,1.0,0.0,0.0
15653,NS3,0.0,90.0,1.0,0.0,0.0
15654,NS3,0.0,90.0,1.0,0.0,0.0
15748,NS3,0.0,90.0,1.0,0.0,0.0
15749,NS3,0.0,90.0,1.0,0.0,0.0
15843,NS3,0.0,90.0,1.0,0.0,0.0
15844,NS3,0.0,90.0,1.0,0.0,0.0
15938,NS3,0.0,90.0,1.0,0.0,0.0
15939,NS3,0.0,90.0,1.0,0.0,0.0
16033,NS3,0.0,90.0,1.0,0.0,0.0
16034,NS3,0.0,90.0,1.0,0.0,0.0
16128,NS3,0.0,90.0,1.0,0.0,0.0
16129,NS3,0.0,90.0,1.0,0.0,0.0
16223,NS3,0.0,90.0,1.0,0.0,0.0
16224,NS3,0.0,90.0,1.0,0.0,0.0
16318,NS3,0.0,90.0,1.0,0.0,0.0
16319,NS3,0.0,90.0,1.0,0.0,0.0
16413,NS3,0.0,90.0,1.0,0.0,0.0
16414,NS3,0.0,90.0,1.0,0.0,0.0
16508,NS3,0.0,90.0,1.0,0.0,0.0
16509,NS3,0.0,90.0,1.0,0.0,0.0
16603,NS3,0.0,90.0,1.0,0.0,0.0
16604,NS3,0.0,90.0,1.0,0.0,0.0
16698,NS3,0.0,90.0,1.0,0.0,0.0
16699,NS3,0.0,90.0,1.0,0.0,0.0
16700,NS3,0.0,90.0,1.0,0.0,0.0
16701,NS3,0.0,90.0,1.0,0.0,0.0
16795,NS3,0.0,90.0,1.0,0.0,0.0
16796,NS3,0.0,90.0,1.0,0.0,0.0
16890,NS3,0.0,90.0,1.0,0.0,0.0
16891,NS3,0.0,90.0,1.0,0.0,0.0
16985,NS3,0.0,90.0,1.0,0.0,0.0
16986,NS3,0.0,90.0,1.0,0.0,0.0
17080,NS3,0.0,90.0,1.0,0.0,0.0
17081,NS3,0.0,90.0,1.0,0.0,0.0
17175,NS3,0.0,90.0,1.0,0.0,0.0
17176,NS3,0.0,90.0,1.0,0.0,0.0
17270,NS3,0.0,90.0,1.0,0.0,0.0
17271,NS3,0.0,90.0,1.0,0.0,0.0
17365,NS3,0.0,90.0,1.0,0.0,0.0
17366,NS3,0.0,90.0,1.0,0.0,0.0
17460,NS3,0.0,90.0,1.0,0.0,0.0
17461,NS3,0.0,90.0,1.0,0.0,0.0
17555,NS3,0.0,90.0,1.0,0.0,0.0
17556,NS3,0.0,90.0,1.0,0.0,0.0
17650,NS3,0.0,90.0,1.0,0.0,0.0
17651,NS3,0.0,90.0,1.0,0.0,0.0
17745,NS3,0.0,90.0,1.0,0.0,0.0
17746,NS3,0.0,90.0,1.0,0.0,0.0
17747,NS3,0.0,90.0,1.0,0.0,0.0
17748,NS3,0.0,90.0,1.0,0.0,0.0
17842,NS3,0.0,90.0,1.0,0.0,0.0
17843,NS3,0.0,90.0,1.0,0.0,0.0
17937,NS3,0.0,90.0,1.0,0.0,0.0
17938,NS3,0.0,90.0,1.0,0.0,0.0
18032,NS3,0.0,90.0,1.0,0.0,0.0
18033,NS3,0.0,90.0,1.0,0.0,0.0
18127,NS3,0.0,90.0,1.0,0.0,0.0
18128,NS3,0.0,90.0,1.0,0.0,0.0
18222,NS3,0.0,90.0,1.0,0.0,0.0
18223,NS3,0.0,90.0,1.0,0.0,0.0
18317,NS3,0.0,90.0,1.0,0.0,0.0
18318,NS3,0.0,90.0,1.0,0.0,0.0
18412,NS3,0.0,90.0,1.0,0.0,0.0
18413,NS3,0.0,90.0,1.0,0.0,0.0
18507,NS3,0.0,90.0,1.0,0.0,0.0
18508,NS3,0.0,90.0,1.0,0.0,0.0
18602,NS3,0.0,90.0,1.0,0.0,0.0
18603,NS3,0.0,90.0,1.0,0.0,0.0
18697,NS3,0.0,90.0,1.0,0.0,0.0
18698,NS3,0.0,90.0,1.0,0.0,0.0
18792,NS3,0.0,90.0,1.0,0.0,0.0
18793,NS3,0.0,90.0,1.0,0.0,0.0
18794,NS3,0.0,90.0,1.0,0.0,0.0
18795,NS3,0.0,90.0,1.0,0.0,0.0
18889,NS3,0.0,90.0,1.0,0.0,0.0
18890,NS3,0.0,90.0,1.0,0.0,0.0
18984,NS3,0.0,90.0,1.0,0.0,0.0
18985,NS3,0.0,90.0,1.0,0.0,0.0
19079,NS3,0.0,90.0,1.0,0.0,0.0
19080,NS3,0.0,90.0,1.0,0.0,0.0
19174,NS3,0.0,90.0,1.0,0.0,0.0
19175,NS3,0.0,90.0,1.0,0.0,0.0
19269,NS3,0.0,90.0,1.0,0.0,0.0
19270,NS3,0.0,90.0,1.0,0.0,0.0
19364,NS3,0.0,90.0,1.0,0.0,0.0
19365,NS3,0.0,90.0,1.0,0.0,0.0
19459,NS3,0.0,90.0,1.0,0.0,0.0
19460,NS3,0.0,90.0,1.0,0.0,0.0
19554,NS3,0.0,90.0,1.0,0.0,0.0
19555,NS3,0.0,90.0,1.0,0.0,0.0
19649,NS3,0.0,90.0,1.0,0.0,0.0
19650,NS3,0.0,90.0,1.0,0.0,0.0
19744,NS3,0.0,90.0,1.0,0.0,0.0
19745,NS3,0.0,90.0,1.0,0.0,0.0
19839,NS3,0.0,90.0,1.0,0.0,0.0
19840,NS3,0.0,90.0,1.0,0.0,0.0
19841,NS3,0.0,90.0,1.0,0.0,0.0
19842,NS3,0.0,90.0,1.0,0.0,0.0
19936,NS3,0.0,90.0,1.0,0.0,0.0
19937,NS3,0.0,90.0,1.0,0.0,0.0
20031,NS3,0.0,90.0,1.0,0.0,0.0
20032,NS3,0.0,90.0,1.0,0.0,0.0
20126,NS3,0.0,90.0,1.0,0.0,0.0
20127,NS3,0.0,90.0,1.0,0.0,0.0
20221,NS3,0.0,90.0,1.0,0.0,0.0
20222,NS3,0.0,90.0,1.0,0.0,0.0
20316,NS3,0.0,90.0,1.0,0.0,0.0
20317,NS3,0.0,90.0,1.0,0.0,0.0
20411,NS3,0.0,90.0,1.0,0.0,0.0
20412,NS3,0.0,90.0,1.0,0.0,0.0
20506,NS3,0.0,90.0,1.0,0.0,0.0
20507,NS3,0.0,90.0,1.0,0.0,0.0
20601,NS3,0.0,90.0,1.0,0.0,0.0
20602,NS3,0.0,90.0,1.0,0.0,0.0
20696,NS3,0.0,90.0,1.0,0.0,0.0
20697,NS3,0.0,90.0,1.0,0.0,0.0
20791,NS3,0.0,90.0,1.0,0.0,0.0
20792,NS3,0.0,90.0,1.0,0.0,0.0
20886,NS3,0.0,90.0,1.0,0.0,0.0
20887,NS3,0.0,90.0,1.0,0.0,0.0
20888,NS3,0.0,90.0,1.0,0.0,0.0
20983,NS3,0.0,90.0,1.0,0.0,0.0
21078,NS3,0.0,90.0,1.0,0.0,0.0
21173,NS3,0.0,90.0,1.0,0.0,0.0
21268,NS3,0.0,90.0,1.0,0.0,0.0
21363,NS3,0.0,90.0,1.0,0.0,0.0
21458,NS3,0.0,90.0,1.0,0.0,0.0
21553,NS3,0.0,90.0,1.0,0.0,0.0
21648,NS3,0.0,90.0,1.0,0.0,0.0
21743,NS3,0.0,90.0,1.0,0.0,0.0
21838,NS3,0.0,90.0,1.0,0.0,0.0
21933,NS3,0.0,90.0,1.0,0.0,0.0
22028,NS3,0.0,90.0,1.0,0.0,0.0
22123,NS3,0.0,90.0,1.0,0.0,0.0
22218,NS3,0.0,90.0,1.0,0.0,0.0
22313,NS3,0.0,90.0,1.0,0.0,0.0
22408,NS3,0.0,90.0,1.0,0.0,0.0
22503,NS3,0.0,90.0,1.0,0.0,0.0
22598,NS3,0.0,90.0,1.0,0.0,0.0
22693,NS3,0.0,90.0,1.0,0.0,0.0
22788,NS3,0.0,90.0,1.0,0.0,0.0
22873,NS3,0.0,90.0,1.0,0.0,0.0
22874,NS3,0.0,90.0,1.0,0.0,0.0
22968,NS3,0.0,90.0,1.0,0.0,0.0
22969,NS3,0.0,90.0,1.0,0.0,0.0
23063,NS3,0.0,90.0,1.0,0.0,0.0
23064,NS3,0.0,90.0,1.0,0.0,0.0
23158,NS3,0.0,90.0,1.0,0.0,0.0
23159,NS3,0.0,90.0,1.0,0.0,0.0
23253,NS3,0.0,90.0,1.0,0.0,0.0
23254,NS3,0.0,90.0,1.0,0.0,0.0
23348,NS3,0.0,90.0,1.0,0.0,0.0
23349,NS3,0.0,90.0,1.0,0.0,0.0
23443,NS3,0.0,90.0,1.0,0.0,0.0
23444,NS3,0.0,90.0,1.0,0.0,0.0
23538,NS3,0.0,90.0,1.0,0.0,0.0
23539,NS3,0.0,90.0,1.0,0.0,0.0
23633,NS3,0.0,90.0,1.0,0.0,0.0
23634,NS3,0.0,90.0,1.0,0.0,0.0
23728,NS3,0.0,90.0,1.0,0.0,0.0
23729,NS3,0.0,90.0,1.0,0.0,0.0
23823,NS3,0.0,90.0,1.0,0.0,0.0
23824,NS3,0.0,90.0,1.0,0.0,0.0
23918,NS3,0.0,90.0,1.0,0.0,0.0
23919,NS3,0.0,90.0,1.0,0.0,0.0
24013,NS3,0.0,90.0,1.0,0.0,0.0
24014,NS3,0.0,90.0,1.0,0.0,0.0
24108,NS3,0.0,90.0,1.0,0.0,0.0
24109,NS3,0.0,90.0,1.0,0.0,0.0
24203,NS3,0.0,90.0,1.0,0.0,0.0
24204,NS3,0.0,90.0,1.0,0.0,0.0
24298,NS3,0.0,90.0,1.0,0.0,0.0
24299,NS3,0.0,90.0,1.0,0.0,0.0
24300,NS3,0.0,90.0,1.0,0.0,0.0
24301,NS3,0.0,90.0,1.0,0.0,0.0
24395,NS3,0.0,90.0,1.0,0.0,0.0
24396,NS3,0.0,90.0,1.0,0.0,0.0
24490,NS3,0.0,90.0,1.0,0.0,0.0
24491,NS3,0.0,90.0,1.0,0.0,0.0
24585,NS3,0.0,90.0,1.0,0.0,0.0
24586,NS3,0.0,90.0,1.0,0.0,0.0
24680,NS3,0.0,90.0,1.0,0.0,0.0
24681,NS3,0.0,90.0,1.0,0.0,0.0
24775,NS3,0.0,90.0,1.0,0.0,0.0
24776,NS3,0.0,90.0,1.0,0.0,0.0
24870,NS3,0.0,90.0,1.0,0.0,0.0
24871,NS3,0.0,90.0,1.0,0.0,0.0
24965,NS3,0.0,90.0,1.0,0.0,0.0
24966,NS3,0.0,90.0,1.0,0.0,0.0
25060,NS3,0.0,90.0,1.0,0.0,0.0
25061,NS3,0.0,90.0,1.0,0.0,0.0
25155,NS3,0.0,90.0,1.0,0.0,0.0
25156,NS3,0.0,90.0,1.0,0.0,0.0
25250,NS3,0.0,90.0,1.0,0.0,0.0
25251,NS3,0.0,90.0,1.0,0.0,0.0
25345,NS3,0.0,90.0,1.0,0.0,0.0
25346,NS3,0.0,90.0,1.0,0.0,0.0
25347,NS3,0.0,90.0,1.0,0.0,0.0
25348,NS3,0.0,90.0,1.0,0.0,0.0
25442,NS3,0.0,90.0,1.0,0.0,0.0
25443,NS3,0.0,90.0,1.0,0.0,0.0
25537,NS3,0.0,90.0,1.0,0.0,0.0
25538,NS3,0.0,90.0,1.0,0.0,0.0
25632,NS3,0.0,90.0,1.0,0.0,0.0
25633,NS3,0.0,90.0,1.0,0.0,0.0
25727,NS3,0.0,90.0,1.0,0.0,0.0
25728,NS3,0.0,90.0,1.0,0.0,0.0
25822,NS3,0.0,90.0,1.0,0.0,0.0
25823,NS3,0.0,90.0,1.0,0.0,0.0
25917,NS3,0.0,90.0,1.0,0.0,0.0
25918,NS3,0.0,90.0,1.0,0.0,0.0
26012,NS3,0.0,90.0,1.0,0.0,0.0
26013,NS3,0.0,90.0,1.0,0.0,0.0
26107,NS3,0.0,90.0,1.0,0.0,0.0
26108,NS3,0.0,90.0,1.0,0.0,0.0
26202,NS3,0.0,90.0,1.0,0.0,0.0
26203,NS3,0.0,90.0,1.0,0.0,0.0
26297,NS3,0.0,90.0,1.0,0.0,0.0
26298,NS3,0.0,90.0,1.0,0.0,0.0
26392,NS3,0.0,90.0,1.0,0.0,0.0
26393,NS3,0.0,90.0,1.0,0.0,0.0
26394,NS3,0.0,90.0,1.0,0.0,0.0
26395,NS3,0.0,90.0,1.0,0.0,0.0
26489,NS3,0.0,90.0,1.0,0.0,0.0
26490,NS3,0.0,90.0,1.0,0.0,0.0
26584,NS3,0.0,90.0,1.0,0.0,0.0
26585,NS3,0.0,90.0,1.0,0.0,0.0
26679,NS3,0.0,90.0,1.0,0.0,0.0
26680,NS3,0.0,90.0,1.0,0.0,0.0
26774,NS3,0.0,90.0,1.0,0.0,0.0
26775,NS3,0.0,90.0,1.0,0.0,0.0
26869,NS3,0.0,90.0,1.0,0.0,0.0
26870,NS3,0.0,90.0,1.0,0.0,0.0
26964,NS3,0.0,90.0,1.0,0.0,0.0
26965,NS3,0.0,90.0,1.0,0.0,0.0
27059,NS3,0.0,90.0,1.0,0.0,0.0
27060,NS3,0.0,90.0,1.0,0.0,0.0
27154,NS3,0.0,90.0,1.0,0.0,0.0
27155,NS3,0.0,90.0,1.0,0.0,0.0
27249,NS3,0.0,90.0,1.0,0.0,0.0
27250,NS3,0.0,90.0,1.0,0.0,0.0
27344,NS3,0.0,90.0,1.0,0.0,0.0
27345,NS3,0.0,90.0,1.0,0.0,0.0
27439,NS3,0.0,90.0,1.0,0.0,0.0
27440,NS3,0.0,90.0,1.0,0.0,0.0
27441,NS3,0.0,90.0,1.0,0.0,0.0
27442,NS3,0.0,90.0,1.0,0.0,0.0
27536,NS3,0.0,90.0,1.0,0.0,0.0
27537,NS3,0.0,90.0,1.0,0.0,0.0
27631,NS3,0.0,90.0,1.0,0.0,0.0
27632,NS3,0.0,90.0,1.0,0.0,0.0
27726,NS3,0.0,90.0,1.0,0.0,0.0
27727,NS3,0.0,90.0,1.0,0.0,0.0
27821,NS3,0.0,90.0,1.0,0.0,0.0
27822,NS3,0.0,90.0,1.0,0.0,0.0
27916,NS3,0.0,90.0,1.0,0.0,0.0
27917,NS3,0.0,90.0,1.0,0.0,0.0
28011,NS3,0.0,90.0,1.0,0.0,0.0
28012,NS3,0.0,90.0,1.0,0.0,0.0
28106,NS3,0.0,90.0,1.0,0.0,0.0
28107,NS3,0.0,90.0,1.0,0.0,0.0
28201,NS3,0.0,90.0,1.0,0.0,0.0
28202,NS3,0.0,90.0,1.0,0.0,0.0
28296,NS3,0.0,90.0,1.0,0.0,0.0
28297,NS3,0.0,90.0,1.0,0.0,0.0
28391,NS3,0.0,90.0,1.0,0.0,0.0
28392,NS3,0.0,90.0,1.0,0.0,0.0
28486,NS3,0.0,90.0,1.0,0.0,0.0
28487,NS3,0.0,90.0,1.0,0.0,0.0
28488,NS3,0.0,90.0,1.0,0.0,0.0
28583,NS3,0.0,90.0,1.0,0.0,0.0
28678,NS3,0.0,90.0,1.0,0.0,0.0
28773,NS3,0.0,90.0,1.0,0.0,0.0
28868,NS3,0.0,90.0,1.0,0.0,0.0
28963,NS3,0.0,90.0,1.0,0.0,0.0
29058,NS3,0.0,90.0,1.0,0.0,0.0
29153,NS3,0.0,90.0,1.0,0.0,0.0
29248,NS3,0.0,90.0,1.0,0.0,0.0
29343,NS3,0.0,90.0,1.0,0.0,0.0
29438,NS3,0.0,90.0,1.0,0.0,0.0
29533,NS3,0.0,90.0,1.0,0.0,0.0
29628,NS3,0.0,90.0,1.0,0.0,0.0
29723,NS3,0.0,90.0,1.0,0.0,0.0
29818,NS3,0.0,90.0,1.0,0.0,0.0
29913,NS3,0.0,90.0,1.0,0.0,0.0
30008,NS3,0.0,90.0,1.0,0.0,0.0
30103,NS3,0.0,90.0,1.0,0.0,0.0
30198,NS3,0.0,90.0,1.0,0.0,0.0
30293,NS3,0.0,90.0,1.0,0.0,0.0
30388,NS3,0.0,90.0,1.0,0.0,0.0
30473,NS3,0.0,90.0,1.0,0.0,0.0
30474,NS3,0.0,90.0,1.0,0.0,0.0
30568,NS3,0.0,90.0,1.0,0.0,0.0
30569,NS3,0.0,90.0,1.0,0.0,0.0
30663,NS3,0.0,90.0,1.0,0.0,0.0
30664,NS3,0.0,90.0,1.0,0.0,0.0
30758,NS3,0.0,90.0,1.0,0.0,0.0
30759,NS3,0.0,90.0,1.0,0.0,0.0
30853,NS3,0.0,90.0,1.0,0.0,0.0
30854,NS3,0.0,90.0,1.0,0.0,0.0
30948,NS3,0.0,90.0,1.0,0.0,0.0
30949,NS3,0.0,90.0,1.0,0.0,0.0
31043,NS3,0.0,90.0,1.0,0.0,0.0
31044,NS3,0.0,90.0,1.0,0.0,0.0
31138,NS3,0.0,90.0,1.0,0.0,0.0
31139,NS3,0.0,90.0,1.0,0.0,0.0
31233,NS3,0.0,90.0,1.0,0.0,0.0
31234,NS3,0.0,90.0,1.0,0.0,0.0
31328,NS3,0.0,90.0,1.0,0.0,0.0
31329,NS3,0.0,90.0,1.0,0.0,0.0
31423,NS3,0.0,90.0,1.0,0.0,0.0
31424,NS3,0.0,90.0,1.0,0.0,0.0
31518,NS3,0.0,90.0,1.0,0.0,0.0
31519,NS3,0.0,90.0,1.0,0.0,0.0
31613,NS3,0.0,90.0,1.0,0.0,0.0
31614,NS3,0.0,90.0,1.0,0.0,0.0
31708,NS3,0.0,90.0,1.0,0.0,0.0
31709,NS3,0.0,90.0,1.0,0.0,0.0
31803,NS3,0.0,90.0,1.0,0.0,0.0
31804,NS3,0.0,90.0,1.0,0.0,0.0
31898,NS3,0.0,90.0,1.0,0.0,0.0
31899,NS3,0.0,90.0,1.0,0.0,0.0
31900,NS3,0.0,90.0,1.0,0.0,0.0
31901,NS3,0.0,90.0,1.0,0.0,0.0
31995,NS3,0.0,90.0,1.0,0.0,0.0
31996,NS3,0.0,90.0,1.0,0.0,0.0
32090,NS3,0.0,90.0,1.0,0.0,0.0
32091,NS3,0.0,90.0,1.0,0.0,0.0
32185,NS3,0.0,90.0,1.0,0.0,0.0
32186,NS3,0.0,90.0,1.0,0.0,0.0
32280,NS3,0.0,90.0,1.0,0.0,0.0
32281,NS3,0.0,90.0,1.0,0.0,0.0
32375,NS3,0.0,90.0,1.0,0.0,0.0
32376,NS3,0.0,90.0,1.0,0.0,0.0
32470,NS3,0.0,90.0,1.0,0.0,0.0
32471,NS3,0.0,90.0,1.0,0.0,0.0
32565,NS3,0.0,90.0,1.0,0.0,0.0
32566,NS3,0.0,90.0,1.0,0.0,0.0
32660,NS3,0.0,90.0,1.0,0.0,0.0
32661,NS3,0.0,90.0,1.0,0.0,0.0
32755,NS3,0.0,90.0,1.0,0.0,0.0
32756,NS3,0.0,90.0,1.0,0.0,0.0
32850,NS3,0.0,90.0,1.0,0.0,0.0
32851,NS3,0.0,90.0,1.0,0.0,0.0
32945,NS3,0.0,90.0,1.0,0.0,0.0
32946,NS3,0.0,90.0,1.0,0.0,0.0
32947,NS3,0.0,90.0,1.0,0.0,0.0
32948,NS3,0.0,90.0,1.0,0.0,0.0
33042,NS3,0.0,90.0,1.0,0.0,0.0
33043,NS3,0.0,90.0,1.0,0.0,0.0
33137,NS3,0.0,90.0,1.0,0.0,0.0
33138,NS3,0.0,90.0,1.0,0.0,0.0
33232,NS3,0.0,90.0,1.0,0.0,0.0
33233,NS3,0.0,90.0,1.0,0.0,0.0
33327,NS3,0.0,90.0,1.0,0.0,0.0
33328,NS3,0.0,90.0,1.0,0.0,0.0
33422,NS3,0.0,90.0,1.0,0.0,0.0
33423,NS3,0.0,90.0,1.0,0.0,0.0
33517,NS3,0.0,90.0,1.0,0.0,0.0
33518,NS3,0.0,90.0,1.0,0.0,0.0
33612,NS3,0.0,90.0,1.0,0.0,0.0
33613,NS3,0.0,90.0,1.0,0.0,0.0
33707,NS3,0.0,90.0,1.0,0.0,0.0
33708,NS3,0.0,90.0,1.0,0.0,0.0
33802,NS3,0.0,90.0,1.0,0.0,0.0
33803,NS3,0.0,90.0,1.0,0.0,0.0
33897,NS3,0.0,90.0,1.0,0.0,0.0
33898,NS3,0.0,90.0,1.0,0.0,0.0
33992,NS3,0.0,90.0,1.0,0.0,0.0
33993,NS3,0.0,90.0,1.0,0.0,0.0
33994,NS3,0.0,90.0,1.0,0.0,0.0
33995,NS3,0.0,90.0,1.0,0.0,0.0
34089,NS3,0.0,90.0,1.0,0.0,0.0
34090,NS3,0.0,90.0,1.0,0.0,0.0
34184,NS3,0.0,90.0,1.0,0.0,0.0
34185,NS3,0.0,90.0,1.0,0.0,0.0
34279,NS3,0.0,90.0,1.0,0.0,0.0
34280,NS3,0.0,90.0,1.0,0.0,0.0
34374,NS3,0.0,90.0,1.0,0.0,0.0
34375,NS3,0.0,90.0,1.0,0.0,0.0
34469,NS3,0.0,90.0,1.0,0.0,0.0
34470,NS3,0.0,90.0,1.0,0.0,0.0
34564,NS3,0.0,90.0,1.0,0.0,0.0
34565,NS3,0.0,90.0,1.0,0.0,0.0
34659,NS3,0.0,90.0,1.0,0.0,0.0
34660,NS3,0.0,90.0,1.0,0.0,0.0
34754,NS3,0.0,90.0,1.0,0.0,0.0
34755,NS3,0.0,90.0,1.0,0.0,0.0
34849,NS3,0.0,90.0,1.0,0.0,0.0
34850,NS3,0.0,90.0,1.0,0.0,0.0
34944,NS3,0.0,90.0,1.0,0.0,0.0
34945,NS3,0.0,90.0,1.0,0.0,0.0
35039,NS3,0.0,90.0,1.0,0.0,0.0
35040,NS3,0.0,90.0,1.0,0.0,0.0
35041,NS3,0.0,90.0,1.0,0.0,0.0
35042,NS3,0.0,90.0,1.0,0.0,0.0
35136,NS3,0.0,90.0,1.0,0.0,0.0
35137,NS3,0.0,90.0,1.0,0.0,0.0
35231,NS3,0.0,90.0,1.0,0.0,0.0
35232,NS3,0.0,90.0,1.0,0.0,0.0
35326,NS3,0.0,90.0,1.0,0.0,0.0
35327,NS3,0.0,90.0,1.0,0.0,0.0
35421,NS3,0.0,90.0,1.0,0.0,0.0
35422,NS3,0.0,90.0,1.0,0.0,0.0
35516,NS3,0.0,90.0,1.0,0.0,0.0
35517,NS3,0.0,90.0,1.0,0.0,0.0
35611,NS3,0.0,90.0,1.0,0.0,0.0
35612,NS3,0.0,90.0,1.0,0.0,0.0
35706,NS3,0.0,90.0,1.0,0.0,0.0
35707,NS3,0.0,90.0,1.0,0.0,0.0
35801,NS3,0.0,90.0,1.0,0.0,0.0
35802,NS3,0.0,90.0,1.0,0.0,0.0
35896,NS3,0.0,90.0,1.0,0.0,0.0
35897,NS3,0.0,90.0,1.0,0.0,0.0
35991,NS3,0.0,90.0,1.0,0.0,0.0
35992,NS3,0.0,90.0,1.0,0.0,0.0
36086,NS3,0.0,90.0,1.0,0.0,0.0
36087,NS3,0.0,90.0,1.0,0.0,0.0
36088,NS3,0.0,90.0,1.0,0.0,0.0
36183,NS3,0.0,90.0,1.0,0.0,0.0
36278,NS3,0.0,90.0,1.0,0.0,0.0
36373,NS3,0.0,90.0,1.0,0.0,0.0
36468,NS3,0.0,90.0,1.0,0.0,0.0
36563,NS3,0.0,90.0,1.0,0.0,0.0
36658,NS3,0.0,90.0,1.0,0.0,0.0
36753,NS3,0.0,90.0,1.0,0.0,0.0
36848,NS3,0.0,90.0,1.0,0.0,0.0
36943,NS3,0.0,90.0,1.0,0.0,0.0
37038,NS3,0.0,90.0,1.0,0.0,0.0
37133,NS3,0.0,90.0,1.0,0.0,0.0
37228,NS3,0.0,90.0,1.0,0.0,0.0
37323,NS3,0.0,90.0,1.0,0.0,0.0
37418,NS3,0.0,90.0,1.0,0.0,0.0
37513,NS3,0.0,90.0,1.0,0.0,0.0
37608,NS3,0.0,90.0,1.0,0.0,0.0
37703,NS3,0.0,90.0,1.0,0.0,0.0
37798,NS3,0.0,90.0,1.0,0.0,0.0
37893,NS3,0.0,90.0,1.0,0.0,0.0
37988,NS3,0.0,90.0,1.0,0.0,0.0
38073,NS3,0.0,90.0,1.0,0.0,0.0
38074,NS3,0.0,90.0,1.0,0.0,0.0
38168,NS3,0.0,90.0,1.0,0.0,0.0
38169,NS3,0.0,90.0,1.0,0.0,0.0
38263,NS3,0.0,90.0,1.0,0.0,0.0
38264,NS3,0.0,90.0,1.0,0.0,0.0
38358,NS3,0.0,90.0,1.0,0.0,0.0
38359,NS3,0.0,90.0,1.0,0.0,0.0
38453,NS3,0.0,90.0,1.0,0.0,0.0
38454,NS3,0.0,90.0,1.0,0.0,0.0
38548,NS3,0.0,90.0,1.0,0.0,0.0
38549,NS3,0.0,90.0,1.0,0.0,0.0
38643,NS3,0.0,90.0,1.0,0.0,0.0
38644,NS3,0.0,90.0,1.0,0.0,0.0
38738,NS3,0.0,90.0,1.0,0.0,0.0
38739,NS3,0.0,90.0,1.0,0.0,0.0
38833,NS3,0.0,90.0,1.0,0.0,0.0
38834,NS3,0.0,90.0,1.0,0.0,0.0
38928,NS3,0.0,90.0,1.0,0.0,0.0
38929,NS3,0.0,90.0,1.0,0.0,0.0
39023,NS3,0.0,90.0,1.0,0.0,0.0
39024,NS3,0.0,90.0,1.0,0.0,0.0
39118,NS3,0.0,90.0,1.0,0.0,0.0
39119,NS3,0.0,90.0,1.0,0.0,0.0
39213,NS3,0.0,90.0,1.0,0.0,0.0
39214,NS3,0.0,90.0,1.0,0.0,0.0
39308,NS3,0.0,90.0,1.0,0.0,0.0
39309,NS3,0.0,90.0,1.0,0.0,0.0
39403,NS3,0.0,90.0,1.0,0.0,0.0
39404,NS3,0.0,90.0,1.0,0.0,0.0
39498,NS3,0.0,90.0,1.0,0.0,0.0
39499,NS3,0.0,90.0,1.0,0.0,0.0
39500,NS3,0.0,90.0,1.0,0.0,0.0
39501,NS3,0.0,90.0,1.0,0.0,0.0
39595,NS3,0.0,90.0,1.0,0.0,0.0
39596,NS3,0.0,90.0,1.0,0.0,0.0
39690,NS3,0.0,90.0,1.0,0.0,0.0
39691,NS3,0.0,90.0,1.0,0.0,0.0
39785,NS3,0.0,90.0,1.0,0.0,0.0
39786,NS3,0.0,90.0,1.0,0.0,0.0
39880,NS3,0.0,90.0,1.0,0.0,0.0
39881,NS3,0.0,90.0,1.0,0.0,0.0
39975,NS3,0.0,90.0,1.0,0.0,0.0
39976,NS3,0.0,90.0,1.0,0.0,0.0
40070,NS3,0.0,90.0,1.0,0.0,0.0
40071,NS3,0.0,90.0,1.0,0.0,0.0
40165,NS3,0.0,90.0,1.0,0.0,0.0
40166,NS3,0.0,90.0,1.0,0.0,0.0
40260,NS3,0.0,90.0,1.0,0.0,0.0
40261,NS3,0.0,90.0,1.0,0.0,0.0
40355,NS3,0.0,90.0,1.0,0.0,0.0
40356,NS3,0.0,90.0,1.0,0.0,0.0
40450,NS3,0.0,90.0,1.0,0.0,0.0
40451,NS3,0.0,90.0,1.0,0.0,0.0
40545,NS3,0.0,90.0,1.0,0.0,0.0
40546,NS3,0.0,90.0,1.0,0.0,0.0
40547,NS3,0.0,90.0,1.0,0.0,0.0
40548,NS3,0.0,90.0,1.0,0.0,0.0
40642,NS3,0.0,90.0,1.0,0.0,0.0
40643,NS3,0.0,90.0,1.0,0.0,0.0
40737,NS3,0.0,90.0,1.0,0.0,0.0
40738,NS3,0.0,90.0,1.0,0.0,0.0
40832,NS3,0.0,90.0,1.0,0.0,0.0
40833,NS3,0.0,90.0,1.0,0.0,0.0
40927,NS3,0.0,90.0,1.0,0.0,0.0
40928,NS3,0.0,90.0,1.0,0.0,0.0
41022,NS3,0.0,90.0,1.0,0.0,0.0
41023,NS3,0.0,90.0,1.0,0.0,0.0
41117,NS3,0.0,90.0,1.0,0.0,0.0
41118,NS3,0.0,90.0,1.0,0.0,0.0
41212,NS3,0.0,90.0,1.0,0.0,0.0
41213,NS3,0.0,90.0,1.0,0.0,0.0
41307,NS3,0.0,90.0,1.0,0.0,0.0
41308,NS3,0.0,90.0,1.0,0.0,0.0
41402,NS3,0.0,90.0,1.0,0.0,0.0
41403,NS3,0.0,90.0,1.0,0.0,0.0
41497,NS3,0.0,90.0,1.0,0.0,0.0
41498,NS3,0.0,90.0,1.0,0.0,0.0
41592,NS3,0.0,90.0,1.0,0.0,0.0
41593,NS3,0.0,90.0,1.0,0.0,0.0
41594,NS3,0.0,90.0,1.0,0.0,0.0
41595,NS3,0.0,90.0,1.0,0.0,0.0
41689,NS3,0.0,90.0,1.0,0.0,0.0
41690,NS3,0.0,90.0,1.0,0.0,0.0
41784,NS3,0.0,90.0,1.0,0.0,0.0
41785,NS3,0.0,90.0,1.0,0.0,0.0
41879,NS3,0.0,90.0,1.0,0.0,0.0
41880,NS3,0.0,90.0,1.0,0.0,0.0
41974,NS3,0.0,90.0,1.0,0.0,0.0
41975,NS3,0.0,90.0,1.0,0.0,0.0
42069,NS3,0.0,90.0,1.0,0.0,0.0
42070,NS3,0.0,90.0,1.0,0.0,0.0
42164,NS3,0.0,90.0,1.0,0.0,0.0
42165,NS3,0.0,90.0,1.0,0.0,0.0
42259,NS3,0.0,90.0,1.0,0.0,0.0
42260,NS3,0.0,90.0,1.0,0.0,0.0
42354,NS3,0.0,90.0,1.0,0.0,0.0
42355,NS3,0.0,90.0,1.0,0.0,0.0
42449,NS3,0.0,90.0,1.0,0.0,0.0
42450,NS3,0.0,90.0,1.0,0.0,0.0
42544,NS3,0.0,90.0,1.0,0.0,0.0
42545,NS3,0.0,90.0,1.0,0.0,0.0
42639,NS3,0.0,90.0,1.0,0.0,0.0
42640,NS3,0.0,90.0,1.0,0.0,0.0
42641,NS3,0.0,90.0,1.0,0.0,0.0
42642,NS3,0.0,90.0,1.0,0.0,0.0
42736,NS3,0.0,90.0,1.0,0.0,0.0
42737,NS3,0.0,90.0,1.0,0.0,0.0
42831,NS3,0.0,90.0,1.0,0.0,0.0
42832,NS3,0.0,90.0,1.0,0.0,0.0
42926,NS3,0.0,90.0,1.0,0.0,0.0
42927,NS3,0.0,90.0,1.0,0.0,0.0
43021,NS3,0.0,90.0,1.0,0.0,0.0
43022,NS3,0.0,90.0,1.0,0.0,0.0
43116,NS3,0.0,90.0,1.0,0.0,0.0
43117,NS3,0.0,90.0,1.0,0.0,0.0
43211,NS3,0.0,90.0,1.0,0.0,0.0
43212,NS3,0.0,90.0,1.0,0.0,0.0
43306,NS3,0.0,90.0,1.0,0.0,0.0
43307,NS3,0.0,90.0,1.0,0.0,0.0
43401,NS3,0.0,90.0,1.0,0.0,0.0
43402,NS3,0.0,90.0,1.0,0.0,0.0
43496,NS3,0.0,90.0,1.0,0.0,0.0
43497,NS3,0.0,90.0,1.0,0.0,0.0
43591,NS3,0.0,90.0,1.0,0.0,0.0
43592,NS3,0.0,90.0,1.0,0.0,0.0
43686,NS3,0.0,90.0,1.0,0.0,0.0
43687,NS3,0.0,90.0,1.0,0.0,0.0
43688,NS3,0.0,90.0,1.0,0.0,0.0
43783,NS3,0.0,90.0,1.0,0.0,0.0
43878,NS3,0.0,90.0,1.0,0.0,0.0
43973,NS3,0.0,90.0,1.0,0.0,0.0
44068,NS3,0.0,90.0,1.0,0.0,0.0
44163,NS3,0.0,90.0,1.0,0.0,0.0
44258,NS3,0.0,90.0,1.0,0.0,0.0
44353,NS3,0.0,90.0,1.0,0.0,0.0
44448,NS3,0.0,90.0,1.0,0.0,0.0
44543,NS3,0.0,90.0,1.0,0.0,0.0
44638,NS3,0.0,90.0,1.0,0.0,0.0
44733,NS3,0.0,90.0,1.0,0.0,0.0
44828,NS3,0.0,90.0,1.0,0.0,0.0
44923,NS3,0.0,90.0,1.0,0.0,0.0
45018,NS3,0.0,90.0,1.0,0.0,0.0
45113,NS3,0.0,90.0,1.0,0.0,0.0
45208,NS3,0.0,90.0,1.0,0.0,0.0
45303,NS3,0.0,90.0,1.0,0.0,0.0
45398,NS3,0.0,90.0,1.0,0.0,0.0
45493,NS3,0.0,90.0,1.0,0.0,0.0
45588,NS3,0.0,90.0,1.0,0.0,0.0
45673,NS3,0.0,90.0,1.0,0.0,0.0
45674,NS3,0.0,90.0,1.0,0.0,0.0
45768,NS3,0.0,90.0,1.0,0.0,0.0
45769,NS3,0.0,90.0,1.0,0.0,0.0
45863,NS3,0.0,90.0,1.0,0.0,0.0
45864,NS3,0.0,90.0,1.0,0.0,0.0
45958,NS3,0.0,90.0,1.0,0.0,0.0
45959,NS3,0.0,90.0,1.0,0.0,0.0
46053,NS3,0.0,90.0,1.0,0.0,0.0
46054,NS3,0.0,90.0,1.0,0.0,0.0
46148,NS3,0.0,90.0,1.0,0.0,0.0
46149,NS3,0.0,90.0,1.0,0.0,0.0
46243,NS3,0.0,90.0,1.0,0.0,0.0
46244,NS3,0.0,90.0,1.0,0.0,0.0
46338,NS3,0.0,90.0,1.0,0.0,0.0
46339,NS3,0.0,90.0,1.0,0.0,0.0
46433,NS3,0.0,90.0,1.0,0.0,0.0
46434,NS3,0.0,90.0,1.0,0.0,0.0
46528,NS3,0.0,90.0,1.0,0.0,0.0
46529,NS3,0.0,90.0,1.0,0.0,0.0
46623,NS3,0.0,90.0,1.0,0.0,0.0
46624,NS3,0.0,90.0,1.0,0.0,0.0
46718,NS3,0.0,90.0,1.0,0.0,0.0
46719,NS3,0.0,90.0,1.0,0.0,0.0
46813,NS3,0.0,90.0,1.0,0.0,0.0
46814,NS3,0.0,90.0,1.0,0.0,0.0
46908,NS3,0.0,90.0,1.0,0.0,0.0
46909,NS3,0.0,90.0,1.0,0.0,0.0
47003,NS3,0.0,90.0,1.0,0.0,0.0
47004,NS3,0.0,90.0,1.0,0.0,0.0
47098,NS3,0.0,90.0,1.0,0.0,0.0
47099,NS3,0.0,90.0,1.0,0.0,0.0
47100,NS3,0.0,90.0,1.0,0.0,0.0
47101,NS3,0.0,90.0,1.0,0.0,0.0
47195,NS3,0.0,90.0,1.0,0.0,0.0
47196,NS3,0.0,90.0,1.0,0.0,0.0
47290,NS3,0.0,90.0,1.0,0.0,0.0
47291,NS3,0.0,90.0,1.0,0.0,0.0
47385,NS3,0.0,90.0,1.0,0.0,0.0
47386,NS3,0.0,90.0,1.0,0.0,0.0
47480,NS3,0.0,90.0,1.0,0.0,0.0
47481,NS3,0.0,90.0,1.0,0.0,0.0
47575,NS3,0.0,90.0,1.0,0.0,0.0
47576,NS3,0.0,90.0,1.0,0.0,0.0
47670,NS3,0.0,90.0,1.0,0.0,0.0
47671,NS3,0.0,90.0,1.0,0.0,0.0
47765,NS3,0.0,90.0,1.0,0.0,0.0
47766,NS3,0.0,90.0,1.0,0.0,0.0
47860,NS3,0.0,90.0,1.0,0.0,0.0
47861,NS3,0.0,90.0,1.0,0.0,0.0
47955,NS3,0.0,90.0,1.0,0.0,0.0
47956,NS3,0.0,90.0,1.0,0.0,0.0
48050,NS3,0.0,90.0,1.0,0.0,0.0
48051,NS3,0.0,90.0,1.0,0.0,0.0
48145,NS3,0.0,90.0,1.0,0.0,0.0
48146,NS3,0.0,90.0,1.0,0.0,0.0
48147,NS3,0.0,90.0,1.0,0.0,0.0
48148,NS3,0.0,90.0,1.0,0.0,0.0
48242,NS3,0.0,90.0,1.0,0.0,0.0
48243,NS3,0.0,90.0,1.0,0.0,0.0
48337,NS3,0.0,90.0,1.0,0.0,0.0
48338,NS3,0.0,90.0,1.0,0.0,0.0
48432,NS3,0.0,90.0,1.0,0.0,0.0
48433,NS3,0.0,90.0,1.0,0.0,0.0
48527,NS3,0.0,90.0,1.0,0.0,0.0
48528,NS3,0.0,90.0,1.0,0.0,0.0
48622,NS3,0.0,90.0,1.0,0.0,0.0
48623,NS3,0.0,90.0,1.0,0.0,0.0
48717,NS3,0.0,90.0,1.0,0.0,0.0
48718,NS3,0.0,90.0,1.0,0.0,0.0
48812,NS3,0.0,90.0,1.0,0.0,0.0
48813,NS3,0.0,90.0,1.0,0.0,0.0
48907,NS3,0.0,90.0,1.0,0.0,0.0
48908,NS3,0.0,90.0,1.0,0.0,0.0
49002,NS3,0.0,90.0,1.0,0.0,0.0
49003,NS3,0.0,90.0,1.0,0.0,0.0
49097,NS3,0.0,90.0,1.0,0.0,0.0
49098,NS3,0.0,90.0,1.0,0.0,0.0
49192,NS3,0.0,90.0,1.0,0.0,0.0
49193,NS3,0.0,90.0,1.0,0.0,0.0
49194,NS3,0.0,90.0,1.0,0.0,0.0
49195,NS3,0.0,90.0,1.0,0.0,0.0
49289,NS3,0.0,90.0,1.0,0.0,0.0
49290,NS3,0.0,90.0,1.0,0.0,0.0
49384,NS3,0.0,90.0,1.0,0.0,0.0
49385,NS3,0.0,90.0,1.0,0.0,0.0
49479,NS3,0.0,90.0,1.0,0.0,0.0
49480,NS3,0.0,90.0,1.0,0.0,0.0
49574,NS3,0.0,90.0,1.0,0.0,0.0
49575,NS3,0.0,90.0,1.0,0.0,0.0
49669,NS3,0.0,90.0,1.0,0.0,0.0
49670,NS3,0.0,90.0,1.0,0.0,0.0
49764,NS3,0.0,90.0,1.0,0.0,0.0
49765,NS3,0.0,90.0,1.0,0.0,0.0
49859,NS3,0.0,90.0,1.0,0.0,0.0
49860,NS3,0.0,90.0,1.0,0.0,0.0
49954,NS3,0.0,90.0,1.0,0.0,0.0
49955,NS3,0.0,90.0,1.0,0.0,0.0
50049,NS3,0.0,90.0,1.0,0.0,0.0
50050,NS3,0.0,90.0,1.0,0.0,0.0
50144,NS3,0.0,90.0,1.0,0.0,0.0
50145,NS3,0.0,90.0,1.0,0.0,0.0
50239,NS3,0.0,90.0,1.0,0.0,0.0
50240,NS3,0.0,90.0,1.0,0.0,0.0
50241,NS3,0.0,90.0,1.0,0.0,0.0
50242,NS3,0.0,90.0,1.0,0.0,0.0
50336,NS3,0.0,90.0,1.0,0.0,0.0
50337,NS3,0.0,90.0,1.0,0.0,0.0
50431,NS3,0.0,90.0,1.0,0.0,0.0
50432,NS3,0.0,90.0,1.0,0.0,0.0
50526,NS3,0.0,90.0,1.0,0.0,0.0
50527,NS3,0.0,90.0,1.0,0.0,0.0
50621,NS3,0.0,90.0,1.0,0.0,0.0
50622,NS3,0.0,90.0,1.0,0.0,0.0
50716,NS3,0.0,90.0,1.0,0.0,0.0
50717,NS3,0.0,90.0,1.0,0.0,0.0
50811,NS3,0.0,90.0,1.0,0.0,0.0
50812,NS3,0.0,90.0,1.0,0.0,0.0
50906,NS3,0.0,90.0,1.0,0.0,0.0
50907,NS3,0.0,90.0,1.0,0.0,0.0
51001,NS3,0.0,90.0,1.0,0.0,0.0
51002,NS3,0.0,90.0,1.0,0.0,0.0
51096,NS3,0.0,90.0,1.0,0.0,0.0
51097,NS3,0.0,90.0,1.0,0.0,0.0
51191,NS3,0.0,90.0,1.0,0.0,0.0
51192,NS3,0.0,90.0,1.0,0.0,0.0
51286,NS3,0.0,90.0,1.0,0.0,0.0
51287,NS3,0.0,90.0,1.0,0.0,0.0
51288,NS3,0.0,90.0,1.0,0.0,0.0
51383,NS3,0.0,90.0,1.0,0.0,0.0
51478,NS3,0.0,90.0,1.0,0.0,0.0
51573,NS3,0.0,90.0,1.0,0.0,0.0
51668,NS3,0.0,90.0,1.0,0.0,0.0
51763,NS3,0.0,90.0,1.0,0.0,0.0
51858,NS3,0.0,90.0,1.0,0.0,0.0
51953,NS3,0.0,90.0,1.0,0.0,0.0
52048,NS3,0.0,90.0,1.0,0.0,0.0
52143,NS3,0.0,90.0,1.0,0.0,0.0
52238,NS3,0.0,90.0,1.0,0.0,0.0
52333,NS3,0.0,90.0,1.0,0.0,0.0
52428,NS3,0.0,90.0,1.0,0.0,0.0
52523,NS3,0.0,90.0,1.0,0.0,0.0
52618,NS3,0.0,90.0,1.0,0.0,0.0
52713,NS3,0.0,90.0,1.0,0.0,0.0
52808,NS3,0.0,90.0,1.0,0.0,0.0
52903,NS3,0.0,90.0,1.0,0.0,0.0
52998,NS3,0.0,90.0,1.0,0.0,0.0
53093,NS3,0.0,90.0,1.0,0.0,0.0
53188,NS3,0.0,90.0,1.0,0.0,0.0
53273,NS3,0.0,90.0,1.0,0.0,0.0
53274,NS3,0.0,90.0,1.0,0.0,0.0
53368,NS3,0.0,90.0,1.0,0.0,0.0
53369,NS3,0.0,90.0,1.0,0.0,0.0
53463,NS3,0.0,90.0,1.0,0.0,0.0
53464,NS3,0.0,90.0,1.0,0.0,0.0
53558,NS3,0.0,90.0,1.0,0.0,0.0
53559,NS3,0.0,90.0,1.0,0.0,0.0
53653,NS3,0.0,90.0,1.0,0.0,0.0
53654,NS3,0.0,90.0,1.0,0.0,0.0
53748,NS3,0.0,90.0,1.0,0.0,0.0
53749,NS3,0.0,90.0,1.0,0.0,0.0
53843,NS3,0.0,90.0,1.0,0.0,0.0
53844,NS3,0.0,90.0,1.0,0.0,0.0
53938,NS3,0.0,90.0,1.0,0.0,0.0
53939,NS3,0.0,90.0,1.0,0.0,0.0
54033,NS3,0.0,90.0,1.0,0.0,0.0
54034,NS3,0.0,90.0,1.0,0.0,0.0
54128,NS3,0.0,90.0,1.0,0.0,0.0
54129,NS3,0.0,90.0,1.0,0.0,0.0
54223,NS3,0.0,90.0,1.0,0.0,0.0
54224,NS3,0.0,90.0,1.0,0.0,0.0
54318,NS3,0.0,90.0,1.0,0.0,0.0
54319,NS3,0.0,90.0,1.0,0.0,0.0
54413,NS3,0.0,90.0,1.0,0.0,0.0
54414,NS3,0.0,90.0,1.0,0.0,0.0
54508,NS3,0.0,90.0,1.0,0.0,0.0
54509,NS3,0.0,90.0,1.0,0.0,0.0
54603,NS3,0.0,90.0,1.0,0.0,0.0
54604,NS3,0.0,90.0,1.0,0.0,0.0
54698,NS3,0.0,90.0,1.0,0.0,0.0
54699,NS3,0.0,90.0,1.0,0.0,0.0
54700,NS3,0.0,90.0,1.0,0.0,0.0
54701,NS3,0.0,90.0,1.0,0.0,0.0
54795,NS3,0.0,90.0,1.0,0.0,0.0
54796,NS3,0.0,90.0,1.0,0.0,0.0
54890,NS3,0.0,90.0,1.0,0.0,0.0
54891,NS3,0.0,90.0,1.0,0.0,0.0
54985,NS3,0.0,90.0,1.0,0.0,0.0
54986,NS3,0.0,90.0,1.0,0.0,0.0
55080,NS3,0.0,90.0,1.0,0.0,0.0
55081,NS3,0.0,90.0,1.0,0.0,0.0
55175,NS3,0.0,90.0,1.0,0.0,0.0
55176,NS3,0.0,90.0,1.0,0.0,0.0
55270,NS3,0.0,90.0,1.0,0.0,0.0
55271,NS3,0.0,90.0,1.0,0.0,0.0
55365,NS3,0.0,90.0,1.0,0.0,0.0
55366,NS3,0.0,90.0,1.0,0.0,0.0
55460,NS3,0.0,90.0,1.0,0.0,0.0
55461,NS3,0.0,90.0,1.0,0.0,0.0
55555,NS3,0.0,90.0,1.0,0.0,0.0
55556,NS3,0.0,90.0,1.0,0.0,0.0
55650,NS3,0.0,90.0,1.0,0.0,0.0
55651,NS3,0.0,90.0,1.0,0.0,0.0
55745,NS3,0.0,90.0,1.0,0.0,0.0
55746,NS3,0.0,90.0,1.0,0.0,0.0
55747,NS3,0.0,90.0,1.0,0.0,0.0
55748,NS3,0.0,90.0,1.0,0.0,0.0
55842,NS3,0.0,90.0,1.0,0.0,0.0
55843,NS3,0.0,90.0,1.0,0.0,0.0
55937,NS3,0.0,90.0,1.0,0.0,0.0
55938,NS3,0.0,90.0,1.0,0.0,0.0
56032,NS3,0.0,90.0,1.0,0.0,0.0
56033,NS3,0.0,90.0,1.0,0.0,0.0
56127,NS3,0.0,90.0,1.0,0.0,0.0
56128,NS3,0.0,90.0,1.0,0.0,0.0
56222,NS3,0.0,90.0,1.0,0.0,0.0
56223,NS3,0.0,90.0,1.0,0.0,0.0
56317,NS3,0.0,90.0,1.0,0.0,0.0
56318,NS3,0.0,90.0,1.0,0.0,0.0
56412,NS3,0.0,90.0,1.0,0.0,0.0
56413,NS3,0.0,90.0,1.0,0.0,0.0
56507,NS3,0.0,90.0,1.0,0.0,0.0
56508,NS3,0.0,90.0,1.0,0.0,0.0
56602,NS3,0.0,90.0,1.0,0.0,0.0
56603,NS3,0.0,90.0,1.0,0.0,0.0
56697,NS3,0.0,90.0,1.0,0.0,0.0
56698,NS3,0.0,90.0,1.0,0.0,0.0
56792,NS3,0.0,90.0,1.0,0.0,0.0
56793,NS3,0.0,90.0,1.0,0.0,0.0
56794,NS3,0.0,90.0,1.0,0.0,0.0
56795,NS3,0.0,90.0,1.0,0.0,0.0
56889,NS3,0.0,90.0,1.0,0.0,0.0
56890,NS3,0.0,90.0,1.0,0.0,0.0
56984,NS3,0.0,90.0,1.0,0.0,0.0
56985,NS3,0.0,90.0,1.0,0.0,0.0
57079,NS3,0.0,90.0,1.0,0.0,0.0
57080,NS3,0.0,90.0,1.0,0.0,0.0
57174,NS3,0.0,90.0,1.0,0.0,0.0
57175,NS3,0.0,90.0,1.0,0.0,0.0
57269,NS3,0.0,90.0,1.0,0.0,0.0
57270,NS3,0.0,90.0,1.0,0.0,0.0
57364,NS3,0.0,90.0,1.0,0.0,0.0
57365,NS3,0.0,90.0,1.0,0.0,0.0
57459,NS3,0.0,90.0,1.0,0.0,0.0
57460,NS3,0.0,90.0,1.0,0.0,0.0
57554,NS3,0.0,90.0,1.0,0.0,0.0
57555,NS3,0.0,90.0,1.0,0.0,0.0
57649,NS3,0.0,90.0,1.0,0.0,0.0
57650,NS3,0.0,90.0,1.0,0.0,0.0
57744,NS3,0.0,90.0,1.0,0.0,0.0
57745,NS3,0.0,90.0,1.0,0.0,0.0
57839,NS3,0.0,90.0,1.0,0.0,0.0
57840,NS3,0.0,90.0,1.0,0.0,0.0
57841,NS3,0.0,90.0,1.0,0.0,0.0
57842,NS3,0.0,90.0,1.0,0.0,0.0
57936,NS3,0.0,90.0,1.0,0.0,0.0
57937,NS3,0.0,90.0,1.0,0.0,0.0
58031,NS3,0.0,90.0,1.0,0.0,0.0
58032,NS3,0.0,90.0,1.0,0.0,0.0
58126,NS3,0.0,90.0,1.0,0.0,0.0
58127,NS3,0.0,90.0,1.0,0.0,0.0
58221,NS3,0.0,90.0,1.0,0.0,0.0
58222,NS3,0.0,90.0,1.0,0.0,0.0
58316,NS3,0.0,90.0,1.0,0.0,0.0
58317,NS3,0.0,90.0,1.0,0.0,0.0
58411,NS3,0.0,90.0,1.0,0.0,0.0
58412,NS3,0.0,90.0,1.0,0.0,0.0
58506,NS3,0.0,90.0,1.0,0.0,0.0
58507,NS3,0.0,90.0,1.0,0.0,0.0
58601,NS3,0.0,90.0,1.0,0.0,0.0
58602,NS3,0.0,90.0,1.0,0.0,0.0
58696,NS3,0.0,90.0,1.0,0.0,0.0
58697,NS3,0.0,90.0,1.0,0.0,0.0
58791,NS3,0.0,90.0,1.0,0.0,0.0
58792,NS3,0.0,90.0,1.0,0.0,0.0
58886,NS3,0.0,90.0,1.0,0.0,0.0
58887,NS3,0.0,90.0,1.0,0.0,0.0
58888,NS3,0.0,90.0,1.0,0.0,0.0
58983,NS3,0.0,90.0,1.0,0.0,0.0
59078,NS3,0.0,90.0,1.0,0.0,0.0
59173,NS3,0.0,90.0,1.0,0.0,0.0
59268,NS3,0.0,90.0,1.0,0.0,0.0
59363,NS3,0.0,90.0,1.0,0.0,0.0
59458,NS3,0.0,90.0,1.0,0.0,0.0
59553,NS3,0.0,90.0,1.0,0.0,0.0
59648,NS3,0.0,90.0,1.0,0.0,0.0
59743,NS3,0.0,90.0,1.0,0.0,0.0
59838,NS3,0.0,90.0,1.0,0.0,0.0
59933,NS3,0.0,90.0,1.0,0.0,0.0
60028,NS3,0.0,90.0,1.0,0.0,0.0
60123,NS3,0.0,90.0,1.0,0.0,0.0
60218,NS3,0.0,90.0,1.0,0.0,0.0
60313,NS3,0.0,90.0,1.0,0.0,0.0
60408,NS3,0.0,90.0,1.0,0.0,0.0
60503,NS3,0.0,90.0,1.0,0.0,0.0
60598,NS3,0.0,90.0,1.0,0.0,0.0
60693,NS3,0.0,90.0,1.0,0.0,0.0
60788,NS3,0.0,90.0,1.0,0.0,0.0
60873,NS3,0.0,90.0,1.0,0.0,0.0
60874,NS3,0.0,90.0,1.0,0.0,0.0
60968,NS3,0.0,90.0,1.0,0.0,0.0
60969,NS3,0.0,90.0,1.0,0.0,0.0
61063,NS3,0.0,90.0,1.0,0.0,0.0
61064,NS3,0.0,90.0,1.0,0.0,0.0
61158,NS3,0.0,90.0,1.0,0.0,0.0
61159,NS3,0.0,90.0,1.0,0.0,0.0
61253,NS3,0.0,90.0,1.0,0.0,0.0
61254,NS3,0.0,90.0,1.0,0.0,0.0
61348,NS3,0.0,90.0,1.0,0.0,0.0
61349,NS3,0.0,90.0,1.0,0.0,0.0
61443,NS3,0.0,90.0,1.0,0.0,0.0
61444,NS3,0.0,90.0,1.0,0.0,0.0
61538,NS3,0.0,90.0,1.0,0.0,0.0
61539,NS3,0.0,90.0,1.0,0.0,0.0
61633,NS3,0.0,90.0,1.0,0.0,0.0
61634,NS3,0.0,90.0,1.0,0.0,0.0
61728,NS3,0.0,90.0,1.0,0.0,0.0
61729,NS3,0.0,90.0,1.0,0.0,0.0
61823,NS3,0.0,90.0,1.0,0.0,0.0
61824,NS3,0.0,90.0,1.0,0.0,0.0
61918,NS3,0.0,90.0,1.0,0.0,0.0
61919,NS3,0.0,90.0,1.0,0.0,0.0
62013,NS3,0.0,90.0,1.0,0.0,0.0
62014,NS3,0.0,90.0,1.0,0.0,0.0
62108,NS3,0.0,90.0,1.0,0.0,0.0
62109,NS3,0.0,90.0,1.0,0.0,0.0
62203,NS3,0.0,90.0,1.0,0.0,0.0
62204,NS3,0.0,90.0,1.0,0.0,0.0
62298,NS3,0.0,90.0,1.0,0.0,0.0
62299,NS3,0.0,90.0,1.0,0.0,0.0
62300,NS3,0.0,90.0,1.0,0.0,0.0
62301,NS3,0.0,90.0,1.0,0.0,0.0
62395,NS3,0.0,90.0,1.0,0.0,0.0
62396,NS3,0.0,90.0,1.0,0.0,0.0
62490,NS3,0.0,90.0,1.0,0.0,0.0
62491,NS3,0.0,90.0,1.0,0.0,0.0
62585,NS3,0.0,90.0,1.0,0.0,0.0
62586,NS3,0.0,90.0,1.0,0.0,0.0
62680,NS3,0.0,90.0,1.0,0.0,0.0
62681,NS3,0.0,90.0,1.0,0.0,0.0
62775,NS3,0.0,90.0,1.0,0.0,0.0
62776,NS3,0.0,90.0,1.0,0.0,0.0
62870,NS3,0.0,90.0,1.0,0.0,0.0
62871,NS3,0.0,90.0,1.0,0.0,0.0
62965,NS3,0.0,90.0,1.0,0.0,0.0
62966,NS3,0.0,90.0,1.0,0.0,0.0
63060,NS3,0.0,90.0,1.0,0.0,0.0
63061,NS3,0.0,90.0,1.0,0.0,0.0
63155,NS3,0.0,90.0,1.0,0.0,0.0
63156,NS3,0.0,90.0,1.0,0.0,0.0
63250,NS3,0.0,90.0,1.0,0.0,0.0
63251,NS3,0.0,90.0,1.0,0.0,0.0
63345,NS3,0.0,90.0,1.0,0.0,0.0
63346,NS3,0.0,90.0,1.0,0.0,0.0
63347,NS3,0.0,90.0,1.0,0.0,0.0
63348,NS3,0.0,90.0,1.0,0.0,0.0
63442,NS3,0.0,90.0,1.0,0.0,0.0
63443,NS3,0.0,90.0,1.0,0.0,0.0
63537,NS3,0.0,90.0,1.0,0.0,0.0
63538,NS3,0.0,90.0,1.0,0.0,0.0
63632,NS3,0.0,90.0,1.0,0.0,0.0
63633,NS3,0.0,90.0,1.0,0.0,0.0
63727,NS3,0.0,90.0,1.0,0.0,0.0
63728,NS3,0.0,90.0,1.0,0.0,0.0
63822,NS3,0.0,90.0,1.0,0.0,0.0
63823,NS3,0.0,90.0,1.0,0.0,0.0
63917,NS3,0.0,90.0,1.0,0.0,0.0
63918,NS3,0.0,90.0,1.0,0.0,0.0
64012,NS3,0.0,90.0,1.0,0.0,0.0
64013,NS3,0.0,90.0,1.0,0.0,0.0
64107,NS3,0.0,90.0,1.0,0.0,0.0
64108,NS3,0.0,90.0,1.0,0.0,0.0
64202,NS3,0.0,90.0,1.0,0.0,0.0
64203,NS3,0.0,90.0,1.0,0.0,0.0
64297,NS3,0.0,90.0,1.0,0.0,0.0
64298,NS3,0.0,90.0,1.0,0.0,0.0
64392,NS3,0.0,90.0,1.0,0.0,0.0
64393,NS3,0.0,90.0,1.0,0.0,0.0
64394,NS3,0.0,90.0,1.0,0.0,0.0
64395,NS3,0.0,90.0,1.0,0.0,0.0
64489,NS3,0.0,90.0,1.0,0.0,0.0
64490,NS3,0.0,90.0,1.0,0.0,0.0
64584,NS3,0.0,90.0,1.0,0.0,0.0
64585,NS3,0.0,90.0,1.0,0.0,0.0
64679,NS3,0.0,90.0,1.0,0.0,0.0
64680,NS3,0.0,90.0,1.0,0.0,0.0
64774,NS3,0.0,90.0,1.0,0.0,0.0
64775,NS3,0.0,90.0,1.0,0.0,0.0
64869,NS3,0.0,90.0,1.0,0.0,0.0
64870,NS3,0.0,90.0,1.0,0.0,0.0
64964,NS3,0.0,90.0,1.0,0.0,0.0
64965,NS3,0.0,90.0,1.0,0.0,0.0
65059,NS3,0.0,90.0,1.0,0.0,0.0
65060,NS3,0.0,90.0,1.0,0.0,0.0
65154,NS3,0.0,90.0,1.0,0.0,0.0
65155,NS3,0.0,90.0,1.0,0.0,0.0
65249,NS3,0.0,90.0,1.0,0.0,0.0
65250,NS3,0.0,90.0,1.0,0.0,0.0
65344,NS3,0.0,90.0,1.0,0.0,0.0
65345,NS3,0.0,90.0,1.0,0.0,0.0
65439,NS3,0.0,90.0,1.0,0.0,0.0
65440,NS3,0.0,90.0,1.0,0.0,0.0
65441,NS3,0.0,90.0,1.0,0.0,0.0
65442,NS3,0.0,90.0,1.0,0.0,0.0
65536,NS3,0.0,90.0,1.0,0.0,0.0
65537,NS3,0.0,90.0,1.0,0.0,0.0
65631,NS3,0.0,90.0,1.0,0.0,0.0
65632,NS3,0.0,90.0,1.0,0.0,0.0
65726,NS3,0.0,90.0,1.0,0.0,0.0
65727,NS3,0.0,90.0,1.0,0.0,0.0
65821,NS3,0.0,90.0,1.0,0.0,0.0
65822,NS3,0.0,90.0,1.0,0.0,0.0
65916,NS3,0.0,90.0,1.0,0.0,0.0
65917,NS3,0.0,90.0,1.0,0.0,0.0
66011,NS3,0.0,90.0,1.0,0.0,0.0
66012,NS3,0.0,90.0,1.0,0.0,0.0
66106,NS3,0.0,90.0,1.0,0.0,0.0
66107,NS3,0.0,90.0,1.0,0.0,0.0
66201,NS3,0.0,90.0,1.0,0.0,0.0
66202,NS3,0.0,90.0,1.0,0.0,0.0
66296,NS3,0.0,90.0,1.0,0.0,0.0
66297,NS3,0.0,90.0,1.0,0.0,0.0
66391,NS3,0.0,90.0,1.0,0.0,0.0
66392,NS3,0.0,90.0,1.0,0.0,0.0
66486,NS3,0.0,90.0,1.0,0.0,0.0
66487,NS3,0.0,90.0,1.0,0.0,0.0
66488,NS3,0.0,90.0,1.0,0.0,0.0
66583,NS3,0.0,90.0,1.0,0.0,0.0
66678,NS3,0.0,90.0,1.0,0.0,0.0
66773,NS3,0.0,90.0,1.0,0.0,0.0
66868,NS3,0.0,90.0,1.0,0.0,0.0
66963,NS3,0.0,90.0,1.0,0.0,0.0
67058,NS3,0.0,90.0,1.0,0.0,0.0
67153,NS3,0.0,90.0,1.0,0.0,0.0
67248,NS3,0.0,90.0,1.0,0.0,0.0
67343,NS3,0.0,90.0,1.0,0.0,0.0
67438,NS3,0.0,90.0,1.0,0.0,0.0
67533,NS3,0.0,90.0,1.0,0.0,0.0
67628,NS3,0.0,90.0,1.0,0.0,0.0
67723,NS3,0.0,90.0,1.0,0.0,0.0
67818,NS3,0.0,90.0,1.0,0.0,0.0
67913,NS3,0.0,90.0,1.0,0.0,0.0
68008,NS3,0.0,90.0,1.0,0.0,0.0
68103,NS3,0.0,90.0,1.0,0.0,0.0
68198,NS3,0.0,90.0,1.0,0.0,0.0
68293,NS3,0.0,90.0,1.0,0.0,0.0
68388,NS3,0.0,90.0,1.0,0.0,0.0
68473,NS3,0.0,90.0,1.0,0.0,0.0
68474,NS3,0.0,90.0,1.0,0.0,0.0
68568,NS3,0.0,90.0,1.0,0.0,0.0
68569,NS3,0.0,90.0,1.0,0.0,0.0
68663,NS3,0.0,90.0,1.0,0.0,0.0
68664,NS3,0.0,90.0,1.0,0.0,0.0
68758,NS3,0.0,90.0,1.0,0.0,0.0
68759,NS3,0.0,90.0,1.0,0.0,0.0
68853,NS3,0.0,90.0,1.0,0.0,0.0
68854,NS3,0.0,90.0,1.0,0.0,0.0
68948,NS3,0.0,90.0,1.0,0.0,0.0
68949,NS3,0.0,90.0,1.0,0.0,0.0
69043,NS3,0.0,90.0,1.0,0.0,0.0
69044,NS3,0.0,90.0,1.0,0.0,0.0
69138,NS3,0.0,90.0,1.0,0.0,0.0
69139,NS3,0.0,90.0,1.0,0.0,0.0
69233,NS3,0.0,90.0,1.0,0.0,0.0
69234,NS3,0.0,90.0,1.0,0.0,0.0
69328,NS3,0.0,90.0,1.0,0.0,0.0
69329,NS3,0.0,90.0,1.0,0.0,0.0
69423,NS3,0.0,90.0,1.0,0.0,0.0
69424,NS3,0.0,90.0,1.0,0.0,0.0
69518,NS3,0.0,90.0,1.0,0.0,0.0
69519,NS3,0.0,90.0,1.0,0.0,0.0
69613,NS3,0.0,90.0,1.0,0.0,0.0
69614,NS3,0.0,90.0,1.0,0.0,0.0
69708,NS3,0.0,90.0,1.0,0.0,0.0
69709,NS3,0.0,90.0,1.0,0.0,0.0
69803,NS3,0.0,90.0,1.0,0.0,0.0
69804,NS3,0.0,90.0,1.0,0.0,0.0
69898,NS3,0.0,90.0,1.0,0.0,0.0
69899,NS3,0.0,90.0,1.0,0.0,0.0
69900,NS3,0.0,90.0,1.0,0.0,0.0
69901,NS3,0.0,90.0,1.0,0.0,0.0
69995,NS3,0.0,90.0,1.0,0.0,0.0
69996,NS3,0.0,90.0,1.0,0.0,0.0
70090,NS3,0.0,90.0,1.0,0.0,0.0
70091,NS3,0.0,90.0,1.0,0.0,0.0
70185,NS3,0.0,90.0,1.0,0.0,0.0
70186,NS3,0.0,90.0,1.0,0.0,0.0
70280,NS3,0.0,90.0,1.0,0.0,0.0
70281,NS3,0.0,90.0,1.0,0.0,0.0
70375,NS3,0.0,90.0,1.0,0.0,0.0
70376,NS3,0.0,90.0,1.0,0.0,0.0
70470,NS3,0.0,90.0,1.0,0.0,0.0
70471,NS3,0.0,90.0,1.0,0.0,0.0
70565,NS3,0.0,90.0,1.0,0.0,0.0
70566,NS3,0.0,90.0,1.0,0.0,0.0
70660,NS3,0.0,90.0,1.0,0.0,0.0
70661,NS3,0.0,90.0,1.0,0.0,0.0
70755,NS3,0.0,90.0,1.0,0.0,0.0
70756,NS3,0.0,90.0,1.0,0.0,0.0
70850,NS3,0.0,90.0,1.0,0.0,0.0
70851,NS3,0.0,90.0,1.0,0.0,0.0
70945,NS3,0.0,90.0,1.0,0.0,0.0
70946,NS3,0.0,90.0,1.0,0.0,0.0
70947,NS3,0.0,90.0,1.0,0.0,0.0
70948,NS3,0.0,90.0,1.0,0.0,0.0
71042,NS3,0.0,90.0,1.0,0.0,0.0
71043,NS3,0.0,90.0,1.0,0.0,0.0
71137,NS3,0.0,90.0,1.0,0.0,0.0
71138,NS3,0.0,90.0,1.0,0.0,0.0
71232,NS3,0.0,90.0,1.0,0.0,0.0
71233,NS3,0.0,90.0,1.0,0.0,0.0
71327,NS3,0.0,90.0,1.0,0.0,0.0
71328,NS3,0.0,90.0,1.0,0.0,0.0
71422,NS3,0.0,90.0,1.0,0.0,0.0
71423,NS3,0.0,90.0,1.0,0.0,0.0
71517,NS3,0.0,90.0,1.0,0.0,0.0
71518,NS3,0.0,90.0,1.0,0.0,0.0
71612,NS3,0.0,90.0,1.0,0.0,0.0
71613,NS3,0.0,90.0,1.0,0.0,0.0
71707,NS3,0.0,90.0,1.0,0.0,0.0
71708,NS3,0.0,90.0,1.0,0.0,0.0
71802,NS3,0.0,90.0,1.0,0.0,0.0
71803,NS3,0.0,90.0,1.0,0.0,0.0
71897,NS3,0.0,90.0,1.0,0.0,0.0
71898,NS3,0.0,90.0,1.0,0.0,0.0
71992,NS3,0.0,90.0,1.0,0.0,0.0
71993,NS3,0.0,90.0,1.0,0.0,0.0
71994,NS3,0.0,90.0,1.0,0.0,0.0
71995,NS3,0.0,90.0,1.0,0.0,0.0
72089,NS3,0.0,90.0,1.0,0.0,0.0
72090,NS3,0.0,90.0,1.0,0.0,0.0
72184,NS3,0.0,90.0,1.0,0.0,0.0
72185,NS3,0.0,90.0,1.0,0.0,0.0
72279,NS3,0.0,90.0,1.0,0.0,0.0
72280,NS3,0.0,90.0,1.0,0.0,0.0
72374,NS3,0.0,90.0,1.0,0.0,0.0
72375,NS3,0.0,90.0,1.0,0.0,0.0
72469,NS3,0.0,90.0,1.0,0.0,0.0
72470,NS3,0.0,90.0,1.0,0.0,0.0
72564,NS3,0.0,90.0,1.0,0.0,0.0
72565,NS3,0.0,90.0,1.0,0.0,0.0
72659,NS3,0.0,90.0,1.0,0.0,0.0
72660,NS3,0.0,90.0,1.0,0.0,0.0
72754,NS3,0.0,90.0,1.0,0.0,0.0
72755,NS3,0.0,90.0,1.0,0.0,0.0
72849,NS3,0.0,90.0,1.0,0.0,0.0
72850,NS3,0.0,90.0,1.0,0.0,0.0
72944,NS3,0.0,90.0,1.0,0.0,0.0
72945,NS3,0.0,90.0,1.0,0.0,0.0
73039,NS3,0.0,90.0,1.0,0.0,0.0
73040,NS3,0.0,90.0,1.0,0.0,0.0
73041,NS3,0.0,90.0,1.0,0.0,0.0
73042,NS3,0.0,90.0,1.0,0.0,0.0
73136,NS3,0.0,90.0,1.0,0.0,0.0
73137,NS3,0.0,90.0,1.0,0.0,0.0
73231,NS3,0.0,90.0,1.0,0.0,0.0
73232,NS3,0.0,90.0,1.0,0.0,0.0
73326,NS3,0.0,90.0,1.0,0.0,0.0
73327,NS3,0.0,90.0,1.0,0.0,0.0
73421,NS3,0.0,90.0,1.0,0.0,0.0
73422,NS3,0.0,90.0,1.0,0.0,0.0
73516,NS3,0.0,90.0,1.0,0.0,0.0
73517,NS3,0.0,90.0,1.0,0.0,0.0
73611,NS3,0.0,90.0,1.0,0.0,0.0
73612,NS3,0.0,90.0,1.0,0.0,0.0
73706,NS3,0.0,90.0,1.0,0.0,0.0
73707,NS3,0.0,90.0,1.0,0.0,0.0
73801,NS3,0.0,90.0,1.0,0.0,0.0
73802,NS3,0.0,90.0,1.0,0.0,0.0
73896,NS3,0.0,90.0,1.0,0.0,0.0
73897,NS3,0.0,90.0,1.0,0.0,0.0
73991,NS3,0.0,90.0,1.0,0.0,0.0
73992,NS3,0.0,90.0,1.0,0.0,0.0
74086,NS3,0.0,90.0,1.0,0.0,0.0
74087,NS3,0.0,90.0,1.0,0.0,0.0
74088,NS3,0.0,90.0,1.0,0.0,0.0
74183,NS3,0.0,90.0,1.0,0.0,0.0
74278,NS3,0.0,90.0,1.0,0.0,0.0
74373,NS3,0.0,90.0,1.0,0.0,0.0
74468,NS3,0.0,90.0,1.0,0.0,0.0
74563,NS3,0.0,90.0,1.0,0.0,0.0
74658,NS3,0.0,90.0,1.0,0.0,0.0
74753,NS3,0.0,90.0,1.0,0.0,0.0
74848,NS3,0.0,90.0,1.0,0.0,0.0
74943,NS3,0.0,90.0,1.0,0.0,0.0
75038,NS3,0.0,90.0,1.0,0.0,0.0
75133,NS3,0.0,90.0,1.0,0.0,0.0
75228,NS3,0.0,90.0,1.0,0.0,0.0
75323,NS3,0.0,90.0,1.0,0.0,0.0
75418,NS3,0.0,90.0,1.0,0.0,0.0
75513,NS3,0.0,90.0,1.0,0.0,0.0
75608,NS3,0.0,90.0,1.0,0.0,0.0
75703,NS3,0.0,90.0,1.0,0.0,0.0
75798,NS3,0.0,90.0,1.0,0.0,0.0
75893,NS3,0.0,90.0,1.0,0.0,0.0
75988,NS3,0.0,90.0,1.0,0.0,0.0
76073,NS3,0.0,90.0,1.0,0.0,0.0
76074,NS3,0.0,90.0,1.0,0.0,0.0
76168,NS3,0.0,90.0,1.0,0.0,0.0
76169,NS3,0.0,90.0,1.0,0.0,0.0
76263,NS3,0.0,90.0,1.0,0.0,0.0
76264,NS3,0.0,90.0,1.0,0.0,0.0
76358,NS3,0.0,90.0,1.0,0.0,0.0
76359,NS3,0.0,90.0,1.0,0.0,0.0
76453,NS3,0.0,90.0,1.0,0.0,0.0
76454,NS3,0.0,90.0,1.0,0.0,0.0
76548,NS3,0.0,90.0,1.0,0.0,0.0
76549,NS3,0.0,90.0,1.0,0.0,0.0
76643,NS3,0.0,90.0,1.0,0.0,0.0
76644,NS3,0.0,90.0,1.0,0.0,0.0
76738,NS3,0.0,90.0,1.0,0.0,0.0
76739,NS3,0.0,90.0,1.0,0.0,0.0
76833,NS3,0.0,90.0,1.0,0.0,0.0
76834,NS3,0.0,90.0,1.0,0.0,0.0
76928,NS3,0.0,90.0,1.0,0.0,0.0
76929,NS3,0.0,90.0,1.0,0.0,0.0
77023,NS3,0.0,90.0,1.0,0.0,0.0
77024,NS3,0.0,90.0,1.0,0.0,0.0
77118,NS3,0.0,90.0,1.0,0.0,0.0
77119,NS3,0.0,90.0,1.0,0.0,0.0
77213,NS3,0.0,90.0,1.0,0.0,0.0
77214,NS3,0.0,90.0,1.0,0.0,0.0
77308,NS3,0.0,90.0,1.0,0.0,0.0
77309,NS3,0.0,90.0,1.0,0.0,0.0
77403,NS3,0.0,90.0,1.0,0.0,0.0
77404,NS3,0.0,90.0,1.0,0.0,0.0
77498,NS3,0.0,90.0,1.0,0.0,0.0
77499,NS3,0.0,90.0,1.0,0.0,0.0
77500,NS3,0.0,90.0,1.0,0.0,0.0
77501,NS3,0.0,90.0,1.0,0.0,0.0
77595,NS3,0.0,90.0,1.0,0.0,0.0
77596,NS3,0.0,90.0,1.0,0.0,0.0
77690,NS3,0.0,90.0,1.0,0.0,0.0
77691,NS3,0.0,90.0,1.0,0.0,0.0
77785,NS3,0.0,90.0,1.0,0.0,0.0
77786,NS3,0.0,90.0,1.0,0.0,0.0
77880,NS3,0.0,90.0,1.0,0.0,0.0
77881,NS3,0.0,90.0,1.0,0.0,0.0
77975,NS3,0.0,90.0,1.0,0.0,0.0
77976,NS3,0.0,90.0,1.0,0.0,0.0
78070,NS3,0.0,90.0,1.0,0.0,0.0
78071,NS3,0.0,90.0,1.0,0.0,0.0
78165,NS3,0.0,90.0,1.0,0.0,0.0
78166,NS3,0.0,90.0,1.0,0.0,0.0
78260,NS3,0.0,90.0,1.0,0.0,0.0
78261,NS3,0.0,90.0,1.0,0.0,0.0
78355,NS3,0.0,90.0,1.0,0.0,0.0
78356,NS3,0.0,90.0,1.0,0.0,0.0
78450,NS3,0.0,90.0,1.0,0.0,0.0
78451,NS3,0.0,90.0,1.0,0.0,0.0
78545,NS3,0.0,90.0,1.0,0.0,0.0
78546,NS3,0.0,90.0,1.0,0.0,0.0
78547,NS3,0.0,90.0,1.0,0.0,0.0
78548,NS3,0.0,90.0,1.0,0.0,0.0
78642,NS3,0.0,90.0,1.0,0.0,0.0
78643,NS3,0.0,90.0,1.0,0.0,0.0
78737,NS3,0.0,90.0,1.0,0.0,0.0
78738,NS3,0.0,90.0,1.0,0.0,0.0
78832,NS3,0.0,90.0,1.0,0.0,0.0
78833,NS3,0.0,90.0,1.0,0.0,0.0
78927,NS3,0.0,90.0,1.0,0.0,0.0
78928,NS3,0.0,90.0,1.0,0.0,0.0
79022,NS3,0.0,90.0,1.0,0.0,0.0
79023,NS3,0.0,90.0,1.0,0.0,0.0
79117,NS3,0.0,90.0,1.0,0.0,0.0
79118,NS3,0.0,90.0,1.0,0.0,0.0
79212,NS3,0.0,90.0,1.0,0.0,0.0
79213,NS3,0.0,90.0,1.0,0.0,0.0
79307,NS3,0.0,90.0,1.0,0.0,0.0
79308,NS3,0.0,90.0,1.0,0.0,0.0
79402,NS3,0.0,90.0,1.0,0.0,0.0
79403,NS3,0.0,90.0,1.0,0.0,0.0
79497,NS3,0.0,90.0,1.0,0.0,0.0
79498,NS3,0.0,90.0,1.0,0.0,0.0
79592,NS3,0.0,90.0,1.0,0.0,0.0
79593,NS3,0.0,90.0,1.0,0.0,0.0
79594,NS3,0.0,90.0,1.0,0.0,0.0
79595,NS3,0.0,90.0,1.0,0.0,0.0
79689,NS3,0.0,90.0,1.0,0.0,0.0
79690,NS3,0.0,90.0,1.0,0.0,0.0
79784,NS3,0.0,90.0,1.0,0.0,0.0
79785,NS3,0.0,90.0,1.0,0.0,0.0
79879,NS3,0.0,90.0,1.0,0.0,0.0
79880,NS3,0.0,90.0,1.0,0.0,0.0
79974,NS3,0.0,90.0,1.0,0.0,0.0
79975,NS3,0.0,90.0,1.0,0.0,0.0
80069,NS3,0.0,90.0,1.0,0.0,0.0
80070,NS3,0.0,90.0,1.0,0.0,0.0
80164,NS3,0.0,90.0,1.0,0.0,0.0
80165,NS3,0.0,90.0,1.0,0.0,0.0
80259,NS3,0.0,90.0,1.0,0.0,0.0
80260,NS3,0.0,90.0,1.0,0.0,0.0
80354,NS3,0.0,90.0,1.0,0.0,0.0
80355,NS3,0.0,90.0,1.0,0.0,0.0
80449,NS3,0.0,90.0,1.0,0.0,0.0
80450,NS3,0.0,90.0,1.0,0.0,0.0
80544,NS3,0.0,90.0,1.0,0.0,0.0
80545,NS3,0.0,90.0,1.0,0.0,0.0
80639,NS3,0.0,90.0,1.0,0.0,0.0
80640,NS3,0.0,90.0,1.0,0.0,0.0
80641,NS3,0.0,90.0,1.0,0.0,0.0
80642,NS3,0.0,90.0,1.0,0.0,0.0
80736,NS3,0.0,90.0,1.0,0.0,0.0
80737,NS3,0.0,90.0,1.0,0.0,0.0
80831,NS3,0.0,90.0,1.0,0.0,0.0
80832,NS3,0.0,90.0,1.0,0.0,0.0
80926,NS3,0.0,90.0,1.0,0.0,0.0
80927,NS3,0.0,90.0,1.0,0.0,0.0
81021,NS3,0.0,90.0,1.0,0.0,0.0
81022,NS3,0.0,90.0,1.0,0.0,0.0
81116,NS3,0.0,90.0,1.0,0.0,0.0
81117,NS3,0.0,90.0,1.0,0.0,0.0
81211,NS3,0.0,90.0,1.0,0.0,0.0
81212,NS3,0.0,90.0,1.0,0.0,0.0
81306,NS3,0.0,90.0,1.0,0.0,0.0
81307,NS3,0.0,90.0,1.0,0.0,0.0
81401,NS3,0.0,90.0,1.0,0.0,0.0
81402,NS3,0.0,90.0,1.0,0.0,0.0
81496,NS3,0.0,90.0,1.0,0.0,0.0
81497,NS3,0.0,90.0,1.0,0.0,0.0
81591,NS3,0.0,90.0,1.0,0.0,0.0
81592,NS3,0.0,90.0,1.0,0.0,0.0
81686,NS3,0.0,90.0,1.0,0.0,0.0
81687,NS3,0.0,90.0,1.0,0.0,0.0
81688,NS3,0.0,90.0,1.0,0.0,0.0
81783,NS3,0.0,90.0,1.0,0.0,0.0
81878,NS3,0.0,90.0,1.0,0.0,0.0
81973,NS3,0.0,90.0,1.0,0.0,0.0
82068,NS3,0.0,90.0,1.0,0.0,0.0
82163,NS3,0.0,90.0,1.0,0.0,0.0
82258,NS3,0.0,90.0,1.0,0.0,0.0
82353,NS3,0.0,90.0,1.0,0.0,0.0
82448,NS3,0.0,90.0,1.0,0.0,0.0
82543,NS3,0.0,90.0,1.0,0.0,0.0
82638,NS3,0.0,90.0,1.0,0.0,0.0
82733,NS3,0.0,90.0,1.0,0.0,0.0
82828,NS3,0.0,90.0,1.0,0.0,0.0
82923,NS3,0.0,90.0,1.0,0.0,0.0
83018,NS3,0.0,90.0,1.0,0.0,0.0
83113,NS3,0.0,90.0,1.0,0.0,0.0
83208,NS3,0.0,90.0,1.0,0.0,0.0
83303,NS3,0.0,90.0,1.0,0.0,0.0
83398,NS3,0.0,90.0,1.0,0.0,0.0
83493,NS3,0.0,90.0,1.0,0.0,0.0
83588,NS3,0.0,90.0,1.0,0.0,0.0
83673,NS3,0.0,90.0,1.0,0.0,0.0
83674,NS3,0.0,90.0,1.0,0.0,0.0
83768,NS3,0.0,90.0,1.0,0.0,0.0
83769,NS3,0.0,90.0,1.0,0.0,0.0
83863,NS3,0.0,90.0,1.0,0.0,0.0
83864,NS3,0.0,90.0,1.0,0.0,0.0
83958,NS3,0.0,90.0,1.0,0.0,0.0
83959,NS3,0.0,90.0,1.0,0.0,0.0
84053,NS3,0.0,90.0,1.0,0.0,0.0
84054,NS3,0.0,90.0,1.0,0.0,0.0
84148,NS3,0.0,90.0,1.0,0.0,0.0
84149,NS3,0.0,90.0,1.0,0.0,0.0
84243,NS3,0.0,90.0,1.0,0.0,0.0
84244,NS3,0.0,90.0,1.0,0.0,0.0
84338,NS3,0.0,90.0,1.0,0.0,0.0
84339,NS3,0.0,90.0,1.0,0.0,0.0
84433,NS3,0.0,90.0,1.0,0.0,0.0
84434,NS3,0.0,90.0,1.0,0.0,0.0
84528,NS3,0.0,90.0,1.0,0.0,0.0
84529,NS3,0.0,90.0,1.0,0.0,0.0
84623,NS3,0.0,90.0,1.0,0.0,0.0
84624,NS3,0.0,90.0,1.0,0.0,0.0
84718,NS3,0.0,90.0,1.0,0.0,0.0
84719,NS3,0.0,90.0,1.0,0.0,0.0
84813,NS3,0.0,90.0,1.0,0.0,0.0
84814,NS3,0.0,90.0,1.0,0.0,0.0
84908,NS3,0.0,90.0,1.0,0.0,0.0
84909,NS3,0.0,90.0,1.0,0.0,0.0
85003,NS3,0.0,90.0,1.0,0.0,0.0
85004,NS3,0.0,90.0,1.0,0.0,0.0
85098,NS3,0.0,90.0,1.0,0.0,0.0
85099,NS3,0.0,90.0,1.0,0.0,0.0
85100,NS3,0.0,90.0,1.0,0.0,0.0
85101,NS3,0.0,90.0,1.0,0.0,0.0
85195,NS3,0.0,90.0,1.0,0.0,0.0
85196,NS3,0.0,90.0,1.0,0.0,0.0
85290,NS3,0.0,90.0,1.0,0.0,0.0
85291,NS3,0.0,90.0,1.0,0.0,0.0
85385,NS3,0.0,90.0,1.0,0.0,0.0
85386,NS3,0.0,90.0,1.0,0.0,0.0
85480,NS3,0.0,90.0,1.0,0.0,0.0
85481,NS3,0.0,90.0,1.0,0.0,0.0
85575,NS3,0.0,90.0,1.0,0.0,0.0
85576,NS3,0.0,90.0,1.0,0.0,0.0
85670,NS3,0.0,90.0,1.0,0.0,0.0
85671,NS3,0.0,90.0,1.0,0.0,0.0
85765,NS3,0.0,90.0,1.0,0.0,0.0
85766,NS3,0.0,90.0,1.0,0.0,0.0
85860,NS3,0.0,90.0,1.0,0.0,0.0
85861,NS3,0.0,90.0,1.0,0.0,0.0
85955,NS3,0.0,90.0,1.0,0.0,0.0
85956,NS3,0.0,90.0,1.0,0.0,0.0
86050,NS3,0.0,90.0,1.0,0.0,0.0
86051,NS3,0.0,90.0,1.0,0.0,0.0
86145,NS3,0.0,90.0,1.0,0.0,0.0
86146,NS3,0.0,90.0,1.0,0.0,0.0
86147,NS3,0.0,90.0,1.0,0.0,0.0
86148,NS3,0.0,90.0,1.0,0.0,0.0
86242,NS3,0.0,90.0,1.0,0.0,0.0
86243,NS3,0.0,90.0,1.0,0.0,0.0
86337,NS3,0.0,90.0,1.0,0.0,0.0
86338,NS3,0.0,90.0,1.0,0.0,0.0
86432,NS3,0.0,90.0,1.0,0.0,0.0
86433,NS3,0.0,90.0,1.0,0.0,0.0
86527,NS3,0.0,90.0,1.0,0.0,0.0
86528,NS3,0.0,90.0,1.0,0.0,0.0
86622,NS3,0.0,90.0,1.0,0.0,0.0
86623,NS3,0.0,90.0,1.0,0.0,0.0
86717,NS3,0.0,90.0,1.0,0.0,0.0
86718,NS3,0.0,90.0,1.0,0.0,0.0
86812,NS3,0.0,90.0,1.0,0.0,0.0
86813,NS3,0.0,90.0,1.0,0.0,0.0
86907,NS3,0.0,90.0,1.0,0.0,0.0
86908,NS3,0.0,90.0,1.0,0.0,0.0
87002,NS3,0.0,90.0,1.0,0.0,0.0
87003,NS3,0.0,90.0,1.0,0.0,0.0
87097,NS3,0.0,90.0,1.0,0.0,0.0
87098,NS3,0.0,90.0,1.0,0.0,0.0
87192,NS3,0.0,90.0,1.0,0.0,0.0
87193,NS3,0.0,90.0,1.0,0.0,0.0
87194,NS3,0.0,90.0,1.0,0.0,0.0
87195,NS3,0.0,90.0,1.0,0.0,0.0
87289,NS3,0.0,90.0,1.0,0.0,0.0
87290,NS3,0.0,90.0,1.0,0.0,0.0
87384,NS3,0.0,90.0,1.0,0.0,0.0
87385,NS3,0.0,90.0,1.0,0.0,0.0
87479,NS3,0.0,90.0,1.0,0.0,0.0
87480,NS3,0.0,90.0,1.0,0.0,0.0
87574,NS3,0.0,90.0,1.0,0.0,0.0
87575,NS3,0.0,90.0,1.0,0.0,0.0
87669,NS3,0.0,90.0,1.0,0.0,0.0
87670,NS3,0.0,90.0,1.0,0.0,0.0
87764,NS3,0.0,90.0,1.0,0.0,0.0
87765,NS3,0.0,90.0,1.0,0.0,0.0
87859,NS3,0.0,90.0,1.0,0.0,0.0
87860,NS3,0.0,90.0,1.0,0.0,0.0
87954,NS3,0.0,90.0,1.0,0.0,0.0
87955,NS3,0.0,90.0,1.0,0.0,0.0
88049,NS3,0.0,90.0,1.0,0.0,0.0
88050,NS3,0.0,90.0,1.0,0.0,0.0
88144,NS3,0.0,90.0,1.0,0.0,0.0
88145,NS3,0.0,90.0,1.0,0.0,0.0
88239,NS3,0.0,90.0,1.0,0.0,0.0
88240,NS3,0.0,90.0,1.0,0.0,0.0
88241,NS3,0.0,90.0,1.0,0.0,0.0
88242,NS3,0.0,90.0,1.0,0.0,0.0
88336,NS3,0.0,90.0,1.0,0.0,0.0
88337,NS3,0.0,90.0,1.0,0.0,0.0
88431,NS3,0.0,90.0,1.0,0.0,0.0
88432,NS3,0.0,90.0,1.0,0.0,0.0
88526,NS3,0.0,90.0,1.0,0.0,0.0
88527,NS3,0.0,90.0,1.0,0.0,0.0
88621,NS3,0.0,90.0,1.0,0.0,0.0
88622,NS3,0.0,90.0,1.0,0.0,0.0
88716,NS3,0.0,90.0,1.0,0.0,0.0
88717,NS3,0.0,90.0,1.0,0.0,0.0
88811,NS3,0.0,90.0,1.0,0.0,0.0
88812,NS3,0.0,90.0,1.0,0.0,0.0
88906,NS3,0.0,90.0,1.0,0.0,0.0
88907,NS3,0.0,90.0,1.0,0.0,0.0
89001,NS3,0.0,90.0,1.0,0.0,0.0
89002,NS3,0.0,90.0,1.0,0.0,0.0
89096,NS3,0.0,90.0,1.0,0.0,0.0
89097,NS3,0.0,90.0,1.0,0.0,0.0
89191,NS3,0.0,90.0,1.0,0.0,0.0
89192,NS3,0.0,90.0,1.0,0.0,0.0
89286,NS3,0.0,90.0,1.0,0.0,0.0
89287,NS3,0.0,90.0,1.0,0.0,0.0
89288,NS3,0.0,90.0,1.0,0.0,0.0
89383,NS3,0.0,90.0,1.0,0.0,0.0
89478,NS3,0.0,90.0,1.0,0.0,0.0
89573,NS3,0.0,90.0,1.0,0.0,0.0
89668,NS3,0.0,90.0,1.0,0.0,0.0
89763,NS3,0.0,90.0,1.0,0.0,0.0
89858,NS3,0.0,90.0,1.0,0.0,0.0
89953,NS3,0.0,90.0,1.0,0.0,0.0
90048,NS3,0.0,90.0,1.0,0.0,0.0
90143,NS3,0.0,90.0,1.0,0.0,0.0
90238,NS3,0.0,90.0,1.0,0.0,0.0
90333,NS3,0.0,90.0,1.0,0.0,0.0
90428,NS3,0.0,90.0,1.0,0.0,0.0
90523,NS3,0.0,90.0,1.0,0.0,0.0
90618,NS3,0.0,90.0,1.0,0.0,0.0
90713,NS3,0.0,90.0,1.0,0.0,0.0
90808,NS3,0.0,90.0,1.0,0.0,0.0
90903,NS3,0.0,90.0,1.0,0.0,0.0
90998,NS3,0.0,90.0,1.0,0.0,0.0
91093,NS3,0.0,90.0,1.0,0.0,0.0
91188,NS3,0.0,90.0,1.0,0.0,0.0
91273,NS3,0.0,90.0,1.0,0.0,0.0
91274,NS3,0.0,90.0,1.0,0.0,0.0
91368,NS3,0.0,90.0,1.0,0.0,0.0
91369,NS3,0.0,90.0,1.0,0.0,0.0
91463,NS3,0.0,90.0,1.0,0.0,0.0
91464,NS3,0.0,90.0,1.0,0.0,0.0
91558,NS3,0.0,90.0,1.0,0.0,0.0
91559,NS3,0.0,90.0,1.0,0.0,0.0
91653,NS3,0.0,90.0,1.0,0.0,0.0
91654,NS3,0.0,90.0,1.0,0.0,0.0
91748,NS3,0.0,90.0,1.0,0.0,0.0
91749,NS3,0.0,90.0,1.0,0.0,0.0
91843,NS3,0.0,90.0,1.0,0.0,0.0
91844,NS3,0.0,90.0,1.0,0.0,0.0
91938,NS3,0.0,90.0,1.0,0.0,0.0
91939,NS3,0.0,90.0,1.0,0.0,0.0
92033,NS3,0.0,90.0,1.0,0.0,0.0
92034,NS3,0.0,90.0,1.0,0.0,0.0
92128,NS3,0.0,90.0,1.0,0.0,0.0
92129,NS3,0.0,90.0,1.0,0.0,0.0
92223,NS3,0.0,90.0,1.0,0.0,0.0
92224,NS3,0.0,90.0,1.0,0.0,0.0
92318,NS3,0.0,90.0,1.0,0.0,0.0
92319,NS3,0.0,90.0,1.0,0.0,0.0
92413,NS3,0.0,90.0,1.0,0.0,0.0
92414,NS3,0.0,90.0,1.0,0.0,0.0
92508,NS3,0.0,90.0,1.0,0.0,0.0
92509,NS3,0.0,90.0,1.0,0.0,0.0
92603,NS3,0.0,90.0,1.0,0.0,0.0
92604,NS3,0.0,90.0,1.0,0.0,0.0
92698,NS3,0.0,90.0,1.0,0.0,0.0
92699,NS3,0.0,90.0,1.0,0.0,0.0
92700,NS3,0.0,90.0,1.0,0.0,0.0
92701,NS3,0.0,90.0,1.0,0.0,0.0
92795,NS3,0.0,90.0,1.0,0.0,0.0
92796,NS3,0.0,90.0,1.0,0.0,0.0
92890,NS3,0.0,90.0,1.0,0.0,0.0
92891,NS3,0.0,90.0,1.0,0.0,0.0
92985,NS3,0.0,90.0,1.0,0.0,0.0
92986,NS3,0.0,90.0,1.0,0.0,0.0
93080,NS3,0.0,90.0,1.0,0.0,0.0
93081,NS3,0.0,90.0,1.0,0.0,0.0
93175,NS3,0.0,90.0,1.0,0.0,0.0
93176,NS3,0.0,90.0,1.0,0.0,0.0
93270,NS3,0.0,90.0,1.0,0.0,0.0
93271,NS3,0.0,90.0,1.0,0.0,0.0
93365,NS3,0.0,90.0,1.0,0.0,0.0
93366,NS3,0.0,90.0,1.0,0.0,0.0
93460,NS3,0.0,90.0,1.0,0.0,0.0
93461,NS3,0.0,90.0,1.0,0.0,0.0
93555,NS3,0.0,90.0,1.0,0.0,0.0
93556,NS3,0.0,90.0,1.0,0.0,0.0
93650,NS3,0.0,90.0,1.0,0.0,0.0
93651,NS3,0.0,90.0,1.0,0.0,0.0
93745,NS3,0.0,90.0,1.0,0.0,0.0
93746,NS3,0.0,90.0,1.0,0.0,0.0
93747,NS3,0.0,90.0,1.0,0.0,0.0
93748,NS3,0.0,90.0,1.0,0.0,0.0
93842,NS3,0.0,90.0,1.0,0.0,0.0
93843,NS3,0.0,90.0,1.0,0.0,0.0
93937,NS3,0.0,90.0,1.0,0.0,0.0
93938,NS3,0.0,90.0,1.0,0.0,0.0
94032,NS3,0.0,90.0,1.0,0.0,0.0
94033,NS3,0.0,90.0,1.0,0.0,0.0
94127,NS3,0.0,90.0,1.0,0.0,0.0
94128,NS3,0.0,90.0,1.0,0.0,0.0
94222,NS3,0.0,90.0,1.0,0.0,0.0
94223,NS3,0.0,90.0,1.0,0.0,0.0
94317,NS3,0.0,90.0,1.0,0.0,0.0
94318,NS3,0.0,90.0,1.0,0.0,0.0
94412,NS3,0.0,90.0,1.0,0.0,0.0
94413,NS3,0.0,90.0,1.0,0.0,0.0
94507,NS3,0.0,90.0,1.0,0.0,0.0
94508,NS3,0.0,90.0,1.0,0.0,0.0
94602,NS3,0.0,90.0,1.0,0.0,0.0
94603,NS3,0.0,90.0,1.0,0.0,0.0
94697,NS3,0.0,90.0,1.0,0.0,0.0
94698,NS3,0.0,90.0,1.0,0.0,0.0
94792,NS3,0.0,90.0,1.0,0.0,0.0
94793,NS3,0.0,90.0,1.0,0.0,0.0
94794,NS3,0.0,90.0,1.0,0.0,0.0
94795,NS3,0.0,90.0,1.0,0.0,0.0
94889,NS3,0.0,90.0,1.0,0.0,0.0
94890,NS3,0.0,90.0,1.0,0.0,0.0
94984,NS3,0.0,90.0,1.0,0.0,0.0
94985,NS3,0.0,90.0,1.0,0.0,0.0
95079,NS3,0.0,90.0,1.0,0.0,0.0
95080,NS3,0.0,90.0,1.0,0.0,0.0
95174,NS3,0.0,90.0,1.0,0.0,0.0
95175,NS3,0.0,90.0,1.0,0.0,0.0
95269,NS3,0.0,90.0,1.0,0.0,0.0
95270,NS3,0.0,90.0,1.0,0.0,0.0
95364,NS3,0.0,90.0,1.0,0.0,0.0
95365,NS3,0.0,90.0,1.0,0.0,0.0
95459,NS3,0.0,90.0,1.0,0.0,0.0
95460,NS3,0.0,90.0,1.0,0.0,0.0
95554,NS3,0.0,90.0,1.0,0.0,0.0
95555,NS3,0.0,90.0,1.0,0.0,0.0
95649,NS3,0.0,90.0,1.0,0.0,0.0
95650,NS3,0.0,90.0,1.0,0.0,0.0
95744,NS3,0.0,90.0,1.0,0.0,0.0
95745,NS3,0.0,90.0,1.0,0.0,0.0
95839,NS3,0.0,90.0,1.0,0.0,0.0
95840,NS3,0.0,90.0,1.0,0.0,0.0
95841,NS3,0.0,90.0,1.0,0.0,0.0
95842,NS3,0.0,90.0,1.0,0.0,0.0
95936,NS3,0.0,90.0,1.0,0.0,0.0
95937,NS3,0.0,90.0,1.0,0.0,0.0
96031,NS3,0.0,90.0,1.0,0.0,0.0
96032,NS3,0.0,90.0,1.0,0.0,0.0
96126,NS3,0.0,90.0,1.0,0.0,0.0
96127,NS3,0.0,90.0,1.0,0.0,0.0
96221,NS3,0.0,90.0,1.0,0.0,0.0
96222,NS3,0.0,90.0,1.0,0.0,0.0
96316,NS3,0.0,90.0,1.0,0.0,0.0
96317,NS3,0.0,90.0,1.0,0.0,0.0
96411,NS3,0.0,90.0,1.0,0.0,0.0
96412,NS3,0.0,90.0,1.0,0.0,0.0
96506,NS3,0.0,90.0,1.0,0.0,0.0
96507,NS3,0.0,90.0,1.0,0.0,0.0
96601,NS3,0.0,90.0,1.0,0.0,0.0
96602,NS3,0.0,90.0,1.0,0.0,0.0
96696,NS3,0.0,90.0,1.0,0.0,0.0
96697,NS3,0.0,90.0,1.0,0.0,0.0
96791,NS3,0.0,90.0,1.0,0.0,0.0
96792,NS3,0.0,90.0,1.0,0.0,0.0
96886,NS3,0.0,90.0,1.0,0.0,0.0
96887,NS3,0.0,90.0,1.0,0.0,0.0
96888,NS3,0.0,90.0,1.0,0.0,0.0
96983,NS3,0.0,90.0,1.0,0.0,0.0
97078,NS3,0.0,90.0,1.0,0.0,0.0
97173,NS3,0.0,90.0,1.0,0.0,0.0
97268,NS3,0.0,90.0,1.0,0.0,0.0
97363,NS3,0.0,90.0,1.0,0.0,0.0
97458,NS3,0.0,90.0,1.0,0.0,0.0
97553,NS3,0.0,90.0,1.0,0.0,0.0
97648,NS3,0.0,90.0,1.0,0.0,0.0
97743,NS3,0.0,90.0,1.0,0.0,0.0
97838,NS3,0.0,90.0,1.0,0.0,0.0
97933,NS3,0.0,90.0,1.0,0.0,0.0
98028,NS3,0.0,90.0,1.0,0.0,0.0
98123,NS3,0.0,90.0,1.0,0.0,0.0
98218,NS3,0.0,90.0,1.0,0.0,0.0
98313,NS3,0.0,90.0,1.0,0.0,0.0
98408,NS3,0.0,90.0,1.0,0.0,0.0
98503,NS3,0.0,90.0,1.0,0.0,0.0
98598,NS3,0.0,90.0,1.0,0.0,0.0
98693,NS3,0.0,90.0,1.0,0.0,0.0
98788,NS3,0.0,90.0,1.0,0.0,0.0
98873,NS3,0.0,90.0,1.0,0.0,0.0
98874,NS3,0.0,90.0,1.0,0.0,0.0
98968,NS3,0.0,90.0,1.0,0.0,0.0
98969,NS3,0.0,90.0,1.0,0.0,0.0
99063,NS3,0.0,90.0,1.0,0.0,0.0
99064,NS3,0.0,90.0,1.0,0.0,0.0
99158,NS3,0.0,90.0,1.0,0.0,0.0
99159,NS3,0.0,90.0,1.0,0.0,0.0
99253,NS3,0.0,90.0,1.0,0.0,0.0
99254,NS3,0.0,90.0,1.0,0.0,0.0
99348,NS3,0.0,90.0,1.0,0.0,0.0
99349,NS3,0.0,90.0,1.0,0.0,0.0
99443,NS3,0.0,90.0,1.0,0.0,0.0
99444,NS3,0.0,90.0,1.0,0.0,0.0
99538,NS3,0.0,90.0,1.0,0.0,0.0
99539,NS3,0.0,90.0,1.0,0.0,0.0
99633,NS3,0.0,90.0,1.0,0.0,0.0
99634,NS3,0.0,90.0,1.0,0.0,0.0
99728,NS3,0.0,90.0,1.0,0.0,0.0
99729,NS3,0.0,90.0,1.0,0.0,0.0
99823,NS3,0.0,90.0,1.0,0.0,0.0
99824,NS3,0.0,90.0,1.0,0.0,0.0
99918,NS3,0.0,90.0,1.0,0.0,0.0
99919,NS3,0.0,90.0,1.0,0.0,0.0
100013,NS3,0.0,90.0,1.0,0.0,0.0
100014,NS3,0.0,90.0,1.0,0.0,0.0
100108,NS3,0.0,90.0,1.0,0.0,0.0
100109,NS3,0.0,90.0,1.0,0.0,0.0
100203,NS3,0.0,90.0,1.0,0.0,0.0
100204,NS3,0.0,90.0,1.0,0.0,0.0
100298,NS3,0.0,90.0,1.0,0.0,0.0
100299,NS3,0.0,90.0,1.0,0.0,0.0
100300,NS3,0.0,90.0,1.0,0.0,0.0
100301,NS3,0.0,90.0,1.0,0.0,0.0
100395,NS3,0.0,90.0,1.0,0.0,0.0
100396,NS3,0.0,90.0,1.0,0.0,0.0
100490,NS3,0.0,90.0,1.0,0.0,0.0
100491,NS3,0.0,90.0,1.0,0.0,0.0
100585,NS3,0.0,90.0,1.0,0.0,0.0
100586,NS3,0.0,90.0,1.0,0.0,0.0
100680,NS3,0.0,90.0,1.0,0.0,0.0
100681,NS3,0.0,90.0,1.0,0.0,0.0
100775,NS3,0.0,90.0,1.0,0.0,0.0
100776,NS3,0.0,90.0,1.0,0.0,0.0
100870,NS3,0.0,90.0,1.0,0.0,0.0
100871,NS3,0.0,90.0,1.0,0.0,0.0
100965,NS3,0.0,90.0,1.0,0.0,0.0
100966,NS3,0.0,90.0,1.0,0.0,0.0
101060,NS3,0.0,90.0,1.0,0.0,0.0
101061,NS3,0.0,90.0,1.0,0.0,0.0
101155,NS3,0.0,90.0,1.0,0.0,0.0
101156,NS3,0.0,90.0,1.0,0.0,0.0
101250,NS3,0.0,90.0,1.0,0.0,0.0
101251,NS3,0.0,90.0,1.0,0.0,0.0
101345,NS3,0.0,90.0,1.0,0.0,0.0
101346,NS3,0.0,90.0,1.0,0.0,0.0
101347,NS3,0.0,90.0,1.0,0.0,0.0
101348,NS3,0.0,90.0,1.0,0.0,0.0
101442,NS3,0.0,90.0,1.0,0.0,0.0
101443,NS3,0.0,90.0,1.0,0.0,0.0
101537,NS3,0.0,90.0,1.0,0.0,0.0
101538,NS3,0.0,90.0,1.0,0.0,0.0
101632,NS3,0.0,90.0,1.0,0.0,0.0
101633,NS3,0.0,90.0,1.0,0.0,0.0
101727,NS3,0.0,90.0,1.0,0.0,0.0
101728,NS3,0.0,90.0,1.0,0.0,0.0
101822,NS3,0.0,90.0,1.0,0.0,0.0
101823,NS3,0.0,90.0,1.0,0.0,0.0
101917,NS3,0.0,90.0,1.0,0.0,0.0
101918,NS3,0.0,90.0,1.0,0.0,0.0
102012,NS3,0.0,90.0,1.0,0.0,0.0
102013,NS3,0.0,90.0,1.0,0.0,0.0
102107,NS3,0.0,90.0,1.0,0.0,0.0
102108,NS3,0.0,90.0,1.0,0.0,0.0
102202,NS3,0.0,90.0,1.0,0.0,0.0
102203,NS3,0.0,90.0,1.0,0.0,0.0
102297,NS3,0.0,90.0,1.0,0.0,0.0
102298,NS3,0.0,90.0,1.0,0.0,0.0
102392,NS3,0.0,90.0,1.0,0.0,0.0
102393,NS3,0.0,90.0,1.0,0.0,0.0
102394,NS3,0.0,90.0,1.0,0.0,0.0
102395,NS3,0.0,90.0,1.0,0.0,0.0
102489,NS3,0.0,90.0,1.0,0.0,0.0
102490,NS3,0.0,90.0,1.0,0.0,0.0
102584,NS3,0.0,90.0,1.0,0.0,0.0
102585,NS3,0.0,90.0,1.0,0.0,0.0
102679,NS3,0.0,90.0,1.0,0.0,0.0
102680,NS3,0.0,90.0,1.0,0.0,0.0
102774,NS3,0.0,90.0,1.0,0.0,0.0
102775,NS3,0.0,90.0,1.0,0.0,0.0
102869,NS3,0.0,90.0,1.0,0.0,0.0
102870,NS3,0.0,90.0,1.0,0.0,0.0
102964,NS3,0.0,90.0,1.0,0.0,0.0
102965,NS3,0.0,90.0,1.0,0.0,0.0
103059,NS3,0.0,90.0,1.0,0.0,0.0
103060,NS3,0.0,90.0,1.0,0.0,0.0
103154,NS3,0.0,90.0,1.0,0.0,0.0
103155,NS3,0.0,90.0,1.0,0.0,0.0
103249,NS3,0.0,90.0,1.0,0.0,0.0
103250,NS3,0.0,90.0,1.0,0.0,0.0
103344,NS3,0.0,90.0,1.0,0.0,0.0
103345,NS3,0.0,90.0,1.0,0.0,0.0
103439,NS3,0.0,90.0,1.0,0.0,0.0
103440,NS3,0.0,90.0,1.0,0.0,0.0
103441,NS3,0.0,90.0,1.0,0.0,0.0
103442,NS3,0.0,90.0,1.0,0.0,0.0
103536,NS3,0.0,90.0,1.0,0.0,0.0
103537,NS3,0.0,90.0,1.0,0.0,0.0
103631,NS3,0.0,90.0,1.0,0.0,0.0
103632,NS3,0.0,90.0,1.0,0.0,0.0
103726,NS3,0.0,90.0,1.0,0.0,0.0
103727,NS3,0.0,90.0,1.0,0.0,0.0
103821,NS3,0.0,90.0,1.0,0.0,0.0
103822,NS3,0.0,90.0,1.0,0.0,0.0
103916,NS3,0.0,90.0,1.0,0.0,0.0
103917,NS3,0.0,90.0,1.0,0.0,0.0
104011,NS3,0.0,90.0,1.0,0.0,0.0
104012,NS3,0.0,90.0,1.0,0.0,0.0
104106,NS3,0.0,90.0,1.0,0.0,0.0
104107,NS3,0.0,90.0,1.0,0.0,0.0
104201,NS3,0.0,90.0,1.0,0.0,0.0
104202,NS3,0.0,90.0,1.0,0.0,0.0
104296,NS3,0.0,90.0,1.0,0.0,0.0
104297,NS3,0.0,90.0,1.0,0.0,0.0
104391,NS3,0.0,90.0,1.0,0.0,0.0
104392,NS3,0.0,90.0,1.0,0.0,0.0
104486,NS3,0.0,90.0,1.0,0.0,0.0
104487,NS3,0.0,90.0,1.0,0.0,0.0
104488,NS3,0.0,90.0,1.0,0.0,0.0
104583,NS3,0.0,90.0,1.0,0.0,0.0
104678,NS3,0.0,90.0,1.0,0.0,0.0
104773,NS3,0.0,90.0,1.0,0.0,0.0
104868,NS3,0.0,90.0,1.0,0.0,0.0
104963,NS3,0.0,90.0,1.0,0.0,0.0
105058,NS3,0.0,90.0,1.0,0.0,0.0
105153,NS3,0.0,90.0,1.0,0.0,0.0
105248,NS3,0.0,90.0,1.0,0.0,0.0
105343,NS3,0.0,90.0,1.0,0.0,0.0
105438,NS3,0.0,90.0,1.0,0.0,0.0
105533,NS3,0.0,90.0,1.0,0.0,0.0
105628,NS3,0.0,90.0,1.0,0.0,0.0
105723,NS3,0.0,90.0,1.0,0.0,0.0
105818,NS3,0.0,90.0,1.0,0.0,0.0
105913,NS3,0.0,90.0,1.0,0.0,0.0
106008,NS3,0.0,90.0,1.0,0.0,0.0
106103,NS3,0.0,90.0,1.0,0.0,0.0
106198,NS3,0.0,90.0,1.0,0.0,0.0
106293,NS3,0.0,90.0,1.0,0.0,0.0
106388,NS3,0.0,90.0,1.0,0.0,0.0
106473,NS3,0.0,90.0,1.0,0.0,0.0
106474,NS3,0.0,90.0,1.0,0.0,0.0
106568,NS3,0.0,90.0,1.0,0.0,0.0
106569,NS3,0.0,90.0,1.0,0.0,0.0
106663,NS3,0.0,90.0,1.0,0.0,0.0
106664,NS3,0.0,90.0,1.0,0.0,0.0
106758,NS3,0.0,90.0,1.0,0.0,0.0
106759,NS3,0.0,90.0,1.0,0.0,0.0
106853,NS3,0.0,90.0,1.0,0.0,0.0
106854,NS3,0.0,90.0,1.0,0.0,0.0
106948,NS3,0.0,90.0,1.0,0.0,0.0
106949,NS3,0.0,90.0,1.0,0.0,0.0
107043,NS3,0.0,90.0,1.0,0.0,0.0
107044,NS3,0.0,90.0,1.0,0.0,0.0
107138,NS3,0.0,90.0,1.0,0.0,0.0
107139,NS3,0.0,90.0,1.0,0.0,0.0
107233,NS3,0.0,90.0,1.0,0.0,0.0
107234,NS3,0.0,90.0,1.0,0.0,0.0
107328,NS3,0.0,90.0,1.0,0.0,0.0
107329,NS3,0.0,90.0,1.0,0.0,0.0
107423,NS3,0.0,90.0,1.0,0.0,0.0
107424,NS3,0.0,90.0,1.0,0.0,0.0
107518,NS3,0.0,90.0,1.0,0.0,0.0
107519,NS3,0.0,90.0,1.0,0.0,0.0
107613,NS3,0.0,90.0,1.0,0.0,0.0
107614,NS3,0.0,90.0,1.0,0.0,0.0
107708,NS3,0.0,90.0,1.0,0.0,0.0
107709,NS3,0.0,90.0,1.0,0.0,0.0
107803,NS3,0.0,90.0,1.0,0.0,0.0
107804,NS3,0.0,90.0,1.0,0.0,0.0
107898,NS3,0.0,90.0,1.0,0.0,0.0
107899,NS3,0.0,90.0,1.0,0.0,0.0
107900,NS3,0.0,90.0,1.0,0.0,0.0
107901,NS3,0.0,90.0,1.0,0.0,0.0
107995,NS3,0.0,90.0,1.0,0.0,0.0
107996,NS3,0.0,90.0,1.0,0.0,0.0
108090,NS3,0.0,90.0,1.0,0.0,0.0
108091,NS3,0.0,90.0,1.0,0.0,0.0
108185,NS3,0.0,90.0,1.0,0.0,0.0
108186,NS3,0.0,90.0,1.0,0.0,0.0
108280,NS3,0.0,90.0,1.0,0.0,0.0
108281,NS3,0.0,90.0,1.0,0.0,0.0
108375,NS3,0.0,90.0,1.0,0.0,0.0
108376,NS3,0.0,90.0,1.0,0.0,0.0
108470,NS3,0.0,90.0,1.0,0.0,0.0
108471,NS3,0.0,90.0,1.0,0.0,0.0
108565,NS3,0.0,90.0,1.0,0.0,0.0
108566,NS3,0.0,90.0,1.0,0.0,0.0
108660,NS3,0.0,90.0,1.0,0.0,0.0
108661,NS3,0.0,90.0,1.0,0.0,0.0
108755,NS3,0.0,90.0,1.0,0.0,0.0
108756,NS3,0.0,90.0,1.0,0.0,0.0
108850,NS3,0.0,90.0,1.0,0.0,0.0
108851,NS3,0.0,90.0,1.0,0.0,0.0
108945,NS3,0.0,90.0,1.0,0.0,0.0
108946,NS3,0.0,90.0,1.0,0.0,0.0
108947,NS3,0.0,90.0,1.0,0.0,0.0
108948,NS3,0.0,90.0,1.0,0.0,0.0
109042,NS3,0.0,90.0,1.0,0.0,0.0
109043,NS3,0.0,90.0,1.0,0.0,0.0
109137,NS3,0.0,90.0,1.0,0.0,0.0
109138,NS3,0.0,90.0,1.0,0.0,0.0
109232,NS3,0.0,90.0,1.0,0.0,0.0
109233,NS3,0.0,90.0,1.0,0.0,0.0
109327,NS3,0.0,90.0,1.0,0.0,0.0
109328,NS3,0.0,90.0,1.0,0.0,0.0
109422,NS3,0.0,90.0,1.0,0.0,0.0
109423,NS3,0.0,90.0,1.0,0.0,0.0
109517,NS3,0.0,90.0,1.0,0.0,0.0
109518,NS3,0.0,90.0,1.0,0.0,0.0
109612,NS3,0.0,90.0,1.0,0.0,0.0
109613,NS3,0.0,90.0,1.0,0.0,0.0
109707,NS3,0.0,90.0,1.0,0.0,0.0
109708,NS3,0.0,90.0,1.0,0.0,0.0
109802,NS3,0.0,90.0,1.0,0.0,0.0
109803,NS3,0.0,90.0,1.0,0.0,0.0
109897,NS3,0.0,90.0,1.0,0.0,0.0
109898,NS3,0.0,90.0,1.0,0.0,0.0
109992,NS3,0.0,90.0,1.0,0.0,0.0
109993,NS3,0.0,90.0,1.0,0.0,0.0
109994,NS3,0.0,90.0,1.0,0.0,0.0
109995,NS3,0.0,90.0,1.0,0.0,0.0
110089,NS3,0.0,90.0,1.0,0.0,0.0
110090,NS3,0.0,90.0,1.0,0.0,0.0
110184,NS3,0.0,90.0,1.0,0.0,0.0
110185,NS3,0.0,90.0,1.0,0.0,0.0
110279,NS3,0.0,90.0,1.0,0.0,0.0
110280,NS3,0.0,90.0,1.0,0.0,0.0
110374,NS3,0.0,90.0,1.0,0.0,0.0
110375,NS3,0.0,90.0,1.0,0.0,0.0
110469,NS3,0.0,90.0,1.0,0.0,0.0
110470,NS3,0.0,90.0,1.0,0.0,0.0
110564,NS3,0.0,90.0,1.0,0.0,0.0
110565,NS3,0.0,90.0,1.0,0.0,0.0
110659,NS3,0.0,90.0,1.0,0.0,0.0
110660,NS3,0.0,90.0,1.0,0.0,0.0
110754,NS3,0.0,90.0,1.0,0.0,0.0
110755,NS3,0.0,90.0,1.0,0.0,0.0
110849,NS3,0.0,90.0,1.0,0.0,0.0
110850,NS3,0.0,90.0,1.0,0.0,0.0
110944,NS3,0.0,90.0,1.0,0.0,0.0
110945,NS3,0.0,90.0,1.0,0.0,0.0
111039,NS3,0.0,90.0,1.0,0.0,0.0
111040,NS3,0.0,90.0,1.0,0.0,0.0
111041,NS3,0.0,90.0,1.0,0.0,0.0
111042,NS3,0.0,90.0,1.0,0.0,0.0
111136,NS3,0.0,90.0,1.0,0.0,0.0
111137,NS3,0.0,90.0,1.0,0.0,0.0
111231,NS3,0.0,90.0,1.0,0.0,0.0
111232,NS3,0.0,90.0,1.0,0.0,0.0
111326,NS3,0.0,90.0,1.0,0.0,0.0
111327,NS3,0.0,90.0,1.0,0.0,0.0
111421,NS3,0.0,90.0,1.0,0.0,0.0
111422,NS3,0.0,90.0,1.0,0.0,0.0
111516,NS3,0.0,90.0,1.0,0.0,0.0
111517,NS3,0.0,90.0,1.0,0.0,0.0
111611,NS3,0.0,90.0,1.0,0.0,0.0
111612,NS3,0.0,90.0,1.0,0.0,0.0
111706,NS3,0.0,90.0,1.0,0.0,0.0
111707,NS3,0.0,90.0,1.0,0.0,0.0
111801,NS3,0.0,90.0,1.0,0.0,0.0
111802,NS3,0.0,90.0,1.0,0.0,0.0
111896,NS3,0.0,90.0,1.0,0.0,0.0
111897,NS3,0.0,90.0,1.0,0.0,0.0
111991,NS3,0.0,90.0,1.0,0.0,0.0
111992,NS3,0.0,90.0,1.0,0.0,0.0
112086,NS3,0.0,90.0,1.0,0.0,0.0
112087,NS3,0.0,90.0,1.0,0.0,0.0
112088,NS3,0.0,90.0,1.0,0.0,0.0
112183,NS3,0.0,90.0,1.0,0.0,0.0
112278,NS3,0.0,90.0,1.0,0.0,0.0
112373,NS3,0.0,90.0,1.0,0.0,0.0
112468,NS3,0.0,90.0,1.0,0.0,0.0
112563,NS3,0.0,90.0,1.0,0.0,0.0
112658,NS3,0.0,90.0,1.0,0.0,0.0
112753,NS3,0.0,90.0,1.0,0.0,0.0
112848,NS3,0.0,90.0,1.0,0.0,0.0
112943,NS3,0.0,90.0,1.0,0.0,0.0
113038,NS3,0.0,90.0,1.0,0.0,0.0
113133,NS3,0.0,90.0,1.0,0.0,0.0
113228,NS3,0.0,90.0,1.0,0.0,0.0
113323,NS3,0.0,90.0,1.0,0.0,0.0
113418,NS3,0.0,90.0,1.0,0.0,0.0
113513,NS3,0.0,90.0,1.0,0.0,0.0
113608,NS3,0.0,90.0,1.0,0.0,0.0
113703,NS3,0.0,90.0,1.0,0.0,0.0
113798,NS3,0.0,90.0,1.0,0.0,0.0
113893,NS3,0.0,90.0,1.0,0.0,0.0
113988,NS3,0.0,90.0,1.0,0.0,0.0
114073,NS3,0.0,90.0,1.0,0.0,0.0
114074,NS3,0.0,90.0,1.0,0.0,0.0
114168,NS3,0.0,90.0,1.0,0.0,0.0
114169,NS3,0.0,90.0,1.0,0.0,0.0
114263,NS3,0.0,90.0,1.0,0.0,0.0
114264,NS3,0.0,90.0,1.0,0.0,0.0
114358,NS3,0.0,90.0,1.0,0.0,0.0
114359,NS3,0.0,90.0,1.0,0.0,0.0
114453,NS3,0.0,90.0,1.0,0.0,0.0
114454,NS3,0.0,90.0,1.0,0.0,0.0
114548,NS3,0.0,90.0,1.0,0.0,0.0
114549,NS3,0.0,90.0,1.0,0.0,0.0
114643,NS3,0.0,90.0,1.0,0.0,0.0
114644,NS3,0.0,90.0,1.0,0.0,0.0
114738,NS3,0.0,90.0,1.0,0.0,0.0
114739,NS3,0.0,90.0,1.0,0.0,0.0
114833,NS3,0.0,90.0,1.0,0.0,0.0
114834,NS3,0.0,90.0,1.0,0.0,0.0
114928,NS3,0.0,90.0,1.0,0.0,0.0
114929,NS3,0.0,90.0,1.0,0.0,0.0
115023,NS3,0.0,90.0,1.0,0.0,0.0
115024,NS3,0.0,90.0,1.0,0.0,0.0
115118,NS3,0.0,90.0,1.0,0.0,0.0
115119,NS3,0.0,90.0,1.0,0.0,0.0
115213,NS3,0.0,90.0,1.0,0.0,0.0
115214,NS3,0.0,90.0,1.0,0.0,0.0
115308,NS3,0.0,90.0,1.0,0.0,0.0
115309,NS3,0.0,90.0,1.0,0.0,0.0
115403,NS3,0.0,90.0,1.0,0.0,0.0
115404,NS3,0.0,90.0,1.0,0.0,0.0
115498,NS3,0.0,90.0,1.0,0.0,0.0
115499,NS3,0.0,90.0,1.0,0.0,0.0
115500,NS3,0.0,90.0,1.0,0.0,0.0
115501,NS3,0.0,90.0,1.0,0.0,0.0
115595,NS3,0.0,90.0,1.0,0.0,0.0
115596,NS3,0.0,90.0,1.0,0.0,0.0
115690,NS3,0.0,90.0,1.0,0.0,0.0
115691,NS3,0.0,90.0,1.0,0.0,0.0
115785,NS3,0.0,90.0,1.0,0.0,0.0
115786,NS3,0.0,90.0,1.0,0.0,0.0
115880,NS3,0.0,90.0,1.0,0.0,0.0
115881,NS3,0.0,90.0,1.0,0.0,0.0
115975,NS3,0.0,90.0,1.0,0.0,0.0
115976,NS3,0.0,90.0,1.0,0.0,0.0
116070,NS3,0.0,90.0,1.0,0.0,0.0
116071,NS3,0.0,90.0,1.0,0.0,0.0
116165,NS3,0.0,90.0,1.0,0.0,0.0
116166,NS3,0.0,90.0,1.0,0.0,0.0
116260,NS3,0.0,90.0,1.0,0.0,0.0
116261,NS3,0.0,90.0,1.0,0.0,0.0
116355,NS3,0.0,90.0,1.0,0.0,0.0
116356,NS3,0.0,90.0,1.0,0.0,0.0
116450,NS3,0.0,90.0,1.0,0.0,0.0
116451,NS3,0.0,90.0,1.0,0.0,0.0
116545,NS3,0.0,90.0,1.0,0.0,0.0
116546,NS3,0.0,90.0,1.0,0.0,0.0
116547,NS3,0.0,90.0,1.0,0.0,0.0
116548,NS3,0.0,90.0,1.0,0.0,0.0
116642,NS3,0.0,90.0,1.0,0.0,0.0
116643,NS3,0.0,90.0,1.0,0.0,0.0
116737,NS3,0.0,90.0,1.0,0.0,0.0
116738,NS3,0.0,90.0,1.0,0.0,0.0
116832,NS3,0.0,90.0,1.0,0.0,0.0
116833,NS3,0.0,90.0,1.0,0.0,0.0
116927,NS3,0.0,90.0,1.0,0.0,0.0
116928,NS3,0.0,90.0,1.0,0.0,0.0
117022,NS3,0.0,90.0,1.0,0.0,0.0
117023,NS3,0.0,90.0,1.0,0.0,0.0
117117,NS3,0.0,90.0,1.0,0.0,0.0
117118,NS3,0.0,90.0,1.0,0.0,0.0
117212,NS3,0.0,90.0,1.0,0.0,0.0
117213,NS3,0.0,90.0,1.0,0.0,0.0
117307,NS3,0.0,90.0,1.0,0.0,0.0
117308,NS3,0.0,90.0,1.0,0.0,0.0
117402,NS3,0.0,90.0,1.0,0.0,0.0
117403,NS3,0.0,90.0,1.0,0.0,0.0
117497,NS3,0.0,90.0,1.0,0.0,0.0
117498,NS3,0.0,90.0,1.0,0.0,0.0
117592,NS3,0.0,90.0,1.0,0.0,0.0
117593,NS3,0.0,90.0,1.0,0.0,0.0
117594,NS3,0.0,90.0,1.0,0.0,0.0
117595,NS3,0.0,90.0,1.0,0.0,0.0
117689,NS3,0.0,90.0,1.0,0.0,0.0
117690,NS3,0.0,90.0,1.0,0.0,0.0
117784,NS3,0.0,90.0,1.0,0.0,0.0
117785,NS3,0.0,90.0,1.0,0.0,0.0
117879,NS3,0.0,90.0,1.0,0.0,0.0
117880,NS3,0.0,90.0,1.0,0.0,0.0
117974,NS3,0.0,90.0,1.0,0.0,0.0
117975,NS3,0.0,90.0,1.0,0.0,0.0
118069,NS3,0.0,90.0,1.0,0.0,0.0
118070,NS3,0.0,90.0,1.0,0.0,0.0
118164,NS3,0.0,90.0,1.0,0.0,0.0
118165,NS3,0.0,90.0,1.0,0.0,0.0
118259,NS3,0.0,90.0,1.0,0.0,0.0
118260,NS3,0.0,90.0,1.0,0.0,0.0
118354,NS3,0.0,90.0,1.0,0.0,0.0
118355,NS3,0.0,90.0,1.0,0.0,0.0
118449,NS3,0.0,90.0,1.0,0.0,0.0
118450,NS3,0.0,90.0,1.0,0.0,0.0
118544,NS3,0.0,90.0,1.0,0.0,0.0
118545,NS3,0.0,90.0,1.0,0.0,0.0
118639,NS3,0.0,90.0,1.0,0.0,0.0
118640,NS3,0.0,90.0,1.0,0.0,0.0
118641,NS3,0.0,90.0,1.0,0.0,0.0
118642,NS3,0.0,90.0,1.0,0.0,0.0
118736,NS3,0.0,90.0,1.0,0.0,0.0
118737,NS3,0.0,90.0,1.0,0.0,0.0
118831,NS3,0.0,90.0,1.0,0.0,0.0
118832,NS3,0.0,90.0,1.0,0.0,0.0
118926,NS3,0.0,90.0,1.0,0.0,0.0
118927,NS3,0.0,90.0,1.0,0.0,0.0
119021,NS3,0.0,90.0,1.0,0.0,0.0
119022,NS3,0.0,90.0,1.0,0.0,0.0
119116,NS3,0.0,90.0,1.0,0.0,0.0
119117,NS3,0.0,90.0,1.0,0.0,0.0
119211,NS3,0.0,90.0,1.0,0.0,0.0
119212,NS3,0.0,90.0,1.0,0.0,0.0
119306,NS3,0.0,90.0,1.0,0.0,0.0
119307,NS3,0.0,90.0,1.0,0.0,0.0
119401,NS3,0.0,90.0,1.0,0.0,0.0
119402,NS3,0.0,90.0,1.0,0.0,0.0
119496,NS3,0.0,90.0,1.0,0.0,0.0
119497,NS3,0.0,90.0,1.0,0.0,0.0
119591,NS3,0.0,90.0,1.0,0.0,0.0
119592,NS3,0.0,90.0,1.0,0.0,0.0
119686,NS3,0.0,90.0,1.0,0.0,0.0
119687,NS3,0.0,90.0,1.0,0.0,0.0
119688,NS3,0.0,90.0,1.0,0.0,0.0
119783,NS3,0.0,90.0,1.0,0.0,0.0
119878,NS3,0.0,90.0,1.0,0.0,0.0
119973,NS3,0.0,90.0,1.0,0.0,0.0
120068,NS3,0.0,90.0,1.0,0.0,0.0
120163,NS3,0.0,90.0,1.0,0.0,0.0
120258,NS3,0.0,90.0,1.0,0.0,0.0
120353,NS3,0.0,90.0,1.0,0.0,0.0
120448,NS3,0.0,90.0,1.0,0.0,0.0
120543,NS3,0.0,90.0,1.0,0.0,0.0
120638,NS3,0.0,90.0,1.0,0.0,0.0
120733,NS3,0.0,90.0,1.0,0.0,0.0
120828,NS3,0.0,90.0,1.0,0.0,0.0
120923,NS3,0.0,90.0,1.0,0.0,0.0
121018,NS3,0.0,90.0,1.0,0.0,0.0
121113,NS3,0.0,90.0,1.0,0.0,0.0
121208,NS3,0.0,90.0,1.0,0.0,0.0
121303,NS3,0.0,90.0,1.0,0.0,0.0
121398,NS3,0.0,90.0,1.0,0.0,0.0
121493,NS3,0.0,90.0,1.0,0.0,0.0
121588,NS3,0.0,90.0,1.0,0.0,0.0
121673,NS3,0.0,90.0,1.0,0.0,0.0
121674,NS3,0.0,90.0,1.0,0.0,0.0
121768,NS3,0.0,90.0,1.0,0.0,0.0
121769,NS3,0.0,90.0,1.0,0.0,0.0
121863,NS3,0.0,90.0,1.0,0.0,0.0
121864,NS3,0.0,90.0,1.0,0.0,0.0
121958,NS3,0.0,90.0,1.0,0.0,0.0
121959,NS3,0.0,90.0,1.0,0.0,0.0
122053,NS3,0.0,90.0,1.0,0.0,0.0
122054,NS3,0.0,90.0,1.0,0.0,0.0
122148,NS3,0.0,90.0,1.0,0.0,0.0
122149,NS3,0.0,90.0,1.0,0.0,0.0
122243,NS3,0.0,90.0,1.0,0.0,0.0
122244,NS3,0.0,90.0,1.0,0.0,0.0
122338,NS3,0.0,90.0,1.0,0.0,0.0
122339,NS3,0.0,90.0,1.0,0.0,0.0
122433,NS3,0.0,90.0,1.0,0.0,0.0
122434,NS3,0.0,90.0,1.0,0.0,0.0
122528,NS3,0.0,90.0,1.0,0.0,0.0
122529,NS3,0.0,90.0,1.0,0.0,0.0
122623,NS3,0.0,90.0,1.0,0.0,0.0
122624,NS3,0.0,90.0,1.0,0.0,0.0
122718,NS3,0.0,90.0,1.0,0.0,0.0
122719,NS3,0.0,90.0,1.0,0.0,0.0
122813,NS3,0.0,90.0,1.0,0.0,0.0
122814,NS3,0.0,90.0,1.0,0.0,0.0
122908,NS3,0.0,90.0,1.0,0.0,0.0
122909,NS3,0.0,90.0,1.0,0.0,0.0
123003,NS3,0.0,90.0,1.0,0.0,0.0
123004,NS3,0.0,90.0,1.0,0.0,0.0
123098,NS3,0.0,90.0,1.0,0.0,0.0
123099,NS3,0.0,90.0,1.0,0.0,0.0
123100,NS3,0.0,90.0,1.0,0.0,0.0
123101,NS3,0.0,90.0,1.0,0.0,0.0
123195,NS3,0.0,90.0,1.0,0.0,0.0
123196,NS3,0.0,90.0,1.0,0.0,0.0
123290,NS3,0.0,90.0,1.0,0.0,0.0
123291,NS3,0.0,90.0,1.0,0.0,0.0
123385,NS3,0.0,90.0,1.0,0.0,0.0
123386,NS3,0.0,90.0,1.0,0.0,0.0
123480,NS3,0.0,90.0,1.0,0.0,0.0
123481,NS3,0.0,90.0,1.0,0.0,0.0
123575,NS3,0.0,90.0,1.0,0.0,0.0
123576,NS3,0.0,90.0,1.0,0.0,0.0
123670,NS3,0.0,90.0,1.0,0.0,0.0
123671,NS3,0.0,90.0,1.0,0.0,0.0
123765,NS3,0.0,90.0,1.0,0.0,0.0
123766,NS3,0.0,90.0,1.0,0.0,0.0
123860,NS3,0.0,90.0,1.0,0.0,0.0
123861,NS3,0.0,90.0,1.0,0.0,0.0
123955,NS3,0.0,90.0,1.0,0.0,0.0
123956,NS3,0.0,90.0,1.0,0.0,0.0
124050,NS3,0.0,90.0,1.0,0.0,0.0
124051,NS3,0.0,90.0,1.0,0.0,0.0
124145,NS3,0.0,90.0,1.0,0.0,0.0
124146,NS3,0.0,90.0,1.0,0.0,0.0
124147,NS3,0.0,90.0,1.0,0.0,0.0
124148,NS3,0.0,90.0,1.0,0.0,0.0
124242,NS3,0.0,90.0,1.0,0.0,0.0
124243,NS3,0.0,90.0,1.0,0.0,0.0
124337,NS3,0.0,90.0,1.0,0.0,0.0
124338,NS3,0.0,90.0,1.0,0.0,0.0
124432,NS3,0.0,90.0,1.0,0.0,0.0
124433,NS3,0.0,90.0,1.0,0.0,0.0
124527,NS3,0.0,90.0,1.0,0.0,0.0
124528,NS3,0.0,90.0,1.0,0.0,0.0
124622,NS3,0.0,90.0,1.0,0.0,0.0
124623,NS3,0.0,90.0,1.0,0.0,0.0
124717,NS3,0.0,90.0,1.0,0.0,0.0
124718,NS3,0.0,90.0,1.0,0.0,0.0
124812,NS3,0.0,90.0,1.0,0.0,0.0
124813,NS3,0.0,90.0,1.0,0.0,0.0
124907,NS3,0.0,90.0,1.0,0.0,0.0
124908,NS3,0.0,90.0,1.0,0.0,0.0
125002,NS3,0.0,90.0,1.0,0.0,0.0
125003,NS3,0.0,90.0,1.0,0.0,0.0
125097,NS3,0.0,90.0,1.0,0.0,0.0
125098,NS3,0.0,90.0,1.0,0.0,0.0
125192,NS3,0.0,90.0,1.0,0.0,0.0
125193,NS3,0.0,90.0,1.0,0.0,0.0
125194,NS3,0.0,90.0,1.0,0.0,0.0
125195,NS3,0.0,90.0,1.0,0.0,0.0
125289,NS3,0.0,90.0,1.0,0.0,0.0
125290,NS3,0.0,90.0,1.0,0.0,0.0
125384,NS3,0.0,90.0,1.0,0.0,0.0
125385,NS3,0.0,90.0,1.0,0.0,0.0
125479,NS3,0.0,90.0,1.0,0.0,0.0
125480,NS3,0.0,90.0,1.0,0.0,0.0
125574,NS3,0.0,90.0,1.0,0.0,0.0
125575,NS3,0.0,90.0,1.0,0.0,0.0
125669,NS3,0.0,90.0,1.0,0.0,0.0
125670,NS3,0.0,90.0,1.0,0.0,0.0
125764,NS3,0.0,90.0,1.0,0.0,0.0
125765,NS3,0.0,90.0,1.0,0.0,0.0
125859,NS3,0.0,90.0,1.0,0.0,0.0
125860,NS3,0.0,90.0,1.0,0.0,0.0
125954,NS3,0.0,90.0,1.0,0.0,0.0
125955,NS3,0.0,90.0,1.0,0.0,0.0
126049,NS3,0.0,90.0,1.0,0.0,0.0
126050,NS3,0.0,90.0,1.0,0.0,0.0
126144,NS3,0.0,90.0,1.0,0.0,0.0
126145,NS3,0.0,90.0,1.0,0.0,0.0
126239,NS3,0.0,90.0,1.0,0.0,0.0
126240,NS3,0.0,90.0,1.0,0.0,0.0
126241,NS3,0.0,90.0,1.0,0.0,0.0
126242,NS3,0.0,90.0,1.0,0.0,0.0
126336,NS3,0.0,90.0,1.0,0.0,0.0
126337,NS3,0.0,90.0,1.0,0.0,0.0
126431,NS3,0.0,90.0,1.0,0.0,0.0
126432,NS3,0.0,90.0,1.0,0.0,0.0
126526,NS3,0.0,90.0,1.0,0.0,0.0
126527,NS3,0.0,90.0,1.0,0.0,0.0
126621,NS3,0.0,90.0,1.0,0.0,0.0
126622,NS3,0.0,90.0,1.0,0.0,0.0
126716,NS3,0.0,90.0,1.0,0.0,0.0
126717,NS3,0.0,90.0,1.0,0.0,0.0
126811,NS3,0.0,90.0,1.0,0.0,0.0
126812,NS3,0.0,90.0,1.0,0.0,0.0
126906,NS3,0.0,90.0,1.0,0.0,0.0
126907,NS3,0.0,90.0,1.0,0.0,0.0
127001,NS3,0.0,90.0,1.0,0.0,0.0
127002,NS3,0.0,90.0,1.0,0.0,0.0
127096,NS3,0.0,90.0,1.0,0.0,0.0
127097,NS3,0.0,90.0,1.0,0.0,0.0
127191,NS3,0.0,90.0,1.0,0.0,0.0
127192,NS3,0.0,90.0,1.0,0.0,0.0
127286,NS3,0.0,90.0,1.0,0.0,0.0
127287,NS3,0.0,90.0,1.0,0.0,0.0
127288,NS3,0.0,90.0,1.0,0.0,0.0
127383,NS3,0.0,90.0,1.0,0.0,0.0
127478,NS3,0.0,90.0,1.0,0.0,0.0
127573,NS3,0.0,90.0,1.0,0.0,0.0
127668,NS3,0.0,90.0,1.0,0.0,0.0
127763,NS3,0.0,90.0,1.0,0.0,0.0
127858,NS3,0.0,90.0,1.0,0.0,0.0
127953,NS3,0.0,90.0,1.0,0.0,0.0
128048,NS3,0.0,90.0,1.0,0.0,0.0
128143,NS3,0.0,90.0,1.0,0.0,0.0
128238,NS3,0.0,90.0,1.0,0.0,0.0
128333,NS3,0.0,90.0,1.0,0.0,0.0
128428,NS3,0.0,90.0,1.0,0.0,0.0
128523,NS3,0.0,90.0,1.0,0.0,0.0
128618,NS3,0.0,90.0,1.0,0.0,0.0
128713,NS3,0.0,90.0,1.0,0.0,0.0
128808,NS3,0.0,90.0,1.0,0.0,0.0
128903,NS3,0.0,90.0,1.0,0.0,0.0
128998,NS3,0.0,90.0,1.0,0.0,0.0
129093,NS3,0.0,90.0,1.0,0.0,0.0
129188,NS3,0.0,90.0,1.0,0.0,0.0
129273,NS3,0.0,90.0,1.0,0.0,0.0
129274,NS3,0.0,90.0,1.0,0.0,0.0
129368,NS3,0.0,90.0,1.0,0.0,0.0
129369,NS3,0.0,90.0,1.0,0.0,0.0
129463,NS3,0.0,90.0,1.0,0.0,0.0
129464,NS3,0.0,90.0,1.0,0.0,0.0
129558,NS3,0.0,90.0,1.0,0.0,0.0
129559,NS3,0.0,90.0,1.0,0.0,0.0
129653,NS3,0.0,90.0,1.0,0.0,0.0
129654,NS3,0.0,90.0,1.0,0.0,0.0
129748,NS3,0.0,90.0,1.0,0.0,0.0
129749,NS3,0.0,90.0,1.0,0.0,0.0
129843,NS3,0.0,90.0,1.0,0.0,0.0
129844,NS3,0.0,90.0,1.0,0.0,0.0
129938,NS3,0.0,90.0,1.0,0.0,0.0
129939,NS3,0.0,90.0,1.0,0.0,0.0
130033,NS3,0.0,90.0,1.0,0.0,0.0
130034,NS3,0.0,90.0,1.0,0.0,0.0
130128,NS3,0.0,90.0,1.0,0.0,0.0
130129,NS3,0.0,90.0,1.0,0.0,0.0
130223,NS3,0.0,90.0,1.0,0.0,0.0
130224,NS3,0.0,90.0,1.0,0.0,0.0
130318,NS3,0.0,90.0,1.0,0.0,0.0
130319,NS3,0.0,90.0,1.0,0.0,0.0
130413,NS3,0.0,90.0,1.0,0.0,0.0
130414,NS3,0.0,90.0,1.0,0.0,0.0
130508,NS3,0.0,90.0,1.0,0.0,0.0
130509,NS3,0.0,90.0,1.0,0.0,0.0
130603,NS3,0.0,90.0,1.0,0.0,0.0
130604,NS3,0.0,90.0,1.0,0.0,0.0
130698,NS3,0.0,90.0,1.0,0.0,0.0
130699,NS3,0.0,90.0,1.0,0.0,0.0
130700,NS3,0.0,90.0,1.0,0.0,0.0
130701,NS3,0.0,90.0,1.0,0.0,0.0
130795,NS3,0.0,90.0,1.0,0.0,0.0
130796,NS3,0.0,90.0,1.0,0.0,0.0
130890,NS3,0.0,90.0,1.0,0.0,0.0
130891,NS3,0.0,90.0,1.0,0.0,0.0
130985,NS3,0.0,90.0,1.0,0.0,0.0
130986,NS3,0.0,90.0,1.0,0.0,0.0
131080,NS3,0.0,90.0,1.0,0.0,0.0
131081,NS3,0.0,90.0,1.0,0.0,0.0
131175,NS3,0.0,90.0,1.0,0.0,0.0
131176,NS3,0.0,90.0,1.0,0.0,0.0
131270,NS3,0.0,90.0,1.0,0.0,0.0
131271,NS3,0.0,90.0,1.0,0.0,0.0
131365,NS3,0.0,90.0,1.0,0.0,0.0
131366,NS3,0.0,90.0,1.0,0.0,0.0
131460,NS3,0.0,90.0,1.0,0.0,0.0
131461,NS3,0.0,90.0,1.0,0.0,0.0
131555,NS3,0.0,90.0,1.0,0.0,0.0
131556,NS3,0.0,90.0,1.0,0.0,0.0
131650,NS3,0.0,90.0,1.0,0.0,0.0
131651,NS3,0.0,90.0,1.0,0.0,0.0
131745,NS3,0.0,90.0,1.0,0.0,0.0
131746,NS3,0.0,90.0,1.0,0.0,0.0
131747,NS3,0.0,90.0,1.0,0.0,0.0
131748,NS3,0.0,90.0,1.0,0.0,0.0
131842,NS3,0.0,90.0,1.0,0.0,0.0
131843,NS3,0.0,90.0,1.0,0.0,0.0
131937,NS3,0.0,90.0,1.0,0.0,0.0
131938,NS3,0.0,90.0,1.0,0.0,0.0
132032,NS3,0.0,90.0,1.0,0.0,0.0
132033,NS3,0.0,90.0,1.0,0.0,0.0
132127,NS3,0.0,90.0,1.0,0.0,0.0
132128,NS3,0.0,90.0,1.0,0.0,0.0
132222,NS3,0.0,90.0,1.0,0.0,0.0
132223,NS3,0.0,90.0,1.0,0.0,0.0
132317,NS3,0.0,90.0,1.0,0.0,0.0
132318,NS3,0.0,90.0,1.0,0.0,0.0
132412,NS3,0.0,90.0,1.0,0.0,0.0
132413,NS3,0.0,90.0,1.0,0.0,0.0
132507,NS3,0.0,90.0,1.0,0.0,0.0
132508,NS3,0.0,90.0,1.0,0.0,0.0
132602,NS3,0.0,90.0,1.0,0.0,0.0
132603,NS3,0.0,90.0,1.0,0.0,0.0
132697,NS3,0.0,90.0,1.0,0.0,0.0
132698,NS3,0.0,90.0,1.0,0.0,0.0
132792,NS3,0.0,90.0,1.0,0.0,0.0
132793,NS3,0.0,90.0,1.0,0.0,0.0
132794,NS3,0.0,90.0,1.0,0.0,0.0
132795,NS3,0.0,90.0,1.0,0.0,0.0
132889,NS3,0.0,90.0,1.0,0.0,0.0
132890,NS3,0.0,90.0,1.0,0.0,0.0
132984,NS3,0.0,90.0,1.0,0.0,0.0
132985,NS3,0.0,90.0,1.0,0.0,0.0
133079,NS3,0.0,90.0,1.0,0.0,0.0
133080,NS3,0.0,90.0,1.0,0.0,0.0
133174,NS3,0.0,90.0,1.0,0.0,0.0
133175,NS3,0.0,90.0,1.0,0.0,0.0
133269,NS3,0.0,90.0,1.0,0.0,0.0
133270,NS3,0.0,90.0,1.0,0.0,0.0
133364,NS3,0.0,90.0,1.0,0.0,0.0
133365,NS3,0.0,90.0,1.0,0.0,0.0
133459,NS3,0.0,90.0,1.0,0.0,0.0
133460,NS3,0.0,90.0,1.0,0.0,0.0
133554,NS3,0.0,90.0,1.0,0.0,0.0
133555,NS3,0.0,90.0,1.0,0.0,0.0
133649,NS3,0.0,90.0,1.0,0.0,0.0
133650,NS3,0.0,90.0,1.0,0.0,0.0
133744,NS3,0.0,90.0,1.0,0.0,0.0
133745,NS3,0.0,90.0,1.0,0.0,0.0
133839,NS3,0.0,90.0,1.0,0.0,0.0
133840,NS3,0.0,90.0,1.0,0.0,0.0
133841,NS3,0.0,90.0,1.0,0.0,0.0
133842,NS3,0.0,90.0,1.0,0.0,0.0
133936,NS3,0.0,90.0,1.0,0.0,0.0
133937,NS3,0.0,90.0,1.0,0.0,0.0
134031,NS3,0.0,90.0,1.0,0.0,0.0
134032,NS3,0.0,90.0,1.0,0.0,0.0
134126,NS3,0.0,90.0,1.0,0.0,0.0
134127,NS3,0.0,90.0,1.0,0.0,0.0
134221,NS3,0.0,90.0,1.0,0.0,0.0
134222,NS3,0.0,90.0,1.0,0.0,0.0
134316,NS3,0.0,90.0,1.0,0.0,0.0
134317,NS3,0.0,90.0,1.0,0.0,0.0
134411,NS3,0.0,90.0,1.0,0.0,0.0
134412,NS3,0.0,90.0,1.0,0.0,0.0
134506,NS3,0.0,90.0,1.0,0.0,0.0
134507,NS3,0.0,90.0,1.0,0.0,0.0
134601,NS3,0.0,90.0,1.0,0.0,0.0
134602,NS3,0.0,90.0,1.0,0.0,0.0
134696,NS3,0.0,90.0,1.0,0.0,0.0
134697,NS3,0.0,90.0,1.0,0.0,0.0
134791,NS3,0.0,90.0,1.0,0.0,0.0
134792,NS3,0.0,90.0,1.0,0.0,0.0
134886,NS3,0.0,90.0,1.0,0.0,0.0
134887,NS3,0.0,90.0,1.0,0.0,0.0
134888,NS3,0.0,90.0,1.0,0.0,0.0
134983,NS3,0.0,90.0,1.0,0.0,0.0
135078,NS3,0.0,90.0,1.0,0.0,0.0
135173,NS3,0.0,90.0,1.0,0.0,0.0
135268,NS3,0.0,90.0,1.0,0.0,0.0
135363,NS3,0.0,90.0,1.0,0.0,0.0
135458,NS3,0.0,90.0,1.0,0.0,0.0
135553,NS3,0.0,90.0,1.0,0.0,0.0
135648,NS3,0.0,90.0,1.0,0.0,0.0
135743,NS3,0.0,90.0,1.0,0.0,0.0
135838,NS3,0.0,90.0,1.0,0.0,0.0
135933,NS3,0.0,90.0,1.0,0.0,0.0
136028,NS3,0.0,90.0,1.0,0.0,0.0
136123,NS3,0.0,90.0,1.0,0.0,0.0
136218,NS3,0.0,90.0,1.0,0.0,0.0
136313,NS3,0.0,90.0,1.0,0.0,0.0
136408,NS3,0.0,90.0,1.0,0.0,0.0
136503,NS3,0.0,90.0,1.0,0.0,0.0
136598,NS3,0.0,90.0,1.0,0.0,0.0
136693,NS3,0.0,90.0,1.0,0.0,0.0
136788,NS3,0.0,90.0,1.0,0.0,0.0
136873,NS3,0.0,90.0,1.0,0.0,0.0
136874,NS3,0.0,90.0,1.0,0.0,0.0
136968,NS3,0.0,90.0,1.0,0.0,0.0
136969,NS3,0.0,90.0,1.0,0.0,0.0
137063,NS3,0.0,90.0,1.0,0.0,0.0
137064,NS3,0.0,90.0,1.0,0.0,0.0
137158,NS3,0.0,90.0,1.0,0.0,0.0
137159,NS3,0.0,90.0,1.0,0.0,0.0
137253,NS3,0.0,90.0,1.0,0.0,0.0
137254,NS3,0.0,90.0,1.0,0.0,0.0
137348,NS3,0.0,90.0,1.0,0.0,0.0
137349,NS3,0.0,90.0,1.0,0.0,0.0
137443,NS3,0.0,90.0,1.0,0.0,0.0
137444,NS3,0.0,90.0,1.0,0.0,0.0
137538,NS3,0.0,90.0,1.0,0.0,0.0
137539,NS3,0.0,90.0,1.0,0.0,0.0
137633,NS3,0.0,90.0,1.0,0.0,0.0
137634,NS3,0.0,90.0,1.0,0.0,0.0
137728,NS3,0.0,90.0,1.0,0.0,0.0
137729,NS3,0.0,90.0,1.0,0.0,0.0
137823,NS3,0.0,90.0,1.0,0.0,0.0
137824,NS3,0.0,90.0,1.0,0.0,0.0
137918,NS3,0.0,90.0,1.0,0.0,0.0
137919,NS3,0.0,90.0,1.0,0.0,0.0
138013,NS3,0.0,90.0,1.0,0.0,0.0
138014,NS3,0.0,90.0,1.0,0.0,0.0
138108,NS3,0.0,90.0,1.0,0.0,0.0
138109,NS3,0.0,90.0,1.0,0.0,0.0
138203,NS3,0.0,90.0,1.0,0.0,0.0
138204,NS3,0.0,90.0,1.0,0.0,0.0
138298,NS3,0.0,90.0,1.0,0.0,0.0
138299,NS3,0.0,90.0,1.0,0.0,0.0
138300,NS3,0.0,90.0,1.0,0.0,0.0
138301,NS3,0.0,90.0,1.0,0.0,0.0
138395,NS3,0.0,90.0,1.0,0.0,0.0
138396,NS3,0.0,90.0,1.0,0.0,0.0
138490,NS3,0.0,90.0,1.0,0.0,0.0
138491,NS3,0.0,90.0,1.0,0.0,0.0
138585,NS3,0.0,90.0,1.0,0.0,0.0
138586,NS3,0.0,90.0,1.0,0.0,0.0
138680,NS3,0.0,90.0,1.0,0.0,0.0
138681,NS3,0.0,90.0,1.0,0.0,0.0
138775,NS3,0.0,90.0,1.0,0.0,0.0
138776,NS3,0.0,90.0,1.0,0.0,0.0
138870,NS3,0.0,90.0,1.0,0.0,0.0
138871,NS3,0.0,90.0,1.0,0.0,0.0
138965,NS3,0.0,90.0,1.0,0.0,0.0
138966,NS3,0.0,90.0,1.0,0.0,0.0
139060,NS3,0.0,90.0,1.0,0.0,0.0
139061,NS3,0.0,90.0,1.0,0.0,0.0
139155,NS3,0.0,90.0,1.0,0.0,0.0
139156,NS3,0.0,90.0,1.0,0.0,0.0
139250,NS3,0.0,90.0,1.0,0.0,0.0
139251,NS3,0.0,90.0,1.0,0.0,0.0
139345,NS3,0.0,90.0,1.0,0.0,0.0
139346,NS3,0.0,90.0,1.0,0.0,0.0
139347,NS3,0.0,90.0,1.0,0.0,0.0
139348,NS3,0.0,90.0,1.0,0.0,0.0
139442,NS3,0.0,90.0,1.0,0.0,0.0
139443,NS3,0.0,90.0,1.0,0.0,0.0
139537,NS3,0.0,90.0,1.0,0.0,0.0
139538,NS3,0.0,90.0,1.0,0.0,0.0
139632,NS3,0.0,90.0,1.0,0.0,0.0
139633,NS3,0.0,90.0,1.0,0.0,0.0
139727,NS3,0.0,90.0,1.0,0.0,0.0
139728,NS3,0.0,90.0,1.0,0.0,0.0
139822,NS3,0.0,90.0,1.0,0.0,0.0
139823,NS3,0.0,90.0,1.0,0.0,0.0
139917,NS3,0.0,90.0,1.0,0.0,0.0
139918,NS3,0.0,90.0,1.0,0.0,0.0
140012,NS3,0.0,90.0,1.0,0.0,0.0
140013,NS3,0.0,90.0,1.0,0.0,0.0
140107,NS3,0.0,90.0,1.0,0.0,0.0
140108,NS3,0.0,90.0,1.0,0.0,0.0
140202,NS3,0.0,90.0,1.0,0.0,0.0
140203,NS3,0.0,90.0,1.0,0.0,0.0
140297,NS3,0.0,90.0,1.0,0.0,0.0
140298,NS3,0.0,90.0,1.0,0.0,0.0
140392,NS3,0.0,90.0,1.0,0.0,0.0
140393,NS3,0.0,90.0,1.0,0.0,0.0
140394,NS3,0.0,90.0,1.0,0.0,0.0
140395,NS3,0.0,90.0,1.0,0.0,0.0
140489,NS3,0.0,90.0,1.0,0.0,0.0
140490,NS3,0.0,90.0,1.0,0.0,0.0
140584,NS3,0.0,90.0,1.0,0.0,0.0
140585,NS3,0.0,90.0,1.0,0.0,0.0
140679,NS3,0.0,90.0,1.0,0.0,0.0
140680,NS3,0.0,90.0,1.0,0.0,0.0
140774,NS3,0.0,90.0,1.0,0.0,0.0
140775,NS3,0.0,90.0,1.0,0.0,0.0
140869,NS3,0.0,90.0,1.0,0.0,0.0
140870,NS3,0.0,90.0,1.0,0.0,0.0
140964,NS3,0.0,90.0,1.0,0.0,0.0
140965,NS3,0.0,90.0,1.0,0.0,0.0
141059,NS3,0.0,90.0,1.0,0.0,0.0
141060,NS3,0.0,90.0,1.0,0.0,0.0
141154,NS3,0.0,90.0,1.0,0.0,0.0
141155,NS3,0.0,90.0,1.0,0.0,0.0
141249,NS3,0.0,90.0,1.0,0.0,0.0
141250,NS3,0.0,90.0,1.0,0.0,0.0
141344,NS3,0.0,90.0,1.0,0.0,0.0
141345,NS3,0.0,90.0,1.0,0.0,0.0
141439,NS3,0.0,90.0,1.0,0.0,0.0
141440,NS3,0.0,90.0,1.0,0.0,0.0
141441,NS3,0.0,90.0,1.0,0.0,0.0
141442,NS3,0.0,90.0,1.0,0.0,0.0
141536,NS3,0.0,90.0,1.0,0.0,0.0
141537,NS3,0.0,90.0,1.0,0.0,0.0
141631,NS3,0.0,90.0,1.0,0.0,0.0
141632,NS3,0.0,90.0,1.0,0.0,0.0
141726,NS3,0.0,90.0,1.0,0.0,0.0
141727,NS3,0.0,90.0,1.0,0.0,0.0
141821,NS3,0.0,90.0,1.0,0.0,0.0
141822,NS3,0.0,90.0,1.0,0.0,0.0
141916,NS3,0.0,90.0,1.0,0.0,0.0
141917,NS3,0.0,90.0,1.0,0.0,0.0
142011,NS3,0.0,90.0,1.0,0.0,0.0
142012,NS3,0.0,90.0,1.0,0.0,0.0
142106,NS3,0.0,90.0,1.0,0.0,0.0
142107,NS3,0.0,90.0,1.0,0.0,0.0
142201,NS3,0.0,90.0,1.0,0.0,0.0
142202,NS3,0.0,90.0,1.0,0.0,0.0
142296,NS3,0.0,90.0,1.0,0.0,0.0
142297,NS3,0.0,90.0,1.0,0.0,0.0
142391,NS3,0.0,90.0,1.0,0.0,0.0
142392,NS3,0.0,90.0,1.0,0.0,0.0
142486,NS3,0.0,90.0,1.0,0.0,0.0
142487,NS3,0.0,90.0,1.0,0.0,0.0
142488,NS3,0.0,90.0,1.0,0.0,0.0
142583,NS3,0.0,90.0,1.0,0.0,0.0
142678,NS3,0.0,90.0,1.0,0.0,0.0
142773,NS3,0.0,90.0,1.0,0.0,0.0
142868,NS3,0.0,90.0,1.0,0.0,0.0
142963,NS3,0.0,90.0,1.0,0.0,0.0
143058,NS3,0.0,90.0,1.0,0.0,0.0
143153,NS3,0.0,90.0,1.0,0.0,0.0
143248,NS3,0.0,90.0,1.0,0.0,0.0
143343,NS3,0.0,90.0,1.0,0.0,0.0
143438,NS3,0.0,90.0,1.0,0.0,0.0
143533,NS3,0.0,90.0,1.0,0.0,0.0
143628,NS3,0.0,90.0,1.0,0.0,0.0
143723,NS3,0.0,90.0,1.0,0.0,0.0
143818,NS3,0.0,90.0,1.0,0.0,0.0
143913,NS3,0.0,90.0,1.0,0.0,0.0
144008,NS3,0.0,90.0,1.0,0.0,0.0
144103,NS3,0.0,90.0,1.0,0.0,0.0
144198,NS3,0.0,90.0,1.0,0.0,0.0
144293,NS3,0.0,90.0,1.0,0.0,0.0
144388,NS3,0.0,90.0,1.0,0.0,0.0
144473,NS3,0.0,90.0,1.0,0.0,0.0
144474,NS3,0.0,90.0,1.0,0.0,0.0
144568,NS3,0.0,90.0,1.0,0.0,0.0
144569,NS3,0.0,90.0,1.0,0.0,0.0
144663,NS3,0.0,90.0,1.0,0.0,0.0
144664,NS3,0.0,90.0,1.0,0.0,0.0
144758,NS3,0.0,90.0,1.0,0.0,0.0
144759,NS3,0.0,90.0,1.0,0.0,0.0
144853,NS3,0.0,90.0,1.0,0.0,0.0
144854,NS3,0.0,90.0,1.0,0.0,0.0
144948,NS3,0.0,90.0,1.0,0.0,0.0
144949,NS3,0.0,90.0,1.0,0.0,0.0
145043,NS3,0.0,90.0,1.0,0.0,0.0
145044,NS3,0.0,90.0,1.0,0.0,0.0
145138,NS3,0.0,90.0,1.0,0.0,0.0
145139,NS3,0.0,90.0,1.0,0.0,0.0
145233,NS3,0.0,90.0,1.0,0.0,0.0
145234,NS3,0.0,90.0,1.0,0.0,0.0
145328,NS3,0.0,90.0,1.0,0.0,0.0
145329,NS3,0.0,90.0,1.0,0.0,0.0
145423,NS3,0.0,90.0,1.0,0.0,0.0
145424,NS3,0.0,90.0,1.0,0.0,0.0
145518,NS3,0.0,90.0,1.0,0.0,0.0
145519,NS3,0.0,90.0,1.0,0.0,0.0
145613,NS3,0.0,90.0,1.0,0.0,0.0
145614,NS3,0.0,90.0,1.0,0.0,0.0
145708,NS3,0.0,90.0,1.0,0.0,0.0
145709,NS3,0.0,90.0,1.0,0.0,0.0
145803,NS3,0.0,90.0,1.0,0.0,0.0
145804,NS3,0.0,90.0,1.0,0.0,0.0
145898,NS3,0.0,90.0,1.0,0.0,0.0
145899,NS3,0.0,90.0,1.0,0.0,0.0
145900,NS3,0.0,90.0,1.0,0.0,0.0
145901,NS3,0.0,90.0,1.0,0.0,0.0
145995,NS3,0.0,90.0,1.0,0.0,0.0
145996,NS3,0.0,90.0,1.0,0.0,0.0
146090,NS3,0.0,90.0,1.0,0.0,0.0
146091,NS3,0.0,90.0,1.0,0.0,0.0
146185,NS3,0.0,90.0,1.0,0.0,0.0
146186,NS3,0.0,90.0,1.0,0.0,0.0
146280,NS3,0.0,90.0,1.0,0.0,0.0
146281,NS3,0.0,90.0,1.0,0.0,0.0
146375,NS3,0.0,90.0,1.0,0.0,0.0
146376,NS3,0.0,90.0,1.0,0.0,0.0
146470,NS3,0.0,90.0,1.0,0.0,0.0
146471,NS3,0.0,90.0,1.0,0.0,0.0
146565,NS3,0.0,90.0,1.0,0.0,0.0
146566,NS3,0.0,90.0,1.0,0.0,0.0
146660,NS3,0.0,90.0,1.0,0.0,0.0
146661,NS3,0.0,90.0,1.0,0.0,0.0
146755,NS3,0.0,90.0,1.0,0.0,0.0
146756,NS3,0.0,90.0,1.0,0.0,0.0
146850,NS3,0.0,90.0,1.0,0.0,0.0
146851,NS3,0.0,90.0,1.0,0.0,0.0
146945,NS3,0.0,90.0,1.0,0.0,0.0
146946,NS3,0.0,90.0,1.0,0.0,0.0
146947,NS3,0.0,90.0,1.0,0.0,0.0
146948,NS3,0.0,90.0,1.0,0.0,0.0
147042,NS3,0.0,90.0,1.0,0.0,0.0
147043,NS3,0.0,90.0,1.0,0.0,0.0
147137,NS3,0.0,90.0,1.0,0.0,0.0
147138,NS3,0.0,90.0,1.0,0.0,0.0
147232,NS3,0.0,90.0,1.0,0.0,0.0
147233,NS3,0.0,90.0,1.0,0.0,0.0
147327,NS3,0.0,90.0,1.0,0.0,0.0
147328,NS3,0.0,90.0,1.0,0.0,0.0
147422,NS3,0.0,90.0,1.0,0.0,0.0
147423,NS3,0.0,90.0,1.0,0.0,0.0
147517,NS3,0.0,90.0,1.0,0.0,0.0
147518,NS3,0.0,90.0,1.0,0.0,0.0
147612,NS3,0.0,90.0,1.0,0.0,0.0
147613,NS3,0.0,90.0,1.0,0.0,0.0
147707,NS3,0.0,90.0,1.0,0.0,0.0
147708,NS3,0.0,90.0,1.0,0.0,0.0
147802,NS3,0.0,90.0,1.0,0.0,0.0
147803,NS3,0.0,90.0,1.0,0.0,0.0
147897,NS3,0.0,90.0,1.0,0.0,0.0
147898,NS3,0.0,90.0,1.0,0.0,0.0
147992,NS3,0.0,90.0,1.0,0.0,0.0
147993,NS3,0.0,90.0,1.0,0.0,0.0
147994,NS3,0.0,90.0,1.0,0.0,0.0
147995,NS3,0.0,90.0,1.0,0.0,0.0
148089,NS3,0.0,90.0,1.0,0.0,0.0
148090,NS3,0.0,90.0,1.0,0.0,0.0
148184,NS3,0.0,90.0,1.0,0.0,0.0
148185,NS3,0.0,90.0,1.0,0.0,0.0
148279,NS3,0.0,90.0,1.0,0.0,0.0
148280,NS3,0.0,90.0,1.0,0.0,0.0
148374,NS3,0.0,90.0,1.0,0.0,0.0
148375,NS3,0.0,90.0,1.0,0.0,0.0
148469,NS3,0.0,90.0,1.0,0.0,0.0
148470,NS3,0.0,90.0,1.0,0.0,0.0
148564,NS3,0.0,90.0,1.0,0.0,0.0
148565,NS3,0.0,90.0,1.0,0.0,0.0
148659,NS3,0.0,90.0,1.0,0.0,0.0
148660,NS3,0.0,90.0,1.0,0.0,0.0
148754,NS3,0.0,90.0,1.0,0.0,0.0
148755,NS3,0.0,90.0,1.0,0.0,0.0
148849,NS3,0.0,90.0,1.0,0.0,0.0
148850,NS3,0.0,90.0,1.0,0.0,0.0
148944,NS3,0.0,90.0,1.0,0.0,0.0
148945,NS3,0.0,90.0,1.0,0.0,0.0
149039,NS3,0.0,90.0,1.0,0.0,0.0
149040,NS3,0.0,90.0,1.0,0.0,0.0
149041,NS3,0.0,90.0,1.0,0.0,0.0
149042,NS3,0.0,90.0,1.0,0.0,0.0
149136,NS3,0.0,90.0,1.0,0.0,0.0
149137,NS3,0.0,90.0,1.0,0.0,0.0
149231,NS3,0.0,90.0,1.0,0.0,0.0
149232,NS3,0.0,90.0,1.0,0.0,0.0
149326,NS3,0.0,90.0,1.0,0.0,0.0
149327,NS3,0.0,90.0,1.0,0.0,0.0
149421,NS3,0.0,90.0,1.0,0.0,0.0
149422,NS3,0.0,90.0,1.0,0.0,0.0
149516,NS3,0.0,90.0,1.0,0.0,0.0
149517,NS3,0.0,90.0,1.0,0.0,0.0
149611,NS3,0.0,90.0,1.0,0.0,0.0
149612,NS3,0.0,90.0,1.0,0.0,0.0
149706,NS3,0.0,90.0,1.0,0.0,0.0
149707,NS3,0.0,90.0,1.0,0.0,0.0
149801,NS3,0.0,90.0,1.0,0.0,0.0
149802,NS3,0.0,90.0,1.0,0.0,0.0
149896,NS3,0.0,90.0,1.0,0.0,0.0
149897,NS3,0.0,90.0,1.0,0.0,0.0
149991,NS3,0.0,90.0,1.0,0.0,0.0
149992,NS3,0.0,90.0,1.0,0.0,0.0
150086,NS3,0.0,90.0,1.0,0.0,0.0
150087,NS3,0.0,90.0,1.0,0.0,0.0
150088,NS3,0.0,90.0,1.0,0.0,0.0
150183,NS3,0.0,90.0,1.0,0.0,0.0
150278,NS3,0.0,90.0,1.0,0.0,0.0
150373,NS3,0.0,90.0,1.0,0.0,0.0
150468,NS3,0.0,90.0,1.0,0.0,0.0
150563,NS3,0.0,90.0,1.0,0.0,0.0
150658,NS3,0.0,90.0,1.0,0.0,0.0
150753,NS3,0.0,90.0,1.0,0.0,0.0
150848,NS3,0.0,90.0,1.0,0.0,0.0
150943,NS3,0.0,90.0,1.0,0.0,0.0
151038,NS3,0.0,90.0,1.0,0.0,0.0
151133,NS3,0.0,90.0,1.0,0.0,0.0
151228,NS3,0.0,90.0,1.0,0.0,0.0
151323,NS3,0.0,90.0,1.0,0.0,0.0
151418,NS3,0.0,90.0,1.0,0.0,0.0
151513,NS3,0.0,90.0,1.0,0.0,0.0
151608,NS3,0.0,90.0,1.0,0.0,0.0
151703,NS3,0.0,90.0,1.0,0.0,0.0
151798,NS3,0.0,90.0,1.0,0.0,0.0
151893,NS3,0.0,90.0,1.0,0.0,0.0
151988,NS3,0.0,90.0,1.0,0.0,0.0
152073,NS3,0.0,90.0,1.0,0.0,0.0
152074,NS3,0.0,90.0,1.0,0.0,0.0
152168,NS3,0.0,90.0,1.0,0.0,0.0
152169,NS3,0.0,90.0,1.0,0.0,0.0
152263,NS3,0.0,90.0,1.0,0.0,0.0
152264,NS3,0.0,90.0,1.0,0.0,0.0
152358,NS3,0.0,90.0,1.0,0.0,0.0
152359,NS3,0.0,90.0,1.0,0.0,0.0
152453,NS3,0.0,90.0,1.0,0.0,0.0
152454,NS3,0.0,90.0,1.0,0.0,0.0
152548,NS3,0.0,90.0,1.0,0.0,0.0
152549,NS3,0.0,90.0,1.0,0.0,0.0
152643,NS3,0.0,90.0,1.0,0.0,0.0
152644,NS3,0.0,90.0,1.0,0.0,0.0
152738,NS3,0.0,90.0,1.0,0.0,0.0
152739,NS3,0.0,90.0,1.0,0.0,0.0
152833,NS3,0.0,90.0,1.0,0.0,0.0
152834,NS3,0.0,90.0,1.0,0.0,0.0
152928,NS3,0.0,90.0,1.0,0.0,0.0
152929,NS3,0.0,90.0,1.0,0.0,0.0
153023,NS3,0.0,90.0,1.0,0.0,0.0
153024,NS3,0.0,90.0,1.0,0.0,0.0
153118,NS3,0.0,90.0,1.0,0.0,0.0
153119,NS3,0.0,90.0,1.0,0.0,0.0
153213,NS3,0.0,90.0,1.0,0.0,0.0
153214,NS3,0.0,90.0,1.0,0.0,0.0
153308,NS3,0.0,90.0,1.0,0.0,0.0
153309,NS3,0.0,90.0,1.0,0.0,0.0
153403,NS3,0.0,90.0,1.0,0.0,0.0
153404,NS3,0.0,90.0,1.0,0.0,0.0
153498,NS3,0.0,90.0,1.0,0.0,0.0
153499,NS3,0.0,90.0,1.0,0.0,0.0
153500,NS3,0.0,90.0,1.0,0.0,0.0
153501,NS3,0.0,90.0,1.0,0.0,0.0
153595,NS3,0.0,90.0,1.0,0.0,0.0
153596,NS3,0.0,90.0,1.0,0.0,0.0
153690,NS3,0.0,90.0,1.0,0.0,0.0
153691,NS3,0.0,90.0,1.0,0.0,0.0
153785,NS3,0.0,90.0,1.0,0.0,0.0
153786,NS3,0.0,90.0,1.0,0.0,0.0
153880,NS3,0.0,90.0,1.0,0.0,0.0
153881,NS3,0.0,90.0,1.0,0.0,0.0
153975,NS3,0.0,90.0,1.0,0.0,0.0
153976,NS3,0.0,90.0,1.0,0.0,0.0
154070,NS3,0.0,90.0,1.0,0.0,0.0
154071,NS3,0.0,90.0,1.0,0.0,0.0
154165,NS3,0.0,90.0,1.0,0.0,0.0
154166,NS3,0.0,90.0,1.0,0.0,0.0
154260,NS3,0.0,90.0,1.0,0.0,0.0
154261,NS3,0.0,90.0,1.0,0.0,0.0
154355,NS3,0.0,90.0,1.0,0.0,0.0
154356,NS3,0.0,90.0,1.0,0.0,0.0
154450,NS3,0.0,90.0,1.0,0.0,0.0
154451,NS3,0.0,90.0,1.0,0.0,0.0
154545,NS3,0.0,90.0,1.0,0.0,0.0
154546,NS3,0.0,90.0,1.0,0.0,0.0
154547,NS3,0.0,90.0,1.0,0.0,0.0
154548,NS3,0.0,90.0,1.0,0.0,0.0
154642,NS3,0.0,90.0,1.0,0.0,0.0
154643,NS3,0.0,90.0,1.0,0.0,0.0
154737,NS3,0.0,90.0,1.0,0.0,0.0
154738,NS3,0.0,90.0,1.0,0.0,0.0
154832,NS3,0.0,90.0,1.0,0.0,0.0
154833,NS3,0.0,90.0,1.0,0.0,0.0
154927,NS3,0.0,90.0,1.0,0.0,0.0
154928,NS3,0.0,90.0,1.0,0.0,0.0
155022,NS3,0.0,90.0,1.0,0.0,0.0
155023,NS3,0.0,90.0,1.0,0.0,0.0
155117,NS3,0.0,90.0,1.0,0.0,0.0
155118,NS3,0.0,90.0,1.0,0.0,0.0
155212,NS3,0.0,90.0,1.0,0.0,0.0
155213,NS3,0.0,90.0,1.0,0.0,0.0
155307,NS3,0.0,90.0,1.0,0.0,0.0
155308,NS3,0.0,90.0,1.0,0.0,0.0
155402,NS3,0.0,90.0,1.0,0.0,0.0
155403,NS3,0.0,90.0,1.0,0.0,0.0
155497,NS3,0.0,90.0,1.0,0.0,0.0
155498,NS3,0.0,90.0,1.0,0.0,0.0
155592,NS3,0.0,90.0,1.0,0.0,0.0
155593,NS3,0.0,90.0,1.0,0.0,0.0
155594,NS3,0.0,90.0,1.0,0.0,0.0
155595,NS3,0.0,90.0,1.0,0.0,0.0
155689,NS3,0.0,90.0,1.0,0.0,0.0
155690,NS3,0.0,90.0,1.0,0.0,0.0
155784,NS3,0.0,90.0,1.0,0.0,0.0
155785,NS3,0.0,90.0,1.0,0.0,0.0
155879,NS3,0.0,90.0,1.0,0.0,0.0
155880,NS3,0.0,90.0,1.0,0.0,0.0
155974,NS3,0.0,90.0,1.0,0.0,0.0
155975,NS3,0.0,90.0,1.0,0.0,0.0
156069,NS3,0.0,90.0,1.0,0.0,0.0
156070,NS3,0.0,90.0,1.0,0.0,0.0
156164,NS3,0.0,90.0,1.0,0.0,0.0
156165,NS3,0.0,90.0,1.0,0.0,0.0
156259,NS3,0.0,90.0,1.0,0.0,0.0
156260,NS3,0.0,90.0,1.0,0.0,0.0
156354,NS3,0.0,90.0,1.0,0.0,0.0
156355,NS3,0.0,90.0,1.0,0.0,0.0
156449,NS3,0.0,90.0,1.0,0.0,0.0
156450,NS3,0.0,90.0,1.0,0.0,0.0
156544,NS3,0.0,90.0,1.0,0.0,0.0
156545,NS3,0.0,90.0,1.0,0.0,0.0
156639,NS3,0.0,90.0,1.0,0.0,0.0
156640,NS3,0.0,90.0,1.0,0.0,0.0
156641,NS3,0.0,90.0,1.0,0.0,0.0
156642,NS3,0.0,90.0,1.0,0.0,0.0
156736,NS3,0.0,90.0,1.0,0.0,0.0
156737,NS3,0.0,90.0,1.0,0.0,0.0
156831,NS3,0.0,90.0,1.0,0.0,0.0
156832,NS3,0.0,90.0,1.0,0.0,0.0
156926,NS3,0.0,90.0,1.0,0.0,0.0
156927,NS3,0.0,90.0,1.0,0.0,0.0
157021,NS3,0.0,90.0,1.0,0.0,0.0
157022,NS3,0.0,90.0,1.0,0.0,0.0
157116,NS3,0.0,90.0,1.0,0.0,0.0
157117,NS3,0.0,90.0,1.0,0.0,0.0
157211,NS3,0.0,90.0,1.0,0.0,0.0
157212,NS3,0.0,90.0,1.0,0.0,0.0
157306,NS3,0.0,90.0,1.0,0.0,0.0
157307,NS3,0.0,90.0,1.0,0.0,0.0
157401,NS3,0.0,90.0,1.0,0.0,0.0
157402,NS3,0.0,90.0,1.0,0.0,0.0
157496,NS3,0.0,90.0,1.0,0.0,0.0
157497,NS3,0.0,90.0,1.0,0.0,0.0
157591,NS3,0.0,90.0,1.0,0.0,0.0
157592,NS3,0.0,90.0,1.0,0.0,0.0
157686,NS3,0.0,90.0,1.0,0.0,0.0
157687,NS3,0.0,90.0,1.0,0.0,0.0
157688,NS3,0.0,90.0,1.0,0.0,0.0
157783,NS3,0.0,90.0,1.0,0.0,0.0
157878,NS3,0.0,90.0,1.0,0.0,0.0
157973,NS3,0.0,90.0,1.0,0.0,0.0
158068,NS3,0.0,90.0,1.0,0.0,0.0
158163,NS3,0.0,90.0,1.0,0.0,0.0
158258,NS3,0.0,90.0,1.0,0.0,0.0
158353,NS3,0.0,90.0,1.0,0.0,0.0
158448,NS3,0.0,90.0,1.0,0.0,0.0
158543,NS3,0.0,90.0,1.0,0.0,0.0
158638,NS3,0.0,90.0,1.0,0.0,0.0
158733,NS3,0.0,90.0,1.0,0.0,0.0
158828,NS3,0.0,90.0,1.0,0.0,0.0
158923,NS3,0.0,90.0,1.0,0.0,0.0
159018,NS3,0.0,90.0,1.0,0.0,0.0
159113,NS3,0.0,90.0,1.0,0.0,0.0
159208,NS3,0.0,90.0,1.0,0.0,0.0
159303,NS3,0.0,90.0,1.0,0.0,0.0
159398,NS3,0.0,90.0,1.0,0.0,0.0
159493,NS3,0.0,90.0,1.0,0.0,0.0
159588,NS3,0.0,90.0,1.0,0.0,0.0
159673,NS3,0.0,90.0,1.0,0.0,0.0
159674,NS3,0.0,90.0,1.0,0.0,0.0
159768,NS3,0.0,90.0,1.0,0.0,0.0
159769,NS3,0.0,90.0,1.0,0.0,0.0
159863,NS3,0.0,90.0,1.0,0.0,0.0
159864,NS3,0.0,90.0,1.0,0.0,0.0
159958,NS3,0.0,90.0,1.0,0.0,0.0
159959,NS3,0.0,90.0,1.0,0.0,0.0
160053,NS3,0.0,90.0,1.0,0.0,0.0
160054,NS3,0.0,90.0,1.0,0.0,0.0
160148,NS3,0.0,90.0,1.0,0.0,0.0
160149,NS3,0.0,90.0,1.0,0.0,0.0
160243,NS3,0.0,90.0,1.0,0.0,0.0
160244,NS3,0.0,90.0,1.0,0.0,0.0
160338,NS3,0.0,90.0,1.0,0.0,0.0
160339,NS3,0.0,90.0,1.0,0.0,0.0
160433,NS3,0.0,90.0,1.0,0.0,0.0
160434,NS3,0.0,90.0,1.0,0.0,0.0
160528,NS3,0.0,90.0,1.0,0.0,0.0
160529,NS3,0.0,90.0,1.0,0.0,0.0
160623,NS3,0.0,90.0,1.0,0.0,0.0
160624,NS3,0.0,90.0,1.0,0.0,0.0
160718,NS3,0.0,90.0,1.0,0.0,0.0
160719,NS3,0.0,90.0,1.0,0.0,0.0
160813,NS3,0.0,90.0,1.0,0.0,0.0
160814,NS3,0.0,90.0,1.0,0.0,0.0
160908,NS3,0.0,90.0,1.0,0.0,0.0
160909,NS3,0.0,90.0,1.0,0.0,0.0
161003,NS3,0.0,90.0,1.0,0.0,0.0
161004,NS3,0.0,90.0,1.0,0.0,0.0
161098,NS3,0.0,90.0,1.0,0.0,0.0
161099,NS3,0.0,90.0,1.0,0.0,0.0
161100,NS3,0.0,90.0,1.0,0.0,0.0
161101,NS3,0.0,90.0,1.0,0.0,0.0
161195,NS3,0.0,90.0,1.0,0.0,0.0
161196,NS3,0.0,90.0,1.0,0.0,0.0
161290,NS3,0.0,90.0,1.0,0.0,0.0
161291,NS3,0.0,90.0,1.0,0.0,0.0
161385,NS3,0.0,90.0,1.0,0.0,0.0
161386,NS3,0.0,90.0,1.0,0.0,0.0
161480,NS3,0.0,90.0,1.0,0.0,0.0
161481,NS3,0.0,90.0,1.0,0.0,0.0
161575,NS3,0.0,90.0,1.0,0.0,0.0
161576,NS3,0.0,90.0,1.0,0.0,0.0
161670,NS3,0.0,90.0,1.0,0.0,0.0
161671,NS3,0.0,90.0,1.0,0.0,0.0
161765,NS3,0.0,90.0,1.0,0.0,0.0
161766,NS3,0.0,90.0,1.0,0.0,0.0
161860,NS3,0.0,90.0,1.0,0.0,0.0
161861,NS3,0.0,90.0,1.0,0.0,0.0
161955,NS3,0.0,90.0,1.0,0.0,0.0
161956,NS3,0.0,90.0,1.0,0.0,0.0
162050,NS3,0.0,90.0,1.0,0.0,0.0
162051,NS3,0.0,90.0,1.0,0.0,0.0
162145,NS3,0.0,90.0,1.0,0.0,0.0
162146,NS3,0.0,90.0,1.0,0.0,0.0
162147,NS3,0.0,90.0,1.0,0.0,0.0
162148,NS3,0.0,90.0,1.0,0.0,0.0
162242,NS3,0.0,90.0,1.0,0.0,0.0
162243,NS3,0.0,90.0,1.0,0.0,0.0
162337,NS3,0.0,90.0,1.0,0.0,0.0
162338,NS3,0.0,90.0,1.0,0.0,0.0
162432,NS3,0.0,90.0,1.0,0.0,0.0
162433,NS3,0.0,90.0,1.0,0.0,0.0
162527,NS3,0.0,90.0,1.0,0.0,0.0
162528,NS3,0.0,90.0,1.0,0.0,0.0
162622,NS3,0.0,90.0,1.0,0.0,0.0
162623,NS3,0.0,90.0,1.0,0.0,0.0
162717,NS3,0.0,90.0,1.0,0.0,0.0
162718,NS3,0.0,90.0,1.0,0.0,0.0
162812,NS3,0.0,90.0,1.0,0.0,0.0
162813,NS3,0.0,90.0,1.0,0.0,0.0
162907,NS3,0.0,90.0,1.0,0.0,0.0
162908,NS3,0.0,90.0,1.0,0.0,0.0
163002,NS3,0.0,90.0,1.0,0.0,0.0
163003,NS3,0.0,90.0,1.0,0.0,0.0
163097,NS3,0.0,90.0,1.0,0.0,0.0
163098,NS3,0.0,90.0,1.0,0.0,0.0
163192,NS3,0.0,90.0,1.0,0.0,0.0
163193,NS3,0.0,90.0,1.0,0.0,0.0
163194,NS3,0.0,90.0,1.0,0.0,0.0
163195,NS3,0.0,90.0,1.0,0.0,0.0
163289,NS3,0.0,90.0,1.0,0.0,0.0
163290,NS3,0.0,90.0,1.0,0.0,0.0
163384,NS3,0.0,90.0,1.0,0.0,0.0
163385,NS3,0.0,90.0,1.0,0.0,0.0
163479,NS3,0.0,90.0,1.0,0.0,0.0
163480,NS3,0.0,90.0,1.0,0.0,0.0
163574,NS3,0.0,90.0,1.0,0.0,0.0
163575,NS3,0.0,90.0,1.0,0.0,0.0
163669,NS3,0.0,90.0,1.0,0.0,0.0
163670,NS3,0.0,90.0,1.0,0.0,0.0
163764,NS3,0.0,90.0,1.0,0.0,0.0
163765,NS3,0.0,90.0,1.0,0.0,0.0
163859,NS3,0.0,90.0,1.0,0.0,0.0
163860,NS3,0.0,90.0,1.0,0.0,0.0
163954,NS3,0.0,90.0,1.0,0.0,0.0
163955,NS3,0.0,90.0,1.0,0.0,0.0
164049,NS3,0.0,90.0,1.0,0.0,0.0
164050,NS3,0.0,90.0,1.0,0.0,0.0
164144,NS3,0.0,90.0,1.0,0.0,0.0
164145,NS3,0.0,90.0,1.0,0.0,0.0
164239,NS3,0.0,90.0,1.0,0.0,0.0
164240,NS3,0.0,90.0,1.0,0.0,0.0
164241,NS3,0.0,90.0,1.0,0.0,0.0
164242,NS3,0.0,90.0,1.0,0.0,0.0
164336,NS3,0.0,90.0,1.0,0.0,0.0
164337,NS3,0.0,90.0,1.0,0.0,0.0
164431,NS3,0.0,90.0,1.0,0.0,0.0
164432,NS3,0.0,90.0,1.0,0.0,0.0
164526,NS3,0.0,90.0,1.0,0.0,0.0
164527,NS3,0.0,90.0,1.0,0.0,0.0
164621,NS3,0.0,90.0,1.0,0.0,0.0
164622,NS3,0.0,90.0,1.0,0.0,0.0
164716,NS3,0.0,90.0,1.0,0.0,0.0
164717,NS3,0.0,90.0,1.0,0.0,0.0
164811,NS3,0.0,90.0,1.0,0.0,0.0
164812,NS3,0.0,90.0,1.0,0.0,0.0
164906,NS3,0.0,90.0,1.0,0.0,0.0
164907,NS3,0.0,90.0,1.0,0.0,0.0
165001,NS3,0.0,90.0,1.0,0.0,0.0
165002,NS3,0.0,90.0,1.0,0.0,0.0
165096,NS3,0.0,90.0,1.0,0.0,0.0
165097,NS3,0.0,90.0,1.0,0.0,0.0
165191,NS3,0.0,90.0,1.0,0.0,0.0
165192,NS3,0.0,90.0,1.0,0.0,0.0
165286,NS3,0.0,90.0,1.0,0.0,0.0
165287,NS3,0.0,90.0,1.0,0.0,0.0
165288,NS3,0.0,90.0,1.0,0.0,0.0
165383,NS3,0.0,90.0,1.0,0.0,0.0
165478,NS3,0.0,90.0,1.0,0.0,0.0
165573,NS3,0.0,90.0,1.0,0.0,0.0
165668,NS3,0.0,90.0,1.0,0.0,0.0
165763,NS3,0.0,90.0,1.0,0.0,0.0
165858,NS3,0.0,90.0,1.0,0.0,0.0
165953,NS3,0.0,90.0,1.0,0.0,0.0
166048,NS3,0.0,90.0,1.0,0.0,0.0
166143,NS3,0.0,90.0,1.0,0.0,0.0
166238,NS3,0.0,90.0,1.0,0.0,0.0
166333,NS3,0.0,90.0,1.0,0.0,0.0
166428,NS3,0.0,90.0,1.0,0.0,0.0
166523,NS3,0.0,90.0,1.0,0.0,0.0
166618,NS3,0.0,90.0,1.0,0.0,0.0
166713,NS3,0.0,90.0,1.0,0.0,0.0
166808,NS3,0.0,90.0,1.0,0.0,0.0
166903,NS3,0.0,90.0,1.0,0.0,0.0
166998,NS3,0.0,90.0,1.0,0.0,0.0
167093,NS3,0.0,90.0,1.0,0.0,0.0
167188,NS3,0.0,90.0,1.0,0.0,0.0
167273,NS3,0.0,90.0,1.0,0.0,0.0
167274,NS3,0.0,90.0,1.0,0.0,0.0
167368,NS3,0.0,90.0,1.0,0.0,0.0
167369,NS3,0.0,90.0,1.0,0.0,0.0
167463,NS3,0.0,90.0,1.0,0.0,0.0
167464,NS3,0.0,90.0,1.0,0.0,0.0
167558,NS3,0.0,90.0,1.0,0.0,0.0
167559,NS3,0.0,90.0,1.0,0.0,0.0
167653,NS3,0.0,90.0,1.0,0.0,0.0
167654,NS3,0.0,90.0,1.0,0.0,0.0
167748,NS3,0.0,90.0,1.0,0.0,0.0
167749,NS3,0.0,90.0,1.0,0.0,0.0
167843,NS3,0.0,90.0,1.0,0.0,0.0
167844,NS3,0.0,90.0,1.0,0.0,0.0
167938,NS3,0.0,90.0,1.0,0.0,0.0
167939,NS3,0.0,90.0,1.0,0.0,0.0
168033,NS3,0.0,90.0,1.0,0.0,0.0
168034,NS3,0.0,90.0,1.0,0.0,0.0
168128,NS3,0.0,90.0,1.0,0.0,0.0
168129,NS3,0.0,90.0,1.0,0.0,0.0
168223,NS3,0.0,90.0,1.0,0.0,0.0
168224,NS3,0.0,90.0,1.0,0.0,0.0
168318,NS3,0.0,90.0,1.0,0.0,0.0
168319,NS3,0.0,90.0,1.0,0.0,0.0
168413,NS3,0.0,90.0,1.0,0.0,0.0
168414,NS3,0.0,90.0,1.0,0.0,0.0
168508,NS3,0.0,90.0,1.0,0.0,0.0
168509,NS3,0.0,90.0,1.0,0.0,0.0
168603,NS3,0.0,90.0,1.0,0.0,0.0
168604,NS3,0.0,90.0,1.0,0.0,0.0
168698,NS3,0.0,90.0,1.0,0.0,0.0
168699,NS3,0.0,90.0,1.0,0.0,0.0
168700,NS3,0.0,90.0,1.0,0.0,0.0
168701,NS3,0.0,90.0,1.0,0.0,0.0
168795,NS3,0.0,90.0,1.0,0.0,0.0
168796,NS3,0.0,90.0,1.0,0.0,0.0
168890,NS3,0.0,90.0,1.0,0.0,0.0
168891,NS3,0.0,90.0,1.0,0.0,0.0
168985,NS3,0.0,90.0,1.0,0.0,0.0
168986,NS3,0.0,90.0,1.0,0.0,0.0
169080,NS3,0.0,90.0,1.0,0.0,0.0
169081,NS3,0.0,90.0,1.0,0.0,0.0
169175,NS3,0.0,90.0,1.0,0.0,0.0
169176,NS3,0.0,90.0,1.0,0.0,0.0
169270,NS3,0.0,90.0,1.0,0.0,0.0
169271,NS3,0.0,90.0,1.0,0.0,0.0
169365,NS3,0.0,90.0,1.0,0.0,0.0
169366,NS3,0.0,90.0,1.0,0.0,0.0
169460,NS3,0.0,90.0,1.0,0.0,0.0
169461,NS3,0.0,90.0,1.0,0.0,0.0
169555,NS3,0.0,90.0,1.0,0.0,0.0
169556,NS3,0.0,90.0,1.0,0.0,0.0
169650,NS3,0.0,90.0,1.0,0.0,0.0
169651,NS3,0.0,90.0,1.0,0.0,0.0
169745,NS3,0.0,90.0,1.0,0.0,0.0
169746,NS3,0.0,90.0,1.0,0.0,0.0
169747,NS3,0.0,90.0,1.0,0.0,0.0
169748,NS3,0.0,90.0,1.0,0.0,0.0
169842,NS3,0.0,90.0,1.0,0.0,0.0
169843,NS3,0.0,90.0,1.0,0.0,0.0
169937,NS3,0.0,90.0,1.0,0.0,0.0
169938,NS3,0.0,90.0,1.0,0.0,0.0
170032,NS3,0.0,90.0,1.0,0.0,0.0
170033,NS3,0.0,90.0,1.0,0.0,0.0
170127,NS3,0.0,90.0,1.0,0.0,0.0
170128,NS3,0.0,90.0,1.0,0.0,0.0
170222,NS3,0.0,90.0,1.0,0.0,0.0
170223,NS3,0.0,90.0,1.0,0.0,0.0
170317,NS3,0.0,90.0,1.0,0.0,0.0
170318,NS3,0.0,90.0,1.0,0.0,0.0
170412,NS3,0.0,90.0,1.0,0.0,0.0
170413,NS3,0.0,90.0,1.0,0.0,0.0
170507,NS3,0.0,90.0,1.0,0.0,0.0
170508,NS3,0.0,90.0,1.0,0.0,0.0
170602,NS3,0.0,90.0,1.0,0.0,0.0
170603,NS3,0.0,90.0,1.0,0.0,0.0
170697,NS3,0.0,90.0,1.0,0.0,0.0
170698,NS3,0.0,90.0,1.0,0.0,0.0
170792,NS3,0.0,90.0,1.0,0.0,0.0
170793,NS3,0.0,90.0,1.0,0.0,0.0
170794,NS3,0.0,90.0,1.0,0.0,0.0
170795,NS3,0.0,90.0,1.0,0.0,0.0
170889,NS3,0.0,90.0,1.0,0.0,0.0
170890,NS3,0.0,90.0,1.0,0.0,0.0
170984,NS3,0.0,90.0,1.0,0.0,0.0
170985,NS3,0.0,90.0,1.0,0.0,0.0
171079,NS3,0.0,90.0,1.0,0.0,0.0
171080,NS3,0.0,90.0,1.0,0.0,0.0
171174,NS3,0.0,90.0,1.0,0.0,0.0
171175,NS3,0.0,90.0,1.0,0.0,0.0
171269,NS3,0.0,90.0,1.0,0.0,0.0
171270,NS3,0.0,90.0,1.0,0.0,0.0
171364,NS3,0.0,90.0,1.0,0.0,0.0
171365,NS3,0.0,90.0,1.0,0.0,0.0
171459,NS3,0.0,90.0,1.0,0.0,0.0
171460,NS3,0.0,90.0,1.0,0.0,0.0
171554,NS3,0.0,90.0,1.0,0.0,0.0
171555,NS3,0.0,90.0,1.0,0.0,0.0
171649,NS3,0.0,90.0,1.0,0.0,0.0
171650,NS3,0.0,90.0,1.0,0.0,0.0
171744,NS3,0.0,90.0,1.0,0.0,0.0
171745,NS3,0.0,90.0,1.0,0.0,0.0
171839,NS3,0.0,90.0,1.0,0.0,0.0
171840,NS3,0.0,90.0,1.0,0.0,0.0
171841,NS3,0.0,90.0,1.0,0.0,0.0
171842,NS3,0.0,90.0,1.0,0.0,0.0
171936,NS3,0.0,90.0,1.0,0.0,0.0
171937,NS3,0.0,90.0,1.0,0.0,0.0
172031,NS3,0.0,90.0,1.0,0.0,0.0
172032,NS3,0.0,90.0,1.0,0.0,0.0
172126,NS3,0.0,90.0,1.0,0.0,0.0
172127,NS3,0.0,90.0,1.0,0.0,0.0
172221,NS3,0.0,90.0,1.0,0.0,0.0
172222,NS3,0.0,90.0,1.0,0.0,0.0
172316,NS3,0.0,90.0,1.0,0.0,0.0
172317,NS3,0.0,90.0,1.0,0.0,0.0
172411,NS3,0.0,90.0,1.0,0.0,0.0
172412,NS3,0.0,90.0,1.0,0.0,0.0
172506,NS3,0.0,90.0,1.0,0.0,0.0
172507,NS3,0.0,90.0,1.0,0.0,0.0
172601,NS3,0.0,90.0,1.0,0.0,0.0
172602,NS3,0.0,90.0,1.0,0.0,0.0
172696,NS3,0.0,90.0,1.0,0.0,0.0
172697,NS3,0.0,90.0,1.0,0.0,0.0
172791,NS3,0.0,90.0,1.0,0.0,0.0
172792,NS3,0.0,90.0,1.0,0.0,0.0
172886,NS3,0.0,90.0,1.0,0.0,0.0
172887,NS3,0.0,90.0,1.0,0.0,0.0
172888,NS3,0.0,90.0,1.0,0.0,0.0
172983,NS3,0.0,90.0,1.0,0.0,0.0
173078,NS3,0.0,90.0,1.0,0.0,0.0
173173,NS3,0.0,90.0,1.0,0.0,0.0
173268,NS3,0.0,90.0,1.0,0.0,0.0
173363,NS3,0.0,90.0,1.0,0.0,0.0
173458,NS3,0.0,90.0,1.0,0.0,0.0
173553,NS3,0.0,90.0,1.0,0.0,0.0
173648,NS3,0.0,90.0,1.0,0.0,0.0
173743,NS3,0.0,90.0,1.0,0.0,0.0
173838,NS3,0.0,90.0,1.0,0.0,0.0
173933,NS3,0.0,90.0,1.0,0.0,0.0
174028,NS3,0.0,90.0,1.0,0.0,0.0
174123,NS3,0.0,90.0,1.0,0.0,0.0
174218,NS3,0.0,90.0,1.0,0.0,0.0
174313,NS3,0.0,90.0,1.0,0.0,0.0
174408,NS3,0.0,90.0,1.0,0.0,0.0
174503,NS3,0.0,90.0,1.0,0.0,0.0
174598,NS3,0.0,90.0,1.0,0.0,0.0
174693,NS3,0.0,90.0,1.0,0.0,0.0
174788,NS3,0.0,90.0,1.0,0.0,0.0
174873,NS3,0.0,90.0,1.0,0.0,0.0
174874,NS3,0.0,90.0,1.0,0.0,0.0
174968,NS3,0.0,90.0,1.0,0.0,0.0
174969,NS3,0.0,90.0,1.0,0.0,0.0
175063,NS3,0.0,90.0,1.0,0.0,0.0
175064,NS3,0.0,90.0,1.0,0.0,0.0
175158,NS3,0.0,90.0,1.0,0.0,0.0
175159,NS3,0.0,90.0,1.0,0.0,0.0
175253,NS3,0.0,90.0,1.0,0.0,0.0
175254,NS3,0.0,90.0,1.0,0.0,0.0
175348,NS3,0.0,90.0,1.0,0.0,0.0
175349,NS3,0.0,90.0,1.0,0.0,0.0
175443,NS3,0.0,90.0,1.0,0.0,0.0
175444,NS3,0.0,90.0,1.0,0.0,0.0
175538,NS3,0.0,90.0,1.0,0.0,0.0
175539,NS3,0.0,90.0,1.0,0.0,0.0
175633,NS3,0.0,90.0,1.0,0.0,0.0
175634,NS3,0.0,90.0,1.0,0.0,0.0
175728,NS3,0.0,90.0,1.0,0.0,0.0
175729,NS3,0.0,90.0,1.0,0.0,0.0
175823,NS3,0.0,90.0,1.0,0.0,0.0
175824,NS3,0.0,90.0,1.0,0.0,0.0
175918,NS3,0.0,90.0,1.0,0.0,0.0
175919,NS3,0.0,90.0,1.0,0.0,0.0
176013,NS3,0.0,90.0,1.0,0.0,0.0
176014,NS3,0.0,90.0,1.0,0.0,0.0
176108,NS3,0.0,90.0,1.0,0.0,0.0
176109,NS3,0.0,90.0,1.0,0.0,0.0
176203,NS3,0.0,90.0,1.0,0.0,0.0
176204,NS3,0.0,90.0,1.0,0.0,0.0
176298,NS3,0.0,90.0,1.0,0.0,0.0
176299,NS3,0.0,90.0,1.0,0.0,0.0
176300,NS3,0.0,90.0,1.0,0.0,0.0
176301,NS3,0.0,90.0,1.0,0.0,0.0
176395,NS3,0.0,90.0,1.0,0.0,0.0
176396,NS3,0.0,90.0,1.0,0.0,0.0
176490,NS3,0.0,90.0,1.0,0.0,0.0
176491,NS3,0.0,90.0,1.0,0.0,0.0
176585,NS3,0.0,90.0,1.0,0.0,0.0
176586,NS3,0.0,90.0,1.0,0.0,0.0
176680,NS3,0.0,90.0,1.0,0.0,0.0
176681,NS3,0.0,90.0,1.0,0.0,0.0
176775,NS3,0.0,90.0,1.0,0.0,0.0
176776,NS3,0.0,90.0,1.0,0.0,0.0
176870,NS3,0.0,90.0,1.0,0.0,0.0
176871,NS3,0.0,90.0,1.0,0.0,0.0
176965,NS3,0.0,90.0,1.0,0.0,0.0
176966,NS3,0.0,90.0,1.0,0.0,0.0
177060,NS3,0.0,90.0,1.0,0.0,0.0
177061,NS3,0.0,90.0,1.0,0.0,0.0
177155,NS3,0.0,90.0,1.0,0.0,0.0
177156,NS3,0.0,90.0,1.0,0.0,0.0
177250,NS3,0.0,90.0,1.0,0.0,0.0
177251,NS3,0.0,90.0,1.0,0.0,0.0
177345,NS3,0.0,90.0,1.0,0.0,0.0
177346,NS3,0.0,90.0,1.0,0.0,0.0
177347,NS3,0.0,90.0,1.0,0.0,0.0
177348,NS3,0.0,90.0,1.0,0.0,0.0
177442,NS3,0.0,90.0,1.0,0.0,0.0
177443,NS3,0.0,90.0,1.0,0.0,0.0
177537,NS3,0.0,90.0,1.0,0.0,0.0
177538,NS3,0.0,90.0,1.0,0.0,0.0
177632,NS3,0.0,90.0,1.0,0.0,0.0
177633,NS3,0.0,90.0,1.0,0.0,0.0
177727,NS3,0.0,90.0,1.0,0.0,0.0
177728,NS3,0.0,90.0,1.0,0.0,0.0
177822,NS3,0.0,90.0,1.0,0.0,0.0
177823,NS3,0.0,90.0,1.0,0.0,0.0
177917,NS3,0.0,90.0,1.0,0.0,0.0
177918,NS3,0.0,90.0,1.0,0.0,0.0
178012,NS3,0.0,90.0,1.0,0.0,0.0
178013,NS3,0.0,90.0,1.0,0.0,0.0
178107,NS3,0.0,90.0,1.0,0.0,0.0
178108,NS3,0.0,90.0,1.0,0.0,0.0
178202,NS3,0.0,90.0,1.0,0.0,0.0
178203,NS3,0.0,90.0,1.0,0.0,0.0
178297,NS3,0.0,90.0,1.0,0.0,0.0
178298,NS3,0.0,90.0,1.0,0.0,0.0
178392,NS3,0.0,90.0,1.0,0.0,0.0
178393,NS3,0.0,90.0,1.0,0.0,0.0
178394,NS3,0.0,90.0,1.0,0.0,0.0
178395,NS3,0.0,90.0,1.0,0.0,0.0
178489,NS3,0.0,90.0,1.0,0.0,0.0
178490,NS3,0.0,90.0,1.0,0.0,0.0
178584,NS3,0.0,90.0,1.0,0.0,0.0
178585,NS3,0.0,90.0,1.0,0.0,0.0
178679,NS3,0.0,90.0,1.0,0.0,0.0
178680,NS3,0.0,90.0,1.0,0.0,0.0
178774,NS3,0.0,90.0,1.0,0.0,0.0
178775,NS3,0.0,90.0,1.0,0.0,0.0
178869,NS3,0.0,90.0,1.0,0.0,0.0
178870,NS3,0.0,90.0,1.0,0.0,0.0
178964,NS3,0.0,90.0,1.0,0.0,0.0
178965,NS3,0.0,90.0,1.0,0.0,0.0
179059,NS3,0.0,90.0,1.0,0.0,0.0
179060,NS3,0.0,90.0,1.0,0.0,0.0
179154,NS3,0.0,90.0,1.0,0.0,0.0
179155,NS3,0.0,90.0,1.0,0.0,0.0
179249,NS3,0.0,90.0,1.0,0.0,0.0
179250,NS3,0.0,90.0,1.0,0.0,0.0
179344,NS3,0.0,90.0,1.0,0.0,0.0
179345,NS3,0.0,90.0,1.0,0.0,0.0
179439,NS3,0.0,90.0,1.0,0.0,0.0
179440,NS3,0.0,90.0,1.0,0.0,0.0
179441,NS3,0.0,90.0,1.0,0.0,0.0
179442,NS3,0.0,90.0,1.0,0.0,0.0
179536,NS3,0.0,90.0,1.0,0.0,0.0
179537,NS3,0.0,90.0,1.0,0.0,0.0
179631,NS3,0.0,90.0,1.0,0.0,0.0
179632,NS3,0.0,90.0,1.0,0.0,0.0
179726,NS3,0.0,90.0,1.0,0.0,0.0
179727,NS3,0.0,90.0,1.0,0.0,0.0
179821,NS3,0.0,90.0,1.0,0.0,0.0
179822,NS3,0.0,90.0,1.0,0.0,0.0
179916,NS3,0.0,90.0,1.0,0.0,0.0
179917,NS3,0.0,90.0,1.0,0.0,0.0
180011,NS3,0.0,90.0,1.0,0.0,0.0
180012,NS3,0.0,90.0,1.0,0.0,0.0
180106,NS3,0.0,90.0,1.0,0.0,0.0
180107,NS3,0.0,90.0,1.0,0.0,0.0
180201,NS3,0.0,90.0,1.0,0.0,0.0
180202,NS3,0.0,90.0,1.0,0.0,0.0
180296,NS3,0.0,90.0,1.0,0.0,0.0
180297,NS3,0.0,90.0,1.0,0.0,0.0
180391,NS3,0.0,90.0,1.0,0.0,0.0
180392,NS3,0.0,90.0,1.0,0.0,0.0
180486,NS3,0.0,90.0,1.0,0.0,0.0
180487,NS3,0.0,90.0,1.0,0.0,0.0
180488,NS3,0.0,90.0,1.0,0.0,0.0
180583,NS3,0.0,90.0,1.0,0.0,0.0
180678,NS3,0.0,90.0,1.0,0.0,0.0
180773,NS3,0.0,90.0,1.0,0.0,0.0
180868,NS3,0.0,90.0,1.0,0.0,0.0
180963,NS3,0.0,90.0,1.0,0.0,0.0
181058,NS3,0.0,90.0,1.0,0.0,0.0
181153,NS3,0.0,90.0,1.0,0.0,0.0
181248,NS3,0.0,90.0,1.0,0.0,0.0
181343,NS3,0.0,90.0,1.0,0.0,0.0
181438,NS3,0.0,90.0,1.0,0.0,0.0
181533,NS3,0.0,90.0,1.0,0.0,0.0
181628,NS3,0.0,90.0,1.0,0.0,0.0
181723,NS3,0.0,90.0,1.0,0.0,0.0
181818,NS3,0.0,90.0,1.0,0.0,0.0
181913,NS3,0.0,90.0,1.0,0.0,0.0
182008,NS3,0.0,90.0,1.0,0.0,0.0
182103,NS3,0.0,90.0,1.0,0.0,0.0
182198,NS3,0.0,90.0,1.0,0.0,0.0
182293,NS3,0.0,90.0,1.0,0.0,0.0
182388,NS3,0.0,90.0,1.0,0.0,0.0
182473,NS3,0.0,90.0,1.0,0.0,0.0
182474,NS3,0.0,90.0,1.0,0.0,0.0
182568,NS3,0.0,90.0,1.0,0.0,0.0
182569,NS3,0.0,90.0,1.0,0.0,0.0
182663,NS3,0.0,90.0,1.0,0.0,0.0
182664,NS3,0.0,90.0,1.0,0.0,0.0
182758,NS3,0.0,90.0,1.0,0.0,0.0
182759,NS3,0.0,90.0,1.0,0.0,0.0
182853,NS3,0.0,90.0,1.0,0.0,0.0
182854,NS3,0.0,90.0,1.0,0.0,0.0
182948,NS3,0.0,90.0,1.0,0.0,0.0
182949,NS3,0.0,90.0,1.0,0.0,0.0
183043,NS3,0.0,90.0,1.0,0.0,0.0
183044,NS3,0.0,90.0,1.0,0.0,0.0
183138,NS3,0.0,90.0,1.0,0.0,0.0
183139,NS3,0.0,90.0,1.0,0.0,0.0
183233,NS3,0.0,90.0,1.0,0.0,0.0
183234,NS3,0.0,90.0,1.0,0.0,0.0
183328,NS3,0.0,90.0,1.0,0.0,0.0
183329,NS3,0.0,90.0,1.0,0.0,0.0
183423,NS3,0.0,90.0,1.0,0.0,0.0
183424,NS3,0.0,90.0,1.0,0.0,0.0
183518,NS3,0.0,90.0,1.0,0.0,0.0
183519,NS3,0.0,90.0,1.0,0.0,0.0
183613,NS3,0.0,90.0,1.0,0.0,0.0
183614,NS3,0.0,90.0,1.0,0.0,0.0
183708,NS3,0.0,90.0,1.0,0.0,0.0
183709,NS3,0.0,90.0,1.0,0.0,0.0
183803,NS3,0.0,90.0,1.0,0.0,0.0
183804,NS3,0.0,90.0,1.0,0.0,0.0
183898,NS3,0.0,90.0,1.0,0.0,0.0
183899,NS3,0.0,90.0,1.0,0.0,0.0
183900,NS3,0.0,90.0,1.0,0.0,0.0
183901,NS3,0.0,90.0,1.0,0.0,0.0
183995,NS3,0.0,90.0,1.0,0.0,0.0
183996,NS3,0.0,90.0,1.0,0.0,0.0
184090,NS3,0.0,90.0,1.0,0.0,0.0
184091,NS3,0.0,90.0,1.0,0.0,0.0
184185,NS3,0.0,90.0,1.0,0.0,0.0
184186,NS3,0.0,90.0,1.0,0.0,0.0
184280,NS3,0.0,90.0,1.0,0.0,0.0
184281,NS3,0.0,90.0,1.0,0.0,0.0
184375,NS3,0.0,90.0,1.0,0.0,0.0
184376,NS3,0.0,90.0,1.0,0.0,0.0
184470,NS3,0.0,90.0,1.0,0.0,0.0
184471,NS3,0.0,90.0,1.0,0.0,0.0
184565,NS3,0.0,90.0,1.0,0.0,0.0
184566,NS3,0.0,90.0,1.0,0.0,0.0
184660,NS3,0.0,90.0,1.0,0.0,0.0
184661,NS3,0.0,90.0,1.0,0.0,0.0
184755,NS3,0.0,90.0,1.0,0.0,0.0
184756,NS3,0.0,90.0,1.0,0.0,0.0
184850,NS3,0.0,90.0,1.0,0.0,0.0
184851,NS3,0.0,90.0,1.0,0.0,0.0
184945,NS3,0.0,90.0,1.0,0.0,0.0
184946,NS3,0.0,90.0,1.0,0.0,0.0
184947,NS3,0.0,90.0,1.0,0.0,0.0
184948,NS3,0.0,90.0,1.0,0.0,0.0
185042,NS3,0.0,90.0,1.0,0.0,0.0
185043,NS3,0.0,90.0,1.0,0.0,0.0
185137,NS3,0.0,90.0,1.0,0.0,0.0
185138,NS3,0.0,90.0,1.0,0.0,0.0
185232,NS3,0.0,90.0,1.0,0.0,0.0
185233,NS3,0.0,90.0,1.0,0.0,0.0
185327,NS3,0.0,90.0,1.0,0.0,0.0
185328,NS3,0.0,90.0,1.0,0.0,0.0
185422,NS3,0.0,90.0,1.0,0.0,0.0
185423,NS3,0.0,90.0,1.0,0.0,0.0
185517,NS3,0.0,90.0,1.0,0.0,0.0
185518,NS3,0.0,90.0,1.0,0.0,0.0
185612,NS3,0.0,90.0,1.0,0.0,0.0
185613,NS3,0.0,90.0,1.0,0.0,0.0
185707,NS3,0.0,90.0,1.0,0.0,0.0
185708,NS3,0.0,90.0,1.0,0.0,0.0
185802,NS3,0.0,90.0,1.0,0.0,0.0
185803,NS3,0.0,90.0,1.0,0.0,0.0
185897,NS3,0.0,90.0,1.0,0.0,0.0
185898,NS3,0.0,90.0,1.0,0.0,0.0
185992,NS3,0.0,90.0,1.0,0.0,0.0
185993,NS3,0.0,90.0,1.0,0.0,0.0
185994,NS3,0.0,90.0,1.0,0.0,0.0
185995,NS3,0.0,90.0,1.0,0.0,0.0
186089,NS3,0.0,90.0,1.0,0.0,0.0
186090,NS3,0.0,90.0,1.0,0.0,0.0
186184,NS3,0.0,90.0,1.0,0.0,0.0
186185,NS3,0.0,90.0,1.0,0.0,0.0
186279,NS3,0.0,90.0,1.0,0.0,0.0
186280,NS3,0.0,90.0,1.0,0.0,0.0
186374,NS3,0.0,90.0,1.0,0.0,0.0
186375,NS3,0.0,90.0,1.0,0.0,0.0
186469,NS3,0.0,90.0,1.0,0.0,0.0
186470,NS3,0.0,90.0,1.0,0.0,0.0
186564,NS3,0.0,90.0,1.0,0.0,0.0
186565,NS3,0.0,90.0,1.0,0.0,0.0
186659,NS3,0.0,90.0,1.0,0.0,0.0
186660,NS3,0.0,90.0,1.0,0.0,0.0
186754,NS3,0.0,90.0,1.0,0.0,0.0
186755,NS3,0.0,90.0,1.0,0.0,0.0
186849,NS3,0.0,90.0,1.0,0.0,0.0
186850,NS3,0.0,90.0,1.0,0.0,0.0
186944,NS3,0.0,90.0,1.0,0.0,0.0
186945,NS3,0.0,90.0,1.0,0.0,0.0
187039,NS3,0.0,90.0,1.0,0.0,0.0
187040,NS3,0.0,90.0,1.0,0.0,0.0
187041,NS3,0.0,90.0,1.0,0.0,0.0
187042,NS3,0.0,90.0,1.0,0.0,0.0
187136,NS3,0.0,90.0,1.0,0.0,0.0
187137,NS3,0.0,90.0,1.0,0.0,0.0
187231,NS3,0.0,90.0,1.0,0.0,0.0
187232,NS3,0.0,90.0,1.0,0.0,0.0
187326,NS3,0.0,90.0,1.0,0.0,0.0
187327,NS3,0.0,90.0,1.0,0.0,0.0
187421,NS3,0.0,90.0,1.0,0.0,0.0
187422,NS3,0.0,90.0,1.0,0.0,0.0
187516,NS3,0.0,90.0,1.0,0.0,0.0
187517,NS3,0.0,90.0,1.0,0.0,0.0
187611,NS3,0.0,90.0,1.0,0.0,0.0
187612,NS3,0.0,90.0,1.0,0.0,0.0
187706,NS3,0.0,90.0,1.0,0.0,0.0
187707,NS3,0.0,90.0,1.0,0.0,0.0
187801,NS3,0.0,90.0,1.0,0.0,0.0
187802,NS3,0.0,90.0,1.0,0.0,0.0
187896,NS3,0.0,90.0,1.0,0.0,0.0
187897,NS3,0.0,90.0,1.0,0.0,0.0
187991,NS3,0.0,90.0,1.0,0.0,0.0
187992,NS3,0.0,90.0,1.0,0.0,0.0
188086,NS3,0.0,90.0,1.0,0.0,0.0
188087,NS3,0.0,90.0,1.0,0.0,0.0
188088,NS3,0.0,90.0,1.0,0.0,0.0
188183,NS3,0.0,90.0,1.0,0.0,0.0
188278,NS3,0.0,90.0,1.0,0.0,0.0
188373,NS3,0.0,90.0,1.0,0.0,0.0
188468,NS3,0.0,90.0,1.0,0.0,0.0
188563,NS3,0.0,90.0,1.0,0.0,0.0
188658,NS3,0.0,90.0,1.0,0.0,0.0
188753,NS3,0.0,90.0,1.0,0.0,0.0
188848,NS3,0.0,90.0,1.0,0.0,0.0
188943,NS3,0.0,90.0,1.0,0.0,0.0
189038,NS3,0.0,90.0,1.0,0.0,0.0
189133,NS3,0.0,90.0,1.0,0.0,0.0
189228,NS3,0.0,90.0,1.0,0.0,0.0
189323,NS3,0.0,90.0,1.0,0.0,0.0
189418,NS3,0.0,90.0,1.0,0.0,0.0
189513,NS3,0.0,90.0,1.0,0.0,0.0
189608,NS3,0.0,90.0,1.0,0.0,0.0
189703,NS3,0.0,90.0,1.0,0.0,0.0
189798,NS3,0.0,90.0,1.0,0.0,0.0
189893,NS3,0.0,90.0,1.0,0.0,0.0
189988,NS3,0.0,90.0,1.0,0.0,0.0
190073,NS3,0.0,90.0,1.0,0.0,0.0
190074,NS3,0.0,90.0,1.0,0.0,0.0
190168,NS3,0.0,90.0,1.0,0.0,0.0
190169,NS3,0.0,90.0,1.0,0.0,0.0
190263,NS3,0.0,90.0,1.0,0.0,0.0
190264,NS3,0.0,90.0,1.0,0.0,0.0
190358,NS3,0.0,90.0,1.0,0.0,0.0
190359,NS3,0.0,90.0,1.0,0.0,0.0
190453,NS3,0.0,90.0,1.0,0.0,0.0
190454,NS3,0.0,90.0,1.0,0.0,0.0
190548,NS3,0.0,90.0,1.0,0.0,0.0
190549,NS3,0.0,90.0,1.0,0.0,0.0
190643,NS3,0.0,90.0,1.0,0.0,0.0
190644,NS3,0.0,90.0,1.0,0.0,0.0
190738,NS3,0.0,90.0,1.0,0.0,0.0
190739,NS3,0.0,90.0,1.0,0.0,0.0
190833,NS3,0.0,90.0,1.0,0.0,0.0
190834,NS3,0.0,90.0,1.0,0.0,0.0
190928,NS3,0.0,90.0,1.0,0.0,0.0
190929,NS3,0.0,90.0,1.0,0.0,0.0
191023,NS3,0.0,90.0,1.0,0.0,0.0
191024,NS3,0.0,90.0,1.0,0.0,0.0
191118,NS3,0.0,90.0,1.0,0.0,0.0
191119,NS3,0.0,90.0,1.0,0.0,0.0
191213,NS3,0.0,90.0,1.0,0.0,0.0
191214,NS3,0.0,90.0,1.0,0.0,0.0
191308,NS3,0.0,90.0,1.0,0.0,0.0
191309,NS3,0.0,90.0,1.0,0.0,0.0
191403,NS3,0.0,90.0,1.0,0.0,0.0
191404,NS3,0.0,90.0,1.0,0.0,0.0
191498,NS3,0.0,90.0,1.0,0.0,0.0
191499,NS3,0.0,90.0,1.0,0.0,0.0
191500,NS3,0.0,90.0,1.0,0.0,0.0
191501,NS3,0.0,90.0,1.0,0.0,0.0
191595,NS3,0.0,90.0,1.0,0.0,0.0
191596,NS3,0.0,90.0,1.0,0.0,0.0
191690,NS3,0.0,90.0,1.0,0.0,0.0
191691,NS3,0.0,90.0,1.0,0.0,0.0
191785,NS3,0.0,90.0,1.0,0.0,0.0
191786,NS3,0.0,90.0,1.0,0.0,0.0
191880,NS3,0.0,90.0,1.0,0.0,0.0
191881,NS3,0.0,90.0,1.0,0.0,0.0
191975,NS3,0.0,90.0,1.0,0.0,0.0
191976,NS3,0.0,90.0,1.0,0.0,0.0
192070,NS3,0.0,90.0,1.0,0.0,0.0
192071,NS3,0.0,90.0,1.0,0.0,0.0
192165,NS3,0.0,90.0,1.0,0.0,0.0
192166,NS3,0.0,90.0,1.0,0.0,0.0
192260,NS3,0.0,90.0,1.0,0.0,0.0
192261,NS3,0.0,90.0,1.0,0.0,0.0
192355,NS3,0.0,90.0,1.0,0.0,0.0
192356,NS3,0.0,90.0,1.0,0.0,0.0
192450,NS3,0.0,90.0,1.0,0.0,0.0
192451,NS3,0.0,90.0,1.0,0.0,0.0
192545,NS3,0.0,90.0,1.0,0.0,0.0
192546,NS3,0.0,90.0,1.0,0.0,0.0
192547,NS3,0.0,90.0,1.0,0.0,0.0
192548,NS3,0.0,90.0,1.0,0.0,0.0
192642,NS3,0.0,90.0,1.0,0.0,0.0
192643,NS3,0.0,90.0,1.0,0.0,0.0
192737,NS3,0.0,90.0,1.0,0.0,0.0
192738,NS3,0.0,90.0,1.0,0.0,0.0
192832,NS3,0.0,90.0,1.0,0.0,0.0
192833,NS3,0.0,90.0,1.0,0.0,0.0
192927,NS3,0.0,90.0,1.0,0.0,0.0
192928,NS3,0.0,90.0,1.0,0.0,0.0
193022,NS3,0.0,90.0,1.0,0.0,0.0
193023,NS3,0.0,90.0,1.0,0.0,0.0
193117,NS3,0.0,90.0,1.0,0.0,0.0
193118,NS3,0.0,90.0,1.0,0.0,0.0
193212,NS3,0.0,90.0,1.0,0.0,0.0
193213,NS3,0.0,90.0,1.0,0.0,0.0
193307,NS3,0.0,90.0,1.0,0.0,0.0
193308,NS3,0.0,90.0,1.0,0.0,0.0
193402,NS3,0.0,90.0,1.0,0.0,0.0
193403,NS3,0.0,90.0,1.0,0.0,0.0
193497,NS3,0.0,90.0,1.0,0.0,0.0
193498,NS3,0.0,90.0,1.0,0.0,0.0
193592,NS3,0.0,90.0,1.0,0.0,0.0
193593,NS3,0.0,90.0,1.0,0.0,0.0
193594,NS3,0.0,90.0,1.0,0.0,0.0
193595,NS3,0.0,90.0,1.0,0.0,0.0
193689,NS3,0.0,90.0,1.0,0.0,0.0
193690,NS3,0.0,90.0,1.0,0.0,0.0
193784,NS3,0.0,90.0,1.0,0.0,0.0
193785,NS3,0.0,90.0,1.0,0.0,0.0
193879,NS3,0.0,90.0,1.0,0.0,0.0
193880,NS3,0.0,90.0,1.0,0.0,0.0
193974,NS3,0.0,90.0,1.0,0.0,0.0
193975,NS3,0.0,90.0,1.0,0.0,0.0
194069,NS3,0.0,90.0,1.0,0.0,0.0
194070,NS3,0.0,90.0,1.0,0.0,0.0
194164,NS3,0.0,90.0,1.0,0.0,0.0
194165,NS3,0.0,90.0,1.0,0.0,0.0
194259,NS3,0.0,90.0,1.0,0.0,0.0
194260,NS3,0.0,90.0,1.0,0.0,0.0
194354,NS3,0.0,90.0,1.0,0.0,0.0
194355,NS3,0.0,90.0,1.0,0.0,0.0
194449,NS3,0.0,90.0,1.0,0.0,0.0
194450,NS3,0.0,90.0,1.0,0.0,0.0
194544,NS3,0.0,90.0,1.0,0.0,0.0
194545,NS3,0.0,90.0,1.0,0.0,0.0
194639,NS3,0.0,90.0,1.0,0.0,0.0
194640,NS3,0.0,90.0,1.0,0.0,0.0
194641,NS3,0.0,90.0,1.0,0.0,0.0
194642,NS3,0.0,90.0,1.0,0.0,0.0
194736,NS3,0.0,90.0,1.0,0.0,0.0
194737,NS3,0.0,90.0,1.0,0.0,0.0
194831,NS3,0.0,90.0,1.0,0.0,0.0
194832,NS3,0.0,90.0,1.0,0.0,0.0
194926,NS3,0.0,90.0,1.0,0.0,0.0
194927,NS3,0.0,90.0,1.0,0.0,0.0
195021,NS3,0.0,90.0,1.0,0.0,0.0
195022,NS3,0.0,90.0,1.0,0.0,0.0
195116,NS3,0.0,90.0,1.0,0.0,0.0
195117,NS3,0.0,90.0,1.0,0.0,0.0
195211,NS3,0.0,90.0,1.0,0.0,0.0
195212,NS3,0.0,90.0,1.0,0.0,0.0
195306,NS3,0.0,90.0,1.0,0.0,0.0
195307,NS3,0.0,90.0,1.0,0.0,0.0
195401,NS3,0.0,90.0,1.0,0.0,0.0
195402,NS3,0.0,90.0,1.0,0.0,0.0
195496,NS3,0.0,90.0,1.0,0.0,0.0
195497,NS3,0.0,90.0,1.0,0.0,0.0
195591,NS3,0.0,90.0,1.0,0.0,0.0
195592,NS3,0.0,90.0,1.0,0.0,0.0
195686,NS3,0.0,90.0,1.0,0.0,0.0
195687,NS3,0.0,90.0,1.0,0.0,0.0
195688,NS3,0.0,90.0,1.0,0.0,0.0
195783,NS3,0.0,90.0,1.0,0.0,0.0
195878,NS3,0.0,90.0,1.0,0.0,0.0
195973,NS3,0.0,90.0,1.0,0.0,0.0
196068,NS3,0.0,90.0,1.0,0.0,0.0
196163,NS3,0.0,90.0,1.0,0.0,0.0
196258,NS3,0.0,90.0,1.0,0.0,0.0
196353,NS3,0.0,90.0,1.0,0.0,0.0
196448,NS3,0.0,90.0,1.0,0.0,0.0
196543,NS3,0.0,90.0,1.0,0.0,0.0
196638,NS3,0.0,90.0,1.0,0.0,0.0
196733,NS3,0.0,90.0,1.0,0.0,0.0
196828,NS3,0.0,90.0,1.0,0.0,0.0
196923,NS3,0.0,90.0,1.0,0.0,0.0
197018,NS3,0.0,90.0,1.0,0.0,0.0
197113,NS3,0.0,90.0,1.0,0.0,0.0
197208,NS3,0.0,90.0,1.0,0.0,0.0
197303,NS3,0.0,90.0,1.0,0.0,0.0
197398,NS3,0.0,90.0,1.0,0.0,0.0
197493,NS3,0.0,90.0,1.0,0.0,0.0
197588,NS3,0.0,90.0,1.0,0.0,0.0
