,D,S3,SV
0,-0.0,-381141.0856573705,0.0
1,1.0,-365895.44223107566,16146.84455192318
2,2.0,-350649.7988047809,32293.68910384636
3,3.0,-335404.15537848603,48440.53365576954
4,4.0,-320158.51195219124,64587.37820769272
5,5.0,-304912.8685258964,80734.22275961589
6,6.0,-289667.2250996016,96881.06731153907
7,7.0,-274421.58167330676,113027.91186346224
8,8.0,-259175.93824701195,129174.75641538542
9,9.0,-243930.29482071713,145321.6009673086
10,10.0,-228684.6513944223,161468.44551923175
11,11.0,-213439.00796812747,177732.59066598397
12,12.0,-198193.36454183265,194134.63395553347
13,13.0,-182947.72111553783,210700.31709063967
14,14.0,-167702.07768924301,227464.01291457308
15,15.0,-152456.4342629482,244478.00064832112
16,16.0,-137210.79083665338,261837.79092802096
17,17.0,-121965.14741035856,279725.5537014902
18,18.0,-106719.50398406373,298262.46346711955
19,19.0,-91473.86055776892,316986.85206435306
20,20.0,-76228.2171314741,335925.5321958867
21,21.0,-60982.57370517928,355090.91357812064
22,22.0,-45736.93027888446,374446.1491336563
23,23.0,-30491.28685258964,393981.86424057756
24,24.0,-15245.64342629482,413702.41684698185
25,25.0,-0.0,433620.1196908015
26,26.0,15245.64342629482,453752.14681304677
27,27.0,30491.28685258964,474112.252340147
28,28.0,45736.93027888446,494661.25155363
29,29.0,60982.57370517928,515340.8972980727
30,30.0,76228.2171314741,536138.9417154079
31,31.0,91473.86055776892,557040.9604599612
32,32.0,106719.50398406373,578035.9106116071
33,33.0,121965.14741035856,599104.8522088409
34,34.0,137210.79083665338,620215.0198709643
35,35.0,152456.4342629482,641313.2216275242
36,36.0,167702.07768924301,662302.2552763876
37,37.0,182947.72111553783,682996.6242208903
38,38.0,198193.36454183265,703271.2169406449
39,39.0,213439.00796812747,723586.670191081
40,40.0,228684.6513944223,743915.6512400882
41,41.0,243930.29482071713,764247.4950627623
42,42.0,259175.93824701195,784619.4209983296
43,43.0,274421.58167330676,805040.3466460588
44,44.0,289667.2250996016,825508.5165593609
45,45.0,304912.8685258964,846014.9151491596
46,46.0,320158.51195219124,866544.6880209318
47,47.0,335404.15537848603,887086.2824560859
48,48.0,350649.7988047809,907634.9793776752
49,49.0,365895.44223107566,928191.5162301743
50,50.0,381141.0856573705,948761.6089817284
51,51.0,396386.7290836653,969347.6219930347
52,52.0,411632.37250996014,989944.491580039
53,53.0,426878.01593625493,1010550.7208274428
54,54.0,442123.6593625498,1031166.2738362355
55,55.0,457369.3027888446,1051793.80385512
56,56.0,472614.9462151394,1072435.7976100547
57,57.0,487860.58964143426,1093096.3068802431
58,58.0,503106.23306772904,1113781.444294188
59,59.0,518351.8764940239,1134492.449920541
60,60.0,533597.5199203187,1155229.1392238827
61,61.0,548843.1633466135,1175990.5244119877
62,62.0,564088.8067729083,1196777.7618613495
63,63.0,579334.4501992032,1217590.7835306278
64,64.0,594580.093625498,1238428.5144274498
65,65.0,609825.7370517928,1259288.4572031454
66,66.0,625071.3804780876,1280171.6744568478
67,67.0,640317.0239043825,1301079.774491777
68,68.0,655562.6673306773,1322010.1966315284
69,69.0,670808.3107569721,1342959.0428912914
70,70.0,686053.9541832668,1363921.6206118467
71,71.0,701299.5976095618,1384894.6743843125
72,72.0,716545.2410358565,1405875.214791565
73,73.0,731790.8844621513,1426857.7806610526
74,74.0,747036.5278884462,1447838.4521360763
75,75.0,762282.171314741,1468813.7951987893
76,76.0,777527.8147410358,1489780.0896275106
77,77.0,792773.4581673306,1510734.1004805244
78,78.0,808019.1015936255,1531671.688966023
79,79.0,823264.7450199203,1552590.5062215875
80,80.0,838510.3884462151,1573490.5938399085
81,81.0,853756.0318725099,1594370.6357942245
82,82.0,869001.6752988048,1615227.7506451425
83,83.0,884247.3187250996,1636061.1158241627
84,84.0,899492.9621513943,1656868.541280008
85,85.0,914738.6055776892,1677652.3090055655
86,86.0,929984.249003984,1698413.7728252811
87,87.0,945229.8924302788,1719152.2235302601
88,88.0,960475.5358565736,1739869.5033840518
89,89.0,975721.1792828685,1760568.1587299046
90,90.0,990966.8227091633,1781249.2236452722
91,91.0,1006212.4661354581,1801912.806340558
92,92.0,1021458.109561753,1822559.1830987306
93,93.0,1036703.7529880478,1843188.530665125
94,94.0,1051949.3964143426,1863803.0516425876
95,95.0,1067195.0398406375,1884402.3094816455
96,96.0,1082440.6832669321,1904985.5157731373
97,97.0,1097686.326693227,1925553.4712266119
98,98.0,1112931.970119522,1946106.7288441984
99,99.0,1128177.6135458166,1966645.3636600983
100,100.0,1143423.2569721115,1987168.3117686508
101,101.0,1158668.9003984064,2007675.5452425536
102,102.0,1173914.543824701,2028166.761425946
103,103.0,1189160.187250996,2048642.5555995207
104,104.0,1204405.8306772907,2069103.3865317334
105,105.0,1219651.4741035856,2089547.688168348
106,106.0,1234897.1175298805,2109974.040593949
107,107.0,1250142.7609561752,2130379.503100696
108,108.0,1265388.40438247,2150762.0737091303
109,109.0,1280634.047808765,2171118.313340378
110,110.0,1295879.6912350596,2191444.9157708725
111,111.0,1311125.3346613545,2211739.8206897196
112,112.0,1326370.9780876494,2232003.0353101627
113,113.0,1341616.6215139441,2252234.884422718
114,114.0,1356862.264940239,2272435.1634118753
115,115.0,1372107.9083665337,2292607.2003348772
116,116.0,1387353.5517928286,2312756.0184864504
117,117.0,1402599.1952191235,2332886.226981777
118,118.0,1417844.8386454182,2353000.6977956663
119,119.0,1433090.482071713,2373102.3146849116
120,120.0,1448336.125498008,2393195.5229415805
121,121.0,1463581.7689243027,2413284.596132699
122,122.0,1478827.4123505976,2433369.391731908
123,123.0,1494073.0557768925,2453449.013086852
124,124.0,1509318.6992031871,2473521.9877900844
125,125.0,1524564.342629482,2493584.9627410634
126,126.0,1539809.9860557767,2513635.048223085
127,127.0,1555055.6294820716,2533672.163652606
128,128.0,1570301.2729083665,2553695.3067565775
129,129.0,1585546.9163346612,2573705.2152737863
130,130.0,1600792.559760956,2593702.1529304697
131,131.0,1616038.203187251,2613686.5114660314
132,132.0,1631283.8466135457,2633658.455565969
133,133.0,1646529.4900398406,2653618.0749516296
134,134.0,1661775.1334661355,2673565.1976756067
135,135.0,1677020.7768924301,2693498.6185749797
136,136.0,1692266.420318725,2713416.9191123922
137,137.0,1707512.0637450197,2733319.8205286143
138,138.0,1722757.7071713146,2753210.5019722297
139,139.0,1738003.3505976095,2773094.449630636
140,140.0,1753248.9940239042,2792978.8354397058
141,141.0,1768494.637450199,2812870.6346213836
142,142.0,1783740.280876494,2832781.39001194
143,143.0,1798985.9243027887,2852722.595421234
144,144.0,1814231.5677290836,2872706.098216797
145,145.0,1829477.2111553785,2892744.7224340704
146,146.0,1844722.8545816732,2912849.4305343614
147,147.0,1859968.498007968,2933028.813122648
148,148.0,1875214.141434263,2953288.9958729576
149,149.0,1890459.7848605576,2973631.667932142
150,150.0,1905705.4282868525,2994058.9287611763
151,151.0,1920951.0717131472,3014572.700511153
152,152.0,1936196.7151394421,3035174.975488837
153,153.0,1951442.358565737,3055867.557413497
154,154.0,1966688.0019920317,3076652.020724262
155,155.0,1981933.6454183266,3097529.198788043
156,156.0,1997179.2888446215,3118500.8410874587
157,157.0,2012424.9322709162,3139567.498499157
158,158.0,2027670.575697211,3160727.897221579
159,159.0,2042916.219123506,3181980.1111880057
160,160.0,2058161.8625498007,3203316.6133091035
161,161.0,2073407.5059760956,3224728.463602778
162,162.0,2088653.1494023902,3246206.855023249
163,163.0,2103898.792828685,3267741.655011869
164,164.0,2119144.43625498,3289323.431265568
165,165.0,2134390.079681275,3310943.1240922874
166,166.0,2149635.7231075694,3332593.2233405393
167,167.0,2164881.3665338643,3354264.4668537513
168,168.0,2180127.009960159,3375947.8127146154
169,169.0,2195372.653386454,3397636.9117933484
170,170.0,2210618.296812749,3419325.2339141755
171,171.0,2225863.940239044,3441004.2833684566
172,172.0,2241109.5836653383,3462662.8299649707
173,173.0,2256355.2270916332,3484291.5378338424
174,174.0,2271600.870517928,3505880.469486003
175,175.0,2286846.513944223,3527420.540097765
176,176.0,2302092.157370518,3548901.4444123637
177,177.0,2317337.800796813,3570314.6309476346
178,178.0,2332583.4442231073,3591654.318664674
179,179.0,2347829.087649402,3612914.568180693
180,180.0,2363074.731075697,3634093.093244236
181,181.0,2378320.374501992,3655190.4620414134
182,182.0,2393566.017928287,3676206.625000626
183,183.0,2408811.6613545814,3697140.947241525
184,184.0,2424057.3047808763,3717994.483162409
185,185.0,2439302.948207171,3738769.5985362143
186,186.0,2454548.591633466,3759466.1675980072
187,187.0,2469794.235059761,3780088.0257721227
188,188.0,2485039.878486056,3800639.946864609
189,189.0,2500285.5219123503,3821128.049569479
190,190.0,2515531.165338645,3841558.547176927
191,191.0,2530776.80876494,3861938.3957637297
192,192.0,2546022.452191235,3882276.588982958
193,193.0,2561268.09561753,3902581.131927822
194,194.0,2576513.7390438244,3922860.4099770063
195,195.0,2591759.3824701193,3943120.078156616
196,196.0,2607005.025896414,3963366.704595953
197,197.0,2622250.669322709,3983604.372330308
198,198.0,2637496.312749004,4003833.8164479104
199,199.0,2652741.956175299,4024054.1983503425
200,200.0,2667987.5996015933,4044264.5764160524
201,201.0,2683233.2430278882,4064462.174562016
202,202.0,2698478.886454183,4084646.9790081223
203,203.0,2713724.529880478,4104820.2557478473
204,204.0,2728970.173306773,4124982.275782588
205,205.0,2744215.8167330674,4145131.8921534633
206,206.0,2759461.4601593623,4165271.804421806
207,207.0,2774707.103585657,4185405.208817807
208,208.0,2789952.747011952,4205534.222312113
209,209.0,2805198.390438247,4225660.128215027
210,210.0,2820444.033864542,4245784.617509148
211,211.0,2835689.6772908363,4265909.558659348
212,212.0,2850935.3207171313,4286034.32337096
213,213.0,2866180.964143426,4306157.64063919
214,214.0,2881426.607569721,4326279.101649133
215,215.0,2896672.250996016,4346399.48488822
216,216.0,2911917.8944223104,4366516.715696987
217,217.0,2927163.5378486053,4386628.07908965
218,218.0,2942409.1812749,4406732.112100162
219,219.0,2957654.824701195,4426830.368594861
220,220.0,2972900.46812749,4446922.187088799
221,221.0,2988146.111553785,4467007.098066353
222,222.0,3003391.7549800794,4487083.03129811
223,223.0,3018637.3984063743,4507149.077247347
224,224.0,3033883.041832669,4527204.280077412
225,225.0,3049128.685258964,4547248.176808309
226,226.0,3064374.328685259,4567282.730090387
227,227.0,3079619.9721115534,4587307.346743056
228,228.0,3094865.6155378483,4607321.2824091865
229,229.0,3110111.258964143,4627321.598551048
230,230.0,3125356.902390438,4647306.9948035525
231,231.0,3140602.545816733,4667278.442604083
232,232.0,3155848.189243028,4687236.591521731
233,233.0,3171093.8326693224,4707182.599646839
234,234.0,3186339.4760956173,4727114.341571878
235,235.0,3201585.119521912,4747031.686456404
236,236.0,3216830.762948207,4766934.315796782
237,237.0,3232076.406374502,4786821.791862696
238,238.0,3247322.0498007964,4806696.99867904
239,239.0,3262567.6932270913,4826560.351192001
240,240.0,3277813.3366533862,4846413.323388573
241,241.0,3293058.980079681,4866256.786982641
242,242.0,3308304.623505976,4886094.289895366
243,243.0,3323550.266932271,4905925.378639872
244,244.0,3338795.9103585654,4925749.9026158545
245,245.0,3354041.5537848603,4945568.277326119
246,246.0,3369287.197211155,4965376.632652003
247,247.0,3384532.84063745,4985175.332225436
248,248.0,3399778.484063745,5004964.375222815
249,249.0,3415024.1274900394,5024746.020911119
250,250.0,3430269.7709163344,5044521.066556362
251,251.0,3445515.4143426293,5064293.070219922
252,252.0,3460761.057768924,5084063.925272115
253,253.0,3476006.701195219,5103838.066819434
254,254.0,3491252.344621514,5123618.38340629
255,255.0,3506497.9880478084,5143408.95244872
256,256.0,3521743.6314741033,5163213.036287949
257,257.0,3536989.274900398,5183031.4593186695
258,258.0,3552234.918326693,5202864.570486166
259,259.0,3567480.561752988,5222710.941180985
260,260.0,3582726.2051792825,5242570.322736322
261,261.0,3597971.8486055774,5262441.427806867
262,262.0,3613217.4920318723,5282326.263993706
263,263.0,3628463.135458167,5302225.640616917
264,264.0,3643708.778884462,5322140.501852141
265,265.0,3658954.422310757,5342071.936933662
266,266.0,3674200.0657370514,5362017.707895689
267,267.0,3689445.7091633463,5381975.505180007
268,268.0,3704691.352589641,5401944.123905848
269,269.0,3719936.996015936,5421920.575294965
270,270.0,3735182.639442231,5441903.555325346
271,271.0,3750428.282868526,5461895.347872784
272,272.0,3765673.9262948204,5481896.389359211
273,273.0,3780919.5697211153,5501906.5463907905
274,274.0,3796165.21314741,5521926.2576492345
275,275.0,3811410.856573705,5541955.25099389
276,276.0,3826656.5,5561994.796310601
277,277.0,3841902.1434262944,5582046.900811779
278,278.0,3857147.7868525893,5602113.631032791
279,279.0,3872393.4302788842,5622199.265169185
280,280.0,3887639.073705179,5642305.452962844
281,281.0,3902884.717131474,5662431.972238935
282,282.0,3918130.360557769,5682578.160292377
283,283.0,3933376.0039840634,5702744.241241203
284,284.0,3948621.6474103583,5722927.482149739
285,285.0,3963867.290836653,5743132.73831762
286,286.0,3979112.934262948,5763359.79154133
287,287.0,3994358.577689243,5783610.238786495
288,288.0,4009604.2211155375,5803883.614848441
289,289.0,4024849.8645418324,5824179.427226923
290,290.0,4040095.5079681273,5844497.404350102
291,291.0,4055341.151394422,5864836.513628447
292,292.0,4070586.794820717,5885193.207752102
293,293.0,4085832.438247012,5905565.158733933
294,294.0,4101078.0816733064,5925952.046938369
295,295.0,4116323.7250996013,5946346.766075182
296,296.0,4131569.368525896,5966749.360647009
297,297.0,4146815.011952191,5987157.277675827
298,298.0,4162060.655378486,6007568.502029643
299,299.0,4177306.2988047805,6027977.066240074
300,300.0,4192551.9422310754,6048378.348231647
301,301.0,4207797.58565737,6068742.016319598
302,302.0,4223043.229083665,6089052.405324145
303,303.0,4238288.87250996,6109302.259349013
304,304.0,4253534.5159362545,6129478.940734504
305,305.0,4268780.15936255,6149571.071480454
306,306.0,4284025.802788844,6169574.0117712235
307,307.0,4299271.446215139,6189481.024851287
308,308.0,4314517.089641434,6209291.774585347
309,309.0,4329762.733067729,6229001.376560796
310,310.0,4345008.376494024,6248588.9400154995
311,311.0,4360254.019920318,6268051.23589967
312,312.0,4375499.663346614,6287401.795642177
313,313.0,4390745.306772908,6306650.058015784
314,314.0,4405990.950199203,6325806.381059538
315,315.0,4421236.593625498,6344855.804022051
316,316.0,4436482.237051792,6363766.288052126
317,317.0,4451727.880478088,6382505.975926125
318,318.0,4466973.523904382,6401035.161249673
319,319.0,4482219.167330677,6419327.73179812
320,320.0,4497464.810756972,6437376.191958771
321,321.0,4512710.4541832665,6455198.783030069
322,322.0,4527956.097609562,6472772.385252032
323,323.0,4543201.741035856,6490055.756038292
324,324.0,4558447.384462151,6507021.498371957
325,325.0,4573693.027888446,6523688.3287221715
326,326.0,4588938.671314741,6540098.826888929
327,327.0,4604184.314741036,6556301.714911412
328,328.0,4619429.95816733,6572339.691374302
329,329.0,4634675.601593626,6588260.569689423
330,330.0,4649921.24501992,6604120.315946739
331,331.0,4665166.888446215,6619963.952891439
332,332.0,4680412.53187251,6635826.624002927
333,333.0,4695658.175298804,6651746.361023867
334,334.0,4710903.8187251,6667756.076393511
335,335.0,4726149.462151394,6683885.996044322
336,336.0,4741395.105577689,6700166.374185519
337,337.0,4756640.749003984,6716624.464739766
338,338.0,4771886.3924302785,6733297.812427942
339,339.0,4787132.035856574,6750209.534491318
340,340.0,4802377.679282868,6767362.848132101
341,341.0,4817623.322709163,6784769.278349907
342,342.0,4832868.966135458,6802470.864963607
343,343.0,4848114.6095617525,6820512.251113267
344,344.0,4863360.252988048,6838932.255514015
345,345.0,4878605.896414342,6857715.963423637
346,346.0,4893851.539840637,6876823.797279417
347,347.0,4909097.183266932,6896212.858755316
348,348.0,4924342.826693227,6915835.247968354
349,349.0,4939588.470119522,6935652.128413022
350,350.0,4954834.113545816,6955633.919802983
351,351.0,4970079.756972112,6975733.465742156
352,352.0,4985325.400398406,6995900.136917099
353,353.0,5000571.043824701,7016086.704898966
354,354.0,5015816.687250996,7036248.661093264
355,355.0,5031062.33067729,7056376.158192876
356,356.0,5046307.974103586,7076468.614615753
357,357.0,5061553.61752988,7096533.208303422
358,358.0,5076799.260956175,7116576.406670096
359,359.0,5092044.90438247,7136600.7746867435
360,360.0,5107290.5478087645,7156601.873915359
361,361.0,5122536.19123506,7176575.846124076
362,362.0,5137781.834661354,7196509.858087827
363,363.0,5153027.478087649,7216405.359688164
364,364.0,5168273.121513944,7236270.8602335695
365,365.0,5183518.764940239,7256112.383351475
366,366.0,5198764.408366534,7275941.7348013995
367,367.0,5214010.051792828,7295764.113053923
368,368.0,5229255.695219123,7315589.047006388
369,369.0,5244501.338645418,7335419.652343285
370,370.0,5259746.982071713,7355261.609578669
371,371.0,5274992.625498008,7375126.901501422
372,372.0,5290238.268924302,7395022.478669286
373,373.0,5305483.912350598,7414948.939741202
374,374.0,5320729.555776892,7434901.986945607
375,375.0,5335975.199203187,7454879.218729616
376,376.0,5351220.842629482,7474875.427793196
377,377.0,5366466.4860557765,7494884.2090648115
378,378.0,5381712.129482072,7514896.738679246
379,379.0,5396957.772908366,7534911.409964501
380,380.0,5412203.416334661,7554936.551909214
381,381.0,5427449.059760956,7574975.961538222
382,382.0,5442694.7031872505,7595042.93675849
383,383.0,5457940.346613546,7615140.264148441
384,384.0,5473185.99003984,7635260.025034575
385,385.0,5488431.633466135,7655395.557064592
386,386.0,5503677.27689243,7675534.685065481
387,387.0,5518922.920318725,7695669.559056774
388,388.0,5534168.56374502,7715797.350868023
389,389.0,5549414.207171314,7735912.202435942
390,390.0,5564659.850597609,7756006.019812106
391,391.0,5579905.494023904,7776072.585415419
392,392.0,5595151.137450199,7796105.249520031
393,393.0,5610396.780876494,7816098.568902939
394,394.0,5625642.424302788,7836053.677354331
395,395.0,5640888.067729084,7855967.191511601
396,396.0,5656133.711155378,7875840.075195586
397,397.0,5671379.354581673,7895677.039680726
398,398.0,5686624.998007968,7915483.070239321
399,399.0,5701870.6414342625,7935263.447805002
400,400.0,5717116.284860558,7955014.896676415
401,401.0,5732361.928286852,7974730.636523552
402,402.0,5747607.571713147,7994409.511452092
403,403.0,5762853.215139442,8014053.094573647
404,404.0,5778098.858565737,8033666.054289841
405,405.0,5793344.501992032,8053258.770366609
406,406.0,5808590.145418326,8072838.616616855
407,407.0,5823835.788844621,8092409.813254823
408,408.0,5839081.432270916,8111974.143213221
409,409.0,5854327.075697211,8131530.668639483
410,410.0,5869572.719123506,8151081.872783987
411,411.0,5884818.3625498,8170632.437138935
412,412.0,5900064.005976096,8190181.936679114
413,413.0,5915309.64940239,8209735.388347446
414,414.0,5930555.292828685,8229295.512432145
415,415.0,5945800.93625498,8248873.600437137
416,416.0,5961046.5796812745,8268475.057157487
417,417.0,5976292.22310757,8288101.734125116
418,418.0,5991537.866533864,8307749.636025907
419,419.0,6006783.509960159,8327416.163614215
420,420.0,6022029.153386454,8347105.2345372755
421,421.0,6037274.796812749,8366818.322754534
422,422.0,6052520.440239044,8386552.030385434
423,423.0,6067766.083665338,8406301.225510381
424,424.0,6083011.727091633,8426057.450312033
425,425.0,6098257.370517928,8445803.717964651
426,426.0,6113503.013944223,8465530.92610216
427,427.0,6128748.657370518,8485232.97213751
428,428.0,6143994.300796812,8504905.863585917
429,429.0,6159239.944223107,8524550.353893384
430,430.0,6174485.587649402,8544156.218891615
431,431.0,6189731.231075697,8563721.445906267
432,432.0,6204976.874501992,8583252.638640156
433,433.0,6220222.517928286,8602750.057438591
434,434.0,6235468.161354582,8622218.4235587
435,435.0,6250713.804780876,8641658.096688872
436,436.0,6265959.448207171,8661076.246856384
437,437.0,6281205.091633466,8680475.315320527
438,438.0,6296450.7350597605,8699862.387331482
439,439.0,6311696.378486056,8719244.499014542
440,440.0,6326942.02191235,8738631.852370346
441,441.0,6342187.665338645,8758034.187203664
442,442.0,6357433.30876494,8777452.109395295
443,443.0,6372678.952191235,8796890.638196353
444,444.0,6387924.59561753,8816358.45778563
445,445.0,6403170.239043824,8835863.925455166
446,446.0,6418415.882470119,8855408.88895124
447,447.0,6433661.525896414,8874997.66655813
448,448.0,6448907.169322709,8894631.906007065
449,449.0,6464152.812749004,8914309.780131718
450,450.0,6479398.456175298,8934036.218881993
451,451.0,6494644.099601593,8953808.810411308
452,452.0,6509889.743027888,8973625.676985526
453,453.0,6525135.386454183,8993487.554595336
454,454.0,6540381.029880478,9013390.238371646
455,455.0,6555626.6733067725,9033330.472091578
456,456.0,6570872.316733068,9053305.859224059
457,457.0,6586117.960159362,9073321.082392875
458,458.0,6601363.603585657,9093379.947062805
459,459.0,6616609.247011952,9113483.188094588
460,460.0,6631854.890438247,9133630.697638037
461,461.0,6647100.533864542,9153821.459803179
462,462.0,6662346.177290836,9174059.07217182
463,463.0,6677591.820717131,9194344.004262388
464,464.0,6692837.464143426,9214676.269445261
465,465.0,6708083.107569721,9235058.880681215
466,466.0,6723328.750996016,9255488.045483379
467,467.0,6738574.39442231,9275952.428915426
468,468.0,6753820.037848605,9296437.93681444
469,469.0,6769065.6812749,9316939.021530412
470,470.0,6784311.324701195,9337439.777318798
471,471.0,6799556.96812749,9357927.23354349
472,472.0,6814802.611553784,9378391.642219389
473,473.0,6830048.254980079,9398819.556200437
474,474.0,6845293.898406374,9419192.617546337
475,475.0,6860539.541832669,9439481.638083747
476,476.0,6875785.185258964,9459653.276773421
477,477.0,6891030.8286852585,9479664.344529921
478,478.0,6906276.472111554,9499481.364045918
479,479.0,6921522.115537848,9519069.02581468
480,480.0,6936767.758964143,9538420.768114636
481,481.0,6952013.402390438,9557535.776125627
482,482.0,6967259.045816733,9576411.179517386
483,483.0,6982504.689243028,9595030.22201638
484,484.0,6997750.332669322,9613395.752846844
485,485.0,7012995.976095617,9631525.366274998
486,486.0,7028241.619521912,9649454.108492335
487,487.0,7043487.262948207,9667220.7599711
488,488.0,7058732.906374502,9684863.716875453
489,489.0,7073978.549800796,9702423.338472394
490,490.0,7089224.193227091,9719920.684163006
491,491.0,7104469.836653386,9737369.258896228
492,492.0,7119715.480079681,9754778.664871568
493,493.0,7134961.123505976,9772176.30397113
494,494.0,7150206.7669322705,9789583.919442592
495,495.0,7165452.410358565,9807028.227133667
496,496.0,7180698.05378486,9824538.371938195
497,497.0,7195943.697211155,9842155.80799992
498,498.0,7211189.34063745,9859912.572070554
499,499.0,7226434.984063745,9877836.549816225
500,500.0,7241680.62749004,9895929.290163
501,501.0,7256926.270916334,9914188.851239773
502,502.0,7272171.914342629,9932612.844367612
503,503.0,7287417.557768924,9951216.678016953
504,504.0,7302663.201195219,9969996.216812063
505,505.0,7317908.844621514,9988931.049818799
506,506.0,7333154.488047808,10007992.797486337
507,507.0,7348400.131474103,10027155.361649647
508,508.0,7363645.774900398,10046395.153617702
509,509.0,7378891.418326693,10065679.926746687
510,510.0,7394137.061752988,10085003.21477608
511,511.0,7409382.705179282,10104365.011256956
512,512.0,7424628.348605577,10123765.376172839
513,513.0,7439873.992031872,10143188.881558029
514,514.0,7455119.635458167,10162629.079350943
515,515.0,7470365.278884462,10182085.894652532
516,516.0,7485610.9223107565,10201557.099579088
517,517.0,7500856.565737052,10221029.52117891
518,518.0,7516102.209163346,10240495.758917872
519,519.0,7531347.852589641,10259955.665649448
520,520.0,7546593.496015936,10279407.16722736
521,521.0,7561839.139442231,10298847.980489295
522,522.0,7577084.782868526,10318276.770816425
523,523.0,7592330.42629482,10337691.399620086
524,524.0,7607576.069721115,10357093.18303322
525,525.0,7622821.71314741,10376485.84671466
526,526.0,7638067.356573705,10395869.815772645
527,527.0,7653313.0,10415248.743564103
528,528.0,7668558.643426294,10434623.49144019
529,529.0,7683804.286852589,10453996.101595948
530,530.0,7699049.930278884,10473368.276004089
531,531.0,7714295.573705179,10492739.419616153
532,532.0,7729541.217131474,10512111.025279282
533,533.0,7744786.8605577685,10531485.679703644
534,534.0,7760032.503984063,10550866.082214762
535,535.0,7775278.147410358,10570252.92539042
536,536.0,7790523.790836653,10589648.125612227
537,537.0,7805769.434262948,10609057.906529801
538,538.0,7821015.077689243,10628483.3912041
539,539.0,7836260.721115538,10647926.968871566
540,540.0,7851506.364541832,10667391.018786984
541,541.0,7866752.007968127,10686879.510016458
542,542.0,7881997.651394422,10706397.554730562
543,543.0,7897243.294820717,10725947.27183285
544,544.0,7912488.938247012,10745527.924940322
545,545.0,7927734.581673306,10765142.206507683
546,546.0,7942980.225099601,10784789.066702044
547,547.0,7958225.868525896,10804466.145772137
548,548.0,7973471.511952191,10824175.103605188
549,549.0,7988717.155378486,10843914.552444637
550,550.0,8003962.7988047805,10863686.08148738
551,551.0,8019208.442231075,10883492.768679388
552,552.0,8034454.08565737,10903331.335324973
553,553.0,8049699.729083665,10923201.666800495
554,554.0,8064945.37250996,10943104.584721122
555,555.0,8080191.0159362545,10963036.495263673
556,556.0,8095436.659362549,10982999.696608422
557,557.0,8110682.302788844,11002993.812794646
558,558.0,8125927.946215139,11023018.78911504
559,559.0,8141173.589641434,11043073.681245733
560,560.0,8156419.233067729,11063154.146315387
561,561.0,8171664.876494024,11083252.969298769
562,562.0,8186910.519920318,11103366.669725886
563,563.0,8202156.163346613,11123491.612995803
564,564.0,8217401.806772908,11143624.378892608
565,565.0,8232647.450199203,11163757.956694582
566,566.0,8247893.093625498,11183890.738580707
567,567.0,8263138.737051792,11204020.032819094
568,568.0,8278384.380478087,11224143.50521361
569,569.0,8293630.023904382,11244257.560430493
570,570.0,8308875.667330677,11264357.256296748
571,571.0,8324121.310756972,11284437.389888627
572,572.0,8339366.9541832665,11304498.500809586
573,573.0,8354612.597609561,11324537.384235872
574,574.0,8369858.241035856,11344551.415131943
575,575.0,8385103.884462151,11364543.333037393
576,576.0,8400349.527888445,11384508.975870201
577,577.0,8415595.17131474,11404445.306582995
578,578.0,8430840.814741036,11424351.148308573
579,579.0,8446086.45816733,11444228.09270177
580,580.0,8461332.101593625,11464080.59992104
581,581.0,8476577.74501992,11483916.384085255
582,582.0,8491823.388446216,11503737.587033533
583,583.0,8507069.031872509,11523546.6461025
584,584.0,8522314.675298804,11543346.090458946
585,585.0,8537560.3187251,11563137.957982931
586,586.0,8552805.962151393,11582929.825506916
587,587.0,8568051.605577689,11602721.693030901
588,588.0,8583297.249003984,11622513.560554886
589,589.0,8598542.892430278,11642305.428078871
590,590.0,8613788.535856573,11662097.295602856
591,591.0,8629034.179282868,11681889.163126841
592,592.0,8644279.822709164,11701681.030650826
593,593.0,8659525.466135457,11721472.898174811
594,594.0,8674771.109561753,11741264.765698796
595,595.0,8690016.752988048,11761056.633222781
596,596.0,8705262.396414341,11780848.500746766
597,597.0,8720508.039840637,11800640.368270751
598,598.0,8735753.683266932,11820432.235794736
599,599.0,8750999.326693228,11840224.103318721
600,600.0,8766244.970119521,11860015.970842706
601,601.0,8781490.613545816,11879807.838366691
602,602.0,8796736.256972112,11899599.705890676
603,603.0,8811981.900398405,11919391.573414661
604,604.0,8827227.5438247,11939183.440938646
605,605.0,8842473.187250996,11958975.308462631
606,606.0,8857718.83067729,11978767.175986616
607,607.0,8872964.474103585,11998559.0435106
608,608.0,8888210.11752988,12018350.911034586
609,609.0,8903455.760956176,12038142.77855857
610,610.0,8918701.40438247,12057934.646082556
611,611.0,8933947.047808765,12077726.51360654
612,612.0,8949192.69123506,12097518.381130526
613,613.0,8964438.334661353,12117310.24865451
614,614.0,8979683.978087649,12137102.116178496
615,615.0,8994929.621513944,12156893.98370248
616,616.0,9010175.26494024,12176685.851226466
617,617.0,9025420.908366533,12196477.71875045
618,618.0,9040666.551792828,12216269.586274436
619,619.0,9055912.195219124,12236061.45379842
620,620.0,9071157.838645417,12255853.321322406
621,621.0,9086403.482071713,12275645.18884639
622,622.0,9101649.125498008,12295437.056370376
623,623.0,9116894.768924301,12315228.92389436
624,624.0,9132140.412350597,12335020.791418346
625,625.0,9147386.055776892,12354812.65894233
626,626.0,9162631.699203188,12374604.526466316
627,627.0,9177877.342629481,12394396.3939903
628,628.0,9193122.986055776,12414188.261514286
629,629.0,9208368.629482072,12433980.12903827
630,630.0,9223614.272908365,12453771.996562256
631,631.0,9238859.91633466,12473563.86408624
632,632.0,9254105.559760956,12493355.731610226
633,633.0,9269351.203187251,12513147.59913421
634,634.0,9284596.846613545,12532939.466658195
635,635.0,9299842.49003984,12552731.33418218
636,636.0,9315088.133466136,12572523.201706165
637,637.0,9330333.77689243,12592315.06923015
638,638.0,9345579.420318725,12612106.936754135
639,639.0,9360825.06374502,12631898.80427812
640,640.0,9376070.707171313,12651690.671802105
641,641.0,9391316.350597609,12671482.53932609
642,642.0,9406561.994023904,12691274.406850075
643,643.0,9421807.6374502,12711066.27437406
644,644.0,9437053.280876493,12730858.141898045
645,645.0,9452298.924302788,12750650.00942203
646,646.0,9467544.567729084,12770441.876946015
647,647.0,9482790.211155377,12790233.74447
648,648.0,9498035.854581673,12810025.611993985
649,649.0,9513281.498007968,12829817.47951797
650,650.0,9528527.141434262,12849609.347041955
651,651.0,9543772.784860557,12869401.21456594
652,652.0,9559018.428286852,12889193.082089925
653,653.0,9574264.071713148,12908984.94961391
654,654.0,9589509.715139441,12928776.817137895
655,655.0,9604755.358565737,12948568.68466188
656,656.0,9620001.001992032,12968360.552185865
657,657.0,9635246.645418325,12988152.41970985
658,658.0,9650492.28884462,13007944.287233835
659,659.0,9665737.932270916,13027736.15475782
660,660.0,9680983.575697212,13047528.022281805
661,661.0,9696229.219123505,13067319.88980579
662,662.0,9711474.8625498,13087111.757329775
663,663.0,9726720.505976096,13106903.62485376
664,664.0,9741966.14940239,13126695.492377745
665,665.0,9757211.792828685,13146487.35990173
666,666.0,9772457.43625498,13166279.227425715
667,667.0,9787703.079681274,13186071.0949497
668,668.0,9802948.723107569,13205862.962473685
669,669.0,9818194.366533864,13225654.82999767
670,670.0,9833440.00996016,13245446.697521655
671,671.0,9848685.653386453,13265238.56504564
672,672.0,9863931.296812749,13285030.432569625
673,673.0,9879176.940239044,13304822.30009361
674,674.0,9894422.583665337,13324614.167617595
675,675.0,9909668.227091633,13344406.03514158
676,676.0,9924913.870517928,13364197.902665565
677,677.0,9940159.513944224,13383989.77018955
678,678.0,9955405.157370517,13403781.637713535
679,679.0,9970650.800796812,13423573.50523752
680,680.0,9985896.444223108,13443365.372761505
681,681.0,10001142.087649401,13463157.24028549
682,682.0,10016387.731075697,13482949.107809475
683,683.0,10031633.374501992,13502740.97533346
684,684.0,10046879.017928286,13522532.842857445
685,685.0,10062124.66135458,13542324.71038143
686,686.0,10077370.304780876,13562116.577905415
687,687.0,10092615.948207172,13581908.4454294
688,688.0,10107861.591633465,13601700.312953385
689,689.0,10123107.23505976,13621492.18047737
690,690.0,10138352.878486056,13641284.048001355
691,691.0,10153598.52191235,13661075.91552534
692,692.0,10168844.165338645,13680867.783049325
693,693.0,10184089.80876494,13700659.65057331
694,694.0,10199335.452191235,13720451.518097294
695,695.0,10214581.095617529,13740243.38562128
696,696.0,10229826.739043824,13760035.253145264
697,697.0,10245072.38247012,13779827.12066925
698,698.0,10260318.025896413,13799618.988193234
699,699.0,10275563.669322709,13819410.85571722
700,700.0,10290809.312749004,13839202.723241204
701,701.0,10306054.956175297,13858994.59076519
702,702.0,10321300.599601593,13878786.458289174
703,703.0,10336546.243027888,13898578.32581316
704,704.0,10351791.886454184,13918370.193337144
705,705.0,10367037.529880477,13938162.06086113
706,706.0,10382283.173306772,13957953.928385114
707,707.0,10397528.816733068,13977745.7959091
708,708.0,10412774.460159361,13997537.663433084
709,709.0,10428020.103585657,14017329.53095707
710,710.0,10443265.747011952,14037121.398481054
711,711.0,10458511.390438246,14056913.26600504
712,712.0,10473757.033864541,14076705.133529024
713,713.0,10489002.677290836,14096497.00105301
714,714.0,10504248.320717132,14116288.868576994
715,715.0,10519493.964143425,14136080.73610098
716,716.0,10534739.60756972,14155872.603624964
717,717.0,10549985.250996016,14175664.47114895
718,718.0,10565230.89442231,14195456.338672934
719,719.0,10580476.537848605,14215248.20619692
720,720.0,10595722.1812749,14235040.073720904
721,721.0,10610967.824701196,14254831.941244889
722,722.0,10626213.46812749,14274623.808768874
723,723.0,10641459.111553784,14294415.676292859
724,724.0,10656704.75498008,14314380.736886097
725,725.0,10671950.398406373,14334520.725032575
726,726.0,10687196.041832669,14354837.144269686
727,727.0,10702441.685258964,14375333.570219835
728,728.0,10717687.328685258,14396011.780767446
729,729.0,10732932.972111553,14416872.998294206
730,730.0,10748178.615537848,14437917.95796318
731,731.0,10763424.258964144,14459150.39175842
732,732.0,10778669.902390437,14480575.025796162
733,733.0,10793915.545816733,14502193.12021558
734,734.0,10809161.189243028,14524006.89370403
735,735.0,10824406.832669321,14546020.333253162
736,736.0,10839652.476095617,14568235.167024303
737,737.0,10854898.119521912,14590652.094288424
738,738.0,10870143.762948208,14613271.782686533
739,739.0,10885389.406374501,14636093.269276896
740,740.0,10900635.049800796,14659117.075070607
741,741.0,10915880.693227092,14682343.897787746
742,742.0,10931126.336653385,14705773.74343667
743,743.0,10946371.98007968,14729404.438998763
744,744.0,10961617.623505976,14753035.134560855
745,745.0,10976863.26693227,14776665.830122948
746,746.0,10992108.910358565,14800296.52568504
747,747.0,11007354.55378486,14823927.221247133
748,748.0,11022600.197211156,14847557.916809225
749,749.0,11037845.84063745,14871188.612371318
750,750.0,11053091.484063745,14894819.30793341
751,751.0,11068337.12749004,14918450.003495503
752,752.0,11083582.770916333,14942080.699057596
753,753.0,11098828.414342629,14965711.394619688
754,754.0,11114074.057768924,14989342.090181781
755,755.0,11129319.701195218,15012972.785743874
756,756.0,11144565.344621513,15036603.481305966
757,757.0,11159810.988047808,15060234.176868059
758,758.0,11175056.631474104,15083864.872430151
759,759.0,11190302.274900397,15107495.567992244
760,760.0,11205547.918326693,15131126.263554337
761,761.0,11220793.561752988,15154756.95911643
762,762.0,11236039.205179282,15178387.654678522
763,763.0,11251284.848605577,15202018.350240614
764,764.0,11266530.492031872,15225649.045802707
765,765.0,11281776.135458168,15249279.7413648
766,766.0,11297021.778884461,15272910.436926892
767,767.0,11312267.422310757,15296541.132488985
768,768.0,11327513.065737052,15320171.828051077
769,769.0,11342758.709163345,15343802.52361317
770,770.0,11358004.35258964,15367433.219175262
771,771.0,11373249.996015936,15391063.914737355
772,772.0,11388495.63944223,15414694.610299448
773,773.0,11403741.282868525,15438325.30586154
774,774.0,11418986.92629482,15461956.001423633
775,775.0,11434232.569721116,15485586.696985725
776,776.0,11449478.21314741,15509217.392547818
777,777.0,11464723.856573705,15532848.08810991
778,778.0,11479969.5,15556478.783672003
779,779.0,11495215.143426294,15580109.479234096
780,780.0,11510460.786852589,15603740.174796188
781,781.0,11525706.430278884,15627370.87035828
782,782.0,11540952.07370518,15651001.565920373
783,783.0,11556197.717131473,15674632.261482466
784,784.0,11571443.360557768,15698262.957044559
785,785.0,11586689.003984064,15721893.652606651
786,786.0,11601934.647410357,15745524.348168744
787,787.0,11617180.290836653,15769155.043730836
788,788.0,11632425.934262948,15792785.739292929
789,789.0,11647671.577689242,15816416.434855022
790,790.0,11662917.221115537,15840047.130417114
791,791.0,11678162.864541832,15863677.825979207
792,792.0,11693408.507968128,15887308.5215413
793,793.0,11708654.151394421,15910939.217103392
794,794.0,11723899.794820717,15934569.912665484
795,795.0,11739145.438247012,15958200.608227577
796,796.0,11754391.081673305,15981831.30378967
797,797.0,11769636.7250996,16005461.999351762
798,798.0,11784882.368525896,16029092.694913855
799,799.0,11800128.011952192,16052723.390475947
800,800.0,11815373.655378485,16076354.08603804
801,801.0,11830619.29880478,16099984.781600133
802,802.0,11845864.942231076,16123615.477162225
803,803.0,11861110.58565737,16147246.172724318
804,804.0,11876356.229083665,16170876.86828641
805,805.0,11891601.87250996,16194507.563848503
806,806.0,11906847.515936254,16218138.259410596
807,807.0,11922093.159362549,16241768.954972688
808,808.0,11937338.802788844,16265399.65053478
809,809.0,11952584.44621514,16289030.346096873
810,810.0,11967830.089641433,16312661.041658966
811,811.0,11983075.733067729,16336291.737221058
812,812.0,11998321.376494024,16359922.432783151
813,813.0,12013567.019920317,16383553.128345244
814,814.0,12028812.663346613,16407183.823907336
815,815.0,12044058.306772908,16430814.519469429
816,816.0,12059303.950199202,16454445.215031521
817,817.0,12074549.593625497,16478075.910593614
818,818.0,12089795.237051792,16501706.606155707
819,819.0,12105040.880478088,16525337.3017178
820,820.0,12120286.523904381,16548967.997279892
821,821.0,12135532.167330677,16572598.692841984
822,822.0,12150777.810756972,16596229.388404077
823,823.0,12166023.454183266,16619860.08396617
824,824.0,12181269.097609561,16643490.779528262
825,825.0,12196514.741035856,16667121.475090355
826,826.0,12211760.384462152,16690752.170652447
827,827.0,12227006.027888445,16714382.86621454
828,828.0,12242251.67131474,16738013.561776632
829,829.0,12257497.314741036,16761644.257338725
830,830.0,12272742.95816733,16785274.95290082
831,831.0,12287988.601593625,16808905.648462914
832,832.0,12303234.24501992,16832536.34402501
833,833.0,12318479.888446214,16856167.039587103
834,834.0,12333725.531872509,16879797.735149197
835,835.0,12348971.175298804,16903428.43071129
836,836.0,12364216.8187251,16927059.126273386
837,837.0,12379462.462151393,16950689.82183548
838,838.0,12394708.105577689,16974320.517397575
839,839.0,12409953.749003984,16997951.21295967
840,840.0,12425199.392430278,17021581.908521764
841,841.0,12440445.035856573,17045212.60408386
842,842.0,12455690.679282868,17068843.299645953
843,843.0,12470936.322709164,17092473.995208047
844,844.0,12486181.966135457,17116104.69077014
845,845.0,12501427.609561753,17139735.386332236
846,846.0,12516673.252988048,17163366.08189433
847,847.0,12531918.896414341,17186996.777456425
848,848.0,12547164.539840637,17210627.47301852
849,849.0,12562410.183266932,17234258.168580614
850,850.0,12577655.826693226,17257888.86414271
851,851.0,12592901.470119521,17281519.559704803
852,852.0,12608147.113545816,17305150.255266897
853,853.0,12623392.756972112,17328780.95082899
854,854.0,12638638.400398405,17352411.646391086
855,855.0,12653884.0438247,17376042.34195318
856,856.0,12669129.687250996,17399673.037515275
857,857.0,12684375.33067729,17423303.73307737
858,858.0,12699620.974103585,17446934.428639464
859,859.0,12714866.61752988,17470565.12420156
860,860.0,12730112.260956174,17494195.819763653
861,861.0,12745357.90438247,17517826.515325747
862,862.0,12760603.547808765,17541457.210887842
863,863.0,12775849.19123506,17565087.906449936
864,864.0,12791094.834661353,17588718.60201203
865,865.0,12806340.478087649,17612349.297574125
866,866.0,12821586.121513944,17635979.99313622
867,867.0,12836831.764940238,17659610.688698314
868,868.0,12852077.408366533,17683241.38426041
869,869.0,12867323.051792828,17706872.079822503
870,870.0,12882568.695219124,17730502.775384597
871,871.0,12897814.338645417,17754133.470946692
872,872.0,12913059.982071713,17777764.166508786
873,873.0,12928305.625498008,17801394.86207088
874,874.0,12943551.268924301,17825025.557632975
875,875.0,12958796.912350597,17848656.25319507
876,876.0,12974042.555776892,17872286.948757164
877,877.0,12989288.199203186,17895917.64431926
878,878.0,13004533.842629481,17919548.339881353
879,879.0,13019779.486055776,17943179.035443448
880,880.0,13035025.129482072,17966809.731005542
881,881.0,13050270.772908365,17990440.426567636
882,882.0,13065516.41633466,18014087.457349703
883,883.0,13080762.059760956,18037745.428674694
884,884.0,13096007.70318725,18061414.45520082
885,885.0,13111253.346613545,18085091.684395168
886,886.0,13126498.99003984,18108783.99974449
887,887.0,13141744.633466136,18132500.693970334
888,888.0,13156990.27689243,18156248.116457064
889,889.0,13172235.920318725,18180028.64130243
890,890.0,13187481.56374502,18203845.459148336
891,891.0,13202727.207171313,18227705.56726083
892,892.0,13217972.850597609,18251626.511872232
893,893.0,13233218.494023904,18275620.830378633
894,894.0,13248464.137450198,18299697.18252438
895,895.0,13263709.780876493,18323865.310036212
896,896.0,13278955.424302788,18348125.30752918
897,897.0,13294201.067729084,18372476.862744585
898,898.0,13309446.711155377,18396921.729193624
899,899.0,13324692.354581673,18421465.355553817
900,900.0,13339937.998007968,18446111.271824464
901,901.0,13355183.641434262,18470866.549403433
902,902.0,13370429.284860557,18495695.107550915
903,903.0,13385674.928286852,18520591.010942508
904,904.0,13400920.571713148,18545551.94239904
905,905.0,13416166.215139441,18570578.076317843
906,906.0,13431411.858565737,18595661.55610088
907,907.0,13446657.501992032,18620791.656645503
908,908.0,13461903.145418325,18645959.09699313
909,909.0,13477148.78884462,18671159.09123121
910,910.0,13492394.432270916,18696382.665754855
911,911.0,13507640.07569721,18721619.627253752
912,912.0,13522885.719123505,18746893.02064015
913,913.0,13538131.3625498,18772201.65253098
914,914.0,13553377.005976096,18797536.60866499
915,915.0,13568622.64940239,18822889.033013232
916,916.0,13583868.292828685,18848256.845015336
917,917.0,13599113.93625498,18873641.161127053
918,918.0,13614359.579681274,18899040.80573536
919,919.0,13629605.223107569,18924450.387815356
920,920.0,13644850.866533864,18949868.61872064
921,921.0,13660096.509960158,18975290.58582388
922,922.0,13675342.153386453,19000757.36387519
923,923.0,13690587.796812749,19026277.491604917
924,924.0,13705833.440239044,19051851.73521864
925,925.0,13721079.083665337,19077478.071567364
926,926.0,13736324.727091633,19103153.37636389
927,927.0,13751570.370517928,19128867.511671804
928,928.0,13766816.013944222,19154620.06654015
929,929.0,13782061.657370517,19180407.919837393
930,930.0,13797307.300796812,19206230.953280997
931,931.0,13812552.944223108,19232092.730942294
932,932.0,13827798.587649401,19257953.152817
933,933.0,13843044.231075697,19283799.129820004
934,934.0,13858289.874501992,19309627.18254096
935,935.0,13873535.517928286,19335429.461181372
936,936.0,13888781.16135458,19361170.117589902
937,937.0,13904026.804780876,19386797.33970502
938,938.0,13919272.44820717,19412268.704194307
939,939.0,13934518.091633465,19437583.56061246
940,940.0,13949763.73505976,19462733.46882307
941,941.0,13965009.378486056,19487720.291134592
942,942.0,13980255.02191235,19512543.409442704
943,943.0,13995500.665338645,19537203.036627837
944,944.0,14010746.30876494,19561701.151886076
945,945.0,14025991.952191234,19586017.720468227
946,946.0,14041237.595617529,19610179.335121058
947,947.0,14056483.239043824,19634256.997378584
948,948.0,14071728.88247012,19658295.748494063
949,949.0,14086974.525896413,19682302.448736556
950,950.0,14102220.169322709,19706283.776751775
951,951.0,14117465.812749004,19730240.601952687
952,952.0,14132711.456175297,19754162.84290071
953,953.0,14147957.099601593,19778040.109680776
954,954.0,14163202.743027888,19801880.058803517
955,955.0,14178448.386454182,19825712.224806033
956,956.0,14193694.029880477,19849590.339716624
957,957.0,14208939.673306772,19873564.639299035
958,958.0,14224185.316733068,19897673.054425914
959,959.0,14239430.960159361,19921914.304039314
960,960.0,14254676.603585657,19946294.80882883
961,961.0,14269922.247011952,19970797.06691524
962,962.0,14285167.890438246,19995432.641118012
963,963.0,14300413.533864541,20020214.32780009
964,964.0,14315659.177290836,20045139.840527173
965,965.0,14330904.82071713,20070237.92742193
966,966.0,14346150.464143425,20095481.08548851
967,967.0,14361396.10756972,20120779.33054105
968,968.0,14376641.750996016,20146093.153144125
969,969.0,14391887.39442231,20171418.2891297
970,970.0,14407133.037848605,20196748.15464662
971,971.0,14422378.6812749,20222092.090601947
972,972.0,14437624.324701194,20247457.064026814
973,973.0,14452869.96812749,20272856.491509408
974,974.0,14468115.611553784,20298284.054192055
975,975.0,14483361.25498008,20323714.24684309
976,976.0,14498606.898406373,20349135.402542703
977,977.0,14513852.541832669,20374575.587707758
978,978.0,14529098.185258964,20400036.32987645
979,979.0,14544343.828685258,20425516.45162468
980,980.0,14559589.472111553,20451013.346540637
981,981.0,14574835.115537848,20476544.716135904
982,982.0,14590080.758964142,20502099.811439123
983,983.0,14605326.402390437,20527665.19453965
984,984.0,14620572.045816733,20553242.476678535
985,985.0,14635817.689243028,20578828.252939694
986,986.0,14651063.332669321,20604430.266250934
987,987.0,14666308.976095617,20630076.917514674
988,988.0,14681554.619521912,20655764.53858326
989,989.0,14696800.262948206,20681496.531693894
990,990.0,14712045.906374501,20707276.959750686
991,991.0,14727291.549800796,20733061.91408202
992,992.0,14742537.193227092,20758847.47424603
993,993.0,14757782.836653385,20784628.863993812
994,994.0,14773028.48007968,20810397.512632504
995,995.0,14788274.123505976,20836144.88111735
996,996.0,14803519.76693227,20861855.061229926
997,997.0,14818765.410358565,20887492.94564196
998,998.0,14834011.05378486,20913056.18026445
999,999.0,14849256.697211154,20938546.550417922
1000,1000.0,14864502.34063745,20963964.276397474
1001,1001.0,14879747.984063745,20989340.063056055
1002,1002.0,14894993.62749004,21014679.462972574
1003,1003.0,14910239.270916333,21039988.263789773
1004,1004.0,14925484.914342629,21065274.204288512
1005,1005.0,14940730.557768924,21090543.46986816
1006,1006.0,14955976.201195218,21115803.15210454
1007,1007.0,14971221.844621513,21141061.92907115
1008,1008.0,14986467.488047808,21166324.35588942
1009,1009.0,15001713.131474104,21191586.605601747
1010,1010.0,15016958.774900397,21216845.76969748
1011,1011.0,15032204.418326693,21242133.27264795
1012,1012.0,15047450.061752988,21267456.00263956
1013,1013.0,15062695.705179282,21292813.396643475
1014,1014.0,15077941.348605577,21318197.61319398
1015,1015.0,15093186.992031872,21343565.449311763
1016,1016.0,15108432.635458166,21368922.974515855
1017,1017.0,15123678.278884461,21394279.515094362
1018,1018.0,15138923.922310757,21419638.30214
1019,1019.0,15154169.565737052,21445001.09575314
1020,1020.0,15169415.209163345,21470368.846661128
1021,1021.0,15184660.85258964,21495712.122362297
1022,1022.0,15199906.496015936,21521025.968475074
1023,1023.0,15215152.13944223,21546309.834633306
1024,1024.0,15230397.782868525,21571573.220055506
1025,1025.0,15245643.42629482,21596859.564996075
1026,1026.0,15260889.069721114,21622161.35102528
1027,1027.0,15276134.71314741,21647475.17483803
1028,1028.0,15291380.356573705,21672797.057342824
1029,1029.0,15306626.0,21698128.262290616
1030,1030.0,15321871.643426294,21723469.821544774
1031,1031.0,15337117.286852589,21748819.879311692
1032,1032.0,15352362.930278884,21774176.32735034
1033,1033.0,15367608.573705178,21799538.158746544
1034,1034.0,15382854.217131473,21824914.843632963
1035,1035.0,15398099.860557768,21850358.7205537
1036,1036.0,15413345.503984064,21875874.952638667
1037,1037.0,15428591.147410357,21901452.978879772
1038,1038.0,15443836.790836653,21927149.98461397
1039,1039.0,15459082.434262948,21952906.53254906
1040,1040.0,15474328.077689242,21978715.051447097
1041,1041.0,15489573.721115537,22004574.590891723
1042,1042.0,15504819.364541832,22030483.454477828
1043,1043.0,15520065.007968126,22056418.428939614
1044,1044.0,15535310.651394421,22082320.585857477
1045,1045.0,15550556.294820717,22108174.291556932
1046,1046.0,15565801.938247012,22133970.151157618
1047,1047.0,15581047.581673305,22159695.756889213
1048,1048.0,15596293.2250996,22185349.858606707
1049,1049.0,15611538.868525896,22210928.63872573
1050,1050.0,15626784.51195219,22236436.166064985
1051,1051.0,15642030.155378485,22261872.26739793
1052,1052.0,15657275.79880478,22287240.8829911
1053,1053.0,15672521.442231076,22312562.73371058
1054,1054.0,15687767.08565737,22337848.05696938
1055,1055.0,15703012.729083665,22363106.915658545
1056,1056.0,15718258.37250996,22388354.3649587
1057,1057.0,15733504.015936254,22413603.392405443
1058,1058.0,15748749.659362549,22438854.80458201
1059,1059.0,15763995.302788844,22464107.831469715
1060,1060.0,15779240.946215138,22489367.449394573
1061,1061.0,15794486.589641433,22514627.76382943
1062,1062.0,15809732.233067729,22539876.12769599
1063,1063.0,15824977.876494024,22565103.909439366
1064,1064.0,15840223.519920317,22590312.869747616
1065,1065.0,15855469.163346613,22615509.92188552
1066,1066.0,15870714.806772908,22640700.963689104
1067,1067.0,15885960.450199202,22665901.628876302
1068,1068.0,15901206.093625497,22691112.546182364
1069,1069.0,15916451.737051792,22716337.64776743
1070,1070.0,15931697.380478086,22741538.956163626
1071,1071.0,15946943.023904381,22766691.19862372
1072,1072.0,15962188.667330677,22791803.84878019
1073,1073.0,15977434.310756972,22816877.952744905
1074,1074.0,15992679.954183266,22841905.731825862
1075,1075.0,16007925.597609561,22866881.13539114
1076,1076.0,16023171.241035856,22891763.2127288
1077,1077.0,16038416.88446215,22916497.53459623
1078,1078.0,16053662.527888445,22941060.12460225
1079,1079.0,16068908.17131474,22965442.972443953
1080,1080.0,16084153.814741036,22989685.24326692
1081,1081.0,16099399.45816733,23013824.652488537
1082,1082.0,16114645.101593625,23037874.318046518
1083,1083.0,16129890.74501992,23061839.412987106
1084,1084.0,16145136.388446214,23085729.58048542
1085,1085.0,16160382.031872509,23109546.87771904
1086,1086.0,16175627.675298804,23133326.223704252
1087,1087.0,16190873.318725098,23157106.826264713
1088,1088.0,16206118.962151393,23180914.34941803
1089,1089.0,16221364.605577689,23204756.899683993
1090,1090.0,16236610.249003984,23228648.938621603
1091,1091.0,16251855.892430278,23252606.53949853
1092,1092.0,16267101.535856573,23276621.71149238
1093,1093.0,16282347.179282868,23300691.1837685
1094,1094.0,16297592.822709162,23324811.560414743
1095,1095.0,16312838.466135457,23348980.310245305
1096,1096.0,16328084.109561753,23373230.274136588
1097,1097.0,16343329.752988048,23397587.667630572
1098,1098.0,16358575.396414341,23422059.30281069
1099,1099.0,16373821.039840637,23446653.505348485
1100,1100.0,16389066.683266932,23471353.817528322
1101,1101.0,16404312.326693226,23496141.459384624
1102,1102.0,16419557.970119521,23521013.923331607
1103,1103.0,16434803.613545816,23545978.441736892
1104,1104.0,16450049.25697211,23571033.439799346
1105,1105.0,16465294.900398405,23596185.21838593
1106,1106.0,16480540.5438247,23621401.444099087
1107,1107.0,16495786.187250996,23646655.14170838
1108,1108.0,16511031.83067729,23671938.186913677
1109,1109.0,16526277.474103585,23697244.38074624
1110,1110.0,16541523.11752988,23722596.946254436
1111,1111.0,16556768.760956174,23748005.626894906
1112,1112.0,16572014.40438247,23773469.835052077
1113,1113.0,16587260.047808765,23798975.08562296
1114,1114.0,16602505.69123506,23824516.072611794
1115,1115.0,16617751.334661353,23850076.65385224
1116,1116.0,16632996.978087649,23875611.881742228
1117,1117.0,16648242.621513944,23901133.756184757
1118,1118.0,16663488.264940238,23926660.811273422
1119,1119.0,16678733.908366533,23952192.814140774
1120,1120.0,16693979.551792828,23977703.77872566
1121,1121.0,16709225.195219122,24003149.475562613
1122,1122.0,16724470.838645417,24028571.651735473
1123,1123.0,16739716.482071713,24053970.510443874
1124,1124.0,16754962.125498008,24079337.55041727
1125,1125.0,16770207.768924301,24104672.255853187
1126,1126.0,16785453.412350595,24129964.156914786
1127,1127.0,16800699.05577689,24155194.981624123
1128,1128.0,16815944.699203186,24180364.229013767
1129,1129.0,16831190.34262948,24205472.793750003
1130,1130.0,16846435.986055776,24230509.912627827
1131,1131.0,16861681.62948207,24255436.795495197
1132,1132.0,16876927.272908367,24280254.672132798
1133,1133.0,16892172.91633466,24304973.342915855
1134,1134.0,16907418.559760954,24329625.46856435
1135,1135.0,16922664.20318725,24354297.481832616
1136,1136.0,16937909.846613545,24378998.484280873
1137,1137.0,16953155.49003984,24403728.154384654
1138,1138.0,16968401.133466136,24428482.306160934
1139,1139.0,16983646.77689243,24453262.67154006
1140,1140.0,16998892.420318723,24478053.683518957
1141,1141.0,17014138.063745018,24502867.565399934
1142,1142.0,17029383.707171313,24527699.87016364
1143,1143.0,17044629.35059761,24552547.05792645
1144,1144.0,17059874.994023904,24577416.110097207
1145,1145.0,17075120.6374502,24602305.165006604
1146,1146.0,17090366.280876495,24627204.781889085
1147,1147.0,17105611.924302787,24652111.924602248
1148,1148.0,17120857.567729082,24677019.10534803
1149,1149.0,17136103.211155377,24701920.58150449
1150,1150.0,17151348.854581673,24726823.605114132
1151,1151.0,17166594.498007968,24751733.74008196
1152,1152.0,17181840.141434263,24776646.21739766
1153,1153.0,17197085.784860555,24801559.03018106
1154,1154.0,17212331.42828685,24826452.684406053
1155,1155.0,17227577.071713146,24851285.43690593
1156,1156.0,17242822.71513944,24876056.982586265
1157,1157.0,17258068.358565737,24900765.677483134
1158,1158.0,17273314.001992032,24925424.257103186
1159,1159.0,17288559.645418327,24950038.477810357
1160,1160.0,17303805.28884462,24974656.737718713
1161,1161.0,17319050.932270914,24999321.726310093
1162,1162.0,17334296.57569721,25023991.376002923
1163,1163.0,17349542.219123505,25048655.974883478
1164,1164.0,17364787.8625498,25073314.409763727
1165,1165.0,17380033.505976096,25097962.64001443
1166,1166.0,17395279.14940239,25122604.479994543
1167,1167.0,17410524.792828683,25147239.95291307
1168,1168.0,17425770.43625498,25171855.03073526
1169,1169.0,17441016.079681274,25196447.717456553
1170,1170.0,17456261.72310757,25221018.41149557
1171,1171.0,17471507.366533864,25245595.691814233
1172,1172.0,17486753.00996016,25270232.790763125
1173,1173.0,17501998.653386455,25294935.60992048
1174,1174.0,17517244.296812747,25319683.78903147
1175,1175.0,17532489.940239042,25344482.304794844
1176,1176.0,17547735.583665337,25369368.596262682
1177,1177.0,17562981.227091633,25394300.182469383
1178,1178.0,17578226.87051793,25419276.61055767
1179,1179.0,17593472.513944224,25444261.4271015
1180,1180.0,17608718.15737052,25469194.740848057
1181,1181.0,17623963.80079681,25494120.8046193
1182,1182.0,17639209.444223106,25519053.422659636
1183,1183.0,17654455.0876494,25544004.687034603
1184,1184.0,17669700.731075697,25568957.70573027
1185,1185.0,17684946.374501992,25593907.65835503
1186,1186.0,17700192.017928287,25618850.946055498
1187,1187.0,17715437.66135458,25643800.81403642
1188,1188.0,17730683.304780874,25668762.869961344
1189,1189.0,17745928.94820717,25693750.694378085
1190,1190.0,17761174.591633465,25718774.78088586
1191,1191.0,17776420.23505976,25743786.147532687
1192,1192.0,17791665.878486056,25768777.467403352
1193,1193.0,17806911.52191235,25793778.199102353
1194,1194.0,17822157.165338643,25818805.600772716
1195,1195.0,17837402.80876494,25843868.550336387
1196,1196.0,17852648.452191234,25868992.797016196
1197,1197.0,17867894.09561753,25894132.022711918
1198,1198.0,17883139.739043824,25919276.782511048
1199,1199.0,17898385.38247012,25944430.830723453
1200,1200.0,17913631.025896415,25969599.111701183
1201,1201.0,17928876.669322707,25994779.97950346
1202,1202.0,17944122.312749002,26019955.77419458
1203,1203.0,17959367.956175297,26045113.654785246
1204,1204.0,17974613.599601593,26070273.31921122
1205,1205.0,17989859.24302789,26095440.52462878
1206,1206.0,18005104.886454184,26120621.640398815
1207,1207.0,18020350.52988048,26145873.01100865
1208,1208.0,18035596.17330677,26171199.247539025
1209,1209.0,18050841.816733066,26196590.45089044
1210,1210.0,18066087.46015936,26222015.036408447
1211,1211.0,18081333.103585657,26247459.538188454
1212,1212.0,18096578.747011952,26272938.027382325
1213,1213.0,18111824.390438247,26298442.431653198
1214,1214.0,18127070.03386454,26323951.357367933
1215,1215.0,18142315.677290834,26349452.5638292
1216,1216.0,18157561.32071713,26374899.6489275
1217,1217.0,18172806.964143425,26400324.21465057
1218,1218.0,18188052.60756972,26425727.845234524
1219,1219.0,18203298.250996016,26451105.80505507
1220,1220.0,18218543.89442231,26476444.798574615
1221,1221.0,18233789.537848603,26501755.167405978
1222,1222.0,18249035.1812749,26527052.621896
1223,1223.0,18264280.824701194,26552336.84232443
1224,1224.0,18279526.46812749,26577574.23470185
1225,1225.0,18294772.111553784,26602763.50410941
1226,1226.0,18310017.75498008,26627931.659944467
1227,1227.0,18325263.398406375,26653030.92679014
1228,1228.0,18340509.041832667,26678060.734451044
1229,1229.0,18355754.685258962,26703026.04113556
1230,1230.0,18371000.328685258,26728001.519503802
1231,1231.0,18386245.972111553,26752978.268243033
1232,1232.0,18401491.61553785,26777959.0243867
1233,1233.0,18416737.258964144,26802979.481726136
1234,1234.0,18431982.90239044,26828046.318961937
1235,1235.0,18447228.54581673,26853184.616991814
1236,1236.0,18462474.189243026,26878398.145013284
1237,1237.0,18477719.83266932,26903689.43304478
1238,1238.0,18492965.476095617,26929062.875367187
1239,1239.0,18508211.119521912,26954532.366432313
1240,1240.0,18523456.762948208,26980082.73614877
1241,1241.0,18538702.406374503,27005713.81801182
1242,1242.0,18553948.049800795,27031426.009220127
1243,1243.0,18569193.69322709,27057251.978666387
1244,1244.0,18584439.336653385,27083190.47137834
1245,1245.0,18599684.98007968,27109213.70718075
1246,1246.0,18614930.623505976,27135319.490683652
1247,1247.0,18630176.26693227,27161505.38318279
1248,1248.0,18645421.910358563,27187765.685554087
1249,1249.0,18660667.55378486,27214064.631890137
1250,1250.0,18675913.197211154,27240404.25977596
1251,1251.0,18691158.84063745,27266783.28265978
1252,1252.0,18706404.484063745,27293200.672379285
1253,1253.0,18721650.12749004,27319624.155023474
1254,1254.0,18736895.770916335,27346051.917280164
1255,1255.0,18752141.414342627,27372486.569839604
1256,1256.0,18767387.057768922,27398928.40578069
1257,1257.0,18782632.701195218,27425375.898524508
1258,1258.0,18797878.344621513,27451830.04927416
1259,1259.0,18813123.98804781,27478288.076980405
1260,1260.0,18828369.631474104,27504751.159477804
1261,1261.0,18843615.2749004,27531215.230778612
1262,1262.0,18858860.91832669,27557678.196702797
1263,1263.0,18874106.561752986,27584140.006600805
1264,1264.0,18889352.20517928,27610602.17951912
1265,1265.0,18904597.848605577,27637064.827799395
1266,1266.0,18919843.492031872,27663526.041961715
1267,1267.0,18935089.135458168,27689984.456953727
1268,1268.0,18950334.778884463,27716438.97321392
1269,1269.0,18965580.422310755,27742878.495412767
1270,1270.0,18980826.06573705,27769245.271556616
1271,1271.0,18996071.709163345,27795519.00287693
1272,1272.0,19011317.35258964,27821696.17057359
1273,1273.0,19026562.996015936,27847777.94151979
1274,1274.0,19041808.63944223,27873764.289691597
1275,1275.0,19057054.282868523,27899654.96806795
1276,1276.0,19072299.92629482,27925356.316596538
1277,1277.0,19087545.569721114,27950968.47209633
1278,1278.0,19102791.21314741,27976471.508643966
1279,1279.0,19118036.856573705,28001892.69055389
1280,1280.0,19133282.5,28027254.771720923
1281,1281.0,19148528.143426295,28052561.443332504
1282,1282.0,19163773.786852587,28077812.083695315
1283,1283.0,19179019.430278882,28103006.664144263
1284,1284.0,19194265.073705178,28128146.992953904
1285,1285.0,19209510.717131473,28153236.385791045
1286,1286.0,19224756.36055777,28178273.750509985
1287,1287.0,19240002.003984064,28203259.07858243
1288,1288.0,19255247.64741036,28228233.66886669
1289,1289.0,19270493.29083665,28253278.60053485
1290,1290.0,19285738.934262946,28278413.911881644
1291,1291.0,19300984.57768924,28303640.03168182
1292,1292.0,19316230.221115537,28328951.277905636
1293,1293.0,19331475.864541832,28354347.901092254
1294,1294.0,19346721.507968128,28379828.855497964
1295,1295.0,19361967.151394423,28405392.895510018
1296,1296.0,19377212.794820715,28431037.4404307
1297,1297.0,19392458.43824701,28456729.33376229
1298,1298.0,19407704.081673305,28482490.395064574
1299,1299.0,19422949.7250996,28508295.591333903
1300,1300.0,19438195.368525896,28534126.942270618
1301,1301.0,19453441.01195219,28559988.76016892
1302,1302.0,19468686.655378487,28585883.549357172
1303,1303.0,19483932.29880478,28611809.348272134
1304,1304.0,19499177.942231074,28637759.668037854
1305,1305.0,19514423.58565737,28663715.340127
1306,1306.0,19529669.229083665,28689678.200790916
1307,1307.0,19544914.87250996,28715679.900225833
1308,1308.0,19560160.515936255,28741689.90835916
1309,1309.0,19575406.159362547,28767683.08055791
1310,1310.0,19590651.802788842,28793659.76452484
1311,1311.0,19605897.446215138,28819595.80494374
1312,1312.0,19621143.089641433,28845513.52392423
1313,1313.0,19636388.73306773,28871417.506381337
1314,1314.0,19651634.376494024,28897328.072909124
1315,1315.0,19666880.01992032,28923243.006622527
1316,1316.0,19682125.66334661,28949191.4344257
1317,1317.0,19697371.306772906,28975172.800843976
1318,1318.0,19712616.9501992,29001185.27710584
1319,1319.0,19727862.593625497,29027212.801246848
1320,1320.0,19743108.237051792,29053250.217269342
1321,1321.0,19758353.880478088,29079296.72114206
1322,1322.0,19773599.523904383,29105352.103140242
1323,1323.0,19788845.167330675,29131419.946736835
1324,1324.0,19804090.81075697,29157516.469420232
1325,1325.0,19819336.454183266,29183640.583174538
1326,1326.0,19834582.09760956,29209760.69170593
1327,1327.0,19849827.741035856,29235876.220916744
1328,1328.0,19865073.38446215,29261986.78990915
1329,1329.0,19880319.027888447,29288107.61204258
1330,1330.0,19895564.67131474,29314243.742903963
1331,1331.0,19910810.314741034,29340395.1211465
1332,1332.0,19926055.95816733,29366562.110369038
1333,1333.0,19941301.601593625,29392740.26641519
1334,1334.0,19956547.24501992,29418910.83811024
1335,1335.0,19971792.888446216,29445073.633237638
1336,1336.0,19987038.531872507,29471226.706307456
1337,1337.0,20002284.175298803,29497369.561519094
1338,1338.0,20017529.818725098,29523500.818518654
1339,1339.0,20032775.462151393,29549633.81121935
1340,1340.0,20048021.10557769,29575770.390829924
1341,1341.0,20063266.749003984,29601911.695664816
1342,1342.0,20078512.39243028,29628067.85241095
1343,1343.0,20093758.03585657,29654235.847225945
1344,1344.0,20109003.679282866,29680419.101347305
1345,1345.0,20124249.32270916,29706625.485070482
1346,1346.0,20139494.966135457,29732855.834548198
1347,1347.0,20154740.609561753,29759110.80088319
1348,1348.0,20169986.252988048,29785377.29242579
1349,1349.0,20185231.896414343,29811658.184489287
1350,1350.0,20200477.539840635,29837957.683203798
1351,1351.0,20215723.18326693,29864272.65993622
1352,1352.0,20230968.826693226,29890601.18071137
1353,1353.0,20246214.47011952,29916944.90902398
1354,1354.0,20261460.113545816,29943307.710800685
1355,1355.0,20276705.75697211,29969689.94082962
1356,1356.0,20291951.400398407,29996094.356991053
1357,1357.0,20307197.0438247,30022521.027373016
1358,1358.0,20322442.687250994,30048967.457556628
1359,1359.0,20337688.33067729,30075427.63147592
1360,1360.0,20352933.974103585,30101895.395974185
1361,1361.0,20368179.61752988,30128368.143283583
1362,1362.0,20383425.260956176,30154829.817215905
1363,1363.0,20398670.90438247,30181274.893074136
1364,1364.0,20413916.547808763,30207651.853568956
1365,1365.0,20429162.191235058,30233976.861774135
1366,1366.0,20444407.834661353,30260244.432552796
1367,1367.0,20459653.47808765,30286450.10044782
1368,1368.0,20474899.121513944,30312575.995535765
1369,1369.0,20490144.76494024,30338620.092168257
1370,1370.0,20505390.40836653,30364584.81993929
1371,1371.0,20520636.051792827,30390486.31936191
1372,1372.0,20535881.695219122,30416324.22776454
1373,1373.0,20551127.338645417,30442099.940312114
1374,1374.0,20566372.982071713,30467823.2640239
1375,1375.0,20581618.625498008,30493500.649211574
1376,1376.0,20596864.268924303,30519135.28806743
1377,1377.0,20612109.912350595,30544733.600946058
1378,1378.0,20627355.55577689,30570313.124479003
1379,1379.0,20642601.199203186,30595879.683633886
1380,1380.0,20657846.84262948,30621439.526729
1381,1381.0,20673092.486055776,30647008.49662164
1382,1382.0,20688338.12948207,30672591.629098088
1383,1383.0,20703583.772908367,30698196.098473173
1384,1384.0,20718829.41633466,30723830.042010408
1385,1385.0,20734075.059760954,30749504.89778105
1386,1386.0,20749320.70318725,30775274.95098879
1387,1387.0,20764566.346613545,30801110.64269043
1388,1388.0,20779811.99003984,30827010.991584133
1389,1389.0,20795057.633466136,30852975.573928203
1390,1390.0,20810303.27689243,30878993.010541108
1391,1391.0,20825548.920318723,30905063.892925832
1392,1392.0,20840794.563745018,30931188.241546173
1393,1393.0,20856040.207171313,30957360.319681056
1394,1394.0,20871285.85059761,30983573.53702051
1395,1395.0,20886531.494023904,31009827.592869733
1396,1396.0,20901777.1374502,31036123.277363632
1397,1397.0,20917022.78087649,31062451.254595038
1398,1398.0,20932268.424302787,31088811.69155576
1399,1399.0,20947514.067729082,31115201.064914558
1400,1400.0,20962759.711155377,31141617.4981179
1401,1401.0,20978005.354581673,31168061.54964063
1402,1402.0,20993250.998007968,31194531.5066979
1403,1403.0,21008496.641434263,31221025.544909842
1404,1404.0,21023742.284860555,31247541.213827632
1405,1405.0,21038987.92828685,31274091.952049077
1406,1406.0,21054233.571713146,31300655.373039838
1407,1407.0,21069479.21513944,31327229.679508448
1408,1408.0,21084724.858565737,31353813.470686372
1409,1409.0,21099970.501992032,31380401.783312734
1410,1410.0,21115216.145418327,31406990.02764069
1411,1411.0,21130461.78884462,31433574.631178085
1412,1412.0,21145707.432270914,31460151.21513995
1413,1413.0,21160953.07569721,31486717.87376
1414,1414.0,21176198.719123505,31513275.187972024
1415,1415.0,21191444.3625498,31539815.615012232
1416,1416.0,21206690.005976096,31566332.84457182
1417,1417.0,21221935.64940239,31592826.63573755
1418,1418.0,21237181.292828683,31619299.065014295
1419,1419.0,21252426.93625498,31645749.40718466
1420,1420.0,21267672.579681274,31672175.655881833
1421,1421.0,21282918.22310757,31698579.730749022
1422,1422.0,21298163.866533864,31724943.850996584
1423,1423.0,21313409.50996016,31751288.81023324
1424,1424.0,21328655.15338645,31777618.211036276
1425,1425.0,21343900.796812747,31803937.29855659
1426,1426.0,21359146.440239042,31830243.818256084
1427,1427.0,21374392.083665337,31856536.936429974
1428,1428.0,21389637.727091633,31882819.350110225
1429,1429.0,21404883.37051793,31909095.6357636
1430,1430.0,21420129.013944224,31935366.46936084
1431,1431.0,21435374.657370515,31961636.150056694
1432,1432.0,21450620.30079681,31987906.885030273
1433,1433.0,21465865.944223106,32014176.27961256
1434,1434.0,21481111.5876494,32040445.939436436
1435,1435.0,21496357.231075697,32066720.024190012
1436,1436.0,21511602.874501992,32093002.709396888
1437,1437.0,21526848.517928287,32119291.694184445
1438,1438.0,21542094.16135458,32145589.230885234
1439,1439.0,21557339.804780874,32171886.204718407
1440,1440.0,21572585.44820717,32198183.859008856
1441,1441.0,21587831.091633465,32224483.199081488
1442,1442.0,21603076.73505976,32250785.16973992
1443,1443.0,21618322.378486056,32277089.5754816
1444,1444.0,21633568.02191235,32303392.503002632
1445,1445.0,21648813.665338643,32329697.778829575
1446,1446.0,21664059.30876494,32355981.05746713
1447,1447.0,21679304.952191234,32382242.79765514
1448,1448.0,21694550.59561753,32408485.856900256
1449,1449.0,21709796.239043824,32434713.496237416
1450,1450.0,21725041.88247012,32460920.502521716
1451,1451.0,21740287.525896415,32487104.256131005
1452,1452.0,21755533.169322707,32513267.785236202
1453,1453.0,21770778.812749002,32539393.9737895
1454,1454.0,21786024.456175297,32565496.53624064
1455,1455.0,21801270.099601593,32591602.125374056
1456,1456.0,21816515.74302789,32617713.1890763
1457,1457.0,21831761.386454184,32643834.892960656
1458,1458.0,21847007.029880475,32669970.32603034
1459,1459.0,21862252.67330677,32696119.264108554
1460,1460.0,21877498.316733066,32722282.108307675
1461,1461.0,21892743.96015936,32748456.44024318
1462,1462.0,21907989.603585657,32774638.087763235
1463,1463.0,21923235.247011952,32800825.06593553
1464,1464.0,21938480.890438247,32827015.61019146
1465,1465.0,21953726.53386454,32853236.920761473
1466,1466.0,21968972.177290834,32879513.663212124
1467,1467.0,21984217.82071713,32905811.634482194
1468,1468.0,21999463.464143425,32932138.543914538
1469,1469.0,22014709.10756972,32958493.248548113
1470,1470.0,22029954.750996016,32984875.74149305
1471,1471.0,22045200.39442231,33011285.168512158
1472,1472.0,22060446.037848603,33037722.01019025
1473,1473.0,22075691.6812749,33064185.987590604
1474,1474.0,22090937.324701194,33090651.273532912
1475,1475.0,22106182.96812749,33117106.749177948
1476,1476.0,22121428.611553784,33143548.441471137
1477,1477.0,22136674.25498008,33169975.823129553
1478,1478.0,22151919.898406375,33196383.054321937
1479,1479.0,22167165.541832667,33222753.697387137
1480,1480.0,22182411.185258962,33249111.189261235
1481,1481.0,22197656.828685258,33275459.7914917
1482,1482.0,22212902.472111553,33301800.287178352
1483,1483.0,22228148.11553785,33328132.333928186
1484,1484.0,22243393.758964144,33354466.84728933
1485,1485.0,22258639.402390435,33380807.004596155
1486,1486.0,22273885.04581673,33407153.64224606
1487,1487.0,22289130.689243026,33433502.336561322
1488,1488.0,22304376.33266932,33459855.558512866
1489,1489.0,22319621.976095617,33486209.866705816
1490,1490.0,22334867.619521912,33512565.78604263
1491,1491.0,22350113.262948208,33538926.355414342
1492,1492.0,22365358.9063745,33565290.035723425
1493,1493.0,22380604.549800795,33591666.602359325
1494,1494.0,22395850.19322709,33618059.987082005
1495,1495.0,22411095.836653385,33644472.94066005
1496,1496.0,22426341.48007968,33670909.22234378
1497,1497.0,22441587.123505976,33697366.446648754
1498,1498.0,22456832.76693227,33723831.09965055
1499,1499.0,22472078.410358563,33750289.27352465
1500,1500.0,22487324.05378486,33776732.925997615
1501,1501.0,22502569.697211154,33803151.12649075
1502,1502.0,22517815.34063745,33829535.681433655
1503,1503.0,22533060.984063745,33855787.6137666
1504,1504.0,22548306.62749004,33881944.90315841
1505,1505.0,22563552.270916335,33907998.43527415
1506,1506.0,22578797.914342627,33933946.806791015
1507,1507.0,22594043.557768922,33959805.81969704
1508,1508.0,22609289.201195218,33985590.380425565
1509,1509.0,22624534.844621513,34011308.33240316
1510,1510.0,22639780.48804781,34036967.21195767
1511,1511.0,22655026.131474104,34062567.42347605
1512,1512.0,22670271.7749004,34088123.071433276
1513,1513.0,22685517.41832669,34113641.199261874
1514,1514.0,22700763.061752986,34139124.24271852
1515,1515.0,22716008.70517928,34164597.29136528
1516,1516.0,22731254.348605577,34190071.39882318
1517,1517.0,22746499.992031872,34215555.49500487
1518,1518.0,22761745.635458168,34241056.313799635
1519,1519.0,22776991.27888446,34266587.03117053
1520,1520.0,22792236.922310755,34292161.19261693
1521,1521.0,22807482.56573705,34317794.43122106
1522,1522.0,22822728.209163345,34343498.16010842
1523,1523.0,22837973.85258964,34369296.979258046
1524,1524.0,22853219.496015936,34395202.36217726
1525,1525.0,22868465.13944223,34421215.37009882
1526,1526.0,22883710.782868523,34447395.48120366
1527,1527.0,22898956.42629482,34473643.04980736
1528,1528.0,22914202.069721114,34499947.166269526
1529,1529.0,22929447.71314741,34526303.96518146
1530,1530.0,22944693.356573705,34552699.22590886
1531,1531.0,22959939.0,34579125.5285233
1532,1532.0,22975184.643426295,34605564.58305842
1533,1533.0,22990430.286852587,34632012.15238083
1534,1534.0,23005675.930278882,34658465.44970279
1535,1535.0,23020921.573705178,34684931.4282391
1536,1536.0,23036167.217131473,34711414.042603135
1537,1537.0,23051412.86055777,34737932.86163655
1538,1538.0,23066658.503984064,34764468.17346492
1539,1539.0,23081904.14741036,34791020.13632423
1540,1540.0,23097149.79083665,34817585.68544128
1541,1541.0,23112395.434262946,34844158.656735726
1542,1542.0,23127641.07768924,34870735.105675176
1543,1543.0,23142886.721115537,34897315.12696386
1544,1544.0,23158132.364541832,34923899.83297345
1545,1545.0,23173378.007968128,34950489.211558074
1546,1546.0,23188623.65139442,34977083.65470383
1547,1547.0,23203869.294820715,35003698.17843138
1548,1548.0,23219114.93824701,35030327.879046425
1549,1549.0,23234360.581673305,35056973.60720974
1550,1550.0,23249606.2250996,35083638.053744875
1551,1551.0,23264851.868525896,35110322.585651316
1552,1552.0,23280097.51195219,35137026.49126731
1553,1553.0,23295343.155378483,35163746.30832599
1554,1554.0,23310588.79880478,35190482.103550225
1555,1555.0,23325834.442231074,35217232.22231202
1556,1556.0,23341080.08565737,35243994.21073705
1557,1557.0,23356325.729083665,35270763.26853049
1558,1558.0,23371571.37250996,35297543.51585232
1559,1559.0,23386817.015936255,35324333.818775155
1560,1560.0,23402062.659362547,35351134.97014595
1561,1561.0,23417308.302788842,35377948.26938266
1562,1562.0,23432553.946215138,35404774.41488412
1563,1563.0,23447799.589641433,35431612.101256035
1564,1564.0,23463045.23306773,35458464.06005403
1565,1565.0,23478290.876494024,35485330.70717179
1566,1566.0,23493536.51992032,35512214.01861202
1567,1567.0,23508782.16334661,35539113.044854745
1568,1568.0,23524027.806772906,35565999.12570371
1569,1569.0,23539273.4501992,35592868.990478605
1570,1570.0,23554519.093625497,35619721.352374986
1571,1571.0,23569764.737051792,35646556.50017387
1572,1572.0,23585010.380478088,35673373.73272436
1573,1573.0,23600256.023904383,35700171.664694406
1574,1574.0,23615501.667330675,35726949.17669668
1575,1575.0,23630747.31075697,35753706.05492464
1576,1576.0,23645992.954183266,35780444.51926008
1577,1577.0,23661238.59760956,35807178.05208108
1578,1578.0,23676484.241035856,35833910.06533651
1579,1579.0,23691729.88446215,35860638.544836715
1580,1580.0,23706975.527888443,35887361.275450535
1581,1581.0,23722221.17131474,35914077.26280413
1582,1582.0,23737466.814741034,35940782.58721709
1583,1583.0,23752712.45816733,35967474.25603574
1584,1584.0,23767958.101593625,35994146.42858158
1585,1585.0,23783203.74501992,36020794.8650275
1586,1586.0,23798449.388446216,36047432.5549157
1587,1587.0,23813695.031872507,36074072.47039104
1588,1588.0,23828940.675298803,36100722.103988536
1589,1589.0,23844186.318725098,36127380.38064194
1590,1590.0,23859431.962151393,36154045.96795431
1591,1591.0,23874677.60557769,36180720.93458481
1592,1592.0,23889923.249003984,36207407.31908689
1593,1593.0,23905168.89243028,36234104.79618015
1594,1594.0,23920414.53585657,36260813.90473773
1595,1595.0,23935660.179282866,36287524.31591239
1596,1596.0,23950905.82270916,36314232.11465432
1597,1597.0,23966151.466135457,36340935.466549546
1598,1598.0,23981397.109561753,36367636.96347096
1599,1599.0,23996642.752988048,36394338.97459873
1600,1600.0,24011888.396414343,36421045.54098514
1601,1601.0,24027134.039840635,36447758.65556484
1602,1602.0,24042379.68326693,36474482.91512204
1603,1603.0,24057625.326693226,36501220.5595187
1604,1604.0,24072870.97011952,36527971.57583718
1605,1605.0,24088116.613545816,36554742.93005215
1606,1606.0,24103362.25697211,36581526.89197621
1607,1607.0,24118607.900398403,36608322.401899554
1608,1608.0,24133853.5438247,36635133.55401654
1609,1609.0,24149099.187250994,36661957.705515444
1610,1610.0,24164344.83067729,36688791.456693895
1611,1611.0,24179590.474103585,36715633.50868502
1612,1612.0,24194836.11752988,36742481.607649334
1613,1613.0,24210081.760956176,36769331.776241235
1614,1614.0,24225327.404382467,36796182.23931036
1615,1615.0,24240573.047808763,36823032.831809744
1616,1616.0,24255818.691235058,36849882.47927912
1617,1617.0,24271064.334661353,36876727.825591736
1618,1618.0,24286309.97808765,36903568.04930071
1619,1619.0,24301555.621513944,36930406.15522048
1620,1620.0,24316801.26494024,36957243.989747405
1621,1621.0,24332046.90836653,36984085.846598424
1622,1622.0,24347292.551792827,37010934.69928402
1623,1623.0,24362538.195219122,37037790.948887974
1624,1624.0,24377783.838645417,37064645.37375761
1625,1625.0,24393029.482071713,37091496.907432735
1626,1626.0,24408275.125498008,37118342.699582405
1627,1627.0,24423520.768924303,37145181.038798384
1628,1628.0,24438766.412350595,37172010.62394424
1629,1629.0,24454012.05577689,37198828.19689373
1630,1630.0,24469257.699203186,37225630.65248916
1631,1631.0,24484503.34262948,37252410.531503804
1632,1632.0,24499748.986055776,37279176.856294125
1633,1633.0,24514994.62948207,37305924.80661487
1634,1634.0,24530240.272908363,37332656.758791044
1635,1635.0,24545485.91633466,37359377.82661672
1636,1636.0,24560731.559760954,37386088.79741072
1637,1637.0,24575977.20318725,37412789.02328199
1638,1638.0,24591222.846613545,37439458.58106952
1639,1639.0,24606468.49003984,37466107.4384742
1640,1640.0,24621714.133466136,37492744.00840797
1641,1641.0,24636959.776892427,37519374.37163478
1642,1642.0,24652205.420318723,37546005.784633346
1643,1643.0,24667451.063745018,37572636.72734646
1644,1644.0,24682696.707171313,37599266.17337142
1645,1645.0,24697942.35059761,37625908.31292354
1646,1646.0,24713187.994023904,37652565.81671931
1647,1647.0,24728433.6374502,37679241.22494959
1648,1648.0,24743679.28087649,37705931.070750095
1649,1649.0,24758924.924302787,37732634.327515766
1650,1650.0,24774170.567729082,37759354.828586414
1651,1651.0,24789416.211155377,37786100.06044411
1652,1652.0,24804661.854581673,37812898.06363955
1653,1653.0,24819907.498007968,37839718.457178995
1654,1654.0,24835153.141434263,37866559.88120321
1655,1655.0,24850398.784860555,37893422.51615675
1656,1656.0,24865644.42828685,37920307.69749731
1657,1657.0,24880890.071713146,37947217.43740796
1658,1658.0,24896135.71513944,37974146.436128825
1659,1659.0,24911381.358565737,38001088.36353787
1660,1660.0,24926627.001992032,38028037.216300406
1661,1661.0,24941872.645418327,38054989.506198816
1662,1662.0,24957118.28884462,38081945.89169791
1663,1663.0,24972363.932270914,38108903.23783497
1664,1664.0,24987609.57569721,38135860.464502685
1665,1665.0,25002855.219123505,38162820.829106994
1666,1666.0,25018100.8625498,38189783.87245643
1667,1667.0,25033346.505976096,38216750.955423236
1668,1668.0,25048592.149402387,38243719.988870725
1669,1669.0,25063837.792828683,38270687.41856958
1670,1670.0,25079083.43625498,38297654.13324749
1671,1671.0,25094329.079681274,38324612.557167396
1672,1672.0,25109574.72310757,38351562.636659004
1673,1673.0,25124820.366533864,38378505.090213336
1674,1674.0,25140066.00996016,38405435.43981236
1675,1675.0,25155311.65338645,38432262.647818
1676,1676.0,25170557.296812747,38459039.091600455
1677,1677.0,25185802.940239042,38485765.48078289
1678,1678.0,25201048.583665337,38512439.082379326
1679,1679.0,25216294.227091633,38539061.33442259
1680,1680.0,25231539.87051793,38565635.50031893
1681,1681.0,25246785.513944224,38592153.171911635
1682,1682.0,25262031.157370515,38618552.64977852
1683,1683.0,25277276.80079681,38644932.16925415
1684,1684.0,25292522.444223106,38671292.61557324
1685,1685.0,25307768.0876494,38697635.233765446
1686,1686.0,25323013.731075697,38723953.06451042
1687,1687.0,25338259.374501992,38750246.95432199
1688,1688.0,25353505.017928287,38776515.56315986
1689,1689.0,25368750.66135458,38802755.61306399
1690,1690.0,25383996.304780874,38828983.87595585
1691,1691.0,25399241.94820717,38855202.42369372
1692,1692.0,25414487.591633465,38881450.04375876
1693,1693.0,25429733.23505976,38907729.99743516
1694,1694.0,25444978.878486056,38934048.89720945
1695,1695.0,25460224.521912348,38960412.34151828
1696,1696.0,25475470.165338643,38986873.067422725
1697,1697.0,25490715.80876494,39013377.70346113
1698,1698.0,25505961.452191234,39039932.787812136
1699,1699.0,25521207.09561753,39066539.229061246
1700,1700.0,25536452.739043824,39093195.47883145
1701,1701.0,25551698.38247012,39119860.771043465
1702,1702.0,25566944.02589641,39146533.57394241
1703,1703.0,25582189.669322707,39173223.79380805
1704,1704.0,25597435.312749002,39199922.36986142
1705,1705.0,25612680.956175297,39226629.138914645
1706,1706.0,25627926.599601593,39253345.6593274
1707,1707.0,25643172.24302789,39280065.40366288
1708,1708.0,25658417.886454184,39306788.71065536
1709,1709.0,25673663.529880475,39333517.25923488
1710,1710.0,25688909.17330677,39360255.65007993
1711,1711.0,25704154.816733066,39386993.68090141
1712,1712.0,25719400.46015936,39413729.09029766
1713,1713.0,25734646.103585657,39440462.011732705
1714,1714.0,25749891.747011952,39467192.65025384
1715,1715.0,25765137.390438247,39493922.749596566
1716,1716.0,25780383.03386454,39520656.89775267
1717,1717.0,25795628.677290834,39547405.21226452
1718,1718.0,25810874.32071713,39574163.221062966
1719,1719.0,25826119.964143425,39600932.55607351
1720,1720.0,25841365.60756972,39627716.682723254
1721,1721.0,25856611.250996016,39654520.894208066
1722,1722.0,25871856.89442231,39681349.57954597
1723,1723.0,25887102.537848603,39708205.24112046
1724,1724.0,25902348.1812749,39735106.2121328
1725,1725.0,25917593.824701194,39762023.02072928
1726,1726.0,25932839.46812749,39788953.144022584
1727,1727.0,25948085.111553784,39815893.643216826
1728,1728.0,25963330.75498008,39842839.34936584
1729,1729.0,25978576.39840637,39869783.236057125
1730,1730.0,25993822.041832667,39896720.55636889
1731,1731.0,26009067.685258962,39923626.16902732
1732,1732.0,26024313.328685258,39950508.222450525
1733,1733.0,26039558.972111553,39977365.62701047
1734,1734.0,26054804.61553785,40004198.51215458
1735,1735.0,26070050.258964144,40031006.27983185
1736,1736.0,26085295.902390435,40057791.59537813
1737,1737.0,26100541.54581673,40084527.73237911
1738,1738.0,26115787.189243026,40111236.65235259
1739,1739.0,26131032.83266932,40137916.94668775
1740,1740.0,26146278.476095617,40164568.19316701
1741,1741.0,26161524.119521912,40191193.04686457
1742,1742.0,26176769.762948208,40217797.394088
1743,1743.0,26192015.4063745,40244372.853280775
1744,1744.0,26207261.049800795,40270938.127315365
1745,1745.0,26222506.69322709,40297500.66496365
1746,1746.0,26237752.336653385,40324067.08618284
1747,1747.0,26252997.98007968,40350639.501531556
1748,1748.0,26268243.623505976,40377223.07899211
1749,1749.0,26283489.26693227,40403842.55818056
1750,1750.0,26298734.910358563,40430480.81697901
1751,1751.0,26313980.55378486,40457137.72217269
1752,1752.0,26329226.197211154,40483813.0477966
1753,1753.0,26344471.84063745,40510504.57442627
1754,1754.0,26359717.484063745,40537213.84808912
1755,1755.0,26374963.12749004,40563964.886248
1756,1756.0,26390208.77091633,40590738.7119221
1757,1757.0,26405454.414342627,40617534.87502566
1758,1758.0,26420700.057768922,40644349.28695876
1759,1759.0,26435945.701195218,40671179.57109456
1760,1760.0,26451191.344621513,40698024.876272626
1761,1761.0,26466436.98804781,40724895.51644799
1762,1762.0,26481682.631474104,40751770.53982625
1763,1763.0,26496928.274900395,40778645.14709244
1764,1764.0,26512173.91832669,40805516.24007476
1765,1765.0,26527419.561752986,40832378.91434147
1766,1766.0,26542665.20517928,40859230.05910841
1767,1767.0,26557910.848605577,40886054.069511384
1768,1768.0,26573156.492031872,40912860.1351468
1769,1769.0,26588402.135458168,40939643.54079012
1770,1770.0,26603647.77888446,40966405.793175034
1771,1771.0,26618893.422310755,40993144.35554873
1772,1772.0,26634139.06573705,41019830.50468055
1773,1773.0,26649384.709163345,41046487.91534305
1774,1774.0,26664630.35258964,41073117.92185974
1775,1775.0,26679875.996015936,41099724.91292734
1776,1776.0,26695121.63944223,41126311.81937023
1777,1777.0,26710367.282868523,41152879.83925012
1778,1778.0,26725612.92629482,41179415.67979061
1779,1779.0,26740858.569721114,41205940.78744792
1780,1780.0,26756104.21314741,41232459.19502616
1781,1781.0,26771349.856573705,41258976.37048326
1782,1782.0,26786595.5,41285496.9610689
1783,1783.0,26801841.143426295,41312023.1505131
1784,1784.0,26817086.786852587,41338554.25527609
1785,1785.0,26832332.430278882,41365087.78533863
1786,1786.0,26847578.073705178,41391626.99622125
1787,1787.0,26862823.717131473,41418171.48362046
1788,1788.0,26878069.36055777,41444723.55947656
1789,1789.0,26893315.003984064,41471282.79722721
1790,1790.0,26908560.647410356,41497850.03095794
1791,1791.0,26923806.29083665,41524420.32986776
1792,1792.0,26939051.934262946,41550992.61859658
1793,1793.0,26954297.57768924,41577567.12148701
1794,1794.0,26969543.221115537,41604142.92261773
1795,1795.0,26984788.864541832,41630719.279319175
1796,1796.0,27000034.507968128,41657297.128166206
1797,1797.0,27015280.15139442,41683876.49481575
1798,1798.0,27030525.794820715,41710457.884923
1799,1799.0,27045771.43824701,41737042.36213321
1800,1800.0,27061017.081673305,41763640.348764166
1801,1801.0,27076262.7250996,41790249.77942441
1802,1802.0,27091508.368525896,41816872.33794556
1803,1803.0,27106754.01195219,41843508.34857213
1804,1804.0,27121999.655378483,41870155.878321365
1805,1805.0,27137245.29880478,41896812.1466997
1806,1806.0,27152490.942231074,41923494.15242938
1807,1807.0,27167736.58565737,41950190.99412391
1808,1808.0,27182982.229083665,41976901.141076855
1809,1809.0,27198227.87250996,42003623.972335786
1810,1810.0,27213473.515936255,42030358.17349905
1811,1811.0,27228719.159362547,42057117.33722604
1812,1812.0,27243964.802788842,42083894.71537326
1813,1813.0,27259210.446215138,42110692.5442011
1814,1814.0,27274456.089641433,42137510.705963254
1815,1815.0,27289701.73306773,42164346.54586907
1816,1816.0,27304947.376494024,42191200.919506036
1817,1817.0,27320193.019920316,42218022.82658099
1818,1818.0,27335438.66334661,42244805.608180255
1819,1819.0,27350684.306772906,42271545.520838715
1820,1820.0,27365929.9501992,42298241.645298764
1821,1821.0,27381175.593625497,42324837.15139004
1822,1822.0,27396421.237051792,42351375.07032996
1823,1823.0,27411666.880478088,42377849.6337985
1824,1824.0,27426912.52390438,42404252.35250408
1825,1825.0,27442158.167330675,42430551.004489824
1826,1826.0,27457403.81075697,42456778.97386488
1827,1827.0,27472649.454183266,42482873.740138665
1828,1828.0,27487895.09760956,42508898.44054892
1829,1829.0,27503140.741035856,42534846.509995535
1830,1830.0,27518386.38446215,42560715.65262981
1831,1831.0,27533632.027888443,42586502.54103694
1832,1832.0,27548877.67131474,42612141.52004946
1833,1833.0,27564123.314741034,42637755.18368812
1834,1834.0,27579368.95816733,42663379.33685793
1835,1835.0,27594614.601593625,42688973.662722744
1836,1836.0,27609860.24501992,42714532.6756186
1837,1837.0,27625105.888446216,42740039.0493876
1838,1838.0,27640351.531872507,42765526.92525939
1839,1839.0,27655597.175298803,42791002.70250277
1840,1840.0,27670842.818725098,42816470.842283845
1841,1841.0,27686088.462151393,42841974.21974041
1842,1842.0,27701334.10557769,42867478.79780721
1843,1843.0,27716579.749003984,42893026.08540118
1844,1844.0,27731825.39243028,42918624.318869114
1845,1845.0,27747071.03585657,42944273.12437341
1846,1846.0,27762316.679282866,42970014.150149025
1847,1847.0,27777562.32270916,42995801.69102063
1848,1848.0,27792807.966135457,43021635.455125876
1849,1849.0,27808053.609561753,43047505.92343187
1850,1850.0,27823299.252988048,43073378.675788276
1851,1851.0,27838544.89641434,43099300.74713077
1852,1852.0,27853790.539840635,43125278.129408486
1853,1853.0,27869036.18326693,43151308.984468676
1854,1854.0,27884281.826693226,43177429.637476794
1855,1855.0,27899527.47011952,43203592.170415364
1856,1856.0,27914773.113545816,43229794.62192353
1857,1857.0,27930018.75697211,43256034.30164308
1858,1858.0,27945264.400398403,43282346.70253019
1859,1859.0,27960510.0438247,43308650.66800639
1860,1860.0,27975755.687250994,43334943.11563705
1861,1861.0,27991001.33067729,43361230.23168135
1862,1862.0,28006246.974103585,43387519.70402934
1863,1863.0,28021492.61752988,43413828.696159825
1864,1864.0,28036738.260956176,43440147.609033555
1865,1865.0,28051983.904382467,43466473.80694705
1866,1866.0,28067229.547808763,43492812.50511928
1867,1867.0,28082475.191235058,43519185.50609001
1868,1868.0,28097720.834661353,43545575.87663188
1869,1869.0,28112966.47808765,43571983.40579672
1870,1870.0,28128212.121513944,43598412.86196601
1871,1871.0,28143457.76494024,43624879.45734323
1872,1872.0,28158703.40836653,43651373.08001363
1873,1873.0,28173949.051792827,43677902.78371311
1874,1874.0,28189194.695219122,43704468.71938418
1875,1875.0,28204440.338645417,43731099.15542794
1876,1876.0,28219685.982071713,43757753.08508054
1877,1877.0,28234931.625498008,43784430.44214621
1878,1878.0,28250177.2689243,43811126.77955529
1879,1879.0,28265422.912350595,43837856.340131216
1880,1880.0,28280668.55577689,43864600.25047329
1881,1881.0,28295914.199203186,43891359.74080469
1882,1882.0,28311159.84262948,43918127.23392599
1883,1883.0,28326405.486055776,43944894.459218286
1884,1884.0,28341651.12948207,43971667.161016256
1885,1885.0,28356896.772908363,43998442.27377036
1886,1886.0,28372142.41633466,44025218.04130424
1887,1887.0,28387388.059760954,44052004.40315333
1888,1888.0,28402633.70318725,44078795.21465492
1889,1889.0,28417879.346613545,44105583.30306173
1890,1890.0,28433124.99003984,44132371.595540546
1891,1891.0,28448370.633466136,44159174.244654804
1892,1892.0,28463616.276892427,44185987.05284157
1893,1893.0,28478861.920318723,44212807.025346786
1894,1894.0,28494107.563745018,44239632.39959473
1895,1895.0,28509353.207171313,44266462.97053011
1896,1896.0,28524598.85059761,44293294.92395746
1897,1897.0,28539844.494023904,44320131.9242102
1898,1898.0,28555090.1374502,44346972.898924984
1899,1899.0,28570335.78087649,44373825.69231273
1900,1900.0,28585581.424302787,44400681.12594879
1901,1901.0,28600827.067729082,44427544.47045802
1902,1902.0,28616072.711155377,44454417.512393504
1903,1903.0,28631318.354581673,44481312.760377616
1904,1904.0,28646563.998007968,44508214.071021765
1905,1905.0,28661809.64143426,44535121.60722569
1906,1906.0,28677055.284860555,44562034.482107066
1907,1907.0,28692300.92828685,44588950.745974146
1908,1908.0,28707546.571713146,44615867.640430994
1909,1909.0,28722792.21513944,44642783.77105586
1910,1910.0,28738037.858565737,44669701.151749134
1911,1911.0,28753283.501992032,44696624.34959404
1912,1912.0,28768529.145418324,44723554.90545918
1913,1913.0,28783774.78884462,44750491.870423704
1914,1914.0,28799020.432270914,44777443.31375913
1915,1915.0,28814266.07569721,44804432.50753524
1916,1916.0,28829511.719123505,44831441.58140555
1917,1917.0,28844757.3625498,44858470.14661279
1918,1918.0,28860003.005976096,44885515.19403208
1919,1919.0,28875248.649402387,44912585.50906037
1920,1920.0,28890494.292828683,44939667.94753362
1921,1921.0,28905739.93625498,44966761.77720051
1922,1922.0,28920985.579681274,44993864.1499402
1923,1923.0,28936231.22310757,45020971.93213799
1924,1924.0,28951476.866533864,45048083.53727105
1925,1925.0,28966722.50996016,45075197.801880255
1926,1926.0,28981968.15338645,45102317.365926914
1927,1927.0,28997213.796812747,45129443.25913289
1928,1928.0,29012459.440239042,45156586.64029315
1929,1929.0,29027705.083665337,45183739.636219546
1930,1930.0,29042950.727091633,45210894.1867897
1931,1931.0,29058196.37051793,45238050.49468758
1932,1932.0,29073442.013944224,45265200.380395785
1933,1933.0,29088687.657370515,45292339.72624342
1934,1934.0,29103933.30079681,45319465.046317875
1935,1935.0,29119178.944223106,45346571.33259357
1936,1936.0,29134424.5876494,45373629.281899616
1937,1937.0,29149670.231075697,45400653.82939735
1938,1938.0,29164915.874501992,45427643.956503496
1939,1939.0,29180161.517928284,45454598.03427441
1940,1940.0,29195407.16135458,45481483.17352573
1941,1941.0,29210652.804780874,45508334.36839113
1942,1942.0,29225898.44820717,45535150.9618327
1943,1943.0,29241144.091633465,45561931.03202458
1944,1944.0,29256389.73505976,45588672.367877364
1945,1945.0,29271635.378486056,45615337.956843026
1946,1946.0,29286881.021912348,45641974.70145425
1947,1947.0,29302126.665338643,45668582.781096846
1948,1948.0,29317372.30876494,45695164.710214436
1949,1949.0,29332617.952191234,45721726.66969242
1950,1950.0,29347863.59561753,45748284.44306275
1951,1951.0,29363109.239043824,45774845.90989809
1952,1952.0,29378354.88247012,45801420.03042603
1953,1953.0,29393600.52589641,45828012.892290115
1954,1954.0,29408846.169322707,45854664.110710256
1955,1955.0,29424091.812749002,45881353.00805412
1956,1956.0,29439337.456175297,45908082.631259695
1957,1957.0,29454583.099601593,45934848.06037072
1958,1958.0,29469828.74302789,45961648.957838595
1959,1959.0,29485074.386454184,45988522.25335
1960,1960.0,29500320.029880475,46015428.839170724
1961,1961.0,29515565.67330677,46042367.34600656
1962,1962.0,29530811.316733066,46069335.092722766
1963,1963.0,29546056.96015936,46096346.62832454
1964,1964.0,29561302.603585657,46123373.95326995
1965,1965.0,29576548.247011952,46150412.514513895
1966,1966.0,29591793.890438244,46177458.66914375
1967,1967.0,29607039.53386454,46204508.624838755
1968,1968.0,29622285.177290834,46231559.38130874
1969,1969.0,29637530.82071713,46258605.370932795
1970,1970.0,29652776.464143425,46285644.21516094
1971,1971.0,29668022.10756972,46312672.49100063
1972,1972.0,29683267.750996016,46339687.28351554
1973,1973.0,29698513.394422308,46366672.66428643
1974,1974.0,29713759.037848603,46393649.1493173
1975,1975.0,29729004.6812749,46420617.066623464
1976,1976.0,29744250.324701194,46447576.70622647
1977,1977.0,29759495.96812749,46474531.76517346
1978,1978.0,29774741.611553784,46501480.65606465
1979,1979.0,29789987.25498008,46528430.17739698
1980,1980.0,29805232.89840637,46555382.33143261
1981,1981.0,29820478.541832667,46582336.339855514
1982,1982.0,29835724.185258962,46609290.821376525
1983,1983.0,29850969.828685258,46636251.62566435
1984,1984.0,29866215.472111553,46663217.83110265
1985,1985.0,29881461.11553785,46690190.12483503
1986,1986.0,29896706.758964144,46717159.7573408
1987,1987.0,29911952.402390435,46744102.42751319
1988,1988.0,29927198.04581673,46771029.50190994
1989,1989.0,29942443.689243026,46797942.250519015
1990,1990.0,29957689.33266932,46824841.20924882
1991,1991.0,29972934.976095617,46851720.643774755
1992,1992.0,29988180.619521912,46878547.10098611
1993,1993.0,30003426.262948208,46905342.20690438
1994,1994.0,30018671.9063745,46932108.442215614
1995,1995.0,30033917.549800795,46958853.64023681
1996,1996.0,30049163.19322709,46985577.4584652
1997,1997.0,30064408.836653385,47012259.41590522
1998,1998.0,30079654.48007968,47038919.520901375
1999,1999.0,30094900.123505976,47065558.37509822
2000,2000.0,30110145.766932268,47092171.12102052
2001,2001.0,30125391.410358563,47118737.83960962
2002,2002.0,30140637.05378486,47145211.11450494
2003,2003.0,30155882.697211154,47171644.19002456
2004,2004.0,30171128.34063745,47198035.19535918
2005,2005.0,30186373.984063745,47224378.620684564
2006,2006.0,30201619.62749004,47250668.905239955
2007,2007.0,30216865.27091633,47276836.47813234
2008,2008.0,30232110.914342627,47302943.2697488
2009,2009.0,30247356.557768922,47329002.68130542
2010,2010.0,30262602.201195218,47355016.43454438
2011,2011.0,30277847.844621513,47380976.92108266
2012,2012.0,30293093.48804781,47406814.28301348
2013,2013.0,30308339.131474104,47432651.644944295
2014,2014.0,30323584.774900395,47458489.00687511
2015,2015.0,30338830.41832669,47484326.36880593
2016,2016.0,30354076.061752986,47510163.73073675
2017,2017.0,30369321.70517928,47536001.092667565
2018,2018.0,30384567.348605577,47561838.45459838
2019,2019.0,30399812.992031872,47587675.8165292
2020,2020.0,30415058.635458168,47613513.17846002
2021,2021.0,30430304.27888446,47639350.540390834
2022,2022.0,30445549.922310755,47665187.90232165
2023,2023.0,30460795.56573705,47691025.26425247
2024,2024.0,30476041.209163345,47716862.62618329
2025,2025.0,30491286.85258964,47742699.9881141
2026,2026.0,30506532.496015936,47768537.35004492
2027,2027.0,30521778.139442228,47794374.71197574
2028,2028.0,30537023.782868523,47820212.073906556
2029,2029.0,30552269.42629482,47846049.43583737
2030,2030.0,30567515.069721114,47871886.79776819
2031,2031.0,30582760.71314741,47897724.15969901
2032,2032.0,30598006.356573705,47923561.521629825
2033,2033.0,30613252.0,47949398.88356064
2034,2034.0,30628497.64342629,47975236.24549146
2035,2035.0,30643743.286852587,48001073.60742228
2036,2036.0,30658988.930278882,48026910.969353095
2037,2037.0,30674234.573705178,48052748.33128391
2038,2038.0,30689480.217131473,48078556.34098993
2039,2039.0,30704725.86055777,48104350.871495835
2040,2040.0,30719971.503984064,48130133.41793424
2041,2041.0,30735217.147410356,48155909.379904784
2042,2042.0,30750462.79083665,48181715.73362234
2043,2043.0,30765708.434262946,48207545.76585581
2044,2044.0,30780954.07768924,48233409.431007706
2045,2045.0,30796199.721115537,48259314.96756861
2046,2046.0,30811445.364541832,48285271.2367469
2047,2047.0,30826691.007968128,48311355.62735956
2048,2048.0,30841936.65139442,48337515.39975699
2049,2049.0,30857182.294820715,48363752.89804783
2050,2050.0,30872427.93824701,48390060.333898954
2051,2051.0,30887673.581673305,48416515.68326041
2052,2052.0,30902919.2250996,48443044.92464093
2053,2053.0,30918164.868525896,48469647.69666957
2054,2054.0,30933410.51195219,48496250.46869821
2055,2055.0,30948656.155378483,48522853.24072685
2056,2056.0,30963901.79880478,48549456.01275549
2057,2057.0,30979147.442231074,48576058.78478413
2058,2058.0,30994393.08565737,48602661.55681277
2059,2059.0,31009638.729083665,48629264.32884141
2060,2060.0,31024884.37250996,48655867.10087005
2061,2061.0,31040130.01593625,48682469.87289869
2062,2062.0,31055375.659362547,48709072.64492733
2063,2063.0,31070621.302788842,48735675.41695597
2064,2064.0,31085866.946215138,48762278.18898461
2065,2065.0,31101112.589641433,48788880.96101325
2066,2066.0,31116358.23306773,48815483.73304189
2067,2067.0,31131603.876494024,48842086.50507053
2068,2068.0,31146849.519920316,48868689.27709917
2069,2069.0,31162095.16334661,48895292.04912781
2070,2070.0,31177340.806772906,48921894.82115645
2071,2071.0,31192586.4501992,48948497.59318509
2072,2072.0,31207832.093625497,48975100.36521373
2073,2073.0,31223077.737051792,49001703.13724237
2074,2074.0,31238323.380478088,49028305.90927101
2075,2075.0,31253569.02390438,49054908.68129965
2076,2076.0,31268814.667330675,49081511.45332829
2077,2077.0,31284060.31075697,49108114.22535693
2078,2078.0,31299305.954183266,49134744.22084706
2079,2079.0,31314551.59760956,49161397.748637386
2080,2080.0,31329797.241035856,49188077.540130734
2081,2081.0,31345042.88446215,49214806.76654353
2082,2082.0,31360288.527888443,49241557.699379824
2083,2083.0,31375534.17131474,49268326.498827256
2084,2084.0,31390779.814741034,49295111.16251733
2085,2085.0,31406025.45816733,49321919.11413553
2086,2086.0,31421271.101593625,49348732.85157283
2087,2087.0,31436516.74501992,49375549.82934687
2088,2088.0,31451762.38844621,49402364.896177515
2089,2089.0,31467008.031872507,49429173.348686546
2090,2090.0,31482253.675298803,49455976.430889435
2091,2091.0,31497499.318725098,49482774.28368317
2092,2092.0,31512744.962151393,49509566.80533645
2093,2093.0,31527990.60557769,49536356.85177581
2094,2094.0,31543236.249003984,49563149.36749393
2095,2095.0,31558481.892430276,49589947.597179174
2096,2096.0,31573727.53585657,49616752.60186651
2097,2097.0,31588973.179282866,49643564.277714014
2098,2098.0,31604218.82270916,49670390.05097285
2099,2099.0,31619464.466135457,49697225.4814335
2100,2100.0,31634710.109561753,49724063.170363106
2101,2101.0,31649955.752988048,49750902.35018975
2102,2102.0,31665201.39641434,49777750.752647795
2103,2103.0,31680447.039840635,49804600.75056856
2104,2104.0,31695692.68326693,49831451.46268477
2105,2105.0,31710938.326693226,49858301.54242758
2106,2106.0,31726183.97011952,49885139.46777589
2107,2107.0,31741429.613545816,49911967.44703046
2108,2108.0,31756675.25697211,49938788.40535607
2109,2109.0,31771920.900398403,49965598.933454156
2110,2110.0,31787166.5438247,49992371.47720594
2111,2111.0,31802412.187250994,50019121.51727049
2112,2112.0,31817657.83067729,50045846.522215046
2113,2113.0,31832903.474103585,50072546.66736762
2114,2114.0,31848149.11752988,50099203.80688196
2115,2115.0,31863394.760956172,50125837.902551934
2116,2116.0,31878640.404382467,50152458.89644668
2117,2117.0,31893886.047808763,50179052.71286378
2118,2118.0,31909131.691235058,50205634.26436611
2119,2119.0,31924377.334661353,50232208.62937458
2120,2120.0,31939622.97808765,50258778.96849511
2121,2121.0,31954868.621513944,50285348.76118149
2122,2122.0,31970114.264940236,50311918.39077147
2123,2123.0,31985359.90836653,50338490.41073146
2124,2124.0,32000605.551792827,50365061.27258321
2125,2125.0,32015851.195219122,50391636.75682921
2126,2126.0,32031096.838645417,50418214.839759074
2127,2127.0,32046342.482071713,50444794.67902995
2128,2128.0,32061588.125498008,50471379.618875414
2129,2129.0,32076833.7689243,50497963.744419985
2130,2130.0,32092079.412350595,50524547.2778716
2131,2131.0,32107325.05577689,50551130.6502883
2132,2132.0,32122570.699203186,50577706.01676628
2133,2133.0,32137816.34262948,50604277.94075176
2134,2134.0,32153061.986055776,50630848.10318825
2135,2135.0,32168307.62948207,50657414.856920704
2136,2136.0,32183553.272908363,50683978.340980165
2137,2137.0,32198798.91633466,50710536.8978928
2138,2138.0,32214044.559760954,50737092.60682638
2139,2139.0,32229290.20318725,50763646.40082738
2140,2140.0,32244535.846613545,50790198.66503091
2141,2141.0,32259781.49003984,50816752.62257422
2142,2142.0,32275027.133466136,50843315.88126093
2143,2143.0,32290272.776892427,50869882.77296795
2144,2144.0,32305518.420318723,50896455.85604838
2145,2145.0,32320764.063745018,50923036.68293129
2146,2146.0,32336009.707171313,50949635.63616052
2147,2147.0,32351255.35059761,50976244.08054189
2148,2148.0,32366500.994023904,51002856.797772795
2149,2149.0,32381746.637450196,51029471.859685175
2150,2150.0,32396992.28087649,51056084.75562502
2151,2151.0,32412237.924302787,51082690.28618713
2152,2152.0,32427483.567729082,51109264.584552765
2153,2153.0,32442729.211155377,51135823.13809136
2154,2154.0,32457974.854581673,51162359.740269735
2155,2155.0,32473220.498007968,51188868.44359588
2156,2156.0,32488466.14143426,51215367.60885225
2157,2157.0,32503711.784860555,51241855.95917817
2158,2158.0,32518957.42828685,51268329.62406329
2159,2159.0,32534203.071713146,51294807.48229122
2160,2160.0,32549448.71513944,51321288.87769301
2161,2161.0,32564694.358565737,51347775.407978095
2162,2162.0,32579940.001992032,51374265.57384918
2163,2163.0,32595185.645418324,51400764.82214526
2164,2164.0,32610431.28884462,51427284.52705712
2165,2165.0,32625676.932270914,51453817.21089168
2166,2166.0,32640922.57569721,51480393.38418157
2167,2167.0,32656168.219123505,51507010.51739083
2168,2168.0,32671413.8625498,51533666.18807033
2169,2169.0,32686659.505976096,51560400.94674572
2170,2170.0,32701905.149402387,51587168.65504332
2171,2171.0,32717150.792828683,51613966.73158166
2172,2172.0,32732396.43625498,51640820.003741995
2173,2173.0,32747642.079681274,51667697.33425847
2174,2174.0,32762887.72310757,51694587.368574016
2175,2175.0,32778133.366533864,51721492.38541787
2176,2176.0,32793379.009960156,51748406.22636587
2177,2177.0,32808624.65338645,51775332.73034771
2178,2178.0,32823870.296812747,51802265.53138341
2179,2179.0,32839115.940239042,51829206.55900965
2180,2180.0,32854361.583665337,51856157.54592511
2181,2181.0,32869607.227091633,51883112.09305307
2182,2182.0,32884852.87051793,51910058.671061836
2183,2183.0,32900098.51394422,51936992.64893624
2184,2184.0,32915344.157370515,51963920.68661668
2185,2185.0,32930589.80079681,51990848.49591735
2186,2186.0,32945835.444223106,52017778.270172454
2187,2187.0,32961081.0876494,52044707.432834655
2188,2188.0,32976326.731075697,52071629.31267062
2189,2189.0,32991572.374501992,52098551.06838722
2190,2190.0,33006818.017928284,52125469.360802226
2191,2191.0,33022063.66135458,52152384.73881944
2192,2192.0,33037309.304780874,52179295.91961787
2193,2193.0,33052554.94820717,52206201.892644025
2194,2194.0,33067800.591633465,52233095.80837297
2195,2195.0,33083046.23505976,52259990.63977623
2196,2196.0,33098291.878486056,52286900.91614868
2197,2197.0,33113537.521912348,52313818.564887054
2198,2198.0,33128783.165338643,52340744.76935747
2199,2199.0,33144028.80876494,52367680.21553962
2200,2200.0,33159274.452191234,52394610.973552495
2201,2201.0,33174520.09561753,52421522.38896313
2202,2202.0,33189765.739043824,52448413.50288062
2203,2203.0,33205011.38247012,52475274.70893219
2204,2204.0,33220257.02589641,52502063.400651716
2205,2205.0,33235502.669322707,52528802.08946465
2206,2206.0,33250748.312749002,52555493.04367739
2207,2207.0,33265993.956175297,52582075.90198263
2208,2208.0,33281239.599601593,52608610.56316332
2209,2209.0,33296485.24302789,52635045.94544955
2210,2210.0,33311730.88645418,52661408.430724554
2211,2211.0,33326976.529880475,52687655.529070236
2212,2212.0,33342222.17330677,52713551.315526165
2213,2213.0,33357467.816733066,52739247.91862732
2214,2214.0,33372713.46015936,52764567.90626201
2215,2215.0,33387959.103585657,52789701.00200201
2216,2216.0,33403204.747011952,52814663.57348473
2217,2217.0,33418450.390438244,52839349.18146015
2218,2218.0,33433696.03386454,52863957.19227039
2219,2219.0,33448941.677290834,52888559.04652243
2220,2220.0,33464187.32071713,52913169.96204509
2221,2221.0,33479432.964143425,52937797.15295229
2222,2222.0,33494678.60756972,52962441.255891316
2223,2223.0,33509924.250996016,52987074.02337763
2224,2224.0,33525169.894422308,53011702.596740216
2225,2225.0,33540415.537848603,53036377.98559518
2226,2226.0,33555661.1812749,53061149.513639234
2227,2227.0,33570906.82470119,53086166.500100054
2228,2228.0,33586152.46812749,53111311.08148753
2229,2229.0,33601398.11155378,53136578.37558989
2230,2230.0,33616643.75498008,53162098.50386843
2231,2231.0,33631889.39840637,53187726.64210492
2232,2232.0,33647135.04183267,53213453.29085218
2233,2233.0,33662380.68525896,53239245.028246276
2234,2234.0,33677626.328685254,53265029.94806196
2235,2235.0,33692871.97211155,53290805.17128605
2236,2236.0,33708117.615537845,53316588.44695945
2237,2237.0,33723363.25896414,53342387.58690294
2238,2238.0,33738608.902390435,53368240.30025801
2239,2239.0,33753854.545816734,53394125.801011264
2240,2240.0,33769100.189243026,53420073.07089257
2241,2241.0,33784345.83266932,53446042.68343076
2242,2242.0,33799591.47609562,53472031.40629257
2243,2243.0,33814837.11952191,53498049.50897933
2244,2244.0,33830082.76294821,53524082.58737426
2245,2245.0,33845328.4063745,53550132.40271996
2246,2246.0,33860574.0498008,53576223.34347334
2247,2247.0,33875819.69322709,53602334.32809532
2248,2248.0,33891065.33665338,53628490.857452236
2249,2249.0,33906310.98007968,53654675.150669836
2250,2250.0,33921556.62350597,53680887.40661328
2251,2251.0,33936802.26693227,53707149.92586164
2252,2252.0,33952047.91035856,53733434.14510898
2253,2253.0,33967293.55378486,53759738.17670778
2254,2254.0,33982539.197211154,53786079.11417944
2255,2255.0,33997784.840637445,53812445.90009556
2256,2256.0,34013030.484063745,53838873.25698544
2257,2257.0,34028276.127490036,53865335.11259828
2258,2258.0,34043521.770916335,53891832.50433242
2259,2259.0,34058767.41434263,53918398.07247265
2260,2260.0,34074013.057768926,53944992.3540987
2261,2261.0,34089258.70119522,53971645.65319355
2262,2262.0,34104504.34462151,53998326.12650862
2263,2263.0,34119749.98804781,54025029.7603899
2264,2264.0,34134995.6314741,54051761.80687242
2265,2265.0,34150241.2749004,54078501.61180724
2266,2266.0,34165486.91832669,54105256.68834638
2267,2267.0,34180732.56175299,54132016.39646892
2268,2268.0,34195978.20517928,54158781.23469324
2269,2269.0,34211223.84860557,54185552.291247874
2270,2270.0,34226469.49203187,54212324.66381287
2271,2271.0,34241715.135458164,54239099.68696555
2272,2272.0,34256960.77888446,54265874.702091865
2273,2273.0,34272206.422310755,54292648.028464414
2274,2274.0,34287452.065737054,54319423.638275675
2275,2275.0,34302697.709163345,54346197.27375012
2276,2276.0,34317943.35258964,54372963.93803504
2277,2277.0,34333188.996015936,54399727.095319286
2278,2278.0,34348434.63944223,54426488.83117797
2279,2279.0,34363680.28286853,54453253.95065087
2280,2280.0,34378925.92629482,54480019.668162175
2281,2281.0,34394171.56972111,54506785.82628883
2282,2282.0,34409417.21314741,54533560.75270782
2283,2283.0,34424662.8565737,54560339.68563485
2284,2284.0,34439908.5,54587129.632424966
2285,2285.0,34455154.14342629,54613923.24599985
2286,2286.0,34470399.78685259,54640720.24561171
2287,2287.0,34485645.43027888,54667533.33688786
2288,2288.0,34500891.073705174,54694354.91784663
2289,2289.0,34516136.71713147,54721194.27423727
2290,2290.0,34531382.360557765,54748045.64066904
2291,2291.0,34546628.003984064,54774908.294411354
2292,2292.0,34561873.647410356,54801796.316829674
2293,2293.0,34577119.290836655,54828695.03679231
2294,2294.0,34592364.934262946,54855601.97606116
2295,2295.0,34607610.57768924,54882535.26154622
2296,2296.0,34622856.22111554,54909481.738915585
2297,2297.0,34638101.86454183,54936454.13451304
2298,2298.0,34653347.50796813,54963438.74579005
2299,2299.0,34668593.15139442,54990434.23824816
2300,2300.0,34683838.79482072,55017451.15010267
2301,2301.0,34699084.43824701,55044477.43235484
2302,2302.0,34714330.0816733,55071513.64309763
2303,2303.0,34729575.7250996,55098555.513541564
2304,2304.0,34744821.36852589,55125598.553893164
2305,2305.0,34760067.01195219,55152636.762748875
2306,2306.0,34775312.65537848,55179664.91100025
2307,2307.0,34790558.29880478,55206663.733291365
2308,2308.0,34805803.942231074,55233645.61237475
2309,2309.0,34821049.585657366,55260574.05184787
2310,2310.0,34836295.229083665,55287465.3422413
2311,2311.0,34851540.87250996,55314316.551503845
2312,2312.0,34866786.515936255,55341085.93357609
2313,2313.0,34882032.15936255,55367814.98710993
2314,2314.0,34897277.802788846,55394462.16571262
2315,2315.0,34912523.44621514,55421069.501159236
2316,2316.0,34927769.08964143,55447641.66032403
2317,2317.0,34943014.73306773,55474154.04039587
2318,2318.0,34958260.37649402,55500642.32792521
2319,2319.0,34973506.01992032,55527096.495856084
2320,2320.0,34988751.66334661,55553544.40500696
2321,2321.0,35003997.30677291,55579990.72627556
2322,2322.0,35019242.9501992,55606445.619017944
2323,2323.0,35034488.59362549,55632912.70116325
2324,2324.0,35049734.23705179,55659419.55338241
2325,2325.0,35064979.880478084,55685954.34712273
2326,2326.0,35080225.52390438,55712520.003940545
2327,2327.0,35095471.167330675,55739153.153903656
2328,2328.0,35110716.810756974,55765821.9420338
2329,2329.0,35125962.454183266,55792527.392480105
2330,2330.0,35141208.09760956,55819300.04917609
2331,2331.0,35156453.74103586,55846101.9369223
2332,2332.0,35171699.38446215,55872952.10752422
2333,2333.0,35186945.02788845,55899817.95874686
2334,2334.0,35202190.67131474,55926695.689039126
2335,2335.0,35217436.31474104,55953585.614571154
2336,2336.0,35232681.95816733,55980476.02725886
2337,2337.0,35247927.60159362,56007362.9465301
2338,2338.0,35263173.24501992,56034231.02640294
2339,2339.0,35278418.88844621,56061087.61527283
2340,2340.0,35293664.53187251,56087929.90632268
2341,2341.0,35308910.1752988,56114733.66105138
2342,2342.0,35324155.818725094,56141513.764992855
2343,2343.0,35339401.46215139,56168268.660355695
2344,2344.0,35354647.105577685,56194966.42425997
2345,2345.0,35369892.749003984,56221637.26489594
2346,2346.0,35385138.392430276,56248248.74913905
2347,2347.0,35400384.035856575,56274838.2512725
2348,2348.0,35415629.67928287,56301409.152828455
2349,2349.0,35430875.32270916,56327953.23473165
2350,2350.0,35446120.96613546,56354489.355751246
2351,2351.0,35461366.60956175,56381023.01282585
2352,2352.0,35476612.25298805,56407568.36217418
2353,2353.0,35491857.89641434,56434129.45843048
2354,2354.0,35507103.53984064,56460710.81873271
2355,2355.0,35522349.18326693,56487334.890904844
2356,2356.0,35537594.82669322,56513984.352620386
2357,2357.0,35552840.47011952,56540694.510763355
2358,2358.0,35568086.11354581,56567435.935885996
2359,2359.0,35583331.75697211,56594208.19148675
2360,2360.0,35598577.4003984,56621036.317999944
2361,2361.0,35613823.0438247,56647894.545754954
2362,2362.0,35629068.687250994,56674777.52881858
2363,2363.0,35644314.330677286,56701699.70300828
2364,2364.0,35659559.974103585,56728635.04659932
2365,2365.0,35674805.61752988,56755585.45362945
2366,2366.0,35690051.260956176,56782537.11507617
2367,2367.0,35705296.90438247,56809486.09960027
2368,2368.0,35720542.54780877,56836410.38164798
2369,2369.0,35735788.19123506,56863322.66695751
2370,2370.0,35751033.83466135,56890223.01470443
2371,2371.0,35766279.47808765,56917099.25390756
2372,2372.0,35781525.12151394,56943965.3142547
2373,2373.0,35796770.76494024,56970825.46001449
2374,2374.0,35812016.40836653,56997687.617270194
2375,2375.0,35827262.05179283,57024553.508288495
2376,2376.0,35842507.69521912,57051424.55643752
2377,2377.0,35857753.33864541,57078299.18838993
2378,2378.0,35872998.98207171,57105175.746595286
2379,2379.0,35888244.625498004,57132057.8280616
2380,2380.0,35903490.2689243,57158941.532081336
2381,2381.0,35918735.912350595,57185830.766674936
2382,2382.0,35933981.555776894,57212723.72409265
2383,2383.0,35949227.199203186,57239623.21051127
2384,2384.0,35964472.84262948,57266537.53258488
2385,2385.0,35979718.48605578,57293460.45629289
2386,2386.0,35994964.12948207,57320394.03074419
2387,2387.0,36010209.77290837,57347323.44745909
2388,2388.0,36025455.41633466,57374248.55188435
2389,2389.0,36040701.05976096,57401163.09455949
2390,2390.0,36055946.70318725,57428072.41273047
2391,2391.0,36071192.34661354,57454973.43688603
2392,2392.0,36086437.99003984,57481881.34751295
2393,2393.0,36101683.63346613,57508800.11475826
2394,2394.0,36116929.27689243,57535749.2539808
2395,2395.0,36132174.92031872,57562712.74378356
2396,2396.0,36147420.56374502,57589695.74327414
2397,2397.0,36162666.20717131,57616685.233268805
2398,2398.0,36177911.850597605,57643676.416046426
2399,2399.0,36193157.494023904,57670658.217356406
2400,2400.0,36208403.137450196,57697628.59098023
2401,2401.0,36223648.780876495,57724585.90318361
2402,2402.0,36238894.42430279,57751522.62268432
2403,2403.0,36254140.06772908,57778453.51774222
2404,2404.0,36269385.71115538,57805366.099636175
2405,2405.0,36284631.35458167,57832272.26731194
2406,2406.0,36299876.99800797,57859172.74221497
2407,2407.0,36315122.64143426,57886043.648751274
2408,2408.0,36330368.28486056,57912899.885866344
2409,2409.0,36345613.92828685,57939726.51027074
2410,2410.0,36360859.57171314,57966546.89577124
2411,2411.0,36376105.21513944,57993363.55163437
2412,2412.0,36391350.85856573,58020182.58661115
2413,2413.0,36406596.50199203,58047004.18569555
2414,2414.0,36421842.14541832,58073838.2931245
2415,2415.0,36437087.78884462,58100700.82978709
2416,2416.0,36452333.432270914,58127580.92400352
2417,2417.0,36467579.075697206,58154485.62717891
2418,2418.0,36482824.719123505,58181406.96793022
2419,2419.0,36498070.3625498,58208342.7182338
2420,2420.0,36513316.005976096,58235299.76005734
2421,2421.0,36528561.64940239,58262266.50707852
2422,2422.0,36543807.29282869,58289244.15360425
2423,2423.0,36559052.93625498,58316236.12154546
2424,2424.0,36574298.57968127,58343228.71948189
2425,2425.0,36589544.22310757,58370197.75239429
2426,2426.0,36604789.86653386,58397149.69975791
2427,2427.0,36620035.50996016,58424082.93135086
2428,2428.0,36635281.15338645,58450946.49439785
2429,2429.0,36650526.79681275,58477773.62384802
2430,2430.0,36665772.44023904,58504566.71795596
2431,2431.0,36681018.08366533,58531246.295895875
2432,2432.0,36696263.72709163,58557849.89895306
2433,2433.0,36711509.370517924,58584292.62897046
2434,2434.0,36726755.01394422,58610650.54894587
2435,2435.0,36742000.657370515,58636933.64680387
2436,2436.0,36757246.300796814,58663061.92059729
2437,2437.0,36772491.944223106,58689109.02057958
2438,2438.0,36787737.5876494,58715081.748989865
2439,2439.0,36802983.2310757,58740992.50810922
2440,2440.0,36818228.87450199,58766885.44751106
2441,2441.0,36833474.51792829,58792759.48748714
2442,2442.0,36848720.16135458,58818644.8126048
2443,2443.0,36863965.80478088,58844542.755948156
2444,2444.0,36879211.44820717,58870478.05531874
2445,2445.0,36894457.09163346,58896438.17153683
2446,2446.0,36909702.73505976,58922520.241956726
2447,2447.0,36924948.37848605,58948666.923266165
2448,2448.0,36940194.02191235,58974882.107635245
2449,2449.0,36955439.66533864,59001239.64092172
2450,2450.0,36970685.30876494,59027667.86640592
2451,2451.0,36985930.95219123,59054168.3463738
2452,2452.0,37001176.595617525,59080812.86091663
2453,2453.0,37016422.239043824,59107494.31023638
2454,2454.0,37031667.882470116,59134247.11374592
2455,2455.0,37046913.525896415,59161035.84593455
2456,2456.0,37062159.16932271,59187857.27811975
2457,2457.0,37077404.812749006,59214734.054110534
2458,2458.0,37092650.4561753,59241635.31082141
2459,2459.0,37107896.09960159,59268581.468818106
2460,2460.0,37123141.74302789,59295546.719452985
2461,2461.0,37138387.38645418,59322527.931787945
2462,2462.0,37153633.02988048,59349537.799972124
2463,2463.0,37168878.67330677,59376559.45081582
2464,2464.0,37184124.31673306,59403602.080210745
2465,2465.0,37199369.96015936,59430653.27202635
2466,2466.0,37214615.60358565,59457713.006239034
2467,2467.0,37229861.24701195,59484785.7994414
2468,2468.0,37245106.890438244,59511861.988761716
2469,2469.0,37260352.53386454,59538934.606470264
2470,2470.0,37275598.177290834,59566001.344495855
2471,2471.0,37290843.820717126,59593062.00213253
2472,2472.0,37306089.464143425,59620113.749068365
2473,2473.0,37321335.10756972,59647156.69383306
2474,2474.0,37336580.750996016,59674187.32662586
2475,2475.0,37351826.39442231,59701215.79273267
2476,2476.0,37367072.03784861,59728241.91124131
2477,2477.0,37382317.6812749,59755266.43445872
2478,2478.0,37397563.32470119,59782290.7527809
2479,2479.0,37412808.96812749,59809315.039688215
2480,2480.0,37428054.61155378,59836347.546234466
2481,2481.0,37443300.25498008,59863390.63023828
2482,2482.0,37458545.89840637,59890452.581386335
2483,2483.0,37473791.54183267,59917524.95476757
2484,2484.0,37489037.18525896,59944609.8747615
2485,2485.0,37504282.828685254,59971704.540814355
2486,2486.0,37519528.47211155,59998794.018640615
2487,2487.0,37534774.115537845,60025853.85662778
2488,2488.0,37550019.75896414,60052885.05365107
2489,2489.0,37565265.402390435,60079880.95361522
2490,2490.0,37580511.045816734,60106789.119621135
2491,2491.0,37595756.689243026,60133644.70997251
2492,2492.0,37611002.33266932,60160388.5005354
2493,2493.0,37626247.97609562,60187080.86306625
2494,2494.0,37641493.61952191,60213719.11327123
2495,2495.0,37656739.26294821,60240259.802787244
2496,2496.0,37671984.9063745,60266760.37074099
2497,2497.0,37687230.5498008,60293192.95860299
2498,2498.0,37702476.19322709,60319599.73538428
2499,2499.0,37717721.83665338,60345979.548894644
2500,2500.0,37732967.48007968,60372359.15547346
2501,2501.0,37748213.12350597,60398745.567070924
2502,2502.0,37763458.76693227,60425171.93884815
2503,2503.0,37778704.41035856,60451628.767293334
2504,2504.0,37793950.05378486,60478121.9179358
2505,2505.0,37809195.697211154,60504691.1831769
2506,2506.0,37824441.340637445,60531294.10704822
2507,2507.0,37839686.984063745,60557943.64430077
2508,2508.0,37854932.627490036,60584607.591694415
2509,2509.0,37870178.270916335,60611276.50495465
2510,2510.0,37885423.91434263,60637926.530583985
2511,2511.0,37900669.557768926,60664555.332204
2512,2512.0,37915915.20119522,60691124.53174096
2513,2513.0,37931160.84462151,60717662.00490785
2514,2514.0,37946406.48804781,60744168.329243824
2515,2515.0,37961652.1314741,60770608.50730063
2516,2516.0,37976897.7749004,60797019.165000245
2517,2517.0,37992143.41832669,60823401.99818182
2518,2518.0,38007389.06175299,60849735.03563532
2519,2519.0,38022634.70517928,60876046.58896587
2520,2520.0,38037880.34860557,60902347.14629715
2521,2521.0,38053125.99203187,60928647.61647035
2522,2522.0,38068371.635458164,60954958.10753683
2523,2523.0,38083617.27888446,60981306.90514865
2524,2524.0,38098862.922310755,61007677.95020547
2525,2525.0,38114108.56573705,61034074.265671365
2526,2526.0,38129354.209163345,61060533.02700554
2527,2527.0,38144599.85258964,61087020.47460451
2528,2528.0,38159845.496015936,61113533.62765176
2529,2529.0,38175091.13944223,61140093.4479632
2530,2530.0,38190336.78286853,61166674.875101484
2531,2531.0,38205582.42629482,61193276.990415
2532,2532.0,38220828.06972111,61219917.63795645
2533,2533.0,38236073.71314741,61246571.75850845
2534,2534.0,38251319.3565737,61273236.64018226
2535,2535.0,38266565.0,61299920.369878806
2536,2536.0,38281810.64342629,61326610.57974922
2537,2537.0,38297056.28685259,61353301.62755371
2538,2538.0,38312301.93027888,61379989.04686558
2539,2539.0,38327547.573705174,61406672.977682
2540,2540.0,38342793.21713147,61433347.95729989
2541,2541.0,38358038.860557765,61460017.43618323
2542,2542.0,38373284.503984064,61486683.112031415
2543,2543.0,38388530.147410356,61513352.05608682
2544,2544.0,38403775.790836655,61540021.693456545
2545,2545.0,38419021.434262946,61566690.24273491
2546,2546.0,38434267.07768924,61593356.28729961
2547,2547.0,38449512.72111554,61620020.70221865
2548,2548.0,38464758.36454183,61646684.22383314
2549,2549.0,38480004.00796813,61673346.68723333
2550,2550.0,38495249.65139442,61700006.477442816
2551,2551.0,38510495.29482072,61726660.063644804
2552,2552.0,38525740.93824701,61753308.81054178
2553,2553.0,38540986.5816733,61779961.42005194
2554,2554.0,38556232.2250996,61806621.79531016
2555,2555.0,38571477.86852589,61833312.46408278
2556,2556.0,38586723.51195219,61860021.475177206
2557,2557.0,38601969.15537848,61886748.14001949
2558,2558.0,38617214.79880478,61913504.21962198
2559,2559.0,38632460.442231074,61940278.32185576
2560,2560.0,38647706.085657366,61967074.12150568
2561,2561.0,38662951.729083665,61993907.75668488
2562,2562.0,38678197.37250996,62020758.566718146
2563,2563.0,38693443.015936255,62047625.279801875
2564,2564.0,38708688.65936255,62074524.75809466
2565,2565.0,38723934.302788846,62101439.01745631
2566,2566.0,38739179.94621514,62128371.7906044
2567,2567.0,38754425.58964143,62155331.92345375
2568,2568.0,38769671.23306773,62182300.82986174
2569,2569.0,38784916.87649402,62209276.22311393
2570,2570.0,38800162.51992032,62236247.808951914
2571,2571.0,38815408.16334661,62263213.16027078
2572,2572.0,38830653.80677291,62290174.46318101
2573,2573.0,38845899.4501992,62317127.168223076
2574,2574.0,38861145.09362549,62344073.15093634
2575,2575.0,38876390.73705179,62371011.46037165
2576,2576.0,38891636.380478084,62397940.12317319
2577,2577.0,38906882.02390438,62424863.69636837
2578,2578.0,38922127.667330675,62451782.85247269
2579,2579.0,38937373.310756974,62478684.47530351
2580,2580.0,38952618.954183266,62505571.18797478
2581,2581.0,38967864.59760956,62532437.886301205
2582,2582.0,38983110.24103586,62559256.72482531
2583,2583.0,38998355.88446215,62586042.96050728
2584,2584.0,39013601.52788845,62612793.643485844
2585,2585.0,39028847.17131474,62639474.1230162
2586,2586.0,39044092.81474103,62666116.07512987
2587,2587.0,39059338.45816733,62692717.24581013
2588,2588.0,39074584.10159362,62719277.14637263
2589,2589.0,39089829.74501992,62745748.95454375
2590,2590.0,39105075.38844621,62772177.08854227
2591,2591.0,39120321.03187251,62798561.17318829
2592,2592.0,39135566.6752988,62824861.03335557
2593,2593.0,39150812.318725094,62851124.05235483
2594,2594.0,39166057.96215139,62877356.19660863
2595,2595.0,39181303.605577685,62903555.69843959
2596,2596.0,39196549.249003984,62929756.164994866
2597,2597.0,39211794.892430276,62955967.297283985
2598,2598.0,39227040.535856575,62982231.332144186
2599,2599.0,39242286.17928287,63008540.1639978
2600,2600.0,39257531.82270916,63034899.03532483
2601,2601.0,39272777.46613546,63061313.27013918
2602,2602.0,39288023.10956175,63087851.05222045
2603,2603.0,39303268.75298805,63114448.592957176
2604,2604.0,39318514.39641434,63141105.637833595
2605,2605.0,39333760.03984064,63167823.81253592
2606,2606.0,39349005.68326693,63194648.33356197
2607,2607.0,39364251.32669322,63221520.67298026
2608,2608.0,39379496.97011952,63248440.16548412
2609,2609.0,39394742.61354581,63275442.68330514
2610,2610.0,39409988.25697211,63302479.47734047
2611,2611.0,39425233.9003984,63329543.0634668
2612,2612.0,39440479.5438247,63356631.43940711
2613,2613.0,39455725.187250994,63383724.780666344
2614,2614.0,39470970.830677286,63410816.19692116
2615,2615.0,39486216.474103585,63437896.85593816
2616,2616.0,39501462.11752988,63464935.7641394
2617,2617.0,39516707.760956176,63491946.88306314
2618,2618.0,39531953.40438247,63518916.08731782
2619,2619.0,39547199.04780877,63545780.705804184
2620,2620.0,39562444.69123506,63572589.71037153
2621,2621.0,39577690.33466135,63599343.22616024
2622,2622.0,39592935.97808765,63626041.51438272
2623,2623.0,39608181.62151394,63652625.8862006
2624,2624.0,39623427.26494024,63679149.74495916
2625,2625.0,39638672.90836653,63705610.83932057
2626,2626.0,39653918.55179283,63731970.371486016
2627,2627.0,39669164.19521912,63758294.57885676
2628,2628.0,39684409.83864541,63784583.637815006
2629,2629.0,39699655.48207171,63810804.51598583
2630,2630.0,39714901.125498004,63836991.462088116
2631,2631.0,39730146.7689243,63863146.17550313
2632,2632.0,39745392.412350595,63889243.99277266
2633,2633.0,39760638.055776894,63915329.14273106
2634,2634.0,39775883.699203186,63941413.68311115
2635,2635.0,39791129.34262948,63967517.166829914
2636,2636.0,39806374.98605578,63993635.61793322
2637,2637.0,39821620.62948207,64019775.01726708
2638,2638.0,39836866.27290837,64045939.328158386
2639,2639.0,39852111.91633466,64072164.76396717
2640,2640.0,39867357.55976096,64098425.26309414
2641,2641.0,39882603.20318725,64124714.091614574
2642,2642.0,39897848.84661354,64151034.47113475
2643,2643.0,39913094.49003984,64177367.94165402
2644,2644.0,39928340.13346613,64203711.920072466
2645,2645.0,39943585.77689243,64230074.39911732
2646,2646.0,39958831.42031872,64256448.19883472
2647,2647.0,39974077.063745014,64282835.7116687
2648,2648.0,39989322.70717131,64309248.288535886
2649,2649.0,40004568.350597605,64335673.21896343
2650,2650.0,40019813.994023904,64362109.65243347
2651,2651.0,40035059.637450196,64388563.960916035
2652,2652.0,40050305.280876495,64415026.06567314
2653,2653.0,40065550.92430279,64441495.87331771
2654,2654.0,40080796.56772908,64467974.5141927
2655,2655.0,40096042.21115538,64494461.111200646
2656,2656.0,40111287.85458167,64520956.085418075
2657,2657.0,40126533.49800797,64547466.43735931
2658,2658.0,40141779.14143426,64573984.99037137
2659,2659.0,40157024.78486056,64600513.13436774
2660,2660.0,40172270.42828685,64627064.79972108
2661,2661.0,40187516.07171314,64653630.504366644
2662,2662.0,40202761.71513944,64680209.90845426
2663,2663.0,40218007.35856573,64706815.35913005
2664,2664.0,40233253.00199203,64733431.29892538
2665,2665.0,40248498.64541832,64760059.27740407
2666,2666.0,40263744.28884462,64786711.79822177
2667,2667.0,40278989.932270914,64813374.07434128
2668,2668.0,40294235.575697206,64840045.376716115
2669,2669.0,40309481.219123505,64866736.13369526
2670,2670.0,40324726.8625498,64893431.036060266
2671,2671.0,40339972.505976096,64920125.626809135
2672,2672.0,40355218.14940239,64946822.85531608
2673,2673.0,40370463.79282869,64973532.041261755
2674,2674.0,40385709.43625498,65000245.20702039
2675,2675.0,40400955.07968127,65026961.65776042
2676,2676.0,40416200.72310757,65053679.26001723
2677,2677.0,40431446.36653386,65080395.03939997
2678,2678.0,40446692.00996016,65107109.81117679
2679,2679.0,40461937.65338645,65133827.90275023
2680,2680.0,40477183.29681275,65160545.123507805
2681,2681.0,40492428.94023904,65187263.16799553
2682,2682.0,40507674.58366533,65213992.12767465
2683,2683.0,40522920.22709163,65240727.89638559
2684,2684.0,40538165.870517924,65267471.51332291
2685,2685.0,40553411.51394422,65294235.80083006
2686,2686.0,40568657.157370515,65321016.4591463
2687,2687.0,40583902.800796814,65347817.605479464
2688,2688.0,40599148.444223106,65374656.09116286
2689,2689.0,40614394.0876494,65401510.766766034
2690,2690.0,40629639.7310757,65428381.93149284
2691,2691.0,40644885.37450199,65455286.11274079
2692,2692.0,40660131.01792829,65482206.405499406
2693,2693.0,40675376.66135458,65509143.077809215
2694,2694.0,40690622.30478088,65536097.95710972
2695,2695.0,40705867.94820717,65563056.30654909
2696,2696.0,40721113.59163346,65590014.86162115
2697,2697.0,40736359.23505976,65616957.15404223
2698,2698.0,40751604.87848605,65643889.847452626
2699,2699.0,40766850.52191235,65670811.50193299
2700,2700.0,40782096.16533864,65697708.958132096
2701,2701.0,40797341.80876494,65724589.087839454
2702,2702.0,40812587.45219123,65751447.145046815
2703,2703.0,40827833.095617525,65778271.41873624
2704,2704.0,40843078.739043824,65805088.756828845
2705,2705.0,40858324.382470116,65831899.098607816
2706,2706.0,40873570.025896415,65858696.90839305
2707,2707.0,40888815.66932271,65885489.39038215
2708,2708.0,40904061.312749,65912275.36109694
2709,2709.0,40919306.9561753,65939054.64830675
2710,2710.0,40934552.59960159,65965831.00017133
2711,2711.0,40949798.24302789,65992602.49982012
2712,2712.0,40965043.88645418,66019360.43999086
2713,2713.0,40980289.52988048,66046107.332231075
2714,2714.0,40995535.17330677,66072840.25235584
2715,2715.0,41010780.81673306,66099389.60430371
2716,2716.0,41026026.46015936,66125760.43900017
2717,2717.0,41041272.10358565,66152113.39110251
2718,2718.0,41056517.74701195,66178268.49339101
2719,2719.0,41071763.390438244,66204220.5990343
2720,2720.0,41087009.03386454,66229966.04112185
2721,2721.0,41102254.677290834,66255681.61747046
2722,2722.0,41117500.320717126,66281190.99716101
2723,2723.0,41132745.964143425,66306509.035898395
2724,2724.0,41147991.60756972,66331811.80423886
2725,2725.0,41163237.250996016,66356940.75021783
2726,2726.0,41178482.89442231,66382061.14566703
2727,2727.0,41193728.53784861,66407023.75938644
2728,2728.0,41208974.1812749,66432133.93258602
2729,2729.0,41224219.82470119,66457241.93025554
2730,2730.0,41239465.46812749,66482200.18286794
2731,2731.0,41254711.11155378,66507307.29506086
2732,2732.0,41269956.75498008,66532415.10907967
2733,2733.0,41285202.39840637,66557523.20833372
2734,2734.0,41300448.04183267,66582632.36824011
2735,2735.0,41315693.68525896,66607748.79446094
2736,2736.0,41330939.328685254,66632874.64608244
2737,2737.0,41346184.97211155,66658012.85468877
2738,2738.0,41361430.615537845,66683165.94389673
2739,2739.0,41376676.25896414,66708340.72679002
2740,2740.0,41391921.902390435,66733535.39639775
2741,2741.0,41407167.545816734,66758608.27030406
2742,2742.0,41422413.189243026,66783850.431802444
2743,2743.0,41437658.83266932,66809115.4499082
2744,2744.0,41452904.47609562,66834472.567643374
2745,2745.0,41468150.11952191,66859830.25006596
2746,2746.0,41483395.76294821,66885189.96333933
2747,2747.0,41498641.4063745,66910549.52478226
2748,2748.0,41513887.0498008,66935919.904939204
2749,2749.0,41529132.69322709,66961368.83023265
2750,2750.0,41544378.33665338,66986800.689236164
2751,2751.0,41559623.98007968,67012214.063945055
2752,2752.0,41574869.62350597,67037544.84404345
2753,2753.0,41590115.26693227,67062877.15137938
2754,2754.0,41605360.91035856,67088211.2531041
2755,2755.0,41620606.55378486,67113554.10723785
2756,2756.0,41635852.197211154,67138891.04887544
2757,2757.0,41651097.840637445,67164162.18771091
2758,2758.0,41666343.484063745,67189468.54674022
2759,2759.0,41681589.127490036,67214871.19053704
2760,2760.0,41696834.770916335,67240279.41718832
2761,2761.0,41712080.41434263,67265689.61910303
2762,2762.0,41727326.05776892,67291107.55287112
2763,2763.0,41742571.70119522,67316569.42705056
2764,2764.0,41757817.34462151,67342054.52794132
2765,2765.0,41773062.98804781,67367560.45128639
2766,2766.0,41788308.6314741,67393106.48223892
2767,2767.0,41803554.2749004,67418602.01803982
2768,2768.0,41818799.91832669,67444071.12300457
2769,2769.0,41834045.56175298,67469465.69838265
2770,2770.0,41849291.20517928,67494733.62983552
2771,2771.0,41864536.84860557,67519853.69976078
2772,2772.0,41879782.49203187,67544844.947771
2773,2773.0,41895028.135458164,67569725.57175528
2774,2774.0,41910273.77888446,67594488.00317208
2775,2775.0,41925519.422310755,67619171.44752814
2776,2776.0,41940765.06573705,67643850.32201497
2777,2777.0,41956010.709163345,67668576.6929454
2778,2778.0,41971256.35258964,67693354.05765708
2779,2779.0,41986501.996015936,67718166.7119327
2780,2780.0,42001747.63944223,67742958.24120252
2781,2781.0,42016993.28286853,67767736.32571298
2782,2782.0,42032238.92629482,67792480.92464927
2783,2783.0,42047484.56972111,67817201.73094627
2784,2784.0,42062730.21314741,67841877.87942941
2785,2785.0,42077975.8565737,67866452.41889182
2786,2786.0,42093221.5,67890974.48671728
2787,2787.0,42108467.14342629,67915479.69072515
2788,2788.0,42123712.78685259,67940025.01776588
2789,2789.0,42138958.43027888,67964603.63048038
2790,2790.0,42154204.073705174,67989225.9279585
2791,2791.0,42169449.71713147,68013873.6756675
2792,2792.0,42184695.360557765,68038577.73807253
2793,2793.0,42199941.003984064,68063403.86734559
2794,2794.0,42215186.647410356,68088379.16427247
2795,2795.0,42230432.290836655,68113518.00125718
2796,2796.0,42245677.934262946,68138823.4874862
2797,2797.0,42260923.57768924,68164319.16329719
2798,2798.0,42276169.22111554,68189985.86684819
2799,2799.0,42291414.86454183,68215843.3515632
2800,2800.0,42306660.50796813,68241862.09251057
2801,2801.0,42321906.15139442,68268031.37923947
2802,2802.0,42337151.79482072,68294329.31465565
2803,2803.0,42352397.43824701,68320720.81946759
2804,2804.0,42367643.0816733,68347184.57088748
2805,2805.0,42382888.7250996,68373700.29576868
2806,2806.0,42398134.36852589,68400253.28249598
2807,2807.0,42413380.01195219,68426831.50823501
2808,2808.0,42428625.65537848,68453434.80330414
2809,2809.0,42443871.29880478,68480052.0842375
2810,2810.0,42459116.942231074,68506676.40743835
2811,2811.0,42474362.585657366,68533303.42759265
2812,2812.0,42489608.229083665,68559929.6030515
2813,2813.0,42504853.87250996,68586552.40757167
2814,2814.0,42520099.515936255,68613171.6433086
2815,2815.0,42535345.15936255,68639792.54160897
2816,2816.0,42550590.802788846,68666414.60362466
2817,2817.0,42565836.44621514,68693038.95171238
2818,2818.0,42581082.08964143,68719673.08017802
2819,2819.0,42596327.73306773,68746312.09957275
2820,2820.0,42611573.37649402,68772953.11142784
2821,2821.0,42626819.01992032,68799602.17714292
2822,2822.0,42642064.66334661,68826246.28599441
2823,2823.0,42657310.3067729,68852855.85167605
2824,2824.0,42672555.9501992,68879471.5043015
2825,2825.0,42687801.59362549,68906069.02797246
2826,2826.0,42703047.23705179,68932623.78171703
2827,2827.0,42718292.880478084,68959181.49480332
2828,2828.0,42733538.52390438,68985720.9258509
2829,2829.0,42748784.167330675,69012232.00206646
2830,2830.0,42764029.81075697,69038728.64519694
2831,2831.0,42779275.454183266,69065196.9484255
2832,2832.0,42794521.09760956,69091687.01573488
2833,2833.0,42809766.74103586,69118185.88973953
2834,2834.0,42825012.38446215,69144692.80333628
2835,2835.0,42840258.02788845,69171222.7888496
2836,2836.0,42855503.67131474,69197773.47855711
2837,2837.0,42870749.31474103,69224363.6645582
2838,2838.0,42885994.95816733,69250995.39862761
2839,2839.0,42901240.60159362,69277690.85298753
2840,2840.0,42916486.24501992,69304429.18005714
2841,2841.0,42931731.88844621,69331200.2693953
2842,2842.0,42946977.53187251,69358017.122887
2843,2843.0,42962223.1752988,69384853.75208786
2844,2844.0,42977468.818725094,69411710.641987
2845,2845.0,42992714.46215139,69438550.1949637
2846,2846.0,43007960.105577685,69465398.64097628
2847,2847.0,43023205.749003984,69492219.22066133
2848,2848.0,43038451.392430276,69518965.4652525
2849,2849.0,43053697.035856575,69545719.79386978
2850,2850.0,43068942.67928287,69572390.91040517
2851,2851.0,43084188.32270916,69599031.5758334
2852,2852.0,43099433.96613546,69625672.76227863
2853,2853.0,43114679.60956175,69652241.84936768
2854,2854.0,43129925.25298805,69678784.03792098
2855,2855.0,43145170.89641434,69705284.3889238
2856,2856.0,43160416.53984064,69731769.3345088
2857,2857.0,43175662.18326693,69758245.57602304
2858,2858.0,43190907.82669322,69784678.36070122
2859,2859.0,43206153.47011952,69811103.35887487
2860,2860.0,43221399.11354581,69837542.01048693
2861,2861.0,43236644.75697211,69864023.20419064
2862,2862.0,43251890.4003984,69890538.38421677
2863,2863.0,43267136.0438247,69917084.45926976
2864,2864.0,43282381.687250994,69943647.03223938
2865,2865.0,43297627.330677286,69970226.36935231
2866,2866.0,43312872.974103585,69996841.98904625
2867,2867.0,43328118.61752988,70023471.9156105
2868,2868.0,43343364.260956176,70050103.4953836
2869,2869.0,43358609.90438247,70076741.40497662
2870,2870.0,43373855.54780877,70103390.68647055
2871,2871.0,43389101.19123506,70130057.39030352
2872,2872.0,43404346.83466135,70156768.66689624
2873,2873.0,43419592.47808765,70183506.61328028
2874,2874.0,43434838.12151394,70210278.22637136
2875,2875.0,43450083.76494024,70237125.991663
2876,2876.0,43465329.40836653,70264012.3279031
2877,2877.0,43480575.05179283,70290932.56343804
2878,2878.0,43495820.69521912,70317897.13012174
2879,2879.0,43511066.33864541,70344871.68198857
2880,2880.0,43526311.98207171,70371854.55347717
2881,2881.0,43541557.625498004,70398858.8180624
2882,2882.0,43556803.2689243,70425867.18515688
2883,2883.0,43572048.912350595,70452872.5460219
2884,2884.0,43587294.55577689,70479864.06870249
2885,2885.0,43602540.199203186,70506837.71326318
2886,2886.0,43617785.84262948,70533795.73410223
2887,2887.0,43633031.48605578,70560736.7247325
2888,2888.0,43648277.12948207,70587664.61646736
2889,2889.0,43663522.77290837,70614578.796993
2890,2890.0,43678768.41633466,70641475.68546239
2891,2891.0,43694014.05976095,70668361.88398653
2892,2892.0,43709259.70318725,70695241.0504026
2893,2893.0,43724505.34661354,70722108.04546317
2894,2894.0,43739750.99003984,70748971.99458295
2895,2895.0,43754996.63346613,70775849.91425134
2896,2896.0,43770242.27689243,70802737.46417786
2897,2897.0,43785487.92031872,70829644.72926824
2898,2898.0,43800733.563745014,70856573.99802922
2899,2899.0,43815979.20717131,70883503.74998842
2900,2900.0,43831224.850597605,70910448.23021832
2901,2901.0,43846470.494023904,70937403.04005338
2902,2902.0,43861716.137450196,70964352.768665
2903,2903.0,43876961.780876495,70991309.86252631
2904,2904.0,43892207.42430279,71018267.82964188
2905,2905.0,43907453.06772908,71045212.86434974
2906,2906.0,43922698.71115538,71072146.12191533
2907,2907.0,43937944.35458167,71099050.24001367
2908,2908.0,43953189.99800797,71125868.28487593
2909,2909.0,43968435.64143426,71152637.17359784
2910,2910.0,43983681.28486056,71179361.57063773
2911,2911.0,43998926.92828685,71206019.73478162
2912,2912.0,44014172.57171314,71232639.90733345
2913,2913.0,44029418.21513944,71259194.49049746
2914,2914.0,44044663.85856573,71285760.03287116
2915,2915.0,44059909.50199203,71312346.28753701
2916,2916.0,44075155.14541832,71338967.32959604
2917,2917.0,44090400.78884462,71365661.59425507
2918,2918.0,44105646.432270914,71392368.1648883
2919,2919.0,44120892.075697206,71419069.28468218
2920,2920.0,44136137.719123505,71445806.39993961
2921,2921.0,44151383.3625498,71472516.84117226
2922,2922.0,44166629.005976096,71499213.6672071
2923,2923.0,44181874.64940239,71525873.5519386
2924,2924.0,44197120.29282869,71552485.36613822
2925,2925.0,44212365.93625498,71579075.27646565
2926,2926.0,44227611.57968127,71605671.79475571
2927,2927.0,44242857.22310757,71632274.01965997
2928,2928.0,44258102.86653386,71658895.69576684
2929,2929.0,44273348.50996016,71685519.96121974
2930,2930.0,44288594.15338645,71712153.77347758
2931,2931.0,44303839.79681275,71738811.4353668
2932,2932.0,44319085.44023904,71765479.12921166
2933,2933.0,44334331.08366533,71792136.25975046
2934,2934.0,44349576.72709163,71818795.02236882
2935,2935.0,44364822.370517924,71845461.94270675
2936,2936.0,44380068.01394422,71872131.26763108
2937,2937.0,44395313.657370515,71898857.17270303
2938,2938.0,44410559.300796814,71925615.73144674
2939,2939.0,44425804.944223106,71952418.34540947
2940,2940.0,44441050.5876494,71979246.49029137
2941,2941.0,44456296.2310757,72006106.68337895
2942,2942.0,44471541.87450199,72032988.57033291
2943,2943.0,44486787.51792829,72059874.33210982
2944,2944.0,44502033.16135458,72086747.056518
2945,2945.0,44517278.80478087,72113599.56056575
2946,2946.0,44532524.44820717,72140437.00285102
2947,2947.0,44547770.09163346,72167250.04349153
2948,2948.0,44563015.73505976,72194060.16853143
2949,2949.0,44578261.37848605,72220868.22327077
2950,2950.0,44593507.02191235,72247704.17536642
2951,2951.0,44608752.66533864,72274556.37691028
2952,2952.0,44623998.308764935,72301447.09241293
2953,2953.0,44639243.95219123,72328358.59357259
2954,2954.0,44654489.595617525,72355292.99067551
2955,2955.0,44669735.239043824,72382269.41293316
2956,2956.0,44684980.882470116,72409260.43659484
2957,2957.0,44700226.525896415,72436261.97993645
2958,2958.0,44715472.16932271,72463259.65860458
2959,2959.0,44730717.812749,72490244.64569017
2960,2960.0,44745963.4561753,72517196.32890595
2961,2961.0,44761209.09960159,72544112.94643202
2962,2962.0,44776454.74302789,72570955.63381666
2963,2963.0,44791700.38645418,72597752.68247868
2964,2964.0,44806946.02988048,72624510.79625636
2965,2965.0,44822191.67330677,72651208.61724874
2966,2966.0,44837437.31673306,72677881.5747164
2967,2967.0,44852682.96015936,72704545.7466877
2968,2968.0,44867928.60358565,72731233.35535398
2969,2969.0,44883174.24701195,72757956.21202345
2970,2970.0,44898419.890438244,72784761.32097374
2971,2971.0,44913665.53386454,72811621.75607014
2972,2972.0,44928911.177290834,72838574.2271345
2973,2973.0,44944156.820717126,72865576.7193271
2974,2974.0,44959402.464143425,72892621.16207194
2975,2975.0,44974648.10756972,72919703.07609774
2976,2976.0,44989893.750996016,72946784.7416021
2977,2977.0,45005139.39442231,72973837.98876114
2978,2978.0,45020385.03784861,73000867.91316909
2979,2979.0,45035630.6812749,73027845.12020697
2980,2980.0,45050876.32470119,73054795.40679456
2981,2981.0,45066121.96812749,73081717.43978773
2982,2982.0,45081367.61155378,73108597.22467512
2983,2983.0,45096613.25498008,73135469.81838723
2984,2984.0,45111858.89840637,73162336.67852223
2985,2985.0,45127104.54183267,73189206.15931778
2986,2986.0,45142350.18525896,73216081.58098835
2987,2987.0,45157595.828685254,73242970.15934297
2988,2988.0,45172841.47211155,73269857.41537093
2989,2989.0,45188087.115537845,73296737.07581264
2990,2990.0,45203332.75896414,73323608.64534862
2991,2991.0,45218578.402390435,73350484.03321888
2992,2992.0,45233824.045816734,73377356.12454075
2993,2993.0,45249069.689243026,73404222.36792803
2994,2994.0,45264315.33266932,73431087.02422367
2995,2995.0,45279560.97609562,73457949.15916888
2996,2996.0,45294806.61952191,73484823.04391505
2997,2997.0,45310052.26294821,73511708.36628228
2998,2998.0,45325297.9063745,73538593.20303364
2999,2999.0,45340543.5498008,73565467.75356483
3000,3000.0,45355789.19322709,73592324.70034066
3001,3001.0,45371034.83665338,73619125.83349419
3002,3002.0,45386280.48007968,73645900.96713379
3003,3003.0,45401526.12350597,73672612.13772781
3004,3004.0,45416771.76693227,73699290.91179301
3005,3005.0,45432017.41035856,73725905.08985874
3006,3006.0,45447263.053784855,73752494.17035717
3007,3007.0,45462508.697211154,73779066.29274918
3008,3008.0,45477754.340637445,73805628.13647608
3009,3009.0,45492999.984063745,73832194.83255659
3010,3010.0,45508245.627490036,73858785.06809981
3011,3011.0,45523491.270916335,73885389.03983995
3012,3012.0,45538736.91434263,73912016.27453625
3013,3013.0,45553982.55776892,73938656.47837102
3014,3014.0,45569228.20119522,73965310.45933221
3015,3015.0,45584473.84462151,73991982.96813099
3016,3016.0,45599719.48804781,74018661.52776
3017,3017.0,45614965.1314741,74045345.59948274
3018,3018.0,45630210.7749004,74072026.72165018
3019,3019.0,45645456.41832669,74098705.20594886
3020,3020.0,45660702.06175298,74125383.51924302
3021,3021.0,45675947.70517928,74152053.45783922
3022,3022.0,45691193.34860557,74178727.91256322
3023,3023.0,45706438.99203187,74205398.16476485
3024,3024.0,45721684.635458164,74232066.49559376
3025,3025.0,45736930.27888446,74258751.89106779
3026,3026.0,45752175.922310755,74285436.93820347
3027,3027.0,45767421.56573705,74312139.9093022
3028,3028.0,45782667.209163345,74338851.99371445
3029,3029.0,45797912.85258964,74365573.02677889
3030,3030.0,45813158.496015936,74392307.24933337
3031,3031.0,45828404.13944223,74419041.64403358
3032,3032.0,45843649.78286853,74445771.90090059
3033,3033.0,45858895.42629482,74472499.63561283
3034,3034.0,45874141.06972111,74499224.60953683
3035,3035.0,45889386.71314741,74525931.52485779
3036,3036.0,45904632.3565737,74552625.34143376
3037,3037.0,45919878.0,74579296.99582997
3038,3038.0,45935123.64342629,74605960.08420463
3039,3039.0,45950369.28685259,74632613.82831448
3040,3040.0,45965614.93027888,74659269.2958594
3041,3041.0,45980860.573705174,74685931.52132845
3042,3042.0,45996106.21713147,74712607.70908073
3043,3043.0,46011351.860557765,74739333.57653867
3044,3044.0,46026597.503984064,74766095.41007055
3045,3045.0,46041843.147410356,74792937.29693638
3046,3046.0,46057088.790836655,74819829.86565594
3047,3047.0,46072334.434262946,74846778.73324476
3048,3048.0,46087580.07768924,74873814.15608408
3049,3049.0,46102825.72111554,74900896.13102093
3050,3050.0,46118071.36454183,74928037.02307242
3051,3051.0,46133317.00796813,74955209.61875944
3052,3052.0,46148562.65139442,74982407.70399363
3053,3053.0,46163808.29482072,75009631.67976189
3054,3054.0,46179053.93824701,75036861.82858002
3055,3055.0,46194299.5816733,75064089.63865066
3056,3056.0,46209545.2250996,75091308.73285961
3057,3057.0,46224790.86852589,75118514.69319047
3058,3058.0,46240036.51195219,75145696.28991625
3059,3059.0,46255282.15537848,75172853.03188929
3060,3060.0,46270527.79880478,75199964.37912197
3061,3061.0,46285773.442231074,75227048.10457267
3062,3062.0,46301019.085657366,75254106.63401446
3063,3063.0,46316264.729083665,75281128.65481977
3064,3064.0,46331510.37250996,75308141.3811327
3065,3065.0,46346756.015936255,75335152.49126689
3066,3066.0,46362001.65936255,75362166.63756756
3067,3067.0,46377247.30278884,75389182.85496362
3068,3068.0,46392492.94621514,75416202.08000462
3069,3069.0,46407738.58964143,75443210.43763492
3070,3070.0,46422984.23306773,75470173.07693215
3071,3071.0,46438229.87649402,75497089.7041232
3072,3072.0,46453475.51992032,75523957.22778402
3073,3073.0,46468721.16334661,75550699.27072841
3074,3074.0,46483966.8067729,75577371.96878904
3075,3075.0,46499212.4501992,75603911.14803375
3076,3076.0,46514458.09362549,75630398.07042672
3077,3077.0,46529703.73705179,75656845.71700096
3078,3078.0,46544949.380478084,75683253.0325261
3079,3079.0,46560195.02390438,75709657.88558276
3080,3080.0,46575440.667330675,75736066.66158286
3081,3081.0,46590686.31075697,75762493.0908395
3082,3082.0,46605931.954183266,75788939.00736253
3083,3083.0,46621177.59760956,75815400.76081087
3084,3084.0,46636423.24103586,75841878.48621601
3085,3085.0,46651668.88446215,75868335.04117277
3086,3086.0,46666914.52788845,75894779.1199338
3087,3087.0,46682160.17131474,75921200.32555409
3088,3088.0,46697405.81474103,75947583.32265346
3089,3089.0,46712651.45816733,75973948.50960499
3090,3090.0,46727897.10159362,76000292.98653407
3091,3091.0,46743142.74501992,76026594.11717069
3092,3092.0,46758388.38844621,76052862.69656317
3093,3093.0,46773634.03187251,76079078.76410206
3094,3094.0,46788879.6752988,76105234.50884674
3095,3095.0,46804125.318725094,76131311.49564962
3096,3096.0,46819370.96215139,76157232.21231173
3097,3097.0,46834616.605577685,76183038.32814626
3098,3098.0,46849862.249003984,76208615.78787376
3099,3099.0,46865107.892430276,76234051.86889316
3100,3100.0,46880353.535856575,76259341.65154256
3101,3101.0,46895599.17928287,76284364.22418624
3102,3102.0,46910844.82270916,76309268.12384325
3103,3103.0,46926090.46613546,76334072.42066467
3104,3104.0,46941336.10956175,76359011.11539882
3105,3105.0,46956581.75298805,76383939.42980349
3106,3106.0,46971827.39641434,76408946.62219253
3107,3107.0,46987073.03984064,76434034.10018739
3108,3108.0,47002318.68326693,76459159.20090005
3109,3109.0,47017564.32669322,76484344.70655738
3110,3110.0,47032809.97011952,76509691.93654893
3111,3111.0,47048055.61354581,76535127.50749671
3112,3112.0,47063301.25697211,76560751.11033519
3113,3113.0,47078546.9003984,76586479.71295391
3114,3114.0,47093792.5438247,76612187.84040265
3115,3115.0,47109038.187250994,76637870.02912945
3116,3116.0,47124283.830677286,76663550.7856633
3117,3117.0,47139529.474103585,76689218.52864146
3118,3118.0,47154775.11752988,76714870.97468515
3119,3119.0,47170020.760956176,76740606.4046058
3120,3120.0,47185266.40438247,76766386.68617047
3121,3121.0,47200512.04780877,76792208.84449905
3122,3122.0,47215757.69123506,76818094.36477453
3123,3123.0,47231003.33466135,76844000.40008041
3124,3124.0,47246248.97808765,76869920.9354192
3125,3125.0,47261494.62151394,76895824.34698623
3126,3126.0,47276740.26494024,76921691.65931727
3127,3127.0,47291985.90836653,76947518.50712256
3128,3128.0,47307231.55179282,76973294.56208001
3129,3129.0,47322477.19521912,76999012.40920818
3130,3130.0,47337722.83864541,77024672.52277131
3131,3131.0,47352968.48207171,77050343.269334
3132,3132.0,47368214.125498004,77076027.8277511
3133,3133.0,47383459.7689243,77101732.71599874
3134,3134.0,47398705.412350595,77127484.60216779
3135,3135.0,47413951.05577689,77153254.20950729
3136,3136.0,47429196.699203186,77179090.8351012
3137,3137.0,47444442.34262948,77204996.27064803
3138,3138.0,47459687.98605578,77230915.15504973
3139,3139.0,47474933.62948207,77256905.58822416
3140,3140.0,47490179.27290837,77282958.36763906
3141,3141.0,47505424.91633466,77309091.54136658
3142,3142.0,47520670.55976095,77335232.83561885
3143,3143.0,47535916.20318725,77361372.8717924
3144,3144.0,47551161.84661354,77387507.43015577
3145,3145.0,47566407.49003984,77413633.44557908
3146,3146.0,47581653.13346613,77439763.88233966
3147,3147.0,47596898.77689243,77465884.53383127
3148,3148.0,47612144.42031872,77491999.1035696
3149,3149.0,47627390.063745014,77518121.4755142
3150,3150.0,47642635.70717131,77544241.0718958
3151,3151.0,47657881.350597605,77570381.66073033
3152,3152.0,47673126.994023904,77596531.06518409
3153,3153.0,47688372.637450196,77622680.59670368
3154,3154.0,47703618.280876495,77648830.13042682
3155,3155.0,47718863.92430279,77674980.22541659
3156,3156.0,47734109.56772908,77701131.46991365
3157,3157.0,47749355.21115538,77727284.15356775
3158,3158.0,47764600.85458167,77753438.63124889
3159,3159.0,47779846.49800797,77779591.96054164
3160,3160.0,47795092.14143426,77805751.38533738
3161,3161.0,47810337.78486056,77831921.1135721
3162,3162.0,47825583.42828685,77858096.09625882
3163,3163.0,47840829.07171314,77884274.51155943
3164,3164.0,47856074.71513944,77910447.88113153
3165,3165.0,47871320.35856573,77936616.63572896
3166,3166.0,47886566.00199203,77962776.34185891
3167,3167.0,47901811.64541832,77988932.1412529
3168,3168.0,47917057.28884462,78015085.51279558
3169,3169.0,47932302.932270914,78041234.27455741
3170,3170.0,47947548.575697206,78067388.87338278
3171,3171.0,47962794.219123505,78093559.1082929
3172,3172.0,47978039.8625498,78119744.93301973
3173,3173.0,47993285.505976096,78145949.54675157
3174,3174.0,48008531.14940239,78172182.63672118
3175,3175.0,48023776.79282869,78198440.97848843
3176,3176.0,48039022.43625498,78224733.72017632
3177,3177.0,48054268.07968127,78251050.95075013
3178,3178.0,48069513.72310757,78277387.62679927
3179,3179.0,48084759.36653386,78303736.52794442
3180,3180.0,48100005.00996016,78330092.30057679
3181,3181.0,48115250.65338645,78356449.45410044
3182,3182.0,48130496.29681275,78382800.6937614
3183,3183.0,48145741.94023904,78409139.46128696
3184,3184.0,48160987.58366533,78435455.38592157
3185,3185.0,48176233.22709163,78461755.43449497
3186,3186.0,48191478.870517924,78488038.89571135
3187,3187.0,48206724.51394422,78514307.71934104
3188,3188.0,48221970.157370515,78540564.1616272
3189,3189.0,48237215.80079681,78566811.61994527
3190,3190.0,48252461.444223106,78593056.59874262
3191,3191.0,48267707.0876494,78619305.11705527
3192,3192.0,48282952.7310757,78645561.92010392
3193,3193.0,48298198.37450199,78671826.67905973
3194,3194.0,48313444.01792829,78698098.36577338
3195,3195.0,48328689.66135458,78724373.71793811
3196,3196.0,48343935.30478087,78750655.01952371
3197,3197.0,48359180.94820717,78776938.50212155
3198,3198.0,48374426.59163346,78803223.25772212
3199,3199.0,48389672.23505976,78829504.64594136
3200,3200.0,48404917.87848605,78855782.98899816
3201,3201.0,48420163.52191235,78882061.27611765
3202,3202.0,48435409.16533864,78908339.76806718
3203,3203.0,48450654.808764935,78934620.46037528
3204,3204.0,48465900.45219123,78960898.82597513
3205,3205.0,48481146.095617525,78987179.13763985
3206,3206.0,48496391.739043824,79013466.95365156
3207,3207.0,48511637.382470116,79039756.3858167
3208,3208.0,48526883.025896415,79066046.93199928
3209,3209.0,48542128.66932271,79092334.78490432
3210,3210.0,48557374.312749,79118619.29216033
3211,3211.0,48572619.9561753,79144578.22320773
3212,3212.0,48587865.59960159,79170537.54677767
3213,3213.0,48603111.24302789,79196172.10673909
3214,3214.0,48618356.88645418,79221475.71338141
3215,3215.0,48633602.52988048,79246463.73873158
3216,3216.0,48648848.17330677,79271157.55481339
3217,3217.0,48664093.81673306,79295593.65556939
3218,3218.0,48679339.46015936,79320128.87056102
3219,3219.0,48694585.10358565,79344786.45190538
3220,3220.0,48709830.74701195,79369603.10591449
3221,3221.0,48725076.390438244,79394611.03798923
3222,3222.0,48740322.03386454,79419809.73768556
3223,3223.0,48755567.677290834,79445189.04496823
3224,3224.0,48770813.320717126,79470753.68583171
3225,3225.0,48786058.964143425,79496502.51756865
3226,3226.0,48801304.60756972,79522415.59642433
3227,3227.0,48816550.250996016,79548460.9679999
3228,3228.0,48831795.89442231,79574609.46039583
3229,3229.0,48847041.53784861,79600839.44806406
3230,3230.0,48862287.1812749,79627120.68790932
3231,3231.0,48877532.82470119,79653424.6409994
3232,3232.0,48892778.46812749,79679744.60586293
3233,3233.0,48908024.11155378,79706056.95020899
3234,3234.0,48923269.75498008,79732374.47516905
3235,3235.0,48938515.39840637,79758678.89056365
3236,3236.0,48953761.04183267,79784970.0906891
3237,3237.0,48969006.68525896,79811252.6972683
3238,3238.0,48984252.328685254,79837528.47826292
3239,3239.0,48999497.97211155,79863793.65283084
3240,3240.0,49014743.615537845,79890049.02291374
3241,3241.0,49029989.25896414,79916296.25069332
3242,3242.0,49045234.902390435,79942539.76983835
3243,3243.0,49060480.54581673,79968771.50150068
3244,3244.0,49075726.189243026,79994990.62283055
3245,3245.0,49090971.83266932,80021193.97127411
3246,3246.0,49106217.47609562,80047384.70722196
3247,3247.0,49121463.11952191,80073552.05773094
3248,3248.0,49136708.76294821,80099704.65151146
3249,3249.0,49151954.4063745,80125846.92371948
3250,3250.0,49167200.04980079,80151986.82605983
3251,3251.0,49182445.69322709,80178126.47326165
3252,3252.0,49197691.33665338,80204265.20337823
3253,3253.0,49212936.98007968,80230405.76622187
3254,3254.0,49228182.62350597,80256555.26540583
3255,3255.0,49243428.26693227,80282727.60708405
3256,3256.0,49258673.91035856,80308911.81569006
3257,3257.0,49273919.553784855,80335114.53088948
3258,3258.0,49289165.197211154,80361336.1660023
3259,3259.0,49304410.840637445,80387574.05644557
3260,3260.0,49319656.484063745,80413812.61316644
3261,3261.0,49334902.127490036,80440050.17278379
3262,3262.0,49350147.770916335,80466293.58502123
3263,3263.0,49365393.41434263,80492549.50921087
3264,3264.0,49380639.05776892,80518810.8315657
3265,3265.0,49395884.70119522,80545084.75512396
3266,3266.0,49411130.34462151,80571361.21144252
3267,3267.0,49426375.98804781,80597635.32681239
3268,3268.0,49441621.6314741,80623899.360051
3269,3269.0,49456867.2749004,80650151.218272
3270,3270.0,49472112.91832669,80676399.80124556
3271,3271.0,49487358.56175298,80702628.99498576
3272,3272.0,49502604.20517928,80728817.20709166
3273,3273.0,49517849.84860557,80754926.37648295
3274,3274.0,49533095.49203187,80780927.85564579
3275,3275.0,49548341.135458164,80806820.26429547
3276,3276.0,49563586.77888446,80832606.11622937
3277,3277.0,49578832.422310755,80858307.41566943
3278,3278.0,49594078.06573705,80883954.41176811
3279,3279.0,49609323.709163345,80909586.51964684
3280,3280.0,49624569.35258964,80935232.1040648
3281,3281.0,49639814.996015936,80960921.72033492
3282,3282.0,49655060.63944223,80986670.20866634
3283,3283.0,49670306.28286853,81012493.9559939
3284,3284.0,49685551.92629482,81038426.74343726
3285,3285.0,49700797.56972111,81064490.76975578
3286,3286.0,49716043.21314741,81090672.29926084
3287,3287.0,49731288.8565737,81116938.49424836
3288,3288.0,49746534.5,81143286.49856754
3289,3289.0,49761780.14342629,81169663.9270521
3290,3290.0,49777025.78685259,81196046.46687041
3291,3291.0,49792271.43027888,81222413.81805965
3292,3292.0,49807517.073705174,81248767.26081322
3293,3293.0,49822762.71713147,81275101.6927115
3294,3294.0,49838008.360557765,81301412.92195567
3295,3295.0,49853254.003984064,81327703.10148543
3296,3296.0,49868499.647410356,81353972.26724592
3297,3297.0,49883745.290836655,81380219.83506678
3298,3298.0,49898990.934262946,81406451.51028827
3299,3299.0,49914236.57768924,81432670.78559418
3300,3300.0,49929482.22111554,81458868.6185955
3301,3301.0,49944727.86454183,81485066.6835278
3302,3302.0,49959973.50796813,81511263.13007227
3303,3303.0,49975219.15139442,81537473.7477774
3304,3304.0,49990464.79482071,81563676.9998743
3305,3305.0,50005710.43824701,81589883.32028653
3306,3306.0,50020956.0816733,81616119.88396159
3307,3307.0,50036201.7250996,81642354.03843679
3308,3308.0,50051447.36852589,81668597.25698103
3309,3309.0,50066693.01195219,81694858.06827013
3310,3310.0,50081938.65537848,81721142.67889827
3311,3311.0,50097184.298804775,81747455.4972164
3312,3312.0,50112429.942231074,81773787.99643245
3313,3313.0,50127675.585657366,81800143.7220604
3314,3314.0,50142921.229083665,81826519.73579839
3315,3315.0,50158166.87250996,81852894.22481918
3316,3316.0,50173412.515936255,81879247.38254642
3317,3317.0,50188658.15936255,81905566.55884592
3318,3318.0,50203903.80278884,81931848.14105548
3319,3319.0,50219149.44621514,81958081.48864123
3320,3320.0,50234395.08964143,81984271.64535455
3321,3321.0,50249640.73306773,82010420.97610968
3322,3322.0,50264886.37649402,82036541.78097142
3323,3323.0,50280132.01992032,82062611.36726432
3324,3324.0,50295377.66334661,82088654.65403703
3325,3325.0,50310623.3067729,82114705.90392423
3326,3326.0,50325868.9501992,82140746.65358411
3327,3327.0,50341114.59362549,82166816.6534615
3328,3328.0,50356360.23705179,82192918.79294473
3329,3329.0,50371605.880478084,82219078.60417053
3330,3330.0,50386851.52390438,82245287.31602676
3331,3331.0,50402097.167330675,82271530.27015465
3332,3332.0,50417342.81075697,82297812.63158286
3333,3333.0,50432588.454183266,82324107.57589531
3334,3334.0,50447834.09760956,82350412.62620544
3335,3335.0,50463079.74103586,82376725.21655752
3336,3336.0,50478325.38446215,82403029.69245434
3337,3337.0,50493571.02788845,82429318.82030627
3338,3338.0,50508816.67131474,82455593.39207913
3339,3339.0,50524062.31474103,82481852.87067486
3340,3340.0,50539307.95816733,82508101.97183871
3341,3341.0,50554553.60159362,82534337.0717624
3342,3342.0,50569799.24501992,82560577.30665413
3343,3343.0,50585044.88844621,82586811.00880274
3344,3344.0,50600290.53187251,82613066.80441642
3345,3345.0,50615536.1752988,82639351.53406021
3346,3346.0,50630781.818725094,82665657.08709069
3347,3347.0,50646027.46215139,82691978.63831668
3348,3348.0,50661273.105577685,82718315.55908628
3349,3349.0,50676518.749003984,82744681.58968456
3350,3350.0,50691764.392430276,82771043.68092288
3351,3351.0,50707010.035856575,82797408.16246007
3352,3352.0,50722255.67928287,82823770.39249922
3353,3353.0,50737501.32270916,82850121.14112727
3354,3354.0,50752746.96613546,82876444.05121632
3355,3355.0,50767992.60956175,82902735.32877953
3356,3356.0,50783238.25298805,82928992.8008863
3357,3357.0,50798483.89641434,82955222.11930567
3358,3358.0,50813729.53984064,82981428.9536031
3359,3359.0,50828975.18326693,83007617.98866948
3360,3360.0,50844220.82669322,83033814.39478855
3361,3361.0,50859466.47011952,83060014.23623051
3362,3362.0,50874712.11354581,83086214.6724351
3363,3363.0,50889957.75697211,83112428.43286565
3364,3364.0,50905203.4003984,83138651.05837546
3365,3365.0,50920449.043824695,83164884.42469342
3366,3366.0,50935694.687250994,83191143.19516069
3367,3367.0,50950940.330677286,83217411.78179467
3368,3368.0,50966185.974103585,83243693.55310374
3369,3369.0,50981431.61752988,83269990.14771755
3370,3370.0,50996677.260956176,83296289.7225499
3371,3371.0,51011922.90438247,83322599.69904035
3372,3372.0,51027168.54780876,83348921.42356507
3373,3373.0,51042414.19123506,83375248.54694895
3374,3374.0,51057659.83466135,83401591.05749118
3375,3375.0,51072905.47808765,83427953.03177714
3376,3376.0,51088151.12151394,83454328.75155203
3377,3377.0,51103396.76494024,83480716.22846588
3378,3378.0,51118642.40836653,83507113.6447737
3379,3379.0,51133888.05179282,83533522.25170195
3380,3380.0,51149133.69521912,83559921.94226234
3381,3381.0,51164379.33864541,83586296.41828263
3382,3382.0,51179624.98207171,83612648.3770968
3383,3383.0,51194870.625498004,83638992.80348122
3384,3384.0,51210116.2689243,83665298.99593318
3385,3385.0,51225361.912350595,83691550.41772962
3386,3386.0,51240607.55577689,83717792.66878517
3387,3387.0,51255853.199203186,83744012.04225968
3388,3388.0,51271098.84262948,83770210.39420533
3389,3389.0,51286344.48605578,83796369.75457397
3390,3390.0,51301590.12948207,83822533.14153172
3391,3391.0,51316835.77290837,83848727.34761724
3392,3392.0,51332081.41633466,83874925.11066951
3393,3393.0,51347327.05976095,83901148.92770302
3394,3394.0,51362572.70318725,83927407.27165906
3395,3395.0,51377818.34661354,83953706.48884067
3396,3396.0,51393063.99003984,83980035.77667959
3397,3397.0,51408309.63346613,84006374.58950953
3398,3398.0,51423555.27689243,84032704.94451511
3399,3399.0,51438800.92031872,84059029.3295988
3400,3400.0,51454046.563745014,84085339.57563892
3401,3401.0,51469292.20717131,84111625.92895123
3402,3402.0,51484537.850597605,84137884.63873105
3403,3403.0,51499783.494023904,84164143.60950977
3404,3404.0,51515029.137450196,84190399.91470145
3405,3405.0,51530274.780876495,84216661.74793153
3406,3406.0,51545520.42430279,84242947.81942305
3407,3407.0,51560766.06772908,84269256.00667784
3408,3408.0,51576011.71115538,84295607.87835252
3409,3409.0,51591257.35458167,84321989.23355712
3410,3410.0,51606502.99800797,84348420.68078692
3411,3411.0,51621748.64143426,84374891.65475917
3412,3412.0,51636994.28486056,84401382.02613254
3413,3413.0,51652239.92828685,84427896.41040519
3414,3414.0,51667485.57171314,84454417.16975148
3415,3415.0,51682731.21513944,84480950.14052528
3416,3416.0,51697976.85856573,84507486.67972423
3417,3417.0,51713222.50199203,84534024.6825268
3418,3418.0,51728468.14541832,84560559.93162054
3419,3419.0,51743713.78884462,84587100.05291088
3420,3420.0,51758959.432270914,84613633.05899726
3421,3421.0,51774205.075697206,84640165.16956854
3422,3422.0,51789450.719123505,84666689.32675937
3423,3423.0,51804696.3625498,84693205.91395347
3424,3424.0,51819942.005976096,84719709.12717988
3425,3425.0,51835187.64940239,84746203.62065724
3426,3426.0,51850433.29282868,84772692.55485538
3427,3427.0,51865678.93625498,84799169.67251042
3428,3428.0,51880924.57968127,84825639.20704988
3429,3429.0,51896170.22310757,84852100.18575506
3430,3430.0,51911415.86653386,84878558.91720873
3431,3431.0,51926661.50996016,84905011.77368073
3432,3432.0,51941907.15338645,84931458.73984207
3433,3433.0,51957152.79681274,84957909.94022049
3434,3434.0,51972398.44023904,84984365.17661177
3435,3435.0,51987644.08366533,85010834.86766167
3436,3436.0,52002889.72709163,85037315.14359632
3437,3437.0,52018135.370517924,85063807.47615932
3438,3438.0,52033381.01394422,85090308.23323555
3439,3439.0,52048626.657370515,85116817.908141
3440,3440.0,52063872.30079681,85143327.00520344
3441,3441.0,52079117.944223106,85169829.98172116
3442,3442.0,52094363.5876494,85196322.09878875
3443,3443.0,52109609.2310757,85222789.1414579
3444,3444.0,52124854.87450199,85249245.78079407
3445,3445.0,52140100.51792829,85275685.31144373
3446,3446.0,52155346.16135458,85302112.3985333
3447,3447.0,52170591.80478087,85328521.47409889
3448,3448.0,52185837.44820717,85354926.35077225
3449,3449.0,52201083.09163346,85381334.0035815
3450,3450.0,52216328.73505976,85407740.01454552
3451,3451.0,52231574.37848605,85434150.14467101
3452,3452.0,52246820.02191235,85460564.97073923
3453,3453.0,52262065.66533864,85486991.79266746
3454,3454.0,52277311.308764935,85513421.76373652
3455,3455.0,52292556.95219123,85539847.81831273
3456,3456.0,52307802.595617525,85566277.4392869
3457,3457.0,52323048.239043824,85592703.32317467
3458,3458.0,52338293.882470116,85619121.09446734
3459,3459.0,52353539.525896415,85645530.46345164
3460,3460.0,52368785.16932271,85671936.8966777
3461,3461.0,52384030.812749,85698335.27391626
3462,3462.0,52399276.4561753,85724720.61318225
3463,3463.0,52414522.09960159,85751092.28957435
3464,3464.0,52429767.74302789,85777439.55701368
3465,3465.0,52445013.38645418,85803769.82506442
3466,3466.0,52460259.02988048,85830083.7635353
3467,3467.0,52475504.67330677,85856377.06275113
3468,3468.0,52490750.31673306,85882668.46164787
3469,3469.0,52505995.96015936,85908960.73108919
3470,3470.0,52521241.60358565,85935260.56311588
3471,3471.0,52536487.24701195,85961579.59796323
3472,3472.0,52551732.890438244,85987919.00766219
3473,3473.0,52566978.53386454,86014274.09043688
3474,3474.0,52582224.177290834,86040645.04837655
3475,3475.0,52597469.820717126,86067035.14509365
3476,3476.0,52612715.464143425,86093439.3382282
3477,3477.0,52627961.10756972,86119850.0783738
3478,3478.0,52643206.750996016,86146263.22524182
3479,3479.0,52658452.39442231,86172670.376327
3480,3480.0,52673698.03784861,86199082.20673244
3481,3481.0,52688943.6812749,86225490.23880605
3482,3482.0,52704189.32470119,86251885.62477131
3483,3483.0,52719434.96812749,86278268.30754986
3484,3484.0,52734680.61155378,86304624.53865111
3485,3485.0,52749926.25498008,86330973.40654927
3486,3486.0,52765171.89840637,86357313.38397332
3487,3487.0,52780417.54183266,86383646.48172657
3488,3488.0,52795663.18525896,86409990.47950874
3489,3489.0,52810908.828685254,86436324.93370134
3490,3490.0,52826154.47211155,86462673.05789877
3491,3491.0,52841400.115537845,86489049.48351978
3492,3492.0,52856645.75896414,86515437.19482008
3493,3493.0,52871891.402390435,86541839.43281087
3494,3494.0,52887137.04581673,86568246.95986836
3495,3495.0,52902382.689243026,86594662.43428822
3496,3496.0,52917628.33266932,86621080.09635939
3497,3497.0,52932873.97609562,86647503.64285253
3498,3498.0,52948119.61952191,86673927.97833201
3499,3499.0,52963365.26294821,86700343.22994691
3500,3500.0,52978610.9063745,86726763.0747197
3501,3501.0,52993856.54980079,86753203.3010409
3502,3502.0,53009102.19322709,86779656.48369437
3503,3503.0,53024347.83665338,86806114.99756509
3504,3504.0,53039593.48007968,86832587.19187954
3505,3505.0,53054839.12350597,86859068.85853209
3506,3506.0,53070084.76693227,86885556.820292
3507,3507.0,53085330.41035856,86912054.83958475
3508,3508.0,53100576.053784855,86938547.98486806
3509,3509.0,53115821.697211154,86965040.12209548
3510,3510.0,53131067.340637445,86991530.9647493
3511,3511.0,53146312.984063745,87018025.73336959
3512,3512.0,53161558.627490036,87044516.6938552
3513,3513.0,53176804.270916335,87070999.46412581
3514,3514.0,53192049.91434263,87097483.5604244
3515,3515.0,53207295.55776892,87123970.19438316
3516,3516.0,53222541.20119522,87150456.43623863
3517,3517.0,53237786.84462151,87176944.71512406
3518,3518.0,53253032.48804781,87203436.05135226
3519,3519.0,53268278.1314741,87229930.4140918
3520,3520.0,53283523.7749004,87256418.15221855
3521,3521.0,53298769.41832669,87282889.13344616
3522,3522.0,53314015.06175298,87309343.46195507
3523,3523.0,53329260.70517928,87335763.47452517
3524,3524.0,53344506.34860557,87362166.31080261
3525,3525.0,53359751.99203187,87388550.47910659
3526,3526.0,53374997.635458164,87414916.93162312
3527,3527.0,53390243.27888446,87441267.18551706
3528,3528.0,53405488.922310755,87467614.93131131
3529,3529.0,53420734.56573705,87493975.1232161
3530,3530.0,53435980.209163345,87520349.90815991
3531,3531.0,53451225.85258964,87546765.89116709
3532,3532.0,53466471.496015936,87573198.5310234
3533,3533.0,53481717.13944223,87599633.06627753
3534,3534.0,53496962.78286853,87626089.94982566
3535,3535.0,53512208.42629482,87652580.50984761
3536,3536.0,53527454.06972111,87679054.4552366
3537,3537.0,53542699.71314741,87705513.1474117
3538,3538.0,53557945.3565737,87731956.36038493
3539,3539.0,53573191.0,87758372.32645911
3540,3540.0,53588436.64342629,87784775.5127212
3541,3541.0,53603682.28685259,87811161.76244588
3542,3542.0,53618927.93027888,87837553.78611523
3543,3543.0,53634173.573705174,87863948.01644869
3544,3544.0,53649419.21713147,87890340.76888426
3545,3545.0,53664664.860557765,87916755.44046493
3546,3546.0,53679910.503984064,87943212.80820863
3547,3547.0,53695156.147410356,87969686.76942307
3548,3548.0,53710401.79083665,87996177.73416087
3549,3549.0,53725647.434262946,88022693.43889168
3550,3550.0,53740893.07768924,88049231.68147475
3551,3551.0,53756138.72111554,88075772.64103945
3552,3552.0,53771384.36454183,88102318.18770728
3553,3553.0,53786630.00796813,88128865.4684423
3554,3554.0,53801875.65139442,88155411.8416551
3555,3555.0,53817121.29482071,88181955.8866783
3556,3556.0,53832366.93824701,88208499.90398633
3557,3557.0,53847612.5816733,88235027.91789474
3558,3558.0,53862858.2250996,88261541.87225178
3559,3559.0,53878103.86852589,88288030.06281637
3560,3560.0,53893349.51195219,88314501.08590035
3561,3561.0,53908595.15537848,88340956.04623237
3562,3562.0,53923840.798804775,88367393.64012155
3563,3563.0,53939086.442231074,88393802.15216549
3564,3564.0,53954332.085657366,88420195.20217282
3565,3565.0,53969577.729083665,88446574.94885199
3566,3566.0,53984823.37250996,88472941.3089546
3567,3567.0,54000069.015936255,88499293.67087843
3568,3568.0,54015314.65936255,88525626.82382199
3569,3569.0,54030560.30278884,88551952.37897596
3570,3570.0,54045805.94621514,88578279.8434579
3571,3571.0,54061051.58964143,88604608.37440692
3572,3572.0,54076297.23306773,88630953.63643865
3573,3573.0,54091542.87649402,88657311.11421514
3574,3574.0,54106788.51992032,88683677.93439135
3575,3575.0,54122034.16334661,88710055.40059073
3576,3576.0,54137279.8067729,88736444.94092152
3577,3577.0,54152525.4501992,88762859.53713852
3578,3578.0,54167771.09362549,88789282.05955482
3579,3579.0,54183016.73705179,88815706.40169758
3580,3580.0,54198262.380478084,88842135.67198348
3581,3581.0,54213508.02390438,88868566.97394146
3582,3582.0,54228753.667330675,88895001.7406744
3583,3583.0,54243999.31075697,88921431.69451252
3584,3584.0,54259244.954183266,88947847.80832739
3585,3585.0,54274490.59760956,88974245.88640587
3586,3586.0,54289736.24103586,89000624.96551487
3587,3587.0,54304981.88446215,89026963.47808965
3588,3588.0,54320227.52788845,89053260.5455962
3589,3589.0,54335473.17131474,89079517.52327685
3590,3590.0,54350718.81474103,89105734.66300584
3591,3591.0,54365964.45816733,89131970.50017412
3592,3592.0,54381210.10159362,89158202.9968318
3593,3593.0,54396455.74501992,89184465.54937954
3594,3594.0,54411701.38844621,89210763.7975046
3595,3595.0,54426947.03187251,89237105.3890767
3596,3596.0,54442192.6752988,89263495.85701926
3597,3597.0,54457438.318725094,89289883.93316779
3598,3598.0,54472683.96215139,89316324.50794064
3599,3599.0,54487929.605577685,89342768.11508109
3600,3600.0,54503175.249003984,89369197.1460552
3601,3601.0,54518420.892430276,89395611.55640857
3602,3602.0,54533666.535856575,89422012.59153298
3603,3603.0,54548912.17928287,89448400.34790239
3604,3604.0,54564157.82270916,89474776.65427026
3605,3605.0,54579403.46613546,89501131.11758651
3606,3606.0,54594649.10956175,89527474.77609092
3607,3607.0,54609894.75298805,89553805.40277661
3608,3608.0,54625140.39641434,89580121.98931783
3609,3609.0,54640386.03984063,89606462.35146385
3610,3610.0,54655631.68326693,89632827.97899115
3611,3611.0,54670877.32669322,89659215.42835
3612,3612.0,54686122.97011952,89685622.45690611
3613,3613.0,54701368.61354581,89712049.55676754
3614,3614.0,54716614.25697211,89738496.18462093
3615,3615.0,54731859.9003984,89764978.78526515
3616,3616.0,54747105.543824695,89791484.25062993
3617,3617.0,54762351.187250994,89818007.58854984
3618,3618.0,54777596.830677286,89844534.10892455
3619,3619.0,54792842.474103585,89871062.78429356
3620,3620.0,54808088.11752988,89897597.26853244
3621,3621.0,54823333.760956176,89924136.97509687
3622,3622.0,54838579.40438247,89950680.16246833
3623,3623.0,54853825.04780876,89977225.41424267
3624,3624.0,54869070.69123506,90003769.08500555
3625,3625.0,54884316.33466135,90030312.96879709
3626,3626.0,54899561.97808765,90056857.8749613
3627,3627.0,54914807.62151394,90083395.91777858
3628,3628.0,54930053.26494024,90109925.61038564
3629,3629.0,54945298.90836653,90136438.71217817
3630,3630.0,54960544.55179282,90162936.64623487
3631,3631.0,54975790.19521912,90189422.55976573
3632,3632.0,54991035.83864541,90215898.7129142
3633,3633.0,55006281.48207171,90242368.26088254
3634,3634.0,55021527.125498004,90268833.36497903
3635,3635.0,55036772.7689243,90295302.96372665
3636,3636.0,55052018.412350595,90321785.01390861
3637,3637.0,55067264.05577689,90348286.64629853
3638,3638.0,55082509.699203186,90374817.52424456
3639,3639.0,55097755.34262948,90401385.02715679
3640,3640.0,55113000.98605578,90427995.37231867
3641,3641.0,55128246.62948207,90454655.4983518
3642,3642.0,55143492.27290837,90481365.19449489
3643,3643.0,55158737.91633466,90508124.56837025
3644,3644.0,55173983.55976095,90534939.20648958
3645,3645.0,55189229.20318725,90561853.72003156
3646,3646.0,55204474.84661354,90588794.0602228
3647,3647.0,55219720.49003984,90615766.53649549
3648,3648.0,55234966.13346613,90642762.7780402
3649,3649.0,55250211.77689243,90669774.10832706
3650,3650.0,55265457.42031872,90696796.16881104
3651,3651.0,55280703.063745014,90723824.889904
3652,3652.0,55295948.70717131,90750856.44906263
3653,3653.0,55311194.350597605,90777878.36111245
3654,3654.0,55326439.994023904,90804857.86985885
3655,3655.0,55341685.637450196,90831824.13551098
3656,3656.0,55356931.280876495,90858775.42739317
3657,3657.0,55372176.92430279,90885711.24925147
3658,3658.0,55387422.56772908,90912629.4672895
3659,3659.0,55402668.21115538,90939528.3065426
3660,3660.0,55417913.85458167,90966426.07810457
3661,3661.0,55433159.49800797,90993305.88311616
3662,3662.0,55448405.14143426,91020170.38822387
3663,3663.0,55463650.78486056,91047024.86938043
3664,3664.0,55478896.42828685,91073864.34224543
3665,3665.0,55494142.07171314,91100663.11677305
3666,3666.0,55509387.71513944,91127430.92565483
3667,3667.0,55524633.35856573,91154164.15822016
3668,3668.0,55539879.00199203,91180836.00862035
3669,3669.0,55555124.64541832,91207457.56311545
3670,3670.0,55570370.288844615,91234024.40284844
3671,3671.0,55585615.932270914,91260519.86751476
3672,3672.0,55600861.575697206,91286965.64328294
3673,3673.0,55616107.219123505,91313362.91491191
3674,3674.0,55631352.8625498,91339719.47368868
3675,3675.0,55646598.505976096,91366046.66814947
3676,3676.0,55661844.14940239,91392347.9138923
3677,3677.0,55677089.79282868,91418624.17375255
3678,3678.0,55692335.43625498,91444886.60857655
3679,3679.0,55707581.07968127,91471147.16473286
3680,3680.0,55722826.72310757,91497414.55123916
3681,3681.0,55738072.36653386,91523680.20740218
3682,3682.0,55753318.00996016,91549947.32729875
3683,3683.0,55768563.65338645,91576224.10233952
3684,3684.0,55783809.29681274,91602516.75460908
3685,3685.0,55799054.94023904,91628833.93275303
3686,3686.0,55814300.58366533,91655187.90218785
3687,3687.0,55829546.22709163,91681577.65151255
3688,3688.0,55844791.870517924,91708003.31778173
3689,3689.0,55860037.51394422,91734474.9398226
3690,3690.0,55875283.157370515,91761036.81282133
3691,3691.0,55890528.80079681,91787653.60896818
3692,3692.0,55905774.444223106,91814320.52685857
3693,3693.0,55921020.0876494,91841029.67897698
3694,3694.0,55936265.7310757,91867759.16289088
3695,3695.0,55951511.37450199,91894507.51039524
3696,3696.0,55966757.01792829,91921276.51704891
3697,3697.0,55982002.66135458,91948065.82256822
3698,3698.0,55997248.30478087,91974862.7887824
3699,3699.0,56012493.94820717,92001663.22238493
3700,3700.0,56027739.59163346,92028459.21803452
3701,3701.0,56042985.23505976,92055250.94650026
3702,3702.0,56058230.87848605,92082040.42804596
3703,3703.0,56073476.52191235,92108836.16258116
3704,3704.0,56088722.16533864,92135640.12616919
3705,3705.0,56103967.808764935,92162447.43966618
3706,3706.0,56119213.45219123,92189257.64262807
3707,3707.0,56134459.095617525,92216068.84893663
3708,3708.0,56149704.739043824,92242879.40078613
3709,3709.0,56164950.382470116,92269695.11575994
3710,3710.0,56180196.025896415,92296517.3484687
3711,3711.0,56195441.66932271,92323345.62415278
3712,3712.0,56210687.312749,92350178.26765873
3713,3713.0,56225932.9561753,92376993.41232273
3714,3714.0,56241178.59960159,92403797.49435806
3715,3715.0,56256424.24302789,92430592.69641407
3716,3716.0,56271669.88645418,92457373.76920357
3717,3717.0,56286915.52988048,92484143.214513
3718,3718.0,56302161.17330677,92510903.11043084
3719,3719.0,56317406.81673306,92537649.65909655
3720,3720.0,56332652.46015936,92564380.44107994
3721,3721.0,56347898.10358565,92591119.15265983
3722,3722.0,56363143.74701195,92617846.65261468
3723,3723.0,56378389.390438244,92644569.9263993
3724,3724.0,56393635.033864535,92671293.20838608
3725,3725.0,56408880.677290834,92698018.5315067
3726,3726.0,56424126.320717126,92724717.01525047
3727,3727.0,56439371.964143425,92751416.48733011
3728,3728.0,56454617.60756972,92778118.60960051
3729,3729.0,56469863.250996016,92804823.57877466
3730,3730.0,56485108.89442231,92831531.07725261
3731,3731.0,56500354.5378486,92858242.07159993
3732,3732.0,56515600.1812749,92884955.99633555
3733,3733.0,56530845.82470119,92911670.0862598
3734,3734.0,56546091.46812749,92938390.88810253
3735,3735.0,56561337.11155378,92965126.20854874
3736,3736.0,56576582.75498008,92991867.98706217
3737,3737.0,56591828.39840637,93018617.71102607
3738,3738.0,56607074.04183266,93045375.60028026
3739,3739.0,56622319.68525896,93072143.68470186
3740,3740.0,56637565.328685254,93098925.51228924
3741,3741.0,56652810.97211155,93125722.03073594
3742,3742.0,56668056.615537845,93152537.39574488
3743,3743.0,56683302.25896414,93179366.01715809
3744,3744.0,56698547.902390435,93206199.71532063
3745,3745.0,56713793.54581673,93233035.33942075
3746,3746.0,56729039.189243026,93259873.6215454
3747,3747.0,56744284.83266932,93286712.18018588
3748,3748.0,56759530.47609562,93313547.39702691
3749,3749.0,56774776.11952191,93340375.28467478
3750,3750.0,56790021.76294821,93367188.14224395
3751,3751.0,56805267.4063745,93393979.94272494
3752,3752.0,56820513.04980079,93420748.5004023
3753,3753.0,56835758.69322709,93447496.06460327
3754,3754.0,56851004.33665338,93474228.09324683
3755,3755.0,56866249.98007968,93500958.15476903
3756,3756.0,56881495.62350597,93527675.90768263
3757,3757.0,56896741.26693227,93554382.81369737
3758,3758.0,56911986.91035856,93581077.72782034
3759,3759.0,56927232.553784855,93607763.33167554
3760,3760.0,56942478.197211154,93634429.62072332
3761,3761.0,56957723.840637445,93661098.08830315
3762,3762.0,56972969.484063745,93687768.21455392
3763,3763.0,56988215.127490036,93714436.1095148
3764,3764.0,57003460.770916335,93741102.00606145
3765,3765.0,57018706.41434263,93767760.23179804
3766,3766.0,57033952.05776892,93794404.35739042
3767,3767.0,57049197.70119522,93821032.69423474
3768,3768.0,57064443.34462151,93847647.58560406
3769,3769.0,57079688.98804781,93874244.19000842
3770,3770.0,57094934.6314741,93900793.74102518
3771,3771.0,57110180.2749004,93927322.55749282
3772,3772.0,57125425.91832669,93953834.15823811
3773,3773.0,57140671.56175298,93980335.75537597
3774,3774.0,57155917.20517928,94006834.35265216
3775,3775.0,57171162.84860557,94033338.04466803
3776,3776.0,57186408.49203187,94059849.60083067
3777,3777.0,57201654.135458164,94086371.24466334
3778,3778.0,57216899.77888446,94112908.45720047
3779,3779.0,57232145.422310755,94139466.39652988
3780,3780.0,57247391.06573705,94166050.46028131
3781,3781.0,57262636.709163345,94192656.10529058
3782,3782.0,57277882.35258964,94219276.76245578
3783,3783.0,57293127.996015936,94245908.26703097
3784,3784.0,57308373.63944223,94272545.94410747
3785,3785.0,57323619.28286852,94299190.52814591
3786,3786.0,57338864.92629482,94325835.18887737
3787,3787.0,57354110.56972111,94352477.60323392
3788,3788.0,57369356.21314741,94379112.47679122
3789,3789.0,57384601.8565737,94405734.8268544
3790,3790.0,57399847.5,94432346.83686489
3791,3791.0,57415093.14342629,94458949.06790194
3792,3792.0,57430338.78685258,94485542.15441427
3793,3793.0,57445584.43027888,94512122.92470087
3794,3794.0,57460830.073705174,94538688.47374286
3795,3795.0,57476075.71713147,94565240.68531694
3796,3796.0,57491321.360557765,94591780.03092915
3797,3797.0,57506567.003984064,94618305.92039946
3798,3798.0,57521812.647410356,94644812.63329884
3799,3799.0,57537058.29083665,94671311.81673463
3800,3800.0,57552303.934262946,94697803.25257461
3801,3801.0,57567549.57768924,94724286.63716835
3802,3802.0,57582795.22111554,94750759.99331008
3803,3803.0,57598040.86454183,94777226.99887772
3804,3804.0,57613286.50796813,94803686.34520884
3805,3805.0,57628532.15139442,94830132.93348388
3806,3806.0,57643777.79482071,94856566.08552708
3807,3807.0,57659023.43824701,94882978.43411681
3808,3808.0,57674269.0816733,94909365.87708068
3809,3809.0,57689514.7250996,94935726.83109261
3810,3810.0,57704760.36852589,94962059.8853803
3811,3811.0,57720006.01195219,94988362.9936372
3812,3812.0,57735251.65537848,95014696.77741268
3813,3813.0,57750497.298804775,95041035.30205816
3814,3814.0,57765742.942231074,95067392.60305527
3815,3815.0,57780988.585657366,95093767.99978204
3816,3816.0,57796234.229083665,95120135.67009565
3817,3817.0,57811479.87250996,95146512.46251619
3818,3818.0,57826725.515936255,95172912.58539402
3819,3819.0,57841971.15936255,95199294.05780399
3820,3820.0,57857216.80278884,95225688.49954809
3821,3821.0,57872462.44621514,95252118.4032611
3822,3822.0,57887708.08964143,95278571.69800043
3823,3823.0,57902953.73306773,95305012.04084487
3824,3824.0,57918199.37649402,95331496.83732109
3825,3825.0,57933445.01992032,95358020.97546227
3826,3826.0,57948690.66334661,95384538.40620461
3827,3827.0,57963936.3067729,95411051.27618876
3828,3828.0,57979181.9501992,95437561.81916545
3829,3829.0,57994427.59362549,95464070.9844317
3830,3830.0,58009673.23705179,95490578.95878337
3831,3831.0,58024918.880478084,95517087.58409144
3832,3832.0,58040164.52390438,95543597.60071018
3833,3833.0,58055410.167330675,95570109.60273115
3834,3834.0,58070655.81075697,95596624.75866713
3835,3835.0,58085901.454183266,95623145.63929148
3836,3836.0,58101147.09760956,95649665.72911207
3837,3837.0,58116392.74103586,95676182.00603834
3838,3838.0,58131638.38446215,95702692.34599605
3839,3839.0,58146884.02788845,95729198.20400716
3840,3840.0,58162129.67131474,95755698.1879835
3841,3841.0,58177375.31474103,95782189.85911676
3842,3842.0,58192620.95816733,95808676.86626388
3843,3843.0,58207866.60159362,95835156.3222767
3844,3844.0,58223112.24501992,95861627.95957087
3845,3845.0,58238357.88844621,95888089.22032726
3846,3846.0,58253603.5318725,95914541.40689424
3847,3847.0,58268849.1752988,95940985.90010935
3848,3848.0,58284094.818725094,95967424.95221484
3849,3849.0,58299340.46215139,95993859.84755577
3850,3850.0,58314586.105577685,96020292.08461308
3851,3851.0,58329831.749003984,96046722.44023131
3852,3852.0,58345077.392430276,96073150.33072345
3853,3853.0,58360323.03585657,96099578.7100806
3854,3854.0,58375568.67928287,96126008.42676255
3855,3855.0,58390814.32270916,96152444.60590662
3856,3856.0,58406059.96613546,96178886.34408957
3857,3857.0,58421305.60956175,96205334.92831479
3858,3858.0,58436551.25298805,96231790.01823017
3859,3859.0,58451796.89641434,96258250.95966192
3860,3860.0,58467042.53984063,96284718.24653095
3861,3861.0,58482288.18326693,96311186.71727376
3862,3862.0,58497533.82669322,96337657.68401785
3863,3863.0,58512779.47011952,96364130.30460332
3864,3864.0,58528025.11354581,96390605.62613447
3865,3865.0,58543270.75697211,96417083.25399661
3866,3866.0,58558516.4003984,96443561.2339783
3867,3867.0,58573762.043824695,96470037.5614735
3868,3868.0,58589007.687250994,96496512.23680119
3869,3869.0,58604253.330677286,96522984.70977703
3870,3870.0,58619498.974103585,96549455.75176314
3871,3871.0,58634744.61752988,96575927.14044356
3872,3872.0,58649990.260956176,96602396.68709068
3873,3873.0,58665235.90438247,96628865.64134757
3874,3874.0,58680481.54780876,96655334.55281778
3875,3875.0,58695727.19123506,96681805.43654388
3876,3876.0,58710972.83466135,96708281.83445841
3877,3877.0,58726218.47808765,96734759.42764713
3878,3878.0,58741464.12151394,96761240.07891354
3879,3879.0,58756709.76494024,96787723.37352905
3880,3880.0,58771955.40836653,96814211.62430748
3881,3881.0,58787201.05179282,96840704.88502319
3882,3882.0,58802446.69521912,96867203.21308525
3883,3883.0,58817692.33864541,96893708.2520048
3884,3884.0,58832937.98207171,96920221.59716913
3885,3885.0,58848183.625498004,96946743.8020783
3886,3886.0,58863429.2689243,96973276.2449859
3887,3887.0,58878674.912350595,96999821.17900078
3888,3888.0,58893920.55577689,97026379.38594568
3889,3889.0,58909166.199203186,97052956.68533896
3890,3890.0,58924411.84262948,97079555.96522632
3891,3891.0,58939657.48605578,97106179.00997017
3892,3892.0,58954903.12948207,97132829.67101768
3893,3893.0,58970148.77290837,97159510.06394906
3894,3894.0,58985394.41633466,97186217.82460235
3895,3895.0,59000640.05976095,97212952.04654156
3896,3896.0,59015885.70318725,97239712.4787633
3897,3897.0,59031131.34661354,97266501.72629936
3898,3898.0,59046376.99003984,97293319.95283954
3899,3899.0,59061622.63346613,97320164.02887835
3900,3900.0,59076868.27689243,97347059.5945784
3901,3901.0,59092113.92031872,97373983.30546573
3902,3902.0,59107359.563745014,97400937.25503321
3903,3903.0,59122605.20717131,97427921.84360887
3904,3904.0,59137850.850597605,97454943.68082999
3905,3905.0,59153096.494023904,97482007.69540292
3906,3906.0,59168342.137450196,97509115.72268492
3907,3907.0,59183587.78087649,97536270.5424035
3908,3908.0,59198833.42430279,97563469.88989504
3909,3909.0,59214079.06772908,97590712.40238586
3910,3910.0,59229324.71115538,97617991.51866214
3911,3911.0,59244570.35458167,97645298.93950503
3912,3912.0,59259815.99800797,97672626.17862883
3913,3913.0,59275061.64143426,97699971.97163202
3914,3914.0,59290307.28486055,97727330.93091862
3915,3915.0,59305552.92828685,97754697.76606424
3916,3916.0,59320798.57171314,97782066.13678929
3917,3917.0,59336044.21513944,97809431.23023115
3918,3918.0,59351289.85856573,97836791.52602278
3919,3919.0,59366535.50199203,97864149.39160985
3920,3920.0,59381781.14541832,97891500.97857054
3921,3921.0,59397026.788844615,97918846.86153646
3922,3922.0,59412272.432270914,97946169.47047631
3923,3923.0,59427518.075697206,97973476.06059971
3924,3924.0,59442763.719123505,98000763.87676015
3925,3925.0,59458009.3625498,98028031.46990287
3926,3926.0,59473255.005976096,98055276.76097901
3927,3927.0,59488500.64940239,98082500.55474249
3928,3928.0,59503746.29282868,98109703.68218547
3929,3929.0,59518991.93625498,98136892.4923546
3930,3930.0,59534237.57968127,98164074.38936642
3931,3931.0,59549483.22310757,98191260.12174782
3932,3932.0,59564728.86653386,98218427.88560978
3933,3933.0,59579974.50996016,98245586.56440963
3934,3934.0,59595220.15338645,98272745.00585845
3935,3935.0,59610465.79681274,98299908.63661471
3936,3936.0,59625711.44023904,98327081.36116664
3937,3937.0,59640957.08366533,98354269.94964336
3938,3938.0,59656202.72709163,98381476.45459872
3939,3939.0,59671448.370517924,98408688.12292638
3940,3940.0,59686694.01394422,98435906.14464681
3941,3941.0,59701939.657370515,98463133.83100088
3942,3942.0,59717185.30079681,98490421.74383192
3943,3943.0,59732430.944223106,98517735.58494572
3944,3944.0,59747676.5876494,98545077.02842681
3945,3945.0,59762922.2310757,98572446.77918084
3946,3946.0,59778167.87450199,98599838.17376181
3947,3947.0,59793413.51792829,98627247.28122558
3948,3948.0,59808659.16135458,98654687.12343611
3949,3949.0,59823904.80478087,98682144.1072096
3950,3950.0,59839150.44820717,98709610.62859978
3951,3951.0,59854396.09163346,98737113.36032788
3952,3952.0,59869641.73505976,98764647.85880423
3953,3953.0,59884887.37848605,98792207.60923979
3954,3954.0,59900133.02191235,98819792.13328645
3955,3955.0,59915378.66533864,98847403.39647527
3956,3956.0,59930624.308764935,98875039.46885681
3957,3957.0,59945869.95219123,98902691.18745661
3958,3958.0,59961115.595617525,98930366.84416573
3959,3959.0,59976361.239043824,98958097.11794694
3960,3960.0,59991606.882470116,98985827.57864982
3961,3961.0,60006852.525896415,99013555.10587685
3962,3962.0,60022098.16932271,99041275.92915225
3963,3963.0,60037343.812749,99068983.0997409
3964,3964.0,60052589.4561753,99096670.15172885
3965,3965.0,60067835.09960159,99124336.37919974
3966,3966.0,60083080.74302789,99151985.77441995
3967,3967.0,60098326.38645418,99179603.7377393
3968,3968.0,60113572.02988047,99207199.1677116
3969,3969.0,60128817.67330677,99234776.42924261
3970,3970.0,60144063.31673306,99262331.69074415
3971,3971.0,60159308.96015936,99289867.28564818
3972,3972.0,60174554.60358565,99317385.96883939
3973,3973.0,60189800.24701195,99344884.46684083
3974,3974.0,60205045.890438244,99372359.65243374
3975,3975.0,60220291.533864535,99399810.41499119
3976,3976.0,60235537.177290834,99427243.89982334
3977,3977.0,60250782.820717126,99454641.23140971
3978,3978.0,60266028.464143425,99482014.8761051
3979,3979.0,60281274.10756972,99509365.03105275
3980,3980.0,60296519.750996016,99536692.49418756
3981,3981.0,60311765.39442231,99564001.42400283
3982,3982.0,60327011.0378486,99591297.00135162
3983,3983.0,60342256.6812749,99618583.29442725
3984,3984.0,60357502.32470119,99645860.6677695
3985,3985.0,60372747.96812749,99673122.831889
3986,3986.0,60387993.61155378,99700367.19093283
3987,3987.0,60403239.25498008,99727592.6527038
3988,3988.0,60418484.89840637,99754796.44931275
3989,3989.0,60433730.54183266,99781978.6028733
3990,3990.0,60448976.18525896,99809137.71816908
3991,3991.0,60464221.828685254,99836272.29859655
3992,3992.0,60479467.47211155,99863382.79696038
3993,3993.0,60494713.115537845,99890466.54301174
3994,3994.0,60509958.75896414,99917523.99678588
3995,3995.0,60525204.402390435,99944556.82887205
3996,3996.0,60540450.04581673,99971568.53285939
3997,3997.0,60555695.689243026,99998543.94923826
3998,3998.0,60570941.33266932,100025508.01916303
3999,3999.0,60586186.97609562,100052463.05230217
4000,4000.0,60601432.61952191,100079407.16999495
4001,4001.0,60616678.26294821,100106335.30244823
4002,4002.0,60631923.9063745,100133247.75117658
4003,4003.0,60647169.54980079,100160146.88870107
4004,4004.0,60662415.19322709,100187036.74294709
4005,4005.0,60677660.83665338,100213921.97096062
4006,4006.0,60692906.48007968,100240805.93060288
4007,4007.0,60708152.12350597,100267690.78949514
4008,4008.0,60723397.76693227,100294578.01864004
4009,4009.0,60738643.41035856,100321468.95325862
4010,4010.0,60753889.053784855,100348363.83818583
4011,4011.0,60769134.697211154,100375265.586412
4012,4012.0,60784380.340637445,100402179.03640749
4013,4013.0,60799625.984063745,100429106.2941289
4014,4014.0,60814871.627490036,100456045.08900486
4015,4015.0,60830117.270916335,100482992.46744217
4016,4016.0,60845362.91434263,100509949.27555332
4017,4017.0,60860608.55776892,100536915.23143916
4018,4018.0,60875854.20119522,100563891.04598054
4019,4019.0,60891099.84462151,100590877.01610148
4020,4020.0,60906345.48804781,100617893.84061268
4021,4021.0,60921591.1314741,100644925.73616971
4022,4022.0,60936836.7749004,100671974.25358266
4023,4023.0,60952082.41832669,100699038.6199207
4024,4024.0,60967328.06175298,100726115.62430109
4025,4025.0,60982573.70517928,100753202.97065103
4026,4026.0,60997819.34860557,100780297.83724406
4027,4027.0,61013064.99203187,100807395.65694436
4028,4028.0,61028310.635458164,100834493.78211299
4029,4029.0,61043556.278884456,100861593.68839115
4030,4030.0,61058801.922310755,100888695.84255649
4031,4031.0,61074047.56573705,100915800.65934792
4032,4032.0,61089293.209163345,100942905.37572405
4033,4033.0,61104538.85258964,100970011.36936903
4034,4034.0,61119784.496015936,100997115.73997925
4035,4035.0,61135030.13944223,101024211.56698501
4036,4036.0,61150275.78286852,101051293.26506394
4037,4037.0,61165521.42629482,101078355.53267711
4038,4038.0,61180767.06972111,101105397.86599869
4039,4039.0,61196012.71314741,101132417.21013522
4040,4040.0,61211258.3565737,101159412.41685936
4041,4041.0,61226504.0,101186385.37353736
4042,4042.0,61241749.64342629,101213332.3545679
4043,4043.0,61256995.28685258,101240253.05356799
4044,4044.0,61272240.93027888,101267151.020006
4045,4045.0,61287486.573705174,101294033.28323515
4046,4046.0,61302732.21713147,101320910.61803348
4047,4047.0,61317977.860557765,101347794.78699347
4048,4048.0,61333223.503984064,101374687.5805476
4049,4049.0,61348469.147410356,101401590.46695672
4050,4050.0,61363714.79083665,101428502.96309093
4051,4051.0,61378960.434262946,101455427.24690627
4052,4052.0,61394206.07768924,101482359.39886984
4053,4053.0,61409451.72111554,101509301.9506225
4054,4054.0,61424697.36454183,101536257.874026
4055,4055.0,61439943.00796813,101563227.87954502
4056,4056.0,61455188.65139442,101590212.85512403
4057,4057.0,61470434.29482071,101617213.60751548
4058,4058.0,61485679.93824701,101644231.56954536
4059,4059.0,61500925.5816733,101671265.90016392
4060,4060.0,61516171.2250996,101698315.39540748
4061,4061.0,61531416.86852589,101725383.92802738
4062,4062.0,61546662.51195219,101752474.3076659
4063,4063.0,61561908.15537848,101779585.30520438
4064,4064.0,61577153.798804775,101806715.31619559
4065,4065.0,61592399.442231074,101833861.39321703
4066,4066.0,61607645.085657366,101861018.867421
4067,4067.0,61622890.729083665,101888181.07740247
4068,4068.0,61638136.37250996,101915341.79935788
4069,4069.0,61653382.015936255,101942496.27999805
4070,4070.0,61668627.65936255,101969645.68407069
4071,4071.0,61683873.30278884,101996789.3476995
4072,4072.0,61699118.94621514,102023929.12132144
4073,4073.0,61714364.58964143,102051065.94385757
4074,4074.0,61729610.23306773,102078199.39963143
4075,4075.0,61744855.87649402,102105330.65434313
4076,4076.0,61760101.51992032,102132457.24856165
4077,4077.0,61775347.16334661,102159577.71618363
4078,4078.0,61790592.8067729,102186689.73078129
4079,4079.0,61805838.4501992,102213793.75815356
4080,4080.0,61821084.09362549,102240885.70498075
4081,4081.0,61836329.73705179,102267937.65480521
4082,4082.0,61851575.380478084,102294962.31558786
4083,4083.0,61866821.02390438,102321949.91751082
4084,4084.0,61882066.667330675,102348891.59116901
4085,4085.0,61897312.31075697,102375784.02441488
4086,4086.0,61912557.954183266,102402629.96789466
4087,4087.0,61927803.59760956,102429434.29808162
4088,4088.0,61943049.24103586,102456197.67791109
4089,4089.0,61958294.88446215,102482919.8391676
4090,4090.0,61973540.52788844,102509598.96433142
4091,4091.0,61988786.17131474,102536235.61479637
4092,4092.0,62004031.81474103,102562830.21215464
4093,4093.0,62019277.45816733,102589389.31165633
4094,4094.0,62034523.10159362,102615916.77878442
4095,4095.0,62049768.74501992,102642417.80676886
4096,4096.0,62065014.38844621,102668893.32652375
4097,4097.0,62080260.0318725,102695339.19539928
4098,4098.0,62095505.6752988,102721757.95433982
4099,4099.0,62110751.318725094,102748151.76652582
4100,4100.0,62125996.96215139,102774524.60247932
4101,4101.0,62141242.605577685,102800875.49041349
4102,4102.0,62156488.249003984,102827209.31004412
4103,4103.0,62171733.892430276,102853530.52455422
4104,4104.0,62186979.53585657,102879845.70043308
4105,4105.0,62202225.17928287,102906162.68595965
4106,4106.0,62217470.82270916,102932483.92268746
4107,4107.0,62232716.46613546,102958812.912288
4108,4108.0,62247962.10956175,102985151.68751103
4109,4109.0,62263207.75298805,103011502.13774884
4110,4110.0,62278453.39641434,103037869.02169636
4111,4111.0,62293699.03984063,103064258.17834792
4112,4112.0,62308944.68326693,103090670.50510469
4113,4113.0,62324190.32669322,103117108.02826564
4114,4114.0,62339435.97011952,103143568.94188523
4115,4115.0,62354681.61354581,103170048.7009676
4116,4116.0,62369927.25697211,103196546.15349972
4117,4117.0,62385172.9003984,103223068.39100257
4118,4118.0,62400418.543824695,103249616.65820734
4119,4119.0,62415664.187250994,103276225.14010109
4120,4120.0,62430909.830677286,103302870.2437653
4121,4121.0,62446155.474103585,103329549.36601926
4122,4122.0,62461401.11752988,103356258.2892696
4123,4123.0,62476646.760956176,103382996.17005524
4124,4124.0,62491892.40438247,103409756.32110158
4125,4125.0,62507138.04780876,103436536.30088252
4126,4126.0,62522383.69123506,103463330.21123849
4127,4127.0,62537629.33466135,103490132.21699968
4128,4128.0,62552874.97808765,103516934.40103304
4129,4129.0,62568120.62151394,103543730.57398891
4130,4130.0,62583366.26494024,103570512.56923093
4131,4131.0,62598611.90836653,103597277.1445884
4132,4132.0,62613857.55179282,103624019.0525151
4133,4133.0,62629103.19521912,103650741.52452795
4134,4134.0,62644348.83864541,103677452.20410101
4135,4135.0,62659594.48207171,103704157.61752315
4136,4136.0,62674840.125498004,103730859.06978619
4137,4137.0,62690085.7689243,103757551.25869262
4138,4138.0,62705331.412350595,103784239.52077496
4139,4139.0,62720577.05577689,103810924.67452107
4140,4140.0,62735822.699203186,103837602.42788559
4141,4141.0,62751068.34262948,103864281.74392022
4142,4142.0,62766313.98605578,103890973.40742226
4143,4143.0,62781559.62948207,103917674.75013001
4144,4144.0,62796805.27290837,103944384.65338792
4145,4145.0,62812050.91633466,103971100.96933877
4146,4146.0,62827296.55976095,103997824.76262257
4147,4147.0,62842542.20318725,104024564.62007862
4148,4148.0,62857787.84661354,104051317.89109182
4149,4149.0,62873033.49003984,104078083.72730298
4150,4150.0,62888279.13346613,104104863.38696237
4151,4151.0,62903524.77689242,104131652.5881296
4152,4152.0,62918770.42031872,104158447.32949433
4153,4153.0,62934016.063745014,104185244.41745679
4154,4154.0,62949261.70717131,104212039.42480743
4155,4155.0,62964507.350597605,104238826.97595438
4156,4156.0,62979752.994023904,104265605.23182906
4157,4157.0,62994998.637450196,104292379.2155082
4158,4158.0,63010244.28087649,104319143.6922866
4159,4159.0,63025489.92430279,104345896.35865279
4160,4160.0,63040735.56772908,104372639.75040945
4161,4161.0,63055981.21115538,104399365.81205794
4162,4162.0,63071226.85458167,104426042.64200304
4163,4163.0,63086472.49800797,104452700.75923708
4164,4164.0,63101718.14143426,104479345.13414748
4165,4165.0,63116963.78486055,104505974.29155721
4166,4166.0,63132209.42828685,104532586.67458725
4167,4167.0,63147455.07171314,104559190.82985139
4168,4168.0,63162700.71513944,104585790.50898175
4169,4169.0,63177946.35856573,104612390.13363688
4170,4170.0,63193192.00199203,104638995.91723639
4171,4171.0,63208437.64541832,104665610.88634022
4172,4172.0,63223683.288844615,104692234.98825563
4173,4173.0,63238928.932270914,104718864.59136866
4174,4174.0,63254174.575697206,104745483.53641061
4175,4175.0,63269420.219123505,104772092.86639145
4176,4176.0,63284665.8625498,104798687.8975541
4177,4177.0,63299911.505976096,104825266.05536583
4178,4178.0,63315157.14940239,104851827.91921346
4179,4179.0,63330402.79282868,104878376.27104722
4180,4180.0,63345648.43625498,104904912.4536503
4181,4181.0,63360894.07968127,104931439.17329298
4182,4182.0,63376139.72310757,104957955.09530649
4183,4183.0,63391385.36653386,104984454.42548862
4184,4184.0,63406631.00996016,105010947.48538859
4185,4185.0,63421876.65338645,105037433.40687856
4186,4186.0,63437122.29681274,105063907.903718
4187,4187.0,63452367.94023904,105090366.76891698
4188,4188.0,63467613.58366533,105116810.19476065
4189,4189.0,63482859.22709163,105143229.13518733
4190,4190.0,63498104.870517924,105169625.14236769
4191,4191.0,63513350.51394422,105196000.204751
4192,4192.0,63528596.157370515,105222353.64923862
4193,4193.0,63543841.80079681,105248690.92767632
4194,4194.0,63559087.444223106,105275029.77118061
4195,4195.0,63574333.0876494,105301367.61851713
4196,4196.0,63589578.7310757,105327707.64218728
4197,4197.0,63604824.37450199,105354054.10096705
4198,4198.0,63620070.01792829,105380407.59518611
4199,4199.0,63635315.66135458,105406770.97642054
4200,4200.0,63650561.30478087,105433136.15132427
4201,4201.0,63665806.94820717,105459508.31162716
4202,4202.0,63681052.59163346,105485892.35704233
4203,4203.0,63696298.23505976,105512277.64949943
4204,4204.0,63711543.87848605,105538664.94215609
4205,4205.0,63726789.521912344,105565059.56708115
4206,4206.0,63742035.16533864,105591462.02733897
4207,4207.0,63757280.808764935,105617872.20308746
4208,4208.0,63772526.45219123,105644289.64608395
4209,4209.0,63787772.095617525,105670712.28132021
4210,4210.0,63803017.739043824,105697136.90413794
4211,4211.0,63818263.382470116,105723562.48967339
4212,4212.0,63833509.02589641,105749982.9273073
4213,4213.0,63848754.66932271,105776392.77214321
4214,4214.0,63864000.312749,105802796.61029099
4215,4215.0,63879245.9561753,105829191.86723617
4216,4216.0,63894491.59960159,105855577.9537636
4217,4217.0,63909737.24302789,105881953.85947305
4218,4218.0,63924982.88645418,105908321.2333809
4219,4219.0,63940228.52988047,105934679.97795998
4220,4220.0,63955474.17330677,105961034.93929769
4221,4221.0,63970719.81673306,105987385.57539612
4222,4222.0,63985965.46015936,106013736.52980848
4223,4223.0,64001211.10358565,106040085.53537515
4224,4224.0,64016456.74701195,106066431.1414361
4225,4225.0,64031702.390438244,106092769.16615069
4226,4226.0,64046948.033864535,106119089.16453865
4227,4227.0,64062193.677290834,106145396.91357522
4228,4228.0,64077439.320717126,106171688.03052652
4229,4229.0,64092684.964143425,106197963.76434337
4230,4230.0,64107930.60756972,106224231.31918949
4231,4231.0,64123176.250996016,106250498.87403561
4232,4232.0,64138421.89442231,106276766.42888173
4233,4233.0,64153667.5378486,106303033.98372786
4234,4234.0,64168913.1812749,106329301.53857398
